{
"type": "FeatureCollection",
"name": "shade_buildings_대구",
"crs": { "type": "name", "properties": { "name": "urn:ogc:def:crs:EPSG::5179" } },
"features": [
{ "type": "Feature", "properties": { "height": 10.459808211767093, "building": "type_3" }, "geometry": { "type": "Polygon", "coordinates": [ [ [ 1111856.605804357677698, 1774871.091012015473098 ], [ 1111865.5062703685835, 1774871.091012015473098 ], [ 1111865.5062703685835, 1774879.9914780263789 ], [ 1111856.605804357677698, 1774879.9914780263789 ], [ 1111856.605804357677698, 1774871.091012015473098 ] ] ] } },
{ "type": "Feature", "properties": { "height": 30.269957029338865, "building": "type_2" }, "geometry": { "type": "Polygon", "coordinates": [ [ [ 1093886.346844818210229, 1747836.751908358652145 ], [ 1093892.757134293904528, 1747836.751908358652145 ], [ 1093892.757134293904528, 1747843.162197834346443 ], [ 1093886.346844818210229, 1747843.162197834346443 ], [ 1093886.346844818210229, 1747836.751908358652145 ] ] ] } },
{ "type": "Feature", "properties": { "height": 20.118075652474051, "building": "type_1" }, "geometry": { "type": "Polygon", "coordinates": [ [ [ 1108018.466196191031486, 1750860.001453913515434 ], [ 1108036.585106981918216, 1750860.001453913515434 ], [ 1108036.585106981918216, 1750878.120364704402164 ], [ 1108018.466196191031486, 1750878.120364704402164 ], [ 1108018.466196191031486, 1750860.001453913515434 ] ] ] } },
{ "type": "Feature", "properties": { "height": 8.1712252086487283, "building": "type_2" }, "geometry": { "type": "Polygon", "coordinates": [ [ [ 1082038.837594477459788, 1744457.217171079246327 ], [ 1082049.656877988018095, 1744457.217171079246327 ], [ 1082049.656877988018095, 1744468.036454589804634 ], [ 1082038.837594477459788, 1744468.036454589804634 ], [ 1082038.837594477459788, 1744457.217171079246327 ] ] ] } },
{ "type": "Feature", "properties": { "height": 10.968344329055203, "building": "type_3" }, "geometry": { "type": "Polygon", "coordinates": [ [ [ 1083437.180861115222797, 1742852.323088902281597 ], [ 1083457.369482412701473, 1742852.323088902281597 ], [ 1083457.369482412701473, 1742872.511710199760273 ], [ 1083437.180861115222797, 1742872.511710199760273 ], [ 1083437.180861115222797, 1742852.323088902281597 ] ] ] } },
{ "type": "Feature", "properties": { "height": 13.081283896775215, "building": "type_4" }, "geometry": { "type": "Polygon", "coordinates": [ [ [ 1091005.383526769233868, 1746820.357367837568745 ], [ 1091010.782683074707165, 1746820.357367837568745 ], [ 1091010.782683074707165, 1746825.756524143042043 ], [ 1091005.383526769233868, 1746825.756524143042043 ], [ 1091005.383526769233868, 1746820.357367837568745 ] ] ] } },
{ "type": "Feature", "properties": { "height": 14.057299356000591, "building": "type_4" }, "geometry": { "type": "Polygon", "coordinates": [ [ [ 1092047.789068519603461, 1747528.509272719267756 ], [ 1092075.522078571375459, 1747528.509272719267756 ], [ 1092075.522078571375459, 1747556.242282771039754 ], [ 1092047.789068519603461, 1747556.242282771039754 ], [ 1092047.789068519603461, 1747528.509272719267756 ] ] ] } },
{ "type": "Feature", "properties": { "height": 32.129648817639008, "building": "type_2" }, "geometry": { "type": "Polygon", "coordinates": [ [ [ 1110455.760860941838473, 1769867.337843763642013 ], [ 1110485.000476635992527, 1769867.337843763642013 ], [ 1110485.000476635992527, 1769896.577459457796067 ], [ 1110455.760860941838473, 1769896.577459457796067 ], [ 1110455.760860941838473, 1769867.337843763642013 ] ] ] } },
{ "type": "Feature", "properties": { "height": 23.229199100903827, "building": "type_2" }, "geometry": { "type": "Polygon", "coordinates": [ [ [ 1079004.827791005605832, 1744772.575449971016496 ], [ 1079024.088890365557745, 1744772.575449971016496 ], [ 1079024.088890365557745, 1744791.83654933096841 ], [ 1079004.827791005605832, 1744791.83654933096841 ], [ 1079004.827791005605832, 1744772.575449971016496 ] ] ] } },
{ "type": "Feature", "properties": { "height": 14.832707839058326, "building": "type_4" }, "geometry": { "type": "Polygon", "coordinates": [ [ [ 1102860.214816819643602, 1768864.116022678557783 ], [ 1102874.133649986935779, 1768864.116022678557783 ], [ 1102874.133649986935779, 1768878.034855845849961 ], [ 1102860.214816819643602, 1768878.034855845849961 ], [ 1102860.214816819643602, 1768864.116022678557783 ] ] ] } },
{ "type": "Feature", "properties": { "height": 18.82085313614494, "building": "type_4" }, "geometry": { "type": "Polygon", "coordinates": [ [ [ 1082008.218486700439826, 1752984.224246789002791 ], [ 1082023.803523718146607, 1752984.224246789002791 ], [ 1082023.803523718146607, 1752999.809283806709573 ], [ 1082008.218486700439826, 1752999.809283806709573 ], [ 1082008.218486700439826, 1752984.224246789002791 ] ] ] } },
{ "type": "Feature", "properties": { "height": 7.5915628106931621, "building": "type_3" }, "geometry": { "type": "Polygon", "coordinates": [ [ [ 1093025.434525857679546, 1753892.602625804487616 ], [ 1093049.716284524649382, 1753892.602625804487616 ], [ 1093049.716284524649382, 1753916.884384471457452 ], [ 1093025.434525857679546, 1753916.884384471457452 ], [ 1093025.434525857679546, 1753892.602625804487616 ] ] ] } },
{ "type": "Feature", "properties": { "height": 17.978638826939324, "building": "type_2" }, "geometry": { "type": "Polygon", "coordinates": [ [ [ 1110186.518788245972246, 1765835.287647528806701 ], [ 1110193.904041158035398, 1765835.287647528806701 ], [ 1110193.904041158035398, 1765842.672900440869853 ], [ 1110186.518788245972246, 1765842.672900440869853 ], [ 1110186.518788245972246, 1765835.287647528806701 ] ] ] } },
{ "type": "Feature", "properties": { "height": 9.1857986078405602, "building": "type_2" }, "geometry": { "type": "Polygon", "coordinates": [ [ [ 1096717.015751829138026, 1745821.213583370903507 ], [ 1096733.821124958107248, 1745821.213583370903507 ], [ 1096733.821124958107248, 1745838.018956499872729 ], [ 1096717.015751829138026, 1745838.018956499872729 ], [ 1096717.015751829138026, 1745821.213583370903507 ] ] ] } },
{ "type": "Feature", "properties": { "height": 29.87320113900256, "building": "type_2" }, "geometry": { "type": "Polygon", "coordinates": [ [ [ 1106028.79514776635915, 1760629.92675319686532 ], [ 1106034.805987504776567, 1760629.92675319686532 ], [ 1106034.805987504776567, 1760635.937592935282737 ], [ 1106028.79514776635915, 1760635.937592935282737 ], [ 1106028.79514776635915, 1760629.92675319686532 ] ] ] } },
{ "type": "Feature", "properties": { "height": 29.343063024914464, "building": "type_1" }, "geometry": { "type": "Polygon", "coordinates": [ [ [ 1109068.283485232619569, 1747944.008178824558854 ], [ 1109087.36537453182973, 1747944.008178824558854 ], [ 1109087.36537453182973, 1747963.090068123769015 ], [ 1109068.283485232619569, 1747963.090068123769015 ], [ 1109068.283485232619569, 1747944.008178824558854 ] ] ] } },
{ "type": "Feature", "properties": { "height": 29.317472656389661, "building": "type_4" }, "geometry": { "type": "Polygon", "coordinates": [ [ [ 1102005.58903700276278, 1736259.487114055315033 ], [ 1102025.560673665022478, 1736259.487114055315033 ], [ 1102025.560673665022478, 1736279.458750717574731 ], [ 1102005.58903700276278, 1736279.458750717574731 ], [ 1102005.58903700276278, 1736259.487114055315033 ] ] ] } },
{ "type": "Feature", "properties": { "height": 11.529952061011254, "building": "type_2" }, "geometry": { "type": "Polygon", "coordinates": [ [ [ 1105044.420311526628211, 1773438.994128680787981 ], [ 1105069.512113448930904, 1773438.994128680787981 ], [ 1105069.512113448930904, 1773464.085930603090674 ], [ 1105044.420311526628211, 1773464.085930603090674 ], [ 1105044.420311526628211, 1773438.994128680787981 ] ] ] } },
{ "type": "Feature", "properties": { "height": 14.524628728462236, "building": "type_3" }, "geometry": { "type": "Polygon", "coordinates": [ [ [ 1098548.830658635124564, 1769850.572009383467957 ], [ 1098576.501369673758745, 1769850.572009383467957 ], [ 1098576.501369673758745, 1769878.242720422102138 ], [ 1098548.830658635124564, 1769878.242720422102138 ], [ 1098548.830658635124564, 1769850.572009383467957 ] ] ] } },
{ "type": "Feature", "properties": { "height": 21.969048997564411, "building": "type_1" }, "geometry": { "type": "Polygon", "coordinates": [ [ [ 1106012.027921601664275, 1755642.484033576445654 ], [ 1106030.380157086066902, 1755642.484033576445654 ], [ 1106030.380157086066902, 1755660.836269060848281 ], [ 1106012.027921601664275, 1755660.836269060848281 ], [ 1106012.027921601664275, 1755642.484033576445654 ] ] ] } },
{ "type": "Feature", "properties": { "height": 19.134265987031426, "building": "type_2" }, "geometry": { "type": "Polygon", "coordinates": [ [ [ 1090357.417762266239151, 1771826.835141719318926 ], [ 1090376.370312316576019, 1771826.835141719318926 ], [ 1090376.370312316576019, 1771845.787691769655794 ], [ 1090357.417762266239151, 1771845.787691769655794 ], [ 1090357.417762266239151, 1771826.835141719318926 ] ] ] } },
{ "type": "Feature", "properties": { "height": 14.969417303211367, "building": "type_1" }, "geometry": { "type": "Polygon", "coordinates": [ [ [ 1093260.127723695710301, 1766846.807855491526425 ], [ 1093272.649681441020221, 1766846.807855491526425 ], [ 1093272.649681441020221, 1766859.329813236836344 ], [ 1093260.127723695710301, 1766859.329813236836344 ], [ 1093260.127723695710301, 1766846.807855491526425 ] ] ] } },
{ "type": "Feature", "properties": { "height": 27.202297064547732, "building": "type_2" }, "geometry": { "type": "Polygon", "coordinates": [ [ [ 1084051.601581970928237, 1765460.92435952834785 ], [ 1084065.228363171452656, 1765460.92435952834785 ], [ 1084065.228363171452656, 1765474.551140728872269 ], [ 1084051.601581970928237, 1765474.551140728872269 ], [ 1084051.601581970928237, 1765460.92435952834785 ] ] ] } },
{ "type": "Feature", "properties": { "height": 31.656686536505116, "building": "type_3" }, "geometry": { "type": "Polygon", "coordinates": [ [ [ 1089024.106120134005323, 1765422.119195584673434 ], [ 1089045.909508818993345, 1765422.119195584673434 ], [ 1089045.909508818993345, 1765443.922584269661456 ], [ 1089024.106120134005323, 1765443.922584269661456 ], [ 1089024.106120134005323, 1765422.119195584673434 ] ] ] } },
{ "type": "Feature", "properties": { "height": 33.575115562678434, "building": "type_4" }, "geometry": { "type": "Polygon", "coordinates": [ [ [ 1081781.928509116638452, 1752842.241043326212093 ], [ 1081796.899120177607983, 1752842.241043326212093 ], [ 1081796.899120177607983, 1752857.211654387181625 ], [ 1081781.928509116638452, 1752857.211654387181625 ], [ 1081781.928509116638452, 1752842.241043326212093 ] ] ] } },
{ "type": "Feature", "properties": { "height": 28.714752664479885, "building": "type_3" }, "geometry": { "type": "Polygon", "coordinates": [ [ [ 1083156.482133215293288, 1765838.411068303277716 ], [ 1083176.254456794820726, 1765838.411068303277716 ], [ 1083176.254456794820726, 1765858.183391882805154 ], [ 1083156.482133215293288, 1765858.183391882805154 ], [ 1083156.482133215293288, 1765838.411068303277716 ] ] ] } },
{ "type": "Feature", "properties": { "height": 18.915020738063284, "building": "type_3" }, "geometry": { "type": "Polygon", "coordinates": [ [ [ 1092510.672341466648504, 1736824.859262345824391 ], [ 1092539.185423078713939, 1736824.859262345824391 ], [ 1092539.185423078713939, 1736853.372343957889825 ], [ 1092510.672341466648504, 1736853.372343957889825 ], [ 1092510.672341466648504, 1736824.859262345824391 ] ] ] } },
{ "type": "Feature", "properties": { "height": 35.706877368334332, "building": "type_3" }, "geometry": { "type": "Polygon", "coordinates": [ [ [ 1103000.599153123097494, 1744660.908936106599867 ], [ 1103028.71649358025752, 1744660.908936106599867 ], [ 1103028.71649358025752, 1744689.026276563759893 ], [ 1103000.599153123097494, 1744689.026276563759893 ], [ 1103000.599153123097494, 1744660.908936106599867 ] ] ] } },
{ "type": "Feature", "properties": { "height": 39.868879491527352, "building": "type_2" }, "geometry": { "type": "Polygon", "coordinates": [ [ [ 1079637.747531300410628, 1774841.819103316869587 ], [ 1079649.2682606712915, 1774841.819103316869587 ], [ 1079649.2682606712915, 1774853.339832687750459 ], [ 1079637.747531300410628, 1774853.339832687750459 ], [ 1079637.747531300410628, 1774841.819103316869587 ] ] ] } },
{ "type": "Feature", "properties": { "height": 34.633139978340708, "building": "type_4" }, "geometry": { "type": "Polygon", "coordinates": [ [ [ 1081924.871064873877913, 1778824.207042555790395 ], [ 1081947.380010623019189, 1778824.207042555790395 ], [ 1081947.380010623019189, 1778846.71598830493167 ], [ 1081924.871064873877913, 1778846.71598830493167 ], [ 1081924.871064873877913, 1778824.207042555790395 ] ] ] } },
{ "type": "Feature", "properties": { "height": 36.449396598447777, "building": "type_4" }, "geometry": { "type": "Polygon", "coordinates": [ [ [ 1100997.211156168952584, 1742234.712608921574429 ], [ 1101006.25187402125448, 1742234.712608921574429 ], [ 1101006.25187402125448, 1742243.753326773876324 ], [ 1100997.211156168952584, 1742243.753326773876324 ], [ 1100997.211156168952584, 1742234.712608921574429 ] ] ] } },
{ "type": "Feature", "properties": { "height": 15.687735112053771, "building": "type_2" }, "geometry": { "type": "Polygon", "coordinates": [ [ [ 1079073.447628409834579, 1769848.028303693514317 ], [ 1079085.545652778120711, 1769848.028303693514317 ], [ 1079085.545652778120711, 1769860.12632806180045 ], [ 1079073.447628409834579, 1769860.12632806180045 ], [ 1079073.447628409834579, 1769848.028303693514317 ] ] ] } },
{ "type": "Feature", "properties": { "height": 16.38898943557437, "building": "type_4" }, "geometry": { "type": "Polygon", "coordinates": [ [ [ 1108479.965919675538316, 1758865.693887596717104 ], [ 1108490.89714686316438, 1758865.693887596717104 ], [ 1108490.89714686316438, 1758876.625114784343168 ], [ 1108479.965919675538316, 1758876.625114784343168 ], [ 1108479.965919675538316, 1758865.693887596717104 ] ] ] } },
{ "type": "Feature", "properties": { "height": 22.808492689356601, "building": "type_2" }, "geometry": { "type": "Polygon", "coordinates": [ [ [ 1093037.115868548629805, 1770456.791201354935765 ], [ 1093055.679374312283471, 1770456.791201354935765 ], [ 1093055.679374312283471, 1770475.354707118589431 ], [ 1093037.115868548629805, 1770475.354707118589431 ], [ 1093037.115868548629805, 1770456.791201354935765 ] ] ] } },
{ "type": "Feature", "properties": { "height": 20.203802792865005, "building": "type_1" }, "geometry": { "type": "Polygon", "coordinates": [ [ [ 1088213.719725919188932, 1756842.985632540890947 ], [ 1088241.372195611940697, 1756842.985632540890947 ], [ 1088241.372195611940697, 1756870.638102233642712 ], [ 1088213.719725919188932, 1756870.638102233642712 ], [ 1088213.719725919188932, 1756842.985632540890947 ] ] ] } },
{ "type": "Feature", "properties": { "height": 14.827032685429952, "building": "type_3" }, "geometry": { "type": "Polygon", "coordinates": [ [ [ 1085010.992849789559841, 1769458.334414481651038 ], [ 1085034.054152671247721, 1769458.334414481651038 ], [ 1085034.054152671247721, 1769481.395717363338917 ], [ 1085010.992849789559841, 1769481.395717363338917 ], [ 1085010.992849789559841, 1769458.334414481651038 ] ] ] } },
{ "type": "Feature", "properties": { "height": 35.922290779319063, "building": "type_4" }, "geometry": { "type": "Polygon", "coordinates": [ [ [ 1090720.916361649287865, 1750837.38208402460441 ], [ 1090732.905370194232091, 1750837.38208402460441 ], [ 1090732.905370194232091, 1750849.371092569548637 ], [ 1090720.916361649287865, 1750849.371092569548637 ], [ 1090720.916361649287865, 1750837.38208402460441 ] ] ] } },
{ "type": "Feature", "properties": { "height": 34.855330941357607, "building": "type_3" }, "geometry": { "type": "Polygon", "coordinates": [ [ [ 1095991.462183399591595, 1754796.890525266295299 ], [ 1096020.552682826761156, 1754796.890525266295299 ], [ 1096020.552682826761156, 1754825.98102469346486 ], [ 1095991.462183399591595, 1754825.98102469346486 ], [ 1095991.462183399591595, 1754796.890525266295299 ] ] ] } },
{ "type": "Feature", "properties": { "height": 18.814201338331529, "building": "type_2" }, "geometry": { "type": "Polygon", "coordinates": [ [ [ 1102046.033349297242239, 1747228.74559789756313 ], [ 1102060.350520974723622, 1747228.74559789756313 ], [ 1102060.350520974723622, 1747243.062769575044513 ], [ 1102046.033349297242239, 1747243.062769575044513 ], [ 1102046.033349297242239, 1747228.74559789756313 ] ] ] } },
{ "type": "Feature", "properties": { "height": 9.9029405332783398, "building": "type_3" }, "geometry": { "type": "Polygon", "coordinates": [ [ [ 1083007.2494877288118, 1746758.678867510519922 ], [ 1083037.000833981204778, 1746758.678867510519922 ], [ 1083037.000833981204778, 1746788.430213762912899 ], [ 1083007.2494877288118, 1746788.430213762912899 ], [ 1083007.2494877288118, 1746758.678867510519922 ] ] ] } },
{ "type": "Feature", "properties": { "height": 24.34869919177677, "building": "type_2" }, "geometry": { "type": "Polygon", "coordinates": [ [ [ 1104869.828051243908703, 1774808.101145651657134 ], [ 1104892.550826166756451, 1774808.101145651657134 ], [ 1104892.550826166756451, 1774830.823920574504882 ], [ 1104869.828051243908703, 1774830.823920574504882 ], [ 1104869.828051243908703, 1774808.101145651657134 ] ] ] } },
{ "type": "Feature", "properties": { "height": 22.553070314051986, "building": "type_1" }, "geometry": { "type": "Polygon", "coordinates": [ [ [ 1107481.637306831777096, 1772820.660854076035321 ], [ 1107499.420866803266108, 1772820.660854076035321 ], [ 1107499.420866803266108, 1772838.444414047524333 ], [ 1107481.637306831777096, 1772838.444414047524333 ], [ 1107481.637306831777096, 1772820.660854076035321 ] ] ] } },
{ "type": "Feature", "properties": { "height": 5.9665870155796643, "building": "type_2" }, "geometry": { "type": "Polygon", "coordinates": [ [ [ 1077043.525094019481912, 1744497.216480478877202 ], [ 1077070.69052274315618, 1744497.216480478877202 ], [ 1077070.69052274315618, 1744524.381909202551469 ], [ 1077043.525094019481912, 1744524.381909202551469 ], [ 1077043.525094019481912, 1744497.216480478877202 ] ] ] } },
{ "type": "Feature", "properties": { "height": 15.028943824489954, "building": "type_2" }, "geometry": { "type": "Polygon", "coordinates": [ [ [ 1086472.904176736716181, 1741840.985702435486019 ], [ 1086491.470292604528368, 1741840.985702435486019 ], [ 1086491.470292604528368, 1741859.551818303298205 ], [ 1086472.904176736716181, 1741859.551818303298205 ], [ 1086472.904176736716181, 1741840.985702435486019 ] ] ] } },
{ "type": "Feature", "properties": { "height": 16.432793462861433, "building": "type_4" }, "geometry": { "type": "Polygon", "coordinates": [ [ [ 1105019.533175926888362, 1768884.920941773336381 ], [ 1105037.96023660688661, 1768884.920941773336381 ], [ 1105037.96023660688661, 1768903.34800245333463 ], [ 1105019.533175926888362, 1768903.34800245333463 ], [ 1105019.533175926888362, 1768884.920941773336381 ] ] ] } },
{ "type": "Feature", "properties": { "height": 23.59741210488518, "building": "type_3" }, "geometry": { "type": "Polygon", "coordinates": [ [ [ 1111330.952941637253389, 1749867.414900479838252 ], [ 1111337.24498466658406, 1749867.414900479838252 ], [ 1111337.24498466658406, 1749873.706943509168923 ], [ 1111330.952941637253389, 1749873.706943509168923 ], [ 1111330.952941637253389, 1749867.414900479838252 ] ] ] } },
{ "type": "Feature", "properties": { "height": 6.4373630868756528, "building": "type_4" }, "geometry": { "type": "Polygon", "coordinates": [ [ [ 1109673.569270077859983, 1735838.376894308486953 ], [ 1109696.43414768227376, 1735838.376894308486953 ], [ 1109696.43414768227376, 1735861.241771912900731 ], [ 1109673.569270077859983, 1735861.241771912900731 ], [ 1109673.569270077859983, 1735838.376894308486953 ] ] ] } },
{ "type": "Feature", "properties": { "height": 34.259304217927209, "building": "type_1" }, "geometry": { "type": "Polygon", "coordinates": [ [ [ 1086030.980416538193822, 1740273.793356944574043 ], [ 1086060.046626904979348, 1740273.793356944574043 ], [ 1086060.046626904979348, 1740302.859567311359569 ], [ 1086030.980416538193822, 1740302.859567311359569 ], [ 1086030.980416538193822, 1740273.793356944574043 ] ] ] } },
{ "type": "Feature", "properties": { "height": 8.2855651528452121, "building": "type_1" }, "geometry": { "type": "Polygon", "coordinates": [ [ [ 1098392.412809719797224, 1744863.739937630714849 ], [ 1098403.407493698876351, 1744863.739937630714849 ], [ 1098403.407493698876351, 1744874.734621609793976 ], [ 1098392.412809719797224, 1744874.734621609793976 ], [ 1098392.412809719797224, 1744863.739937630714849 ] ] ] } },
{ "type": "Feature", "properties": { "height": 26.410226118202328, "building": "type_3" }, "geometry": { "type": "Polygon", "coordinates": [ [ [ 1082961.387624669121578, 1750891.347754646791145 ], [ 1082980.246475981781259, 1750891.347754646791145 ], [ 1082980.246475981781259, 1750910.206605959450826 ], [ 1082961.387624669121578, 1750910.206605959450826 ], [ 1082961.387624669121578, 1750891.347754646791145 ] ] ] } },
{ "type": "Feature", "properties": { "height": 6.6100924707613462, "building": "type_1" }, "geometry": { "type": "Polygon", "coordinates": [ [ [ 1110988.441576632671058, 1761411.167265090160072 ], [ 1110996.343392645474523, 1761411.167265090160072 ], [ 1110996.343392645474523, 1761419.069081102963537 ], [ 1110988.441576632671058, 1761419.069081102963537 ], [ 1110988.441576632671058, 1761411.167265090160072 ] ] ] } },
{ "type": "Feature", "properties": { "height": 33.241954196777286, "building": "type_4" }, "geometry": { "type": "Polygon", "coordinates": [ [ [ 1100892.874514100374654, 1758842.510721198981628 ], [ 1100916.958624675637111, 1758842.510721198981628 ], [ 1100916.958624675637111, 1758866.594831774244085 ], [ 1100892.874514100374654, 1758866.594831774244085 ], [ 1100892.874514100374654, 1758842.510721198981628 ] ] ] } },
{ "type": "Feature", "properties": { "height": 6.5856403420215583, "building": "type_3" }, "geometry": { "type": "Polygon", "coordinates": [ [ [ 1091506.142841431079432, 1753859.541426982730627 ], [ 1091527.020182702923194, 1753859.541426982730627 ], [ 1091527.020182702923194, 1753880.418768254574388 ], [ 1091506.142841431079432, 1753880.418768254574388 ], [ 1091506.142841431079432, 1753859.541426982730627 ] ] ] } },
{ "type": "Feature", "properties": { "height": 7.4699061590150446, "building": "type_3" }, "geometry": { "type": "Polygon", "coordinates": [ [ [ 1107003.983491334365681, 1774744.447790020378307 ], [ 1107013.056852011242881, 1774744.447790020378307 ], [ 1107013.056852011242881, 1774753.521150697255507 ], [ 1107003.983491334365681, 1774753.521150697255507 ], [ 1107003.983491334365681, 1774744.447790020378307 ] ] ] } },
{ "type": "Feature", "properties": { "height": 25.067846458517664, "building": "type_1" }, "geometry": { "type": "Polygon", "coordinates": [ [ [ 1102059.245773154776543, 1749808.102406047517434 ], [ 1102081.174981714226305, 1749808.102406047517434 ], [ 1102081.174981714226305, 1749830.031614606967196 ], [ 1102059.245773154776543, 1749830.031614606967196 ], [ 1102059.245773154776543, 1749808.102406047517434 ] ] ] } },
{ "type": "Feature", "properties": { "height": 12.233952595686088, "building": "type_1" }, "geometry": { "type": "Polygon", "coordinates": [ [ [ 1087552.511560241924599, 1757873.741129068424925 ], [ 1087573.798679538303986, 1757873.741129068424925 ], [ 1087573.798679538303986, 1757895.028248364804313 ], [ 1087552.511560241924599, 1757895.028248364804313 ], [ 1087552.511560241924599, 1757873.741129068424925 ] ] ] } },
{ "type": "Feature", "properties": { "height": 7.4916026961080142, "building": "type_4" }, "geometry": { "type": "Polygon", "coordinates": [ [ [ 1103244.987810906721279, 1773847.683698270237073 ], [ 1103267.062980242306367, 1773847.683698270237073 ], [ 1103267.062980242306367, 1773869.758867605822161 ], [ 1103244.987810906721279, 1773869.758867605822161 ], [ 1103244.987810906721279, 1773847.683698270237073 ] ] ] } },
{ "type": "Feature", "properties": { "height": 29.251162554217878, "building": "type_2" }, "geometry": { "type": "Polygon", "coordinates": [ [ [ 1106022.254809981910512, 1741712.468365334905684 ], [ 1106039.655746339121833, 1741712.468365334905684 ], [ 1106039.655746339121833, 1741729.869301692117006 ], [ 1106022.254809981910512, 1741729.869301692117006 ], [ 1106022.254809981910512, 1741712.468365334905684 ] ] ] } },
{ "type": "Feature", "properties": { "height": 11.2103840322903, "building": "type_1" }, "geometry": { "type": "Polygon", "coordinates": [ [ [ 1093976.157084475504234, 1764809.497344615170732 ], [ 1093988.207948789699003, 1764809.497344615170732 ], [ 1093988.207948789699003, 1764821.548208929365501 ], [ 1093976.157084475504234, 1764821.548208929365501 ], [ 1093976.157084475504234, 1764809.497344615170732 ] ] ] } },
{ "type": "Feature", "properties": { "height": 25.319040432036843, "building": "type_3" }, "geometry": { "type": "Polygon", "coordinates": [ [ [ 1108999.624360334593803, 1762625.700952118961141 ], [ 1109010.874771565198898, 1762625.700952118961141 ], [ 1109010.874771565198898, 1762636.951363349566236 ], [ 1108999.624360334593803, 1762636.951363349566236 ], [ 1108999.624360334593803, 1762625.700952118961141 ] ] ] } },
{ "type": "Feature", "properties": { "height": 8.6093354092576408, "building": "type_1" }, "geometry": { "type": "Polygon", "coordinates": [ [ [ 1112582.625134117901325, 1772813.630715956212953 ], [ 1112606.488705969881266, 1772813.630715956212953 ], [ 1112606.488705969881266, 1772837.494287808192894 ], [ 1112582.625134117901325, 1772837.494287808192894 ], [ 1112582.625134117901325, 1772813.630715956212953 ] ] ] } },
{ "type": "Feature", "properties": { "height": 5.3793178018104424, "building": "type_1" }, "geometry": { "type": "Polygon", "coordinates": [ [ [ 1100503.674801223445684, 1742859.273024681722745 ], [ 1100518.404843191616237, 1742859.273024681722745 ], [ 1100518.404843191616237, 1742874.003066649893299 ], [ 1100503.674801223445684, 1742874.003066649893299 ], [ 1100503.674801223445684, 1742859.273024681722745 ] ] ] } },
{ "type": "Feature", "properties": { "height": 27.114302425942974, "building": "type_1" }, "geometry": { "type": "Polygon", "coordinates": [ [ [ 1077068.582932702731341, 1772183.299756982596591 ], [ 1077087.918879905715585, 1772183.299756982596591 ], [ 1077087.918879905715585, 1772202.635704185580835 ], [ 1077068.582932702731341, 1772202.635704185580835 ], [ 1077068.582932702731341, 1772183.299756982596591 ] ] ] } },
{ "type": "Feature", "properties": { "height": 32.34536176649209, "building": "type_3" }, "geometry": { "type": "Polygon", "coordinates": [ [ [ 1111303.964859830448404, 1757807.123843325302005 ], [ 1111332.619723402662203, 1757807.123843325302005 ], [ 1111332.619723402662203, 1757835.778706897515804 ], [ 1111303.964859830448404, 1757835.778706897515804 ], [ 1111303.964859830448404, 1757807.123843325302005 ] ] ] } },
{ "type": "Feature", "properties": { "height": 36.069646396540492, "building": "type_3" }, "geometry": { "type": "Polygon", "coordinates": [ [ [ 1100012.811017287429422, 1766771.864845961099491 ], [ 1100028.849279821850359, 1766771.864845961099491 ], [ 1100028.849279821850359, 1766787.903108495520428 ], [ 1100012.811017287429422, 1766787.903108495520428 ], [ 1100012.811017287429422, 1766771.864845961099491 ] ] ] } },
{ "type": "Feature", "properties": { "height": 7.9437382140249104, "building": "type_1" }, "geometry": { "type": "Polygon", "coordinates": [ [ [ 1107027.232120143715292, 1767876.322934576077387 ], [ 1107034.760187046602368, 1767876.322934576077387 ], [ 1107034.760187046602368, 1767883.851001478964463 ], [ 1107027.232120143715292, 1767883.851001478964463 ], [ 1107027.232120143715292, 1767876.322934576077387 ] ] ] } },
{ "type": "Feature", "properties": { "height": 13.162982534858473, "building": "type_4" }, "geometry": { "type": "Polygon", "coordinates": [ [ [ 1090124.017740191193298, 1738880.176747426157817 ], [ 1090141.85089440853335, 1738880.176747426157817 ], [ 1090141.85089440853335, 1738898.009901643497869 ], [ 1090124.017740191193298, 1738898.009901643497869 ], [ 1090124.017740191193298, 1738880.176747426157817 ] ] ] } },
{ "type": "Feature", "properties": { "height": 31.368236484062958, "building": "type_2" }, "geometry": { "type": "Polygon", "coordinates": [ [ [ 1093057.914728474570438, 1766687.20147354202345 ], [ 1093087.564755070256069, 1766687.20147354202345 ], [ 1093087.564755070256069, 1766716.851500137709081 ], [ 1093057.914728474570438, 1766716.851500137709081 ], [ 1093057.914728474570438, 1766687.20147354202345 ] ] ] } },
{ "type": "Feature", "properties": { "height": 20.205814557089496, "building": "type_1" }, "geometry": { "type": "Polygon", "coordinates": [ [ [ 1096026.21967373881489, 1775661.442762574180961 ], [ 1096039.475986964069307, 1775661.442762574180961 ], [ 1096039.475986964069307, 1775674.699075799435377 ], [ 1096026.21967373881489, 1775674.699075799435377 ], [ 1096026.21967373881489, 1775661.442762574180961 ] ] ] } },
{ "type": "Feature", "properties": { "height": 27.722360574062225, "building": "type_1" }, "geometry": { "type": "Polygon", "coordinates": [ [ [ 1084037.565968772396445, 1742262.275459114229307 ], [ 1084045.504124941769987, 1742262.275459114229307 ], [ 1084045.504124941769987, 1742270.213615283602849 ], [ 1084037.565968772396445, 1742270.213615283602849 ], [ 1084037.565968772396445, 1742262.275459114229307 ] ] ] } },
{ "type": "Feature", "properties": { "height": 23.49295424540232, "building": "type_1" }, "geometry": { "type": "Polygon", "coordinates": [ [ [ 1103586.619838207727298, 1768852.815632736543193 ], [ 1103593.692121249856427, 1768852.815632736543193 ], [ 1103593.692121249856427, 1768859.887915778672323 ], [ 1103586.619838207727298, 1768859.887915778672323 ], [ 1103586.619838207727298, 1768852.815632736543193 ] ] ] } },
{ "type": "Feature", "properties": { "height": 23.469538818020496, "building": "type_3" }, "geometry": { "type": "Polygon", "coordinates": [ [ [ 1078773.999605998629704, 1755826.01180172059685 ], [ 1078801.278183840913698, 1755826.01180172059685 ], [ 1078801.278183840913698, 1755853.290379562880844 ], [ 1078773.999605998629704, 1755853.290379562880844 ], [ 1078773.999605998629704, 1755826.01180172059685 ] ] ] } },
{ "type": "Feature", "properties": { "height": 12.588318730527192, "building": "type_3" }, "geometry": { "type": "Polygon", "coordinates": [ [ [ 1106994.31618988676928, 1774904.680487431120127 ], [ 1107003.471575684612617, 1774904.680487431120127 ], [ 1107003.471575684612617, 1774913.835873228963464 ], [ 1106994.31618988676928, 1774913.835873228963464 ], [ 1106994.31618988676928, 1774904.680487431120127 ] ] ] } },
{ "type": "Feature", "properties": { "height": 38.264401942679555, "building": "type_4" }, "geometry": { "type": "Polygon", "coordinates": [ [ [ 1091982.347754832589999, 1750530.664391244761646 ], [ 1091994.371834572171792, 1750530.664391244761646 ], [ 1091994.371834572171792, 1750542.688470984343439 ], [ 1091982.347754832589999, 1750542.688470984343439 ], [ 1091982.347754832589999, 1750530.664391244761646 ] ] ] } },
{ "type": "Feature", "properties": { "height": 18.589393439645526, "building": "type_4" }, "geometry": { "type": "Polygon", "coordinates": [ [ [ 1080488.939749841578305, 1776862.642225081333891 ], [ 1080510.110958883073181, 1776862.642225081333891 ], [ 1080510.110958883073181, 1776883.813434122828767 ], [ 1080488.939749841578305, 1776883.813434122828767 ], [ 1080488.939749841578305, 1776862.642225081333891 ] ] ] } },
{ "type": "Feature", "properties": { "height": 23.763372822044214, "building": "type_1" }, "geometry": { "type": "Polygon", "coordinates": [ [ [ 1112238.460397398099303, 1766845.73281258624047 ], [ 1112260.914440248627216, 1766845.73281258624047 ], [ 1112260.914440248627216, 1766868.186855436768383 ], [ 1112238.460397398099303, 1766868.186855436768383 ], [ 1112238.460397398099303, 1766845.73281258624047 ] ] ] } },
{ "type": "Feature", "properties": { "height": 37.918613949738422, "building": "type_3" }, "geometry": { "type": "Polygon", "coordinates": [ [ [ 1099856.842058875598013, 1751864.74223929666914 ], [ 1099863.747068365570158, 1751864.74223929666914 ], [ 1099863.747068365570158, 1751871.647248786641285 ], [ 1099856.842058875598013, 1751871.647248786641285 ], [ 1099856.842058875598013, 1751864.74223929666914 ] ] ] } },
{ "type": "Feature", "properties": { "height": 6.5826534537166292, "building": "type_3" }, "geometry": { "type": "Polygon", "coordinates": [ [ [ 1078994.838460709899664, 1771431.523358087521046 ], [ 1079021.490057947579771, 1771431.523358087521046 ], [ 1079021.490057947579771, 1771458.174955325201154 ], [ 1078994.838460709899664, 1771458.174955325201154 ], [ 1078994.838460709899664, 1771431.523358087521046 ] ] ] } },
{ "type": "Feature", "properties": { "height": 31.235240499162522, "building": "type_1" }, "geometry": { "type": "Polygon", "coordinates": [ [ [ 1088372.705669434508309, 1741848.209695515455678 ], [ 1088387.124143683118746, 1741848.209695515455678 ], [ 1088387.124143683118746, 1741862.628169764066115 ], [ 1088372.705669434508309, 1741862.628169764066115 ], [ 1088372.705669434508309, 1741848.209695515455678 ] ] ] } },
{ "type": "Feature", "properties": { "height": 5.4785187689449053, "building": "type_3" }, "geometry": { "type": "Polygon", "coordinates": [ [ [ 1108016.16208776878193, 1761687.792095427867025 ], [ 1108024.508390738628805, 1761687.792095427867025 ], [ 1108024.508390738628805, 1761696.1383983977139 ], [ 1108016.16208776878193, 1761696.1383983977139 ], [ 1108016.16208776878193, 1761687.792095427867025 ] ] ] } },
{ "type": "Feature", "properties": { "height": 31.914559531317867, "building": "type_1" }, "geometry": { "type": "Polygon", "coordinates": [ [ [ 1082664.835535444552079, 1765844.335211421363056 ], [ 1082683.721328084589913, 1765844.335211421363056 ], [ 1082683.721328084589913, 1765863.22100406140089 ], [ 1082664.835535444552079, 1765863.22100406140089 ], [ 1082664.835535444552079, 1765844.335211421363056 ] ] ] } },
{ "type": "Feature", "properties": { "height": 14.615612895906807, "building": "type_4" }, "geometry": { "type": "Polygon", "coordinates": [ [ [ 1084871.07098191534169, 1772828.213839085539803 ], [ 1084882.357042903313413, 1772828.213839085539803 ], [ 1084882.357042903313413, 1772839.499900073511526 ], [ 1084871.07098191534169, 1772839.499900073511526 ], [ 1084871.07098191534169, 1772828.213839085539803 ] ] ] } },
{ "type": "Feature", "properties": { "height": 28.505061845747985, "building": "type_2" }, "geometry": { "type": "Polygon", "coordinates": [ [ [ 1093006.797821311280131, 1741754.032959337811917 ], [ 1093014.636761116329581, 1741754.032959337811917 ], [ 1093014.636761116329581, 1741761.871899142861366 ], [ 1093006.797821311280131, 1741761.871899142861366 ], [ 1093006.797821311280131, 1741754.032959337811917 ] ] ] } },
{ "type": "Feature", "properties": { "height": 8.0942878177976301, "building": "type_3" }, "geometry": { "type": "Polygon", "coordinates": [ [ [ 1081008.903162970906124, 1771630.838756877928972 ], [ 1081038.102507106726989, 1771630.838756877928972 ], [ 1081038.102507106726989, 1771660.038101013749838 ], [ 1081008.903162970906124, 1771660.038101013749838 ], [ 1081008.903162970906124, 1771630.838756877928972 ] ] ] } },
{ "type": "Feature", "properties": { "height": 29.642791883472825, "building": "type_3" }, "geometry": { "type": "Polygon", "coordinates": [ [ [ 1097611.883725771913305, 1748853.613485142588615 ], [ 1097632.391464555868879, 1748853.613485142588615 ], [ 1097632.391464555868879, 1748874.121223926544189 ], [ 1097611.883725771913305, 1748874.121223926544189 ], [ 1097611.883725771913305, 1748853.613485142588615 ] ] ] } },
{ "type": "Feature", "properties": { "height": 24.418546298977898, "building": "type_3" }, "geometry": { "type": "Polygon", "coordinates": [ [ [ 1099983.785831836750731, 1762947.720100770471618 ], [ 1100004.701939877355471, 1762947.720100770471618 ], [ 1100004.701939877355471, 1762968.636208811076358 ], [ 1099983.785831836750731, 1762968.636208811076358 ], [ 1099983.785831836750731, 1762947.720100770471618 ] ] ] } },
{ "type": "Feature", "properties": { "height": 26.773034507975574, "building": "type_3" }, "geometry": { "type": "Polygon", "coordinates": [ [ [ 1081745.068107181461528, 1775875.144028500188142 ], [ 1081759.981676739407703, 1775875.144028500188142 ], [ 1081759.981676739407703, 1775890.057598058134317 ], [ 1081745.068107181461528, 1775890.057598058134317 ], [ 1081745.068107181461528, 1775875.144028500188142 ] ] ] } },
{ "type": "Feature", "properties": { "height": 7.3182592248153053, "building": "type_1" }, "geometry": { "type": "Polygon", "coordinates": [ [ [ 1100035.947079649893567, 1752766.376003098441288 ], [ 1100060.170023182639852, 1752766.376003098441288 ], [ 1100060.170023182639852, 1752790.598946631187573 ], [ 1100035.947079649893567, 1752790.598946631187573 ], [ 1100035.947079649893567, 1752766.376003098441288 ] ] ] } },
{ "type": "Feature", "properties": { "height": 7.6552164838032368, "building": "type_1" }, "geometry": { "type": "Polygon", "coordinates": [ [ [ 1105011.556644289055839, 1757450.815299596637487 ], [ 1105022.560284758685157, 1757450.815299596637487 ], [ 1105022.560284758685157, 1757461.818940066266805 ], [ 1105011.556644289055839, 1757461.818940066266805 ], [ 1105011.556644289055839, 1757450.815299596637487 ] ] ] } },
{ "type": "Feature", "properties": { "height": 17.098354916335211, "building": "type_3" }, "geometry": { "type": "Polygon", "coordinates": [ [ [ 1112037.61597584025003, 1769444.75262791546993 ], [ 1112047.162977950414643, 1769444.75262791546993 ], [ 1112047.162977950414643, 1769454.299630025634542 ], [ 1112037.61597584025003, 1769454.299630025634542 ], [ 1112037.61597584025003, 1769444.75262791546993 ] ] ] } },
{ "type": "Feature", "properties": { "height": 33.762672289555724, "building": "type_2" }, "geometry": { "type": "Polygon", "coordinates": [ [ [ 1097066.471533611183986, 1768350.621612926246598 ], [ 1097077.06776025868021, 1768350.621612926246598 ], [ 1097077.06776025868021, 1768361.217839573742822 ], [ 1097066.471533611183986, 1768361.217839573742822 ], [ 1097066.471533611183986, 1768350.621612926246598 ] ] ] } },
{ "type": "Feature", "properties": { "height": 12.221680144202738, "building": "type_2" }, "geometry": { "type": "Polygon", "coordinates": [ [ [ 1083034.120854980545118, 1763201.395033631240949 ], [ 1083050.640324181178585, 1763201.395033631240949 ], [ 1083050.640324181178585, 1763217.914502831874415 ], [ 1083034.120854980545118, 1763217.914502831874415 ], [ 1083034.120854980545118, 1763201.395033631240949 ] ] ] } },
{ "type": "Feature", "properties": { "height": 29.072465098362905, "building": "type_4" }, "geometry": { "type": "Polygon", "coordinates": [ [ [ 1098004.901440544053912, 1763335.097485049860552 ], [ 1098021.930075395386666, 1763335.097485049860552 ], [ 1098021.930075395386666, 1763352.126119901193306 ], [ 1098004.901440544053912, 1763352.126119901193306 ], [ 1098004.901440544053912, 1763335.097485049860552 ] ] ] } },
{ "type": "Feature", "properties": { "height": 31.189089163428044, "building": "type_1" }, "geometry": { "type": "Polygon", "coordinates": [ [ [ 1103017.872679611900821, 1750009.388126705540344 ], [ 1103043.02771160681732, 1750009.388126705540344 ], [ 1103043.02771160681732, 1750034.543158700456843 ], [ 1103017.872679611900821, 1750034.543158700456843 ], [ 1103017.872679611900821, 1750009.388126705540344 ] ] ] } },
{ "type": "Feature", "properties": { "height": 23.594301389073692, "building": "type_2" }, "geometry": { "type": "Polygon", "coordinates": [ [ [ 1095016.450752994045615, 1773003.28863048250787 ], [ 1095040.449638217687607, 1773003.28863048250787 ], [ 1095040.449638217687607, 1773027.287515706149861 ], [ 1095016.450752994045615, 1773027.287515706149861 ], [ 1095016.450752994045615, 1773003.28863048250787 ] ] ] } },
{ "type": "Feature", "properties": { "height": 22.908710474048313, "building": "type_3" }, "geometry": { "type": "Polygon", "coordinates": [ [ [ 1081085.780136554734781, 1734858.598719633417204 ], [ 1081113.160307497018948, 1734858.598719633417204 ], [ 1081113.160307497018948, 1734885.978890575701371 ], [ 1081085.780136554734781, 1734885.978890575701371 ], [ 1081085.780136554734781, 1734858.598719633417204 ] ] ] } },
{ "type": "Feature", "properties": { "height": 30.80918221328367, "building": "type_4" }, "geometry": { "type": "Polygon", "coordinates": [ [ [ 1093009.43633400183171, 1771970.633464238373563 ], [ 1093017.058063165284693, 1771970.633464238373563 ], [ 1093017.058063165284693, 1771978.255193401826546 ], [ 1093009.43633400183171, 1771978.255193401826546 ], [ 1093009.43633400183171, 1771970.633464238373563 ] ] ] } },
{ "type": "Feature", "properties": { "height": 36.168454825896319, "building": "type_4" }, "geometry": { "type": "Polygon", "coordinates": [ [ [ 1084601.146386279026046, 1772832.412210314767435 ], [ 1084609.140439574373886, 1772832.412210314767435 ], [ 1084609.140439574373886, 1772840.406263610115275 ], [ 1084601.146386279026046, 1772840.406263610115275 ], [ 1084601.146386279026046, 1772832.412210314767435 ] ] ] } },
{ "type": "Feature", "properties": { "height": 30.78878663882195, "building": "type_3" }, "geometry": { "type": "Polygon", "coordinates": [ [ [ 1099737.498866076814011, 1769838.319625035161152 ], [ 1099757.103853194741532, 1769838.319625035161152 ], [ 1099757.103853194741532, 1769857.924612153088674 ], [ 1099737.498866076814011, 1769857.924612153088674 ], [ 1099737.498866076814011, 1769838.319625035161152 ] ] ] } },
{ "type": "Feature", "properties": { "height": 13.552360441262909, "building": "type_3" }, "geometry": { "type": "Polygon", "coordinates": [ [ [ 1107003.467607963830233, 1766984.061504666460678 ], [ 1107023.656488521024585, 1766984.061504666460678 ], [ 1107023.656488521024585, 1767004.25038522365503 ], [ 1107003.467607963830233, 1767004.25038522365503 ], [ 1107003.467607963830233, 1766984.061504666460678 ] ] ] } },
{ "type": "Feature", "properties": { "height": 13.608520493457785, "building": "type_4" }, "geometry": { "type": "Polygon", "coordinates": [ [ [ 1086012.493133645970374, 1763167.028347372310236 ], [ 1086021.314612125512213, 1763167.028347372310236 ], [ 1086021.314612125512213, 1763175.849825851852074 ], [ 1086012.493133645970374, 1763175.849825851852074 ], [ 1086012.493133645970374, 1763167.028347372310236 ] ] ] } },
{ "type": "Feature", "properties": { "height": 23.357898634958914, "building": "type_4" }, "geometry": { "type": "Polygon", "coordinates": [ [ [ 1108042.534199432237074, 1768926.876079087844118 ], [ 1108049.54004307393916, 1768926.876079087844118 ], [ 1108049.54004307393916, 1768933.881922729546204 ], [ 1108042.534199432237074, 1768933.881922729546204 ], [ 1108042.534199432237074, 1768926.876079087844118 ] ] ] } },
{ "type": "Feature", "properties": { "height": 5.1855002239161898, "building": "type_2" }, "geometry": { "type": "Polygon", "coordinates": [ [ [ 1080041.686817060457543, 1757859.832365483278409 ], [ 1080069.621707387501374, 1757859.832365483278409 ], [ 1080069.621707387501374, 1757887.76725581032224 ], [ 1080041.686817060457543, 1757887.76725581032224 ], [ 1080041.686817060457543, 1757859.832365483278409 ] ] ] } },
{ "type": "Feature", "properties": { "height": 25.006444131446493, "building": "type_3" }, "geometry": { "type": "Polygon", "coordinates": [ [ [ 1109547.017755487002432, 1742827.486510215327144 ], [ 1109565.936827812343836, 1742827.486510215327144 ], [ 1109565.936827812343836, 1742846.405582540668547 ], [ 1109547.017755487002432, 1742846.405582540668547 ], [ 1109547.017755487002432, 1742827.486510215327144 ] ] ] } },
{ "type": "Feature", "properties": { "height": 30.768651429447086, "building": "type_4" }, "geometry": { "type": "Polygon", "coordinates": [ [ [ 1101785.207188880769536, 1752800.467213262105361 ], [ 1101795.194862064206973, 1752800.467213262105361 ], [ 1101795.194862064206973, 1752810.454886445542797 ], [ 1101785.207188880769536, 1752810.454886445542797 ], [ 1101785.207188880769536, 1752800.467213262105361 ] ] ] } },
{ "type": "Feature", "properties": { "height": 21.839903564918611, "building": "type_3" }, "geometry": { "type": "Polygon", "coordinates": [ [ [ 1083716.543243457796052, 1740837.76626029307954 ], [ 1083725.402311339741573, 1740837.76626029307954 ], [ 1083725.402311339741573, 1740846.625328175025061 ], [ 1083716.543243457796052, 1740846.625328175025061 ], [ 1083716.543243457796052, 1740837.76626029307954 ] ] ] } },
{ "type": "Feature", "properties": { "height": 12.060566181558254, "building": "type_4" }, "geometry": { "type": "Polygon", "coordinates": [ [ [ 1101996.312738813227043, 1749886.714119061361998 ], [ 1102015.035788310458884, 1749886.714119061361998 ], [ 1102015.035788310458884, 1749905.437168558593839 ], [ 1101996.312738813227043, 1749905.437168558593839 ], [ 1101996.312738813227043, 1749886.714119061361998 ] ] ] } },
{ "type": "Feature", "properties": { "height": 26.213565836954352, "building": "type_3" }, "geometry": { "type": "Polygon", "coordinates": [ [ [ 1094271.256875928258523, 1770837.542027360294014 ], [ 1094288.086030954727903, 1770837.542027360294014 ], [ 1094288.086030954727903, 1770854.371182386763394 ], [ 1094271.256875928258523, 1770854.371182386763394 ], [ 1094271.256875928258523, 1770837.542027360294014 ] ] ] } },
{ "type": "Feature", "properties": { "height": 39.682531676008672, "building": "type_2" }, "geometry": { "type": "Polygon", "coordinates": [ [ [ 1089914.472025367198512, 1747860.219150880817324 ], [ 1089942.795477044535801, 1747860.219150880817324 ], [ 1089942.795477044535801, 1747888.542602558154613 ], [ 1089914.472025367198512, 1747888.542602558154613 ], [ 1089914.472025367198512, 1747860.219150880817324 ] ] ] } },
{ "type": "Feature", "properties": { "height": 9.8920331819201319, "building": "type_1" }, "geometry": { "type": "Polygon", "coordinates": [ [ [ 1105054.901910406770185, 1778236.808916986221448 ], [ 1105080.947629825910553, 1778236.808916986221448 ], [ 1105080.947629825910553, 1778262.854636405361816 ], [ 1105054.901910406770185, 1778262.854636405361816 ], [ 1105054.901910406770185, 1778236.808916986221448 ] ] ] } },
{ "type": "Feature", "properties": { "height": 27.181549730206203, "building": "type_2" }, "geometry": { "type": "Polygon", "coordinates": [ [ [ 1090043.825822150101885, 1769088.520583068719134 ], [ 1090054.718115801690146, 1769088.520583068719134 ], [ 1090054.718115801690146, 1769099.412876720307395 ], [ 1090043.825822150101885, 1769099.412876720307395 ], [ 1090043.825822150101885, 1769088.520583068719134 ] ] ] } },
{ "type": "Feature", "properties": { "height": 18.193055029871765, "building": "type_3" }, "geometry": { "type": "Polygon", "coordinates": [ [ [ 1078351.191298417048529, 1754821.252144513418898 ], [ 1078367.169671131530777, 1754821.252144513418898 ], [ 1078367.169671131530777, 1754837.230517227901146 ], [ 1078351.191298417048529, 1754837.230517227901146 ], [ 1078351.191298417048529, 1754821.252144513418898 ] ] ] } },
{ "type": "Feature", "properties": { "height": 18.4361927480624, "building": "type_2" }, "geometry": { "type": "Polygon", "coordinates": [ [ [ 1104555.219972223741934, 1740809.056199958315119 ], [ 1104582.709336555795744, 1740809.056199958315119 ], [ 1104582.709336555795744, 1740836.54556429036893 ], [ 1104555.219972223741934, 1740836.54556429036893 ], [ 1104555.219972223741934, 1740809.056199958315119 ] ] ] } },
{ "type": "Feature", "properties": { "height": 30.569219788325551, "building": "type_2" }, "geometry": { "type": "Polygon", "coordinates": [ [ [ 1086054.705371192889288, 1735739.306759760016575 ], [ 1086068.025765840662643, 1735739.306759760016575 ], [ 1086068.025765840662643, 1735752.627154407789931 ], [ 1086054.705371192889288, 1735752.627154407789931 ], [ 1086054.705371192889288, 1735739.306759760016575 ] ] ] } },
{ "type": "Feature", "properties": { "height": 32.600902392858572, "building": "type_2" }, "geometry": { "type": "Polygon", "coordinates": [ [ [ 1093052.904487470397726, 1742013.042215366149321 ], [ 1093080.251802046550438, 1742013.042215366149321 ], [ 1093080.251802046550438, 1742040.389529942302033 ], [ 1093052.904487470397726, 1742040.389529942302033 ], [ 1093052.904487470397726, 1742013.042215366149321 ] ] ] } },
{ "type": "Feature", "properties": { "height": 31.68605400092417, "building": "type_3" }, "geometry": { "type": "Polygon", "coordinates": [ [ [ 1089691.019745288649574, 1748834.78346959897317 ], [ 1089710.266987410606816, 1748834.78346959897317 ], [ 1089710.266987410606816, 1748854.030711720930412 ], [ 1089691.019745288649574, 1748854.030711720930412 ], [ 1089691.019745288649574, 1748834.78346959897317 ] ] ] } },
{ "type": "Feature", "properties": { "height": 26.138525522537936, "building": "type_3" }, "geometry": { "type": "Polygon", "coordinates": [ [ [ 1097001.556350870290771, 1757208.295653522247449 ], [ 1097017.981356352334842, 1757208.295653522247449 ], [ 1097017.981356352334842, 1757224.72065900429152 ], [ 1097001.556350870290771, 1757224.72065900429152 ], [ 1097001.556350870290771, 1757208.295653522247449 ] ] ] } },
{ "type": "Feature", "properties": { "height": 27.440167150985406, "building": "type_3" }, "geometry": { "type": "Polygon", "coordinates": [ [ [ 1112024.366369941039011, 1756399.961490560555831 ], [ 1112047.367283354746178, 1756399.961490560555831 ], [ 1112047.367283354746178, 1756422.962403974262998 ], [ 1112024.366369941039011, 1756422.962403974262998 ], [ 1112024.366369941039011, 1756399.961490560555831 ] ] ] } },
{ "type": "Feature", "properties": { "height": 16.98834900124902, "building": "type_2" }, "geometry": { "type": "Polygon", "coordinates": [ [ [ 1098545.018525461433455, 1756868.316859901649877 ], [ 1098573.995395325357094, 1756868.316859901649877 ], [ 1098573.995395325357094, 1756897.293729765573516 ], [ 1098545.018525461433455, 1756897.293729765573516 ], [ 1098545.018525461433455, 1756868.316859901649877 ] ] ] } },
{ "type": "Feature", "properties": { "height": 22.70610376095631, "building": "type_1" }, "geometry": { "type": "Polygon", "coordinates": [ [ [ 1084473.638339381897822, 1771882.223016928648576 ], [ 1084493.294085182482377, 1771882.223016928648576 ], [ 1084493.294085182482377, 1771901.878762729233131 ], [ 1084473.638339381897822, 1771901.878762729233131 ], [ 1084473.638339381897822, 1771882.223016928648576 ] ] ] } },
{ "type": "Feature", "properties": { "height": 32.652962299343031, "building": "type_1" }, "geometry": { "type": "Polygon", "coordinates": [ [ [ 1110045.557886217255145, 1752877.044223926961422 ], [ 1110073.52664927393198, 1752877.044223926961422 ], [ 1110073.52664927393198, 1752905.012986983638257 ], [ 1110045.557886217255145, 1752905.012986983638257 ], [ 1110045.557886217255145, 1752877.044223926961422 ] ] ] } },
{ "type": "Feature", "properties": { "height": 30.775548246865299, "building": "type_4" }, "geometry": { "type": "Polygon", "coordinates": [ [ [ 1097050.635977119905874, 1756516.825193817261606 ], [ 1097066.239243902498856, 1756516.825193817261606 ], [ 1097066.239243902498856, 1756532.428460599854589 ], [ 1097050.635977119905874, 1756532.428460599854589 ], [ 1097050.635977119905874, 1756516.825193817261606 ] ] ] } },
{ "type": "Feature", "properties": { "height": 34.312177615087222, "building": "type_1" }, "geometry": { "type": "Polygon", "coordinates": [ [ [ 1108037.551655604271218, 1737315.494074365124106 ], [ 1108047.209677591687068, 1737315.494074365124106 ], [ 1108047.209677591687068, 1737325.152096352539957 ], [ 1108037.551655604271218, 1737325.152096352539957 ], [ 1108037.551655604271218, 1737315.494074365124106 ] ] ] } },
{ "type": "Feature", "properties": { "height": 16.731903457606535, "building": "type_4" }, "geometry": { "type": "Polygon", "coordinates": [ [ [ 1097367.901093275286257, 1751829.587560917250812 ], [ 1097374.270134245976806, 1751829.587560917250812 ], [ 1097374.270134245976806, 1751835.95660188794136 ], [ 1097367.901093275286257, 1751835.95660188794136 ], [ 1097367.901093275286257, 1751829.587560917250812 ] ] ] } },
{ "type": "Feature", "properties": { "height": 37.303608112946968, "building": "type_3" }, "geometry": { "type": "Polygon", "coordinates": [ [ [ 1102031.7660627507139, 1776836.603813377209008 ], [ 1102058.354016266064718, 1776836.603813377209008 ], [ 1102058.354016266064718, 1776863.191766892559826 ], [ 1102031.7660627507139, 1776863.191766892559826 ], [ 1102031.7660627507139, 1776836.603813377209008 ] ] ] } },
{ "type": "Feature", "properties": { "height": 9.9299957132929961, "building": "type_4" }, "geometry": { "type": "Polygon", "coordinates": [ [ [ 1113019.923172429669648, 1740297.671437214361504 ], [ 1113036.234160332940519, 1740297.671437214361504 ], [ 1113036.234160332940519, 1740313.982425117632374 ], [ 1113019.923172429669648, 1740313.982425117632374 ], [ 1113019.923172429669648, 1740297.671437214361504 ] ] ] } },
{ "type": "Feature", "properties": { "height": 14.715551042029634, "building": "type_2" }, "geometry": { "type": "Polygon", "coordinates": [ [ [ 1077514.375497515546158, 1746850.984282834455371 ], [ 1077538.887890204088762, 1746850.984282834455371 ], [ 1077538.887890204088762, 1746875.496675522997975 ], [ 1077514.375497515546158, 1746875.496675522997975 ], [ 1077514.375497515546158, 1746850.984282834455371 ] ] ] } },
{ "type": "Feature", "properties": { "height": 19.511844330445832, "building": "type_4" }, "geometry": { "type": "Polygon", "coordinates": [ [ [ 1101011.571500428020954, 1744065.190665314439684 ], [ 1101020.288068621885031, 1744065.190665314439684 ], [ 1101020.288068621885031, 1744073.907233508303761 ], [ 1101011.571500428020954, 1744073.907233508303761 ], [ 1101011.571500428020954, 1744065.190665314439684 ] ] ] } },
{ "type": "Feature", "properties": { "height": 19.937611686786227, "building": "type_4" }, "geometry": { "type": "Polygon", "coordinates": [ [ [ 1088033.159793501952663, 1777821.686371781630442 ], [ 1088048.092746388399974, 1777821.686371781630442 ], [ 1088048.092746388399974, 1777836.619324668077752 ], [ 1088033.159793501952663, 1777836.619324668077752 ], [ 1088033.159793501952663, 1777821.686371781630442 ] ] ] } },
{ "type": "Feature", "properties": { "height": 24.769439664191573, "building": "type_2" }, "geometry": { "type": "Polygon", "coordinates": [ [ [ 1084041.305469407932833, 1777197.720658274367452 ], [ 1084058.107143035857007, 1777197.720658274367452 ], [ 1084058.107143035857007, 1777214.522331902291626 ], [ 1084041.305469407932833, 1777214.522331902291626 ], [ 1084041.305469407932833, 1777197.720658274367452 ] ] ] } },
{ "type": "Feature", "properties": { "height": 22.395418208743713, "building": "type_3" }, "geometry": { "type": "Polygon", "coordinates": [ [ [ 1085829.935397154185921, 1754850.889979440253228 ], [ 1085846.962595863733441, 1754850.889979440253228 ], [ 1085846.962595863733441, 1754867.917178149800748 ], [ 1085829.935397154185921, 1754867.917178149800748 ], [ 1085829.935397154185921, 1754850.889979440253228 ] ] ] } },
{ "type": "Feature", "properties": { "height": 14.476063560024382, "building": "type_2" }, "geometry": { "type": "Polygon", "coordinates": [ [ [ 1086067.322073991410434, 1739933.766437014099211 ], [ 1086081.654806898441166, 1739933.766437014099211 ], [ 1086081.654806898441166, 1739948.099169921129942 ], [ 1086067.322073991410434, 1739948.099169921129942 ], [ 1086067.322073991410434, 1739933.766437014099211 ] ] ] } },
{ "type": "Feature", "properties": { "height": 19.279457337769564, "building": "type_1" }, "geometry": { "type": "Polygon", "coordinates": [ [ [ 1100992.919468340696767, 1747289.658357219770551 ], [ 1101019.594312341185287, 1747289.658357219770551 ], [ 1101019.594312341185287, 1747316.33320122025907 ], [ 1100992.919468340696767, 1747316.33320122025907 ], [ 1100992.919468340696767, 1747289.658357219770551 ] ] ] } },
{ "type": "Feature", "properties": { "height": 32.997062988061629, "building": "type_3" }, "geometry": { "type": "Polygon", "coordinates": [ [ [ 1107246.035508822649717, 1772844.365293251350522 ], [ 1107253.638223372399807, 1772844.365293251350522 ], [ 1107253.638223372399807, 1772851.968007801100612 ], [ 1107246.035508822649717, 1772851.968007801100612 ], [ 1107246.035508822649717, 1772844.365293251350522 ] ] ] } },
{ "type": "Feature", "properties": { "height": 26.111909076194287, "building": "type_2" }, "geometry": { "type": "Polygon", "coordinates": [ [ [ 1111657.202250388450921, 1748874.373417957453057 ], [ 1111686.920469937380403, 1748874.373417957453057 ], [ 1111686.920469937380403, 1748904.09163750638254 ], [ 1111657.202250388450921, 1748904.09163750638254 ], [ 1111657.202250388450921, 1748874.373417957453057 ] ] ] } },
{ "type": "Feature", "properties": { "height": 36.371753648239192, "building": "type_3" }, "geometry": { "type": "Polygon", "coordinates": [ [ [ 1104036.626217709155753, 1775844.471071362495422 ], [ 1104048.954910965869203, 1775844.471071362495422 ], [ 1104048.954910965869203, 1775856.799764619208872 ], [ 1104036.626217709155753, 1775856.799764619208872 ], [ 1104036.626217709155753, 1775844.471071362495422 ] ] ] } },
{ "type": "Feature", "properties": { "height": 27.502394726498864, "building": "type_2" }, "geometry": { "type": "Polygon", "coordinates": [ [ [ 1080073.104002903448418, 1762808.643417507875711 ], [ 1080100.015104800229892, 1762808.643417507875711 ], [ 1080100.015104800229892, 1762835.554519404657185 ], [ 1080073.104002903448418, 1762835.554519404657185 ], [ 1080073.104002903448418, 1762808.643417507875711 ] ] ] } },
{ "type": "Feature", "properties": { "height": 25.660322988018272, "building": "type_4" }, "geometry": { "type": "Polygon", "coordinates": [ [ [ 1082937.32025147578679, 1763821.844489906448871 ], [ 1082951.812561679864302, 1763821.844489906448871 ], [ 1082951.812561679864302, 1763836.336800110526383 ], [ 1082937.32025147578679, 1763836.336800110526383 ], [ 1082937.32025147578679, 1763821.844489906448871 ] ] ] } },
{ "type": "Feature", "properties": { "height": 12.682868377833554, "building": "type_2" }, "geometry": { "type": "Polygon", "coordinates": [ [ [ 1094616.779619118664414, 1738870.556562323588878 ], [ 1094643.306319618131965, 1738870.556562323588878 ], [ 1094643.306319618131965, 1738897.08326282305643 ], [ 1094616.779619118664414, 1738897.08326282305643 ], [ 1094616.779619118664414, 1738870.556562323588878 ] ] ] } },
{ "type": "Feature", "properties": { "height": 32.994933958156032, "building": "type_1" }, "geometry": { "type": "Polygon", "coordinates": [ [ [ 1108843.217735946644098, 1774835.510513584362343 ], [ 1108870.581541618797928, 1774835.510513584362343 ], [ 1108870.581541618797928, 1774862.874319256516173 ], [ 1108843.217735946644098, 1774862.874319256516173 ], [ 1108843.217735946644098, 1774835.510513584362343 ] ] ] } },
{ "type": "Feature", "properties": { "height": 9.8774625925488451, "building": "type_3" }, "geometry": { "type": "Polygon", "coordinates": [ [ [ 1112047.984821241581813, 1735383.007149782031775 ], [ 1112059.432013377314433, 1735383.007149782031775 ], [ 1112059.432013377314433, 1735394.454341917764395 ], [ 1112047.984821241581813, 1735394.454341917764395 ], [ 1112047.984821241581813, 1735383.007149782031775 ] ] ] } },
{ "type": "Feature", "properties": { "height": 33.790435656908585, "building": "type_4" }, "geometry": { "type": "Polygon", "coordinates": [ [ [ 1104989.290816362248734, 1776798.762249839259312 ], [ 1105011.370412773219869, 1776798.762249839259312 ], [ 1105011.370412773219869, 1776820.841846250230446 ], [ 1104989.290816362248734, 1776820.841846250230446 ], [ 1104989.290816362248734, 1776798.762249839259312 ] ] ] } },
{ "type": "Feature", "properties": { "height": 30.207090357130351, "building": "type_1" }, "geometry": { "type": "Polygon", "coordinates": [ [ [ 1099013.318982256576419, 1778427.634816088946536 ], [ 1099030.755604606121778, 1778427.634816088946536 ], [ 1099030.755604606121778, 1778445.071438438491896 ], [ 1099013.318982256576419, 1778445.071438438491896 ], [ 1099013.318982256576419, 1778427.634816088946536 ] ] ] } },
{ "type": "Feature", "properties": { "height": 27.158432217510665, "building": "type_1" }, "geometry": { "type": "Polygon", "coordinates": [ [ [ 1080166.100874901982024, 1768867.618359014391899 ], [ 1080177.369141415925696, 1768867.618359014391899 ], [ 1080177.369141415925696, 1768878.886625528335571 ], [ 1080166.100874901982024, 1768878.886625528335571 ], [ 1080166.100874901982024, 1768867.618359014391899 ] ] ] } },
{ "type": "Feature", "properties": { "height": 6.6438088371269268, "building": "type_4" }, "geometry": { "type": "Polygon", "coordinates": [ [ [ 1081616.707297981949523, 1779825.811272499384359 ], [ 1081634.680240614106879, 1779825.811272499384359 ], [ 1081634.680240614106879, 1779843.784215131541714 ], [ 1081616.707297981949523, 1779843.784215131541714 ], [ 1081616.707297981949523, 1779825.811272499384359 ] ] ] } },
{ "type": "Feature", "properties": { "height": 34.297764674606029, "building": "type_3" }, "geometry": { "type": "Polygon", "coordinates": [ [ [ 1097027.398604622809216, 1747600.897654687985778 ], [ 1097034.104847256792709, 1747600.897654687985778 ], [ 1097034.104847256792709, 1747607.603897321969271 ], [ 1097027.398604622809216, 1747607.603897321969271 ], [ 1097027.398604622809216, 1747600.897654687985778 ] ] ] } },
{ "type": "Feature", "properties": { "height": 38.393042778887157, "building": "type_2" }, "geometry": { "type": "Polygon", "coordinates": [ [ [ 1106711.444262618198991, 1776856.041388097917661 ], [ 1106726.360496944282204, 1776856.041388097917661 ], [ 1106726.360496944282204, 1776870.957622424000874 ], [ 1106711.444262618198991, 1776870.957622424000874 ], [ 1106711.444262618198991, 1776856.041388097917661 ] ] ] } },
{ "type": "Feature", "properties": { "height": 6.7999034719487623, "building": "type_2" }, "geometry": { "type": "Polygon", "coordinates": [ [ [ 1100021.737276294501498, 1746337.752273612190038 ], [ 1100041.61422456218861, 1746337.752273612190038 ], [ 1100041.61422456218861, 1746357.62922187987715 ], [ 1100021.737276294501498, 1746357.62922187987715 ], [ 1100021.737276294501498, 1746337.752273612190038 ] ] ] } },
{ "type": "Feature", "properties": { "height": 30.486606467126116, "building": "type_1" }, "geometry": { "type": "Polygon", "coordinates": [ [ [ 1081151.760310590965673, 1734823.930899071507156 ], [ 1081158.638755134539679, 1734823.930899071507156 ], [ 1081158.638755134539679, 1734830.809343615081161 ], [ 1081151.760310590965673, 1734830.809343615081161 ], [ 1081151.760310590965673, 1734823.930899071507156 ] ] ] } },
{ "type": "Feature", "properties": { "height": 5.0818786719022393, "building": "type_3" }, "geometry": { "type": "Polygon", "coordinates": [ [ [ 1077742.689127718796954, 1764862.285453010117635 ], [ 1077749.633261320879683, 1764862.285453010117635 ], [ 1077749.633261320879683, 1764869.229586612200364 ], [ 1077742.689127718796954, 1764869.229586612200364 ], [ 1077742.689127718796954, 1764862.285453010117635 ] ] ] } },
{ "type": "Feature", "properties": { "height": 32.650474557714958, "building": "type_1" }, "geometry": { "type": "Polygon", "coordinates": [ [ [ 1078600.27244495972991, 1739859.325056903297082 ], [ 1078629.324914603959769, 1739859.325056903297082 ], [ 1078629.324914603959769, 1739888.377526547526941 ], [ 1078600.27244495972991, 1739888.377526547526941 ], [ 1078600.27244495972991, 1739859.325056903297082 ] ] ] } },
{ "type": "Feature", "properties": { "height": 31.566254593859746, "building": "type_1" }, "geometry": { "type": "Polygon", "coordinates": [ [ [ 1093209.73478841688484, 1766793.975329616805539 ], [ 1093230.708523050416261, 1766793.975329616805539 ], [ 1093230.708523050416261, 1766814.94906425033696 ], [ 1093209.73478841688484, 1766814.94906425033696 ], [ 1093209.73478841688484, 1766793.975329616805539 ] ] ] } },
{ "type": "Feature", "properties": { "height": 39.568380279882646, "building": "type_1" }, "geometry": { "type": "Polygon", "coordinates": [ [ [ 1103007.333846430992708, 1762486.015356894815341 ], [ 1103017.864082476356998, 1762486.015356894815341 ], [ 1103017.864082476356998, 1762496.545592940179631 ], [ 1103007.333846430992708, 1762496.545592940179631 ], [ 1103007.333846430992708, 1762486.015356894815341 ] ] ] } },
{ "type": "Feature", "properties": { "height": 21.562354132846668, "building": "type_3" }, "geometry": { "type": "Polygon", "coordinates": [ [ [ 1094096.051083831582218, 1741843.138070459244773 ], [ 1094114.94624836742878, 1741843.138070459244773 ], [ 1094114.94624836742878, 1741862.033234995091334 ], [ 1094096.051083831582218, 1741862.033234995091334 ], [ 1094096.051083831582218, 1741843.138070459244773 ] ] ] } },
{ "type": "Feature", "properties": { "height": 32.836964328568413, "building": "type_3" }, "geometry": { "type": "Polygon", "coordinates": [ [ [ 1080011.510377668309957, 1765530.63873710623011 ], [ 1080027.054444161709398, 1765530.63873710623011 ], [ 1080027.054444161709398, 1765546.182803599629551 ], [ 1080011.510377668309957, 1765546.182803599629551 ], [ 1080011.510377668309957, 1765530.63873710623011 ] ] ] } },
{ "type": "Feature", "properties": { "height": 25.869445746871857, "building": "type_3" }, "geometry": { "type": "Polygon", "coordinates": [ [ [ 1087018.748522438108921, 1773924.664403332630172 ], [ 1087024.673713305965066, 1773924.664403332630172 ], [ 1087024.673713305965066, 1773930.589594200486317 ], [ 1087018.748522438108921, 1773930.589594200486317 ], [ 1087018.748522438108921, 1773924.664403332630172 ] ] ] } },
{ "type": "Feature", "properties": { "height": 19.156990738864778, "building": "type_3" }, "geometry": { "type": "Polygon", "coordinates": [ [ [ 1106100.514021893031895, 1748836.127575551392511 ], [ 1106116.53982593677938, 1748836.127575551392511 ], [ 1106116.53982593677938, 1748852.153379595139995 ], [ 1106100.514021893031895, 1748852.153379595139995 ], [ 1106100.514021893031895, 1748836.127575551392511 ] ] ] } },
{ "type": "Feature", "properties": { "height": 26.555211586380661, "building": "type_2" }, "geometry": { "type": "Polygon", "coordinates": [ [ [ 1104002.970457792049274, 1778361.372030639555305 ], [ 1104030.119901498081163, 1778361.372030639555305 ], [ 1104030.119901498081163, 1778388.521474345587194 ], [ 1104002.970457792049274, 1778388.521474345587194 ], [ 1104002.970457792049274, 1778361.372030639555305 ] ] ] } },
{ "type": "Feature", "properties": { "height": 37.867369447951368, "building": "type_3" }, "geometry": { "type": "Polygon", "coordinates": [ [ [ 1080031.088129058247432, 1753297.86596650746651 ], [ 1080049.311557409120724, 1753297.86596650746651 ], [ 1080049.311557409120724, 1753316.089394858339801 ], [ 1080031.088129058247432, 1753316.089394858339801 ], [ 1080031.088129058247432, 1753297.86596650746651 ] ] ] } },
{ "type": "Feature", "properties": { "height": 21.792346439977667, "building": "type_4" }, "geometry": { "type": "Polygon", "coordinates": [ [ [ 1098039.853142317617312, 1736854.079623834928498 ], [ 1098045.793061647797003, 1736854.079623834928498 ], [ 1098045.793061647797003, 1736860.019543165108189 ], [ 1098039.853142317617312, 1736860.019543165108189 ], [ 1098039.853142317617312, 1736854.079623834928498 ] ] ] } },
{ "type": "Feature", "properties": { "height": 30.62951325146258, "building": "type_1" }, "geometry": { "type": "Polygon", "coordinates": [ [ [ 1097000.534951521316543, 1755855.394619282335043 ], [ 1097018.597931312164292, 1755855.394619282335043 ], [ 1097018.597931312164292, 1755873.457599073182791 ], [ 1097000.534951521316543, 1755873.457599073182791 ], [ 1097000.534951521316543, 1755855.394619282335043 ] ] ] } },
{ "type": "Feature", "properties": { "height": 6.4732616372726657, "building": "type_1" }, "geometry": { "type": "Polygon", "coordinates": [ [ [ 1099488.267446111189201, 1758867.888074147049338 ], [ 1099499.107639887603, 1758867.888074147049338 ], [ 1099499.107639887603, 1758878.728267923463136 ], [ 1099488.267446111189201, 1758878.728267923463136 ], [ 1099488.267446111189201, 1758867.888074147049338 ] ] ] } },
{ "type": "Feature", "properties": { "height": 38.474549414579876, "building": "type_1" }, "geometry": { "type": "Polygon", "coordinates": [ [ [ 1110027.380776060512289, 1776839.615010861307383 ], [ 1110035.491714992793277, 1776839.615010861307383 ], [ 1110035.491714992793277, 1776847.72594979358837 ], [ 1110027.380776060512289, 1776847.72594979358837 ], [ 1110027.380776060512289, 1776839.615010861307383 ] ] ] } },
{ "type": "Feature", "properties": { "height": 21.359052893745442, "building": "type_1" }, "geometry": { "type": "Polygon", "coordinates": [ [ [ 1100037.59668418741785, 1742079.008181593380868 ], [ 1100066.214984744554386, 1742079.008181593380868 ], [ 1100066.214984744554386, 1742107.626482150517404 ], [ 1100037.59668418741785, 1742107.626482150517404 ], [ 1100037.59668418741785, 1742079.008181593380868 ] ] ] } },
{ "type": "Feature", "properties": { "height": 13.069921853175664, "building": "type_3" }, "geometry": { "type": "Polygon", "coordinates": [ [ [ 1101009.302557377377525, 1779014.087184673408046 ], [ 1101035.24820075952448, 1779014.087184673408046 ], [ 1101035.24820075952448, 1779040.032828055555001 ], [ 1101009.302557377377525, 1779040.032828055555001 ], [ 1101009.302557377377525, 1779014.087184673408046 ] ] ] } },
{ "type": "Feature", "properties": { "height": 33.917199352788806, "building": "type_1" }, "geometry": { "type": "Polygon", "coordinates": [ [ [ 1092273.436626848299056, 1746844.057910142699257 ], [ 1092302.368383422959596, 1746844.057910142699257 ], [ 1092302.368383422959596, 1746872.989666717359796 ], [ 1092273.436626848299056, 1746872.989666717359796 ], [ 1092273.436626848299056, 1746844.057910142699257 ] ] ] } },
{ "type": "Feature", "properties": { "height": 11.086333722682056, "building": "type_2" }, "geometry": { "type": "Polygon", "coordinates": [ [ [ 1095976.84681834327057, 1768487.450721386354417 ], [ 1096006.719513909425586, 1768487.450721386354417 ], [ 1096006.719513909425586, 1768517.323416952509433 ], [ 1095976.84681834327057, 1768517.323416952509433 ], [ 1095976.84681834327057, 1768487.450721386354417 ] ] ] } },
{ "type": "Feature", "properties": { "height": 26.802808402729156, "building": "type_1" }, "geometry": { "type": "Polygon", "coordinates": [ [ [ 1104064.104333563009277, 1739572.719072268111631 ], [ 1104080.688852268503979, 1739572.719072268111631 ], [ 1104080.688852268503979, 1739589.303590973606333 ], [ 1104064.104333563009277, 1739589.303590973606333 ], [ 1104064.104333563009277, 1739572.719072268111631 ] ] ] } },
{ "type": "Feature", "properties": { "height": 14.296001490604713, "building": "type_4" }, "geometry": { "type": "Polygon", "coordinates": [ [ [ 1099081.805650616530329, 1748857.30601386167109 ], [ 1099108.742172182071954, 1748857.30601386167109 ], [ 1099108.742172182071954, 1748884.242535427212715 ], [ 1099081.805650616530329, 1748884.242535427212715 ], [ 1099081.805650616530329, 1748857.30601386167109 ] ] ] } },
{ "type": "Feature", "properties": { "height": 30.732442908320845, "building": "type_2" }, "geometry": { "type": "Polygon", "coordinates": [ [ [ 1090012.956311337882653, 1752804.265792275546119 ], [ 1090041.246048545697704, 1752804.265792275546119 ], [ 1090041.246048545697704, 1752832.55552948336117 ], [ 1090012.956311337882653, 1752832.55552948336117 ], [ 1090012.956311337882653, 1752804.265792275546119 ] ] ] } },
{ "type": "Feature", "properties": { "height": 7.8366175567676777, "building": "type_4" }, "geometry": { "type": "Polygon", "coordinates": [ [ [ 1087020.453657097415999, 1771076.566043918719515 ], [ 1087037.850550474366173, 1771076.566043918719515 ], [ 1087037.850550474366173, 1771093.96293729566969 ], [ 1087020.453657097415999, 1771093.96293729566969 ], [ 1087020.453657097415999, 1771076.566043918719515 ] ] ] } },
{ "type": "Feature", "properties": { "height": 23.062765715526581, "building": "type_3" }, "geometry": { "type": "Polygon", "coordinates": [ [ [ 1094973.009811756201088, 1771503.724328281125054 ], [ 1095000.082468484528363, 1771503.724328281125054 ], [ 1095000.082468484528363, 1771530.796985009452328 ], [ 1094973.009811756201088, 1771530.796985009452328 ], [ 1094973.009811756201088, 1771503.724328281125054 ] ] ] } },
{ "type": "Feature", "properties": { "height": 35.752049522430525, "building": "type_3" }, "geometry": { "type": "Polygon", "coordinates": [ [ [ 1106992.704244290245697, 1742403.304035578621551 ], [ 1107004.379951044684276, 1742403.304035578621551 ], [ 1107004.379951044684276, 1742414.97974233306013 ], [ 1106992.704244290245697, 1742414.97974233306013 ], [ 1106992.704244290245697, 1742403.304035578621551 ] ] ] } },
{ "type": "Feature", "properties": { "height": 13.354151095535613, "building": "type_1" }, "geometry": { "type": "Polygon", "coordinates": [ [ [ 1103017.170520676998422, 1743490.719511527568102 ], [ 1103030.52074264572002, 1743490.719511527568102 ], [ 1103030.52074264572002, 1743504.0697334962897 ], [ 1103017.170520676998422, 1743504.0697334962897 ], [ 1103017.170520676998422, 1743490.719511527568102 ] ] ] } },
{ "type": "Feature", "properties": { "height": 35.514523471083123, "building": "type_3" }, "geometry": { "type": "Polygon", "coordinates": [ [ [ 1090103.077517288038507, 1739805.535761478589848 ], [ 1090130.09928626823239, 1739805.535761478589848 ], [ 1090130.09928626823239, 1739832.557530458783731 ], [ 1090103.077517288038507, 1739832.557530458783731 ], [ 1090103.077517288038507, 1739805.535761478589848 ] ] ] } },
{ "type": "Feature", "properties": { "height": 5.0392039018038322, "building": "type_2" }, "geometry": { "type": "Polygon", "coordinates": [ [ [ 1088024.413394755218178, 1761707.092323255492374 ], [ 1088052.130927486810833, 1761707.092323255492374 ], [ 1088052.130927486810833, 1761734.809855987085029 ], [ 1088024.413394755218178, 1761734.809855987085029 ], [ 1088024.413394755218178, 1761707.092323255492374 ] ] ] } },
{ "type": "Feature", "properties": { "height": 24.594550930809032, "building": "type_4" }, "geometry": { "type": "Polygon", "coordinates": [ [ [ 1083518.121093048015609, 1755837.205107708228752 ], [ 1083531.281932460376993, 1755837.205107708228752 ], [ 1083531.281932460376993, 1755850.365947120590135 ], [ 1083518.121093048015609, 1755850.365947120590135 ], [ 1083518.121093048015609, 1755837.205107708228752 ] ] ] } },
{ "type": "Feature", "properties": { "height": 31.63597658757098, "building": "type_2" }, "geometry": { "type": "Polygon", "coordinates": [ [ [ 1113034.595307965530083, 1753194.534520315472037 ], [ 1113042.269823936047032, 1753194.534520315472037 ], [ 1113042.269823936047032, 1753202.209036285988986 ], [ 1113034.595307965530083, 1753202.209036285988986 ], [ 1113034.595307965530083, 1753194.534520315472037 ] ] ] } },
{ "type": "Feature", "properties": { "height": 32.608244365476054, "building": "type_4" }, "geometry": { "type": "Polygon", "coordinates": [ [ [ 1090009.61040684604086, 1771780.585851209936664 ], [ 1090033.452877697302029, 1771780.585851209936664 ], [ 1090033.452877697302029, 1771804.428322061197832 ], [ 1090009.61040684604086, 1771804.428322061197832 ], [ 1090009.61040684604086, 1771780.585851209936664 ] ] ] } },
{ "type": "Feature", "properties": { "height": 25.375966106169564, "building": "type_1" }, "geometry": { "type": "Polygon", "coordinates": [ [ [ 1097023.474139819853008, 1768598.952274488285184 ], [ 1097030.157904856372625, 1768598.952274488285184 ], [ 1097030.157904856372625, 1768605.636039524804801 ], [ 1097023.474139819853008, 1768605.636039524804801 ], [ 1097023.474139819853008, 1768598.952274488285184 ] ] ] } },
{ "type": "Feature", "properties": { "height": 20.608540745361253, "building": "type_3" }, "geometry": { "type": "Polygon", "coordinates": [ [ [ 1076977.57879390171729, 1745465.414539044257253 ], [ 1076999.480100331595168, 1745465.414539044257253 ], [ 1076999.480100331595168, 1745487.315845474135131 ], [ 1076977.57879390171729, 1745487.315845474135131 ], [ 1076977.57879390171729, 1745465.414539044257253 ] ] ] } },
{ "type": "Feature", "properties": { "height": 22.102511664163302, "building": "type_3" }, "geometry": { "type": "Polygon", "coordinates": [ [ [ 1090036.873985159443691, 1768442.094448783434927 ], [ 1090049.964240638306364, 1768442.094448783434927 ], [ 1090049.964240638306364, 1768455.184704262297601 ], [ 1090036.873985159443691, 1768455.184704262297601 ], [ 1090036.873985159443691, 1768442.094448783434927 ] ] ] } },
{ "type": "Feature", "properties": { "height": 8.5767766892801642, "building": "type_1" }, "geometry": { "type": "Polygon", "coordinates": [ [ [ 1104002.198796117678285, 1759524.925857952330261 ], [ 1104030.806386991403997, 1759524.925857952330261 ], [ 1104030.806386991403997, 1759553.533448826055974 ], [ 1104002.198796117678285, 1759553.533448826055974 ], [ 1104002.198796117678285, 1759524.925857952330261 ] ] ] } },
{ "type": "Feature", "properties": { "height": 28.81747557261496, "building": "type_2" }, "geometry": { "type": "Polygon", "coordinates": [ [ [ 1077549.142157987458631, 1753812.079643005738035 ], [ 1077556.201684127794579, 1753812.079643005738035 ], [ 1077556.201684127794579, 1753819.139169146073982 ], [ 1077549.142157987458631, 1753819.139169146073982 ], [ 1077549.142157987458631, 1753812.079643005738035 ] ] ] } },
{ "type": "Feature", "properties": { "height": 19.69045609241428, "building": "type_3" }, "geometry": { "type": "Polygon", "coordinates": [ [ [ 1094003.632223237771541, 1742713.097795675508678 ], [ 1094032.222621242050081, 1742713.097795675508678 ], [ 1094032.222621242050081, 1742741.688193679787219 ], [ 1094003.632223237771541, 1742741.688193679787219 ], [ 1094003.632223237771541, 1742713.097795675508678 ] ] ] } },
{ "type": "Feature", "properties": { "height": 30.354793541494093, "building": "type_2" }, "geometry": { "type": "Polygon", "coordinates": [ [ [ 1077036.541392772924155, 1776218.186606427654624 ], [ 1077049.55996128404513, 1776218.186606427654624 ], [ 1077049.55996128404513, 1776231.205174938775599 ], [ 1077036.541392772924155, 1776231.205174938775599 ], [ 1077036.541392772924155, 1776218.186606427654624 ] ] ] } },
{ "type": "Feature", "properties": { "height": 21.5623467342045, "building": "type_4" }, "geometry": { "type": "Polygon", "coordinates": [ [ [ 1098043.68194526177831, 1769013.257573917973787 ], [ 1098070.290901507949457, 1769013.257573917973787 ], [ 1098070.290901507949457, 1769039.866530164144933 ], [ 1098043.68194526177831, 1769039.866530164144933 ], [ 1098043.68194526177831, 1769013.257573917973787 ] ] ] } },
{ "type": "Feature", "properties": { "height": 23.562403780488964, "building": "type_3" }, "geometry": { "type": "Polygon", "coordinates": [ [ [ 1088202.130516426404938, 1775833.328941524261609 ], [ 1088218.472857291577384, 1775833.328941524261609 ], [ 1088218.472857291577384, 1775849.671282389434054 ], [ 1088202.130516426404938, 1775849.671282389434054 ], [ 1088202.130516426404938, 1775833.328941524261609 ] ] ] } },
{ "type": "Feature", "properties": { "height": 32.878805184166168, "building": "type_1" }, "geometry": { "type": "Polygon", "coordinates": [ [ [ 1103829.063325402326882, 1768837.122239357093349 ], [ 1103849.479583265259862, 1768837.122239357093349 ], [ 1103849.479583265259862, 1768857.538497220026329 ], [ 1103829.063325402326882, 1768857.538497220026329 ], [ 1103829.063325402326882, 1768837.122239357093349 ] ] ] } },
{ "type": "Feature", "properties": { "height": 12.893904985530741, "building": "type_4" }, "geometry": { "type": "Polygon", "coordinates": [ [ [ 1107022.531391276977956, 1759926.261725229443982 ], [ 1107041.491708091460168, 1759926.261725229443982 ], [ 1107041.491708091460168, 1759945.222042043926194 ], [ 1107022.531391276977956, 1759945.222042043926194 ], [ 1107022.531391276977956, 1759926.261725229443982 ] ] ] } },
{ "type": "Feature", "properties": { "height": 10.235322493364801, "building": "type_1" }, "geometry": { "type": "Polygon", "coordinates": [ [ [ 1107048.434518954250962, 1756406.201518010348082 ], [ 1107078.043304139282554, 1756406.201518010348082 ], [ 1107078.043304139282554, 1756435.810303195379674 ], [ 1107048.434518954250962, 1756435.810303195379674 ], [ 1107048.434518954250962, 1756406.201518010348082 ] ] ] } },
{ "type": "Feature", "properties": { "height": 29.324366014428989, "building": "type_1" }, "geometry": { "type": "Polygon", "coordinates": [ [ [ 1080683.233324255561456, 1734829.411133130080998 ], [ 1080695.524888723390177, 1734829.411133130080998 ], [ 1080695.524888723390177, 1734841.702697597909719 ], [ 1080683.233324255561456, 1734841.702697597909719 ], [ 1080683.233324255561456, 1734829.411133130080998 ] ] ] } },
{ "type": "Feature", "properties": { "height": 8.5977341572432984, "building": "type_2" }, "geometry": { "type": "Polygon", "coordinates": [ [ [ 1099028.012271200772375, 1755589.277947516879067 ], [ 1099036.660323051735759, 1755589.277947516879067 ], [ 1099036.660323051735759, 1755597.925999367842451 ], [ 1099028.012271200772375, 1755597.925999367842451 ], [ 1099028.012271200772375, 1755589.277947516879067 ] ] ] } },
{ "type": "Feature", "properties": { "height": 5.341979659671428, "building": "type_4" }, "geometry": { "type": "Polygon", "coordinates": [ [ [ 1095012.827755768317729, 1762828.405045320978388 ], [ 1095031.818972855340689, 1762828.405045320978388 ], [ 1095031.818972855340689, 1762847.396262408001348 ], [ 1095012.827755768317729, 1762847.396262408001348 ], [ 1095012.827755768317729, 1762828.405045320978388 ] ] ] } },
{ "type": "Feature", "properties": { "height": 18.892314667055864, "building": "type_2" }, "geometry": { "type": "Polygon", "coordinates": [ [ [ 1077005.555198961403221, 1735378.50596654205583 ], [ 1077012.519661390222609, 1735378.50596654205583 ], [ 1077012.519661390222609, 1735385.470428970875219 ], [ 1077005.555198961403221, 1735385.470428970875219 ], [ 1077005.555198961403221, 1735378.50596654205583 ] ] ] } },
{ "type": "Feature", "properties": { "height": 28.463491042404428, "building": "type_4" }, "geometry": { "type": "Polygon", "coordinates": [ [ [ 1112613.439692503772676, 1760815.716777856461704 ], [ 1112619.469279885757715, 1760815.716777856461704 ], [ 1112619.469279885757715, 1760821.746365238446742 ], [ 1112613.439692503772676, 1760821.746365238446742 ], [ 1112613.439692503772676, 1760815.716777856461704 ] ] ] } },
{ "type": "Feature", "properties": { "height": 23.945371735537467, "building": "type_2" }, "geometry": { "type": "Polygon", "coordinates": [ [ [ 1098019.021089010871947, 1775978.186571488389745 ], [ 1098025.320371102076024, 1775978.186571488389745 ], [ 1098025.320371102076024, 1775984.485853579593822 ], [ 1098019.021089010871947, 1775984.485853579593822 ], [ 1098019.021089010871947, 1775978.186571488389745 ] ] ] } },
{ "type": "Feature", "properties": { "height": 21.953945665091421, "building": "type_3" }, "geometry": { "type": "Polygon", "coordinates": [ [ [ 1084900.656157308025286, 1773808.325639291666448 ], [ 1084920.962606955086812, 1773808.325639291666448 ], [ 1084920.962606955086812, 1773828.632088938727975 ], [ 1084900.656157308025286, 1773828.632088938727975 ], [ 1084900.656157308025286, 1773808.325639291666448 ] ] ] } },
{ "type": "Feature", "properties": { "height": 23.424093132763961, "building": "type_2" }, "geometry": { "type": "Polygon", "coordinates": [ [ [ 1088981.206588938366622, 1742407.778311514062807 ], [ 1089002.296031318139285, 1742407.778311514062807 ], [ 1089002.296031318139285, 1742428.86775389383547 ], [ 1088981.206588938366622, 1742428.86775389383547 ], [ 1088981.206588938366622, 1742407.778311514062807 ] ] ] } },
{ "type": "Feature", "properties": { "height": 26.550970767978498, "building": "type_3" }, "geometry": { "type": "Polygon", "coordinates": [ [ [ 1077004.274399982299656, 1740898.535179862286896 ], [ 1077021.256373196840286, 1740898.535179862286896 ], [ 1077021.256373196840286, 1740915.517153076827526 ], [ 1077004.274399982299656, 1740915.517153076827526 ], [ 1077004.274399982299656, 1740898.535179862286896 ] ] ] } },
{ "type": "Feature", "properties": { "height": 10.658539045138092, "building": "type_2" }, "geometry": { "type": "Polygon", "coordinates": [ [ [ 1084988.465158225269988, 1745204.740521646104753 ], [ 1084994.556699667824432, 1745204.740521646104753 ], [ 1084994.556699667824432, 1745210.832063088659197 ], [ 1084988.465158225269988, 1745210.832063088659197 ], [ 1084988.465158225269988, 1745204.740521646104753 ] ] ] } },
{ "type": "Feature", "properties": { "height": 11.98398578252008, "building": "type_3" }, "geometry": { "type": "Polygon", "coordinates": [ [ [ 1108972.683107794960961, 1759503.218572713667527 ], [ 1108993.941249953815714, 1759503.218572713667527 ], [ 1108993.941249953815714, 1759524.47671487252228 ], [ 1108972.683107794960961, 1759524.47671487252228 ], [ 1108972.683107794960961, 1759503.218572713667527 ] ] ] } },
{ "type": "Feature", "properties": { "height": 38.627319302044192, "building": "type_2" }, "geometry": { "type": "Polygon", "coordinates": [ [ [ 1081090.297492487356067, 1774863.335495890118182 ], [ 1081099.652325901668519, 1774863.335495890118182 ], [ 1081099.652325901668519, 1774872.690329304430634 ], [ 1081090.297492487356067, 1774872.690329304430634 ], [ 1081090.297492487356067, 1774863.335495890118182 ] ] ] } },
{ "type": "Feature", "properties": { "height": 6.4038216994368868, "building": "type_1" }, "geometry": { "type": "Polygon", "coordinates": [ [ [ 1087880.372141495114192, 1757820.606391655048355 ], [ 1087910.063380588544533, 1757820.606391655048355 ], [ 1087910.063380588544533, 1757850.297630748478696 ], [ 1087880.372141495114192, 1757850.297630748478696 ], [ 1087880.372141495114192, 1757820.606391655048355 ] ] ] } },
{ "type": "Feature", "properties": { "height": 25.920324783955252, "building": "type_4" }, "geometry": { "type": "Polygon", "coordinates": [ [ [ 1109592.286908282665536, 1775849.465590680483729 ], [ 1109612.441626121522859, 1775849.465590680483729 ], [ 1109612.441626121522859, 1775869.620308519341052 ], [ 1109592.286908282665536, 1775869.620308519341052 ], [ 1109592.286908282665536, 1775849.465590680483729 ] ] ] } },
{ "type": "Feature", "properties": { "height": 26.803830424721898, "building": "type_4" }, "geometry": { "type": "Polygon", "coordinates": [ [ [ 1096653.703900393331423, 1768865.218313169898465 ], [ 1096663.970455118687823, 1768865.218313169898465 ], [ 1096663.970455118687823, 1768875.484867895254865 ], [ 1096653.703900393331423, 1768875.484867895254865 ], [ 1096653.703900393331423, 1768865.218313169898465 ] ] ] } },
{ "type": "Feature", "properties": { "height": 27.138918662920712, "building": "type_2" }, "geometry": { "type": "Polygon", "coordinates": [ [ [ 1099789.619698246475309, 1767819.6969547518529 ], [ 1099809.666082838084549, 1767819.6969547518529 ], [ 1099809.666082838084549, 1767839.743339343462139 ], [ 1099789.619698246475309, 1767839.743339343462139 ], [ 1099789.619698246475309, 1767819.6969547518529 ] ] ] } },
{ "type": "Feature", "properties": { "height": 35.476246544537901, "building": "type_3" }, "geometry": { "type": "Polygon", "coordinates": [ [ [ 1103071.074608667753637, 1742357.604138327529654 ], [ 1103082.255385527852923, 1742357.604138327529654 ], [ 1103082.255385527852923, 1742368.78491518762894 ], [ 1103071.074608667753637, 1742368.78491518762894 ], [ 1103071.074608667753637, 1742357.604138327529654 ] ] ] } },
{ "type": "Feature", "properties": { "height": 15.925181984375648, "building": "type_4" }, "geometry": { "type": "Polygon", "coordinates": [ [ [ 1076991.731342449784279, 1741336.319317922461778 ], [ 1077013.034423587843776, 1741336.319317922461778 ], [ 1077013.034423587843776, 1741357.622399060521275 ], [ 1076991.731342449784279, 1741357.622399060521275 ], [ 1076991.731342449784279, 1741336.319317922461778 ] ] ] } },
{ "type": "Feature", "properties": { "height": 38.943736577749064, "building": "type_3" }, "geometry": { "type": "Polygon", "coordinates": [ [ [ 1100883.010903550777584, 1744871.343759206356481 ], [ 1100891.282745068892837, 1744871.343759206356481 ], [ 1100891.282745068892837, 1744879.615600724471733 ], [ 1100883.010903550777584, 1744879.615600724471733 ], [ 1100883.010903550777584, 1744871.343759206356481 ] ] ] } },
{ "type": "Feature", "properties": { "height": 28.428664051077646, "building": "type_1" }, "geometry": { "type": "Polygon", "coordinates": [ [ [ 1102037.902612922247499, 1764056.480473661096767 ], [ 1102054.122052268125117, 1764056.480473661096767 ], [ 1102054.122052268125117, 1764072.699913006974384 ], [ 1102037.902612922247499, 1764072.699913006974384 ], [ 1102037.902612922247499, 1764056.480473661096767 ] ] ] } },
{ "type": "Feature", "properties": { "height": 10.866672570091119, "building": "type_1" }, "geometry": { "type": "Polygon", "coordinates": [ [ [ 1091468.082901222864166, 1737814.719297676114365 ], [ 1091477.258948920527473, 1737814.719297676114365 ], [ 1091477.258948920527473, 1737823.895345373777673 ], [ 1091468.082901222864166, 1737823.895345373777673 ], [ 1091468.082901222864166, 1737814.719297676114365 ] ] ] } },
{ "type": "Feature", "properties": { "height": 20.622902627940494, "building": "type_3" }, "geometry": { "type": "Polygon", "coordinates": [ [ [ 1111751.407731684623286, 1776872.12187995784916 ], [ 1111774.042371537303552, 1776872.12187995784916 ], [ 1111774.042371537303552, 1776894.756519810529426 ], [ 1111751.407731684623286, 1776894.756519810529426 ], [ 1111751.407731684623286, 1776872.12187995784916 ] ] ] } },
{ "type": "Feature", "properties": { "height": 23.590933480036121, "building": "type_4" }, "geometry": { "type": "Polygon", "coordinates": [ [ [ 1096031.11981957196258, 1741393.283052345970646 ], [ 1096037.546990974107757, 1741393.283052345970646 ], [ 1096037.546990974107757, 1741399.710223748115823 ], [ 1096031.11981957196258, 1741399.710223748115823 ], [ 1096031.11981957196258, 1741393.283052345970646 ] ] ] } },
{ "type": "Feature", "properties": { "height": 8.6158134993405486, "building": "type_3" }, "geometry": { "type": "Polygon", "coordinates": [ [ [ 1080060.194586470490322, 1738831.933482561726123 ], [ 1080067.408476075856015, 1738831.933482561726123 ], [ 1080067.408476075856015, 1738839.147372167091817 ], [ 1080060.194586470490322, 1738839.147372167091817 ], [ 1080060.194586470490322, 1738831.933482561726123 ] ] ] } },
{ "type": "Feature", "properties": { "height": 38.313412489813366, "building": "type_2" }, "geometry": { "type": "Polygon", "coordinates": [ [ [ 1090766.469653844600543, 1757839.405611587921157 ], [ 1090771.593153367983177, 1757839.405611587921157 ], [ 1090771.593153367983177, 1757844.529111111303791 ], [ 1090766.469653844600543, 1757844.529111111303791 ], [ 1090766.469653844600543, 1757839.405611587921157 ] ] ] } },
{ "type": "Feature", "properties": { "height": 9.887793916470951, "building": "type_4" }, "geometry": { "type": "Polygon", "coordinates": [ [ [ 1089991.157103817677125, 1747424.142614765791222 ], [ 1090012.828710256377235, 1747424.142614765791222 ], [ 1090012.828710256377235, 1747445.814221204491332 ], [ 1089991.157103817677125, 1747445.814221204491332 ], [ 1089991.157103817677125, 1747424.142614765791222 ] ] ] } },
{ "type": "Feature", "properties": { "height": 11.59221793179605, "building": "type_3" }, "geometry": { "type": "Polygon", "coordinates": [ [ [ 1095022.907831357093528, 1746108.803705791477114 ], [ 1095031.967378723667935, 1746108.803705791477114 ], [ 1095031.967378723667935, 1746117.863253158051521 ], [ 1095022.907831357093528, 1746117.863253158051521 ], [ 1095022.907831357093528, 1746108.803705791477114 ] ] ] } },
{ "type": "Feature", "properties": { "height": 34.334035137683856, "building": "type_2" }, "geometry": { "type": "Polygon", "coordinates": [ [ [ 1096197.312517147045583, 1769881.685540617676452 ], [ 1096219.628165952861309, 1769881.685540617676452 ], [ 1096219.628165952861309, 1769904.001189423492178 ], [ 1096197.312517147045583, 1769904.001189423492178 ], [ 1096197.312517147045583, 1769881.685540617676452 ] ] ] } },
{ "type": "Feature", "properties": { "height": 31.898177758332693, "building": "type_3" }, "geometry": { "type": "Polygon", "coordinates": [ [ [ 1104028.851581995608285, 1743505.394036630401388 ], [ 1104055.46680289437063, 1743505.394036630401388 ], [ 1104055.46680289437063, 1743532.009257529163733 ], [ 1104028.851581995608285, 1743532.009257529163733 ], [ 1104028.851581995608285, 1743505.394036630401388 ] ] ] } },
{ "type": "Feature", "properties": { "height": 18.785254197895547, "building": "type_1" }, "geometry": { "type": "Polygon", "coordinates": [ [ [ 1097029.736517215380445, 1756673.698127059498802 ], [ 1097051.208653971320018, 1756673.698127059498802 ], [ 1097051.208653971320018, 1756695.170263815438375 ], [ 1097029.736517215380445, 1756695.170263815438375 ], [ 1097029.736517215380445, 1756673.698127059498802 ] ] ] } },
{ "type": "Feature", "properties": { "height": 35.325353363467585, "building": "type_1" }, "geometry": { "type": "Polygon", "coordinates": [ [ [ 1103119.719291436951607, 1755836.215000848984346 ], [ 1103132.672080277465284, 1755836.215000848984346 ], [ 1103132.672080277465284, 1755849.167789689498022 ], [ 1103119.719291436951607, 1755849.167789689498022 ], [ 1103119.719291436951607, 1755836.215000848984346 ] ] ] } },
{ "type": "Feature", "properties": { "height": 19.144911257786156, "building": "type_2" }, "geometry": { "type": "Polygon", "coordinates": [ [ [ 1084773.857640575617552, 1759871.835031466558576 ], [ 1084800.820529608055949, 1759871.835031466558576 ], [ 1084800.820529608055949, 1759898.797920498996973 ], [ 1084773.857640575617552, 1759898.797920498996973 ], [ 1084773.857640575617552, 1759871.835031466558576 ] ] ] } },
{ "type": "Feature", "properties": { "height": 35.411521893919982, "building": "type_1" }, "geometry": { "type": "Polygon", "coordinates": [ [ [ 1095059.228630734374747, 1749481.881395219592378 ], [ 1095072.158523653401062, 1749481.881395219592378 ], [ 1095072.158523653401062, 1749494.811288138618693 ], [ 1095059.228630734374747, 1749494.811288138618693 ], [ 1095059.228630734374747, 1749481.881395219592378 ] ] ] } },
{ "type": "Feature", "properties": { "height": 18.866044206323938, "building": "type_1" }, "geometry": { "type": "Polygon", "coordinates": [ [ [ 1092326.950830018846318, 1735836.51372612034902 ], [ 1092341.112368390662596, 1735836.51372612034902 ], [ 1092341.112368390662596, 1735850.675264492165297 ], [ 1092326.950830018846318, 1735850.675264492165297 ], [ 1092326.950830018846318, 1735836.51372612034902 ] ] ] } },
{ "type": "Feature", "properties": { "height": 7.5618573318955278, "building": "type_3" }, "geometry": { "type": "Polygon", "coordinates": [ [ [ 1108589.337962116580456, 1761833.440518488874659 ], [ 1108600.01970279822126, 1761833.440518488874659 ], [ 1108600.01970279822126, 1761844.122259170515463 ], [ 1108589.337962116580456, 1761844.122259170515463 ], [ 1108589.337962116580456, 1761833.440518488874659 ] ] ] } },
{ "type": "Feature", "properties": { "height": 38.30174958830969, "building": "type_2" }, "geometry": { "type": "Polygon", "coordinates": [ [ [ 1110651.101218747906387, 1740843.32934633991681 ], [ 1110669.660310372244567, 1740843.32934633991681 ], [ 1110669.660310372244567, 1740861.88843796425499 ], [ 1110651.101218747906387, 1740861.88843796425499 ], [ 1110651.101218747906387, 1740843.32934633991681 ] ] ] } },
{ "type": "Feature", "properties": { "height": 25.306032922956629, "building": "type_4" }, "geometry": { "type": "Polygon", "coordinates": [ [ [ 1104956.552742581581697, 1756829.06829398451373 ], [ 1104971.523312104167417, 1756829.06829398451373 ], [ 1104971.523312104167417, 1756844.03886350709945 ], [ 1104956.552742581581697, 1756844.03886350709945 ], [ 1104956.552742581581697, 1756829.06829398451373 ] ] ] } },
{ "type": "Feature", "properties": { "height": 23.243194636986701, "building": "type_1" }, "geometry": { "type": "Polygon", "coordinates": [ [ [ 1096628.375363264698535, 1751809.307811285834759 ], [ 1096651.262635942082852, 1751809.307811285834759 ], [ 1096651.262635942082852, 1751832.195083963219076 ], [ 1096628.375363264698535, 1751832.195083963219076 ], [ 1096628.375363264698535, 1751809.307811285834759 ] ] ] } },
{ "type": "Feature", "properties": { "height": 37.446209067870733, "building": "type_3" }, "geometry": { "type": "Polygon", "coordinates": [ [ [ 1081486.639707349706441, 1755825.719667030265555 ], [ 1081497.726764764171094, 1755825.719667030265555 ], [ 1081497.726764764171094, 1755836.806724444730207 ], [ 1081486.639707349706441, 1755836.806724444730207 ], [ 1081486.639707349706441, 1755825.719667030265555 ] ] ] } },
{ "type": "Feature", "properties": { "height": 23.307965360362463, "building": "type_2" }, "geometry": { "type": "Polygon", "coordinates": [ [ [ 1080965.684278215747327, 1759857.886159156216308 ], [ 1080986.118072151206434, 1759857.886159156216308 ], [ 1080986.118072151206434, 1759878.319953091675416 ], [ 1080965.684278215747327, 1759878.319953091675416 ], [ 1080965.684278215747327, 1759857.886159156216308 ] ] ] } },
{ "type": "Feature", "properties": { "height": 18.996682238145468, "building": "type_1" }, "geometry": { "type": "Polygon", "coordinates": [ [ [ 1095795.992130886297673, 1761823.507917687529698 ], [ 1095818.933025533799082, 1761823.507917687529698 ], [ 1095818.933025533799082, 1761846.448812335031107 ], [ 1095795.992130886297673, 1761846.448812335031107 ], [ 1095795.992130886297673, 1761823.507917687529698 ] ] ] } },
{ "type": "Feature", "properties": { "height": 23.380718428347105, "building": "type_3" }, "geometry": { "type": "Polygon", "coordinates": [ [ [ 1106843.714420913718641, 1760832.298063616501167 ], [ 1106853.250379606150091, 1760832.298063616501167 ], [ 1106853.250379606150091, 1760841.834022308932617 ], [ 1106843.714420913718641, 1760841.834022308932617 ], [ 1106843.714420913718641, 1760832.298063616501167 ] ] ] } },
{ "type": "Feature", "properties": { "height": 8.046363690568052, "building": "type_2" }, "geometry": { "type": "Polygon", "coordinates": [ [ [ 1110039.870778842363507, 1735943.190679347375408 ], [ 1110055.483964472077787, 1735943.190679347375408 ], [ 1110055.483964472077787, 1735958.803864977089688 ], [ 1110039.870778842363507, 1735958.803864977089688 ], [ 1110039.870778842363507, 1735943.190679347375408 ] ] ] } },
{ "type": "Feature", "properties": { "height": 33.671610079937658, "building": "type_2" }, "geometry": { "type": "Polygon", "coordinates": [ [ [ 1091988.829411312937737, 1756226.831081478623673 ], [ 1092008.869706816505641, 1756226.831081478623673 ], [ 1092008.869706816505641, 1756246.871376982191578 ], [ 1091988.829411312937737, 1756246.871376982191578 ], [ 1091988.829411312937737, 1756226.831081478623673 ] ] ] } },
{ "type": "Feature", "properties": { "height": 36.70618866757161, "building": "type_4" }, "geometry": { "type": "Polygon", "coordinates": [ [ [ 1090237.284202043898404, 1764813.780140809016302 ], [ 1090251.303515021689236, 1764813.780140809016302 ], [ 1090251.303515021689236, 1764827.799453786807135 ], [ 1090237.284202043898404, 1764827.799453786807135 ], [ 1090237.284202043898404, 1764813.780140809016302 ] ] ] } },
{ "type": "Feature", "properties": { "height": 19.830838877706697, "building": "type_2" }, "geometry": { "type": "Polygon", "coordinates": [ [ [ 1084582.794725411105901, 1775799.217827265383676 ], [ 1084608.36008337372914, 1775799.217827265383676 ], [ 1084608.36008337372914, 1775824.783185228006914 ], [ 1084582.794725411105901, 1775824.783185228006914 ], [ 1084582.794725411105901, 1775799.217827265383676 ] ] ] } },
{ "type": "Feature", "properties": { "height": 13.233245468069468, "building": "type_4" }, "geometry": { "type": "Polygon", "coordinates": [ [ [ 1108013.932165790814906, 1775951.197631580289453 ], [ 1108022.756760811433196, 1775951.197631580289453 ], [ 1108022.756760811433196, 1775960.022226600907743 ], [ 1108013.932165790814906, 1775960.022226600907743 ], [ 1108013.932165790814906, 1775951.197631580289453 ] ] ] } },
{ "type": "Feature", "properties": { "height": 26.248291263107326, "building": "type_4" }, "geometry": { "type": "Polygon", "coordinates": [ [ [ 1090481.23256883979775, 1767840.150856870459393 ], [ 1090502.28185635083355, 1767840.150856870459393 ], [ 1090502.28185635083355, 1767861.200144381495193 ], [ 1090481.23256883979775, 1767861.200144381495193 ], [ 1090481.23256883979775, 1767840.150856870459393 ] ] ] } },
{ "type": "Feature", "properties": { "height": 14.608908890004388, "building": "type_3" }, "geometry": { "type": "Polygon", "coordinates": [ [ [ 1093293.144148788880557, 1779861.118215047288686 ], [ 1093301.688508627004921, 1779861.118215047288686 ], [ 1093301.688508627004921, 1779869.662574885413051 ], [ 1093293.144148788880557, 1779869.662574885413051 ], [ 1093293.144148788880557, 1779861.118215047288686 ] ] ] } },
{ "type": "Feature", "properties": { "height": 33.654746999173142, "building": "type_4" }, "geometry": { "type": "Polygon", "coordinates": [ [ [ 1094415.189336197450757, 1749842.089663526276127 ], [ 1094428.716586809139699, 1749842.089663526276127 ], [ 1094428.716586809139699, 1749855.616914137965068 ], [ 1094415.189336197450757, 1749855.616914137965068 ], [ 1094415.189336197450757, 1749842.089663526276127 ] ] ] } },
{ "type": "Feature", "properties": { "height": 36.296680613244135, "building": "type_3" }, "geometry": { "type": "Polygon", "coordinates": [ [ [ 1090384.607732441043481, 1763859.184685411863029 ], [ 1090391.749188680900261, 1763859.184685411863029 ], [ 1090391.749188680900261, 1763866.326141651719809 ], [ 1090384.607732441043481, 1763866.326141651719809 ], [ 1090384.607732441043481, 1763859.184685411863029 ] ] ] } },
{ "type": "Feature", "properties": { "height": 34.115208963799773, "building": "type_4" }, "geometry": { "type": "Polygon", "coordinates": [ [ [ 1077365.478168145287782, 1770860.632660007569939 ], [ 1077381.53841655747965, 1770860.632660007569939 ], [ 1077381.53841655747965, 1770876.692908419761807 ], [ 1077365.478168145287782, 1770876.692908419761807 ], [ 1077365.478168145287782, 1770860.632660007569939 ] ] ] } },
{ "type": "Feature", "properties": { "height": 23.653522529296737, "building": "type_1" }, "geometry": { "type": "Polygon", "coordinates": [ [ [ 1105114.883722300641239, 1742820.465323933400214 ], [ 1105136.15565652679652, 1742820.465323933400214 ], [ 1105136.15565652679652, 1742841.737258159555495 ], [ 1105114.883722300641239, 1742841.737258159555495 ], [ 1105114.883722300641239, 1742820.465323933400214 ] ] ] } },
{ "type": "Feature", "properties": { "height": 39.841817174648995, "building": "type_3" }, "geometry": { "type": "Polygon", "coordinates": [ [ [ 1077016.768608607817441, 1763187.049586444860324 ], [ 1077030.842215403914452, 1763187.049586444860324 ], [ 1077030.842215403914452, 1763201.123193240957335 ], [ 1077016.768608607817441, 1763201.123193240957335 ], [ 1077016.768608607817441, 1763187.049586444860324 ] ] ] } },
{ "type": "Feature", "properties": { "height": 29.150171178723301, "building": "type_1" }, "geometry": { "type": "Polygon", "coordinates": [ [ [ 1097059.197310504736379, 1735173.051062633283436 ], [ 1097068.579884063685313, 1735173.051062633283436 ], [ 1097068.579884063685313, 1735182.43363619223237 ], [ 1097059.197310504736379, 1735182.43363619223237 ], [ 1097059.197310504736379, 1735173.051062633283436 ] ] ] } },
{ "type": "Feature", "properties": { "height": 15.529858792363928, "building": "type_4" }, "geometry": { "type": "Polygon", "coordinates": [ [ [ 1080041.758402819978073, 1753361.818991221254691 ], [ 1080046.789319813949987, 1753361.818991221254691 ], [ 1080046.789319813949987, 1753366.849908215226606 ], [ 1080041.758402819978073, 1753366.849908215226606 ], [ 1080041.758402819978073, 1753361.818991221254691 ] ] ] } },
{ "type": "Feature", "properties": { "height": 39.736922575543133, "building": "type_4" }, "geometry": { "type": "Polygon", "coordinates": [ [ [ 1110487.388698599068448, 1746859.778579900041223 ], [ 1110496.199098932323977, 1746859.778579900041223 ], [ 1110496.199098932323977, 1746868.588980233296752 ], [ 1110487.388698599068448, 1746868.588980233296752 ], [ 1110487.388698599068448, 1746859.778579900041223 ] ] ] } },
{ "type": "Feature", "properties": { "height": 32.576569590229276, "building": "type_4" }, "geometry": { "type": "Polygon", "coordinates": [ [ [ 1090536.030489557422698, 1778826.687499108491465 ], [ 1090547.456671218387783, 1778826.687499108491465 ], [ 1090547.456671218387783, 1778838.11368076945655 ], [ 1090536.030489557422698, 1778838.11368076945655 ], [ 1090536.030489557422698, 1778826.687499108491465 ] ] ] } },
{ "type": "Feature", "properties": { "height": 15.609492458086502, "building": "type_2" }, "geometry": { "type": "Polygon", "coordinates": [ [ [ 1090019.008333722129464, 1735418.354278401006013 ], [ 1090024.91234323522076, 1735418.354278401006013 ], [ 1090024.91234323522076, 1735424.258287914097309 ], [ 1090019.008333722129464, 1735424.258287914097309 ], [ 1090019.008333722129464, 1735418.354278401006013 ] ] ] } },
{ "type": "Feature", "properties": { "height": 33.88501378815139, "building": "type_2" }, "geometry": { "type": "Polygon", "coordinates": [ [ [ 1107382.167428655782714, 1767820.053809688193724 ], [ 1107399.910534824477509, 1767820.053809688193724 ], [ 1107399.910534824477509, 1767837.796915856888518 ], [ 1107382.167428655782714, 1767837.796915856888518 ], [ 1107382.167428655782714, 1767820.053809688193724 ] ] ] } },
{ "type": "Feature", "properties": { "height": 24.830137675999651, "building": "type_4" }, "geometry": { "type": "Polygon", "coordinates": [ [ [ 1095019.137546807061881, 1760459.678429974708706 ], [ 1095038.502231365069747, 1760459.678429974708706 ], [ 1095038.502231365069747, 1760479.043114532716572 ], [ 1095019.137546807061881, 1760479.043114532716572 ], [ 1095019.137546807061881, 1760459.678429974708706 ] ] ] } },
{ "type": "Feature", "properties": { "height": 35.72910121557743, "building": "type_2" }, "geometry": { "type": "Polygon", "coordinates": [ [ [ 1082520.410408541793004, 1751858.822271397104487 ], [ 1082534.925990878837183, 1751858.822271397104487 ], [ 1082534.925990878837183, 1751873.337853734148666 ], [ 1082520.410408541793004, 1751873.337853734148666 ], [ 1082520.410408541793004, 1751858.822271397104487 ] ] ] } },
{ "type": "Feature", "properties": { "height": 11.073358024527803, "building": "type_2" }, "geometry": { "type": "Polygon", "coordinates": [ [ [ 1078146.901679205475375, 1755834.383732470218092 ], [ 1078161.976183674531057, 1755834.383732470218092 ], [ 1078161.976183674531057, 1755849.458236939273775 ], [ 1078146.901679205475375, 1755849.458236939273775 ], [ 1078146.901679205475375, 1755834.383732470218092 ] ] ] } },
{ "type": "Feature", "properties": { "height": 21.777405404824812, "building": "type_1" }, "geometry": { "type": "Polygon", "coordinates": [ [ [ 1109398.976281713927165, 1767829.528094578534365 ], [ 1109418.355365476338193, 1767829.528094578534365 ], [ 1109418.355365476338193, 1767848.907178340945393 ], [ 1109398.976281713927165, 1767848.907178340945393 ], [ 1109398.976281713927165, 1767829.528094578534365 ] ] ] } },
{ "type": "Feature", "properties": { "height": 22.589812676220486, "building": "type_1" }, "geometry": { "type": "Polygon", "coordinates": [ [ [ 1078631.044573344057426, 1770882.13831521384418 ], [ 1078640.415539025561884, 1770882.13831521384418 ], [ 1078640.415539025561884, 1770891.509280895348638 ], [ 1078631.044573344057426, 1770891.509280895348638 ], [ 1078631.044573344057426, 1770882.13831521384418 ] ] ] } },
{ "type": "Feature", "properties": { "height": 13.139297542788304, "building": "type_1" }, "geometry": { "type": "Polygon", "coordinates": [ [ [ 1109038.446866909973323, 1752988.242155992658809 ], [ 1109056.099555781111121, 1752988.242155992658809 ], [ 1109056.099555781111121, 1753005.894844863796607 ], [ 1109038.446866909973323, 1753005.894844863796607 ], [ 1109038.446866909973323, 1752988.242155992658809 ] ] ] } },
{ "type": "Feature", "properties": { "height": 20.382909102151856, "building": "type_4" }, "geometry": { "type": "Polygon", "coordinates": [ [ [ 1098790.09968390641734, 1768869.161573061021045 ], [ 1098807.753230477217585, 1768869.161573061021045 ], [ 1098807.753230477217585, 1768886.81511963182129 ], [ 1098790.09968390641734, 1768886.81511963182129 ], [ 1098790.09968390641734, 1768869.161573061021045 ] ] ] } },
{ "type": "Feature", "properties": { "height": 18.526129440570152, "building": "type_1" }, "geometry": { "type": "Polygon", "coordinates": [ [ [ 1104034.042088720481843, 1753492.920060036471114 ], [ 1104048.162044199183583, 1753492.920060036471114 ], [ 1104048.162044199183583, 1753507.040015515172854 ], [ 1104034.042088720481843, 1753507.040015515172854 ], [ 1104034.042088720481843, 1753492.920060036471114 ] ] ] } },
{ "type": "Feature", "properties": { "height": 15.407426688289361, "building": "type_3" }, "geometry": { "type": "Polygon", "coordinates": [ [ [ 1098482.883502299198881, 1755813.104564259760082 ], [ 1098503.370946084382012, 1755813.104564259760082 ], [ 1098503.370946084382012, 1755833.592008044943213 ], [ 1098482.883502299198881, 1755833.592008044943213 ], [ 1098482.883502299198881, 1755813.104564259760082 ] ] ] } },
{ "type": "Feature", "properties": { "height": 29.225646959294618, "building": "type_4" }, "geometry": { "type": "Polygon", "coordinates": [ [ [ 1100033.658823989564553, 1753005.592670526821166 ], [ 1100041.184969264781103, 1753005.592670526821166 ], [ 1100041.184969264781103, 1753013.118815802037716 ], [ 1100033.658823989564553, 1753013.118815802037716 ], [ 1100033.658823989564553, 1753005.592670526821166 ] ] ] } },
{ "type": "Feature", "properties": { "height": 11.081340848180307, "building": "type_4" }, "geometry": { "type": "Polygon", "coordinates": [ [ [ 1083534.619041599566117, 1765828.419807519298047 ], [ 1083545.139107344439253, 1765828.419807519298047 ], [ 1083545.139107344439253, 1765838.939873264171183 ], [ 1083534.619041599566117, 1765838.939873264171183 ], [ 1083534.619041599566117, 1765828.419807519298047 ] ] ] } },
{ "type": "Feature", "properties": { "height": 11.811787913726778, "building": "type_3" }, "geometry": { "type": "Polygon", "coordinates": [ [ [ 1078883.959087713388726, 1750834.644465229474008 ], [ 1078900.203703934093937, 1750834.644465229474008 ], [ 1078900.203703934093937, 1750850.889081450179219 ], [ 1078883.959087713388726, 1750850.889081450179219 ], [ 1078883.959087713388726, 1750834.644465229474008 ] ] ] } },
{ "type": "Feature", "properties": { "height": 13.700309020022972, "building": "type_2" }, "geometry": { "type": "Polygon", "coordinates": [ [ [ 1101419.168650595704094, 1743849.298045702278614 ], [ 1101448.264207482570782, 1743849.298045702278614 ], [ 1101448.264207482570782, 1743878.393602589145303 ], [ 1101419.168650595704094, 1743878.393602589145303 ], [ 1101419.168650595704094, 1743849.298045702278614 ] ] ] } },
{ "type": "Feature", "properties": { "height": 26.663186755270253, "building": "type_1" }, "geometry": { "type": "Polygon", "coordinates": [ [ [ 1103060.850393552565947, 1777878.054920901544392 ], [ 1103070.592764756875113, 1777878.054920901544392 ], [ 1103070.592764756875113, 1777887.797292105853558 ], [ 1103060.850393552565947, 1777887.797292105853558 ], [ 1103060.850393552565947, 1777878.054920901544392 ] ] ] } },
{ "type": "Feature", "properties": { "height": 22.074891537422687, "building": "type_3" }, "geometry": { "type": "Polygon", "coordinates": [ [ [ 1101836.747920750640333, 1772884.713640874717385 ], [ 1101865.737336858641356, 1772884.713640874717385 ], [ 1101865.737336858641356, 1772913.703056982718408 ], [ 1101836.747920750640333, 1772913.703056982718408 ], [ 1101836.747920750640333, 1772884.713640874717385 ] ] ] } },
{ "type": "Feature", "properties": { "height": 9.4519916940607356, "building": "type_2" }, "geometry": { "type": "Polygon", "coordinates": [ [ [ 1082031.187898248201236, 1755366.49421909195371 ], [ 1082039.918842696817592, 1755366.49421909195371 ], [ 1082039.918842696817592, 1755375.225163540570065 ], [ 1082031.187898248201236, 1755375.225163540570065 ], [ 1082031.187898248201236, 1755366.49421909195371 ] ] ] } },
{ "type": "Feature", "properties": { "height": 21.080636894209533, "building": "type_1" }, "geometry": { "type": "Polygon", "coordinates": [ [ [ 1094247.939412154024467, 1754865.710866593522951 ], [ 1094262.801319118356332, 1754865.710866593522951 ], [ 1094262.801319118356332, 1754880.572773557854816 ], [ 1094247.939412154024467, 1754880.572773557854816 ], [ 1094247.939412154024467, 1754865.710866593522951 ] ] ] } },
{ "type": "Feature", "properties": { "height": 33.31092115727148, "building": "type_4" }, "geometry": { "type": "Polygon", "coordinates": [ [ [ 1105025.901314159855247, 1761742.351919599110261 ], [ 1105054.472092695068568, 1761742.351919599110261 ], [ 1105054.472092695068568, 1761770.922698134323582 ], [ 1105025.901314159855247, 1761770.922698134323582 ], [ 1105025.901314159855247, 1761742.351919599110261 ] ] ] } },
{ "type": "Feature", "properties": { "height": 27.302051688289815, "building": "type_2" }, "geometry": { "type": "Polygon", "coordinates": [ [ [ 1099313.049001275096089, 1771837.775823553325608 ], [ 1099329.58593789068982, 1771837.775823553325608 ], [ 1099329.58593789068982, 1771854.31276016891934 ], [ 1099313.049001275096089, 1771854.31276016891934 ], [ 1099313.049001275096089, 1771837.775823553325608 ] ] ] } },
{ "type": "Feature", "properties": { "height": 35.886080415963491, "building": "type_1" }, "geometry": { "type": "Polygon", "coordinates": [ [ [ 1085039.062491817865521, 1758727.489532978041098 ], [ 1085055.327983235940337, 1758727.489532978041098 ], [ 1085055.327983235940337, 1758743.755024396115914 ], [ 1085039.062491817865521, 1758743.755024396115914 ], [ 1085039.062491817865521, 1758727.489532978041098 ] ] ] } },
{ "type": "Feature", "properties": { "height": 30.071318582193879, "building": "type_1" }, "geometry": { "type": "Polygon", "coordinates": [ [ [ 1092981.316087677842006, 1771839.530121601885185 ], [ 1092988.435888078762218, 1771839.530121601885185 ], [ 1092988.435888078762218, 1771846.649922002805397 ], [ 1092981.316087677842006, 1771846.649922002805397 ], [ 1092981.316087677842006, 1771839.530121601885185 ] ] ] } },
{ "type": "Feature", "properties": { "height": 15.378745345067934, "building": "type_3" }, "geometry": { "type": "Polygon", "coordinates": [ [ [ 1081029.409851825563237, 1755999.285232642898336 ], [ 1081043.241137038217857, 1755999.285232642898336 ], [ 1081043.241137038217857, 1756013.116517855552956 ], [ 1081029.409851825563237, 1756013.116517855552956 ], [ 1081029.409851825563237, 1755999.285232642898336 ] ] ] } },
{ "type": "Feature", "properties": { "height": 24.236561530162355, "building": "type_2" }, "geometry": { "type": "Polygon", "coordinates": [ [ [ 1081050.203340567881241, 1770587.022664134157822 ], [ 1081065.506613824283704, 1770587.022664134157822 ], [ 1081065.506613824283704, 1770602.325937390560284 ], [ 1081050.203340567881241, 1770602.325937390560284 ], [ 1081050.203340567881241, 1770587.022664134157822 ] ] ] } },
{ "type": "Feature", "properties": { "height": 32.386972359737825, "building": "type_4" }, "geometry": { "type": "Polygon", "coordinates": [ [ [ 1105005.556997873587534, 1744102.808440942782909 ], [ 1105033.029518473660573, 1744102.808440942782909 ], [ 1105033.029518473660573, 1744130.280961542855948 ], [ 1105005.556997873587534, 1744130.280961542855948 ], [ 1105005.556997873587534, 1744102.808440942782909 ] ] ] } },
{ "type": "Feature", "properties": { "height": 32.112182322322582, "building": "type_1" }, "geometry": { "type": "Polygon", "coordinates": [ [ [ 1087985.166696317261085, 1739829.941346097271889 ], [ 1088005.542020518099889, 1739829.941346097271889 ], [ 1088005.542020518099889, 1739850.316670298110694 ], [ 1087985.166696317261085, 1739850.316670298110694 ], [ 1087985.166696317261085, 1739829.941346097271889 ] ] ] } },
{ "type": "Feature", "properties": { "height": 21.601763846717486, "building": "type_2" }, "geometry": { "type": "Polygon", "coordinates": [ [ [ 1079538.688351382268593, 1751889.851338239386678 ], [ 1079546.819190643029287, 1751889.851338239386678 ], [ 1079546.819190643029287, 1751897.982177500147372 ], [ 1079538.688351382268593, 1751897.982177500147372 ], [ 1079538.688351382268593, 1751889.851338239386678 ] ] ] } },
{ "type": "Feature", "properties": { "height": 9.4833511228170018, "building": "type_3" }, "geometry": { "type": "Polygon", "coordinates": [ [ [ 1103036.944055319065228, 1762291.077694131527096 ], [ 1103058.356020502513275, 1762291.077694131527096 ], [ 1103058.356020502513275, 1762312.489659314975142 ], [ 1103036.944055319065228, 1762312.489659314975142 ], [ 1103036.944055319065228, 1762291.077694131527096 ] ] ] } },
{ "type": "Feature", "properties": { "height": 18.602847952044648, "building": "type_2" }, "geometry": { "type": "Polygon", "coordinates": [ [ [ 1102032.9845239399001, 1757761.732010207371786 ], [ 1102051.736822451464832, 1757761.732010207371786 ], [ 1102051.736822451464832, 1757780.484308718936518 ], [ 1102032.9845239399001, 1757780.484308718936518 ], [ 1102032.9845239399001, 1757761.732010207371786 ] ] ] } },
{ "type": "Feature", "properties": { "height": 27.603378442932211, "building": "type_3" }, "geometry": { "type": "Polygon", "coordinates": [ [ [ 1108297.562364697922021, 1742853.193282725056633 ], [ 1108324.735487203113735, 1742853.193282725056633 ], [ 1108324.735487203113735, 1742880.366405230248347 ], [ 1108297.562364697922021, 1742880.366405230248347 ], [ 1108297.562364697922021, 1742853.193282725056633 ] ] ] } },
{ "type": "Feature", "properties": { "height": 27.262476730543877, "building": "type_2" }, "geometry": { "type": "Polygon", "coordinates": [ [ [ 1100841.58022376941517, 1772798.314276032149792 ], [ 1100860.180638249032199, 1772798.314276032149792 ], [ 1100860.180638249032199, 1772816.914690511766821 ], [ 1100841.58022376941517, 1772816.914690511766821 ], [ 1100841.58022376941517, 1772798.314276032149792 ] ] ] } },
{ "type": "Feature", "properties": { "height": 11.210006931439739, "building": "type_2" }, "geometry": { "type": "Polygon", "coordinates": [ [ [ 1106028.313662505708635, 1769781.816640776349232 ], [ 1106049.717708447948098, 1769781.816640776349232 ], [ 1106049.717708447948098, 1769803.220686718588695 ], [ 1106028.313662505708635, 1769803.220686718588695 ], [ 1106028.313662505708635, 1769781.816640776349232 ] ] ] } },
{ "type": "Feature", "properties": { "height": 28.985430564055569, "building": "type_4" }, "geometry": { "type": "Polygon", "coordinates": [ [ [ 1085008.999915060121566, 1746817.593006626470014 ], [ 1085016.698507926426828, 1746817.593006626470014 ], [ 1085016.698507926426828, 1746825.291599492775276 ], [ 1085008.999915060121566, 1746825.291599492775276 ], [ 1085008.999915060121566, 1746817.593006626470014 ] ] ] } },
{ "type": "Feature", "properties": { "height": 23.978302192214692, "building": "type_1" }, "geometry": { "type": "Polygon", "coordinates": [ [ [ 1080004.568713667336851, 1739831.647271031979471 ], [ 1080027.888752286322415, 1739831.647271031979471 ], [ 1080027.888752286322415, 1739854.967309650965035 ], [ 1080004.568713667336851, 1739854.967309650965035 ], [ 1080004.568713667336851, 1739831.647271031979471 ] ] ] } },
{ "type": "Feature", "properties": { "height": 25.201047415064252, "building": "type_1" }, "geometry": { "type": "Polygon", "coordinates": [ [ [ 1092020.615168201504275, 1740345.810324888210744 ], [ 1092027.959091217489913, 1740345.810324888210744 ], [ 1092027.959091217489913, 1740353.154247904196382 ], [ 1092020.615168201504275, 1740353.154247904196382 ], [ 1092020.615168201504275, 1740345.810324888210744 ] ] ] } },
{ "type": "Feature", "properties": { "height": 30.42616002895517, "building": "type_1" }, "geometry": { "type": "Polygon", "coordinates": [ [ [ 1112489.171997446101159, 1741848.8062243538443 ], [ 1112500.338969059288502, 1741848.8062243538443 ], [ 1112500.338969059288502, 1741859.973195967031643 ], [ 1112489.171997446101159, 1741859.973195967031643 ], [ 1112489.171997446101159, 1741848.8062243538443 ] ] ] } },
{ "type": "Feature", "properties": { "height": 30.982181770037823, "building": "type_2" }, "geometry": { "type": "Polygon", "coordinates": [ [ [ 1098100.535583668854088, 1740808.553487257799134 ], [ 1098113.30880691902712, 1740808.553487257799134 ], [ 1098113.30880691902712, 1740821.326710507972166 ], [ 1098100.535583668854088, 1740821.326710507972166 ], [ 1098100.535583668854088, 1740808.553487257799134 ] ] ] } },
{ "type": "Feature", "properties": { "height": 5.1830364740019457, "building": "type_2" }, "geometry": { "type": "Polygon", "coordinates": [ [ [ 1102028.216618796810508, 1736434.600647335639223 ], [ 1102047.072281650267541, 1736434.600647335639223 ], [ 1102047.072281650267541, 1736453.456310189096257 ], [ 1102028.216618796810508, 1736453.456310189096257 ], [ 1102028.216618796810508, 1736434.600647335639223 ] ] ] } },
{ "type": "Feature", "properties": { "height": 28.743258799929965, "building": "type_4" }, "geometry": { "type": "Polygon", "coordinates": [ [ [ 1080055.899299329612404, 1754851.179623314877972 ], [ 1080079.866209082305431, 1754851.179623314877972 ], [ 1080079.866209082305431, 1754875.146533067570999 ], [ 1080055.899299329612404, 1754875.146533067570999 ], [ 1080055.899299329612404, 1754851.179623314877972 ] ] ] } },
{ "type": "Feature", "properties": { "height": 20.701372083408991, "building": "type_4" }, "geometry": { "type": "Polygon", "coordinates": [ [ [ 1096070.491789763793349, 1759686.55048789549619 ], [ 1096084.699528026394546, 1759686.55048789549619 ], [ 1096084.699528026394546, 1759700.758226158097386 ], [ 1096070.491789763793349, 1759700.758226158097386 ], [ 1096070.491789763793349, 1759686.55048789549619 ] ] ] } },
{ "type": "Feature", "properties": { "height": 11.243040450756544, "building": "type_2" }, "geometry": { "type": "Polygon", "coordinates": [ [ [ 1098924.274247898487374, 1743863.452819439116865 ], [ 1098929.321244986495003, 1743863.452819439116865 ], [ 1098929.321244986495003, 1743868.499816527124494 ], [ 1098924.274247898487374, 1743868.499816527124494 ], [ 1098924.274247898487374, 1743863.452819439116865 ] ] ] } },
{ "type": "Feature", "properties": { "height": 21.834051146014332, "building": "type_2" }, "geometry": { "type": "Polygon", "coordinates": [ [ [ 1099057.528106754645705, 1776032.793482647975907 ], [ 1099077.233163428492844, 1776032.793482647975907 ], [ 1099077.233163428492844, 1776052.498539321823046 ], [ 1099057.528106754645705, 1776052.498539321823046 ], [ 1099057.528106754645705, 1776032.793482647975907 ] ] ] } },
{ "type": "Feature", "properties": { "height": 33.174614988826946, "building": "type_3" }, "geometry": { "type": "Polygon", "coordinates": [ [ [ 1080221.214909766800702, 1765822.135995072778314 ], [ 1080243.126608197577298, 1765822.135995072778314 ], [ 1080243.126608197577298, 1765844.04769350355491 ], [ 1080221.214909766800702, 1765844.04769350355491 ], [ 1080221.214909766800702, 1765822.135995072778314 ] ] ] } },
{ "type": "Feature", "properties": { "height": 31.107382308478609, "building": "type_2" }, "geometry": { "type": "Polygon", "coordinates": [ [ [ 1112825.375767183257267, 1771812.973278969759122 ], [ 1112847.761158391600475, 1771812.973278969759122 ], [ 1112847.761158391600475, 1771835.358670178102329 ], [ 1112825.375767183257267, 1771835.358670178102329 ], [ 1112825.375767183257267, 1771812.973278969759122 ] ] ] } },
{ "type": "Feature", "properties": { "height": 16.486746376325904, "building": "type_3" }, "geometry": { "type": "Polygon", "coordinates": [ [ [ 1086999.648771349806339, 1778069.483029608614743 ], [ 1087008.335084517486393, 1778069.483029608614743 ], [ 1087008.335084517486393, 1778078.169342776294798 ], [ 1086999.648771349806339, 1778078.169342776294798 ], [ 1086999.648771349806339, 1778069.483029608614743 ] ] ] } },
{ "type": "Feature", "properties": { "height": 30.676554051480935, "building": "type_2" }, "geometry": { "type": "Polygon", "coordinates": [ [ [ 1104024.424431855790317, 1769917.383734294679016 ], [ 1104048.58914495492354, 1769917.383734294679016 ], [ 1104048.58914495492354, 1769941.548447393812239 ], [ 1104024.424431855790317, 1769941.548447393812239 ], [ 1104024.424431855790317, 1769917.383734294679016 ] ] ] } },
{ "type": "Feature", "properties": { "height": 19.346671139370088, "building": "type_2" }, "geometry": { "type": "Polygon", "coordinates": [ [ [ 1097209.916565513238311, 1742814.181188762420788 ], [ 1097217.874970286153257, 1742814.181188762420788 ], [ 1097217.874970286153257, 1742822.139593535335734 ], [ 1097209.916565513238311, 1742822.139593535335734 ], [ 1097209.916565513238311, 1742814.181188762420788 ] ] ] } },
{ "type": "Feature", "properties": { "height": 39.287635026185924, "building": "type_3" }, "geometry": { "type": "Polygon", "coordinates": [ [ [ 1100392.813417542492971, 1773797.22392500936985 ], [ 1100411.952166665578261, 1773797.22392500936985 ], [ 1100411.952166665578261, 1773816.36267413245514 ], [ 1100392.813417542492971, 1773816.36267413245514 ], [ 1100392.813417542492971, 1773797.22392500936985 ] ] ] } },
{ "type": "Feature", "properties": { "height": 15.455395075607058, "building": "type_1" }, "geometry": { "type": "Polygon", "coordinates": [ [ [ 1087717.567465317901224, 1765886.559957595774904 ], [ 1087735.519434473942965, 1765886.559957595774904 ], [ 1087735.519434473942965, 1765904.511926751816645 ], [ 1087717.567465317901224, 1765904.511926751816645 ], [ 1087717.567465317901224, 1765886.559957595774904 ] ] ] } },
{ "type": "Feature", "properties": { "height": 33.092515842849863, "building": "type_2" }, "geometry": { "type": "Polygon", "coordinates": [ [ [ 1092904.965769566129893, 1776810.272626587655395 ], [ 1092914.618305012118071, 1776810.272626587655395 ], [ 1092914.618305012118071, 1776819.925162033643574 ], [ 1092904.965769566129893, 1776819.925162033643574 ], [ 1092904.965769566129893, 1776810.272626587655395 ] ] ] } },
{ "type": "Feature", "properties": { "height": 36.828656720293864, "building": "type_4" }, "geometry": { "type": "Polygon", "coordinates": [ [ [ 1084535.244054349837825, 1767849.781529778148979 ], [ 1084562.841887606540695, 1767849.781529778148979 ], [ 1084562.841887606540695, 1767877.379363034851849 ], [ 1084535.244054349837825, 1767877.379363034851849 ], [ 1084535.244054349837825, 1767849.781529778148979 ] ] ] } },
{ "type": "Feature", "properties": { "height": 37.291807033072637, "building": "type_1" }, "geometry": { "type": "Polygon", "coordinates": [ [ [ 1106803.463596726534888, 1744859.203160958364606 ], [ 1106818.434497469337657, 1744859.203160958364606 ], [ 1106818.434497469337657, 1744874.174061701167375 ], [ 1106803.463596726534888, 1744874.174061701167375 ], [ 1106803.463596726534888, 1744859.203160958364606 ] ] ] } },
{ "type": "Feature", "properties": { "height": 13.644257967519994, "building": "type_4" }, "geometry": { "type": "Polygon", "coordinates": [ [ [ 1083024.303240080596879, 1734872.385034894570708 ], [ 1083035.845882173860446, 1734872.385034894570708 ], [ 1083035.845882173860446, 1734883.927676987834275 ], [ 1083024.303240080596879, 1734883.927676987834275 ], [ 1083024.303240080596879, 1734872.385034894570708 ] ] ] } },
{ "type": "Feature", "properties": { "height": 14.384865703342967, "building": "type_1" }, "geometry": { "type": "Polygon", "coordinates": [ [ [ 1078997.072858216008171, 1778099.945060397963971 ], [ 1079023.192594123305753, 1778099.945060397963971 ], [ 1079023.192594123305753, 1778126.064796305261552 ], [ 1078997.072858216008171, 1778126.064796305261552 ], [ 1078997.072858216008171, 1778099.945060397963971 ] ] ] } },
{ "type": "Feature", "properties": { "height": 23.634723879632599, "building": "type_1" }, "geometry": { "type": "Polygon", "coordinates": [ [ [ 1097870.983995631104335, 1742855.417069411603734 ], [ 1097879.465129908872768, 1742855.417069411603734 ], [ 1097879.465129908872768, 1742863.898203689372167 ], [ 1097870.983995631104335, 1742863.898203689372167 ], [ 1097870.983995631104335, 1742855.417069411603734 ] ] ] } },
{ "type": "Feature", "properties": { "height": 9.4795872986755239, "building": "type_4" }, "geometry": { "type": "Polygon", "coordinates": [ [ [ 1099372.67381195561029, 1738862.720943502616137 ], [ 1099391.381826548604295, 1738862.720943502616137 ], [ 1099391.381826548604295, 1738881.428958095610142 ], [ 1099372.67381195561029, 1738881.428958095610142 ], [ 1099372.67381195561029, 1738862.720943502616137 ] ] ] } },
{ "type": "Feature", "properties": { "height": 39.34539816740363, "building": "type_2" }, "geometry": { "type": "Polygon", "coordinates": [ [ [ 1101412.647941089700907, 1765867.783859984250739 ], [ 1101435.918465214315802, 1765867.783859984250739 ], [ 1101435.918465214315802, 1765891.054384108865634 ], [ 1101412.647941089700907, 1765891.054384108865634 ], [ 1101412.647941089700907, 1765867.783859984250739 ] ] ] } },
{ "type": "Feature", "properties": { "height": 26.29845454437633, "building": "type_1" }, "geometry": { "type": "Polygon", "coordinates": [ [ [ 1112049.670858669327572, 1743555.899846250424162 ], [ 1112078.970991910202429, 1743555.899846250424162 ], [ 1112078.970991910202429, 1743585.199979491299018 ], [ 1112049.670858669327572, 1743585.199979491299018 ], [ 1112049.670858669327572, 1743555.899846250424162 ] ] ] } },
{ "type": "Feature", "properties": { "height": 28.931393695196487, "building": "type_1" }, "geometry": { "type": "Polygon", "coordinates": [ [ [ 1103995.168877732707188, 1751982.327252737479284 ], [ 1104002.389883859781548, 1751982.327252737479284 ], [ 1104002.389883859781548, 1751989.548258864553645 ], [ 1103995.168877732707188, 1751989.548258864553645 ], [ 1103995.168877732707188, 1751982.327252737479284 ] ] ] } },
{ "type": "Feature", "properties": { "height": 29.774228403041903, "building": "type_1" }, "geometry": { "type": "Polygon", "coordinates": [ [ [ 1084017.260759014170617, 1757893.1353520010598 ], [ 1084023.952468061819673, 1757893.1353520010598 ], [ 1084023.952468061819673, 1757899.827061048708856 ], [ 1084017.260759014170617, 1757899.827061048708856 ], [ 1084017.260759014170617, 1757893.1353520010598 ] ] ] } },
{ "type": "Feature", "properties": { "height": 28.246577007689609, "building": "type_1" }, "geometry": { "type": "Polygon", "coordinates": [ [ [ 1094070.466277752071619, 1777867.482583430828527 ], [ 1094078.990268439985812, 1777867.482583430828527 ], [ 1094078.990268439985812, 1777876.006574118742719 ], [ 1094070.466277752071619, 1777876.006574118742719 ], [ 1094070.466277752071619, 1777867.482583430828527 ] ] ] } },
{ "type": "Feature", "properties": { "height": 7.1795587058659969, "building": "type_4" }, "geometry": { "type": "Polygon", "coordinates": [ [ [ 1111007.795917330542579, 1755919.45651999139227 ], [ 1111026.431714065605775, 1755919.45651999139227 ], [ 1111026.431714065605775, 1755938.092316726455465 ], [ 1111007.795917330542579, 1755938.092316726455465 ], [ 1111007.795917330542579, 1755919.45651999139227 ] ] ] } },
{ "type": "Feature", "properties": { "height": 16.89221150466598, "building": "type_1" }, "geometry": { "type": "Polygon", "coordinates": [ [ [ 1091037.230902462964877, 1756603.151729999575764 ], [ 1091054.662300721043721, 1756603.151729999575764 ], [ 1091054.662300721043721, 1756620.583128257654607 ], [ 1091037.230902462964877, 1756620.583128257654607 ], [ 1091037.230902462964877, 1756603.151729999575764 ] ] ] } },
{ "type": "Feature", "properties": { "height": 35.724052735321429, "building": "type_2" }, "geometry": { "type": "Polygon", "coordinates": [ [ [ 1082532.356627128552645, 1772842.767867723945528 ], [ 1082542.478658982552588, 1772842.767867723945528 ], [ 1082542.478658982552588, 1772852.889899577945471 ], [ 1082532.356627128552645, 1772852.889899577945471 ], [ 1082532.356627128552645, 1772842.767867723945528 ] ] ] } },
{ "type": "Feature", "properties": { "height": 24.529325857392397, "building": "type_2" }, "geometry": { "type": "Polygon", "coordinates": [ [ [ 1106935.719913080800325, 1752858.509162868140265 ], [ 1106959.488150755874813, 1752858.509162868140265 ], [ 1106959.488150755874813, 1752882.277400543214753 ], [ 1106935.719913080800325, 1752882.277400543214753 ], [ 1106935.719913080800325, 1752858.509162868140265 ] ] ] } },
{ "type": "Feature", "properties": { "height": 18.01764337709027, "building": "type_3" }, "geometry": { "type": "Polygon", "coordinates": [ [ [ 1096467.5218981935177, 1761853.742682314943522 ], [ 1096492.480502899037674, 1761853.742682314943522 ], [ 1096492.480502899037674, 1761878.701287020463496 ], [ 1096467.5218981935177, 1761878.701287020463496 ], [ 1096467.5218981935177, 1761853.742682314943522 ] ] ] } },
{ "type": "Feature", "properties": { "height": 23.316537091815945, "building": "type_4" }, "geometry": { "type": "Polygon", "coordinates": [ [ [ 1105987.487672404386103, 1739254.13698021764867 ], [ 1105997.581833882723004, 1739254.13698021764867 ], [ 1105997.581833882723004, 1739264.231141695985571 ], [ 1105987.487672404386103, 1739264.231141695985571 ], [ 1105987.487672404386103, 1739254.13698021764867 ] ] ] } },
{ "type": "Feature", "properties": { "height": 11.854428440542161, "building": "type_2" }, "geometry": { "type": "Polygon", "coordinates": [ [ [ 1105013.968176413793117, 1738654.505221741739661 ], [ 1105035.035042855422944, 1738654.505221741739661 ], [ 1105035.035042855422944, 1738675.572088183369488 ], [ 1105013.968176413793117, 1738675.572088183369488 ], [ 1105013.968176413793117, 1738654.505221741739661 ] ] ] } },
{ "type": "Feature", "properties": { "height": 35.00127399495635, "building": "type_3" }, "geometry": { "type": "Polygon", "coordinates": [ [ [ 1089036.240417791763321, 1752330.006075414596125 ], [ 1089049.159459718270227, 1752330.006075414596125 ], [ 1089049.159459718270227, 1752342.925117341103032 ], [ 1089036.240417791763321, 1752342.925117341103032 ], [ 1089036.240417791763321, 1752330.006075414596125 ] ] ] } },
{ "type": "Feature", "properties": { "height": 17.729259366464909, "building": "type_4" }, "geometry": { "type": "Polygon", "coordinates": [ [ [ 1080004.916248246096075, 1739109.201476896880195 ], [ 1080010.750838290899992, 1739109.201476896880195 ], [ 1080010.750838290899992, 1739115.036066941684112 ], [ 1080004.916248246096075, 1739115.036066941684112 ], [ 1080004.916248246096075, 1739109.201476896880195 ] ] ] } },
{ "type": "Feature", "properties": { "height": 35.884572894256856, "building": "type_4" }, "geometry": { "type": "Polygon", "coordinates": [ [ [ 1098870.054326558019966, 1736867.478071426274255 ], [ 1098877.140928682871163, 1736867.478071426274255 ], [ 1098877.140928682871163, 1736874.564673551125452 ], [ 1098870.054326558019966, 1736874.564673551125452 ], [ 1098870.054326558019966, 1736867.478071426274255 ] ] ] } },
{ "type": "Feature", "properties": { "height": 30.381494180958676, "building": "type_2" }, "geometry": { "type": "Polygon", "coordinates": [ [ [ 1097979.183973620412871, 1744358.448767003370449 ], [ 1097987.244821079308167, 1744358.448767003370449 ], [ 1097987.244821079308167, 1744366.509614462265745 ], [ 1097979.183973620412871, 1744366.509614462265745 ], [ 1097979.183973620412871, 1744358.448767003370449 ] ] ] } },
{ "type": "Feature", "properties": { "height": 24.591448927343389, "building": "type_1" }, "geometry": { "type": "Polygon", "coordinates": [ [ [ 1091044.082167073152959, 1739870.224865612573922 ], [ 1091049.39735507266596, 1739870.224865612573922 ], [ 1091049.39735507266596, 1739875.540053612086922 ], [ 1091044.082167073152959, 1739875.540053612086922 ], [ 1091044.082167073152959, 1739870.224865612573922 ] ] ] } },
{ "type": "Feature", "properties": { "height": 16.789417565138613, "building": "type_1" }, "geometry": { "type": "Polygon", "coordinates": [ [ [ 1101004.544747445732355, 1764570.077873847912997 ], [ 1101033.881182195153087, 1764570.077873847912997 ], [ 1101033.881182195153087, 1764599.414308597333729 ], [ 1101004.544747445732355, 1764599.414308597333729 ], [ 1101004.544747445732355, 1764570.077873847912997 ] ] ] } },
{ "type": "Feature", "properties": { "height": 33.757291419866505, "building": "type_4" }, "geometry": { "type": "Polygon", "coordinates": [ [ [ 1092927.249713904457167, 1749879.644943150691688 ], [ 1092944.028911378001794, 1749879.644943150691688 ], [ 1092944.028911378001794, 1749896.424140624236315 ], [ 1092927.249713904457167, 1749896.424140624236315 ], [ 1092927.249713904457167, 1749879.644943150691688 ] ] ] } },
{ "type": "Feature", "properties": { "height": 13.551897927526316, "building": "type_4" }, "geometry": { "type": "Polygon", "coordinates": [ [ [ 1104054.619001420913264, 1758172.139097248204052 ], [ 1104072.754874234786257, 1758172.139097248204052 ], [ 1104072.754874234786257, 1758190.274970062077045 ], [ 1104054.619001420913264, 1758190.274970062077045 ], [ 1104054.619001420913264, 1758172.139097248204052 ] ] ] } },
{ "type": "Feature", "properties": { "height": 11.694114627010535, "building": "type_3" }, "geometry": { "type": "Polygon", "coordinates": [ [ [ 1090099.229470037855208, 1763855.992301251506433 ], [ 1090122.721252555958927, 1763855.992301251506433 ], [ 1090122.721252555958927, 1763879.484083769610152 ], [ 1090099.229470037855208, 1763879.484083769610152 ], [ 1090099.229470037855208, 1763855.992301251506433 ] ] ] } },
{ "type": "Feature", "properties": { "height": 39.268672830530406, "building": "type_3" }, "geometry": { "type": "Polygon", "coordinates": [ [ [ 1109472.75118918903172, 1778824.104953269707039 ], [ 1109489.533368373755366, 1778824.104953269707039 ], [ 1109489.533368373755366, 1778840.887132454430684 ], [ 1109472.75118918903172, 1778840.887132454430684 ], [ 1109472.75118918903172, 1778824.104953269707039 ] ] ] } },
{ "type": "Feature", "properties": { "height": 28.858431884056703, "building": "type_2" }, "geometry": { "type": "Polygon", "coordinates": [ [ [ 1080024.339630528353155, 1741989.52318612462841 ], [ 1080029.435058881528676, 1741989.52318612462841 ], [ 1080029.435058881528676, 1741994.618614477803931 ], [ 1080024.339630528353155, 1741994.618614477803931 ], [ 1080024.339630528353155, 1741989.52318612462841 ] ] ] } },
{ "type": "Feature", "properties": { "height": 29.295270072844087, "building": "type_1" }, "geometry": { "type": "Polygon", "coordinates": [ [ [ 1101685.241259258007631, 1766799.437749400967732 ], [ 1101706.313307009404525, 1766799.437749400967732 ], [ 1101706.313307009404525, 1766820.509797152364627 ], [ 1101685.241259258007631, 1766820.509797152364627 ], [ 1101685.241259258007631, 1766799.437749400967732 ] ] ] } },
{ "type": "Feature", "properties": { "height": 31.573705657129498, "building": "type_4" }, "geometry": { "type": "Polygon", "coordinates": [ [ [ 1097329.196557473856956, 1743857.814746089512482 ], [ 1097344.404216042719781, 1743857.814746089512482 ], [ 1097344.404216042719781, 1743873.022404658375308 ], [ 1097329.196557473856956, 1743873.022404658375308 ], [ 1097329.196557473856956, 1743857.814746089512482 ] ] ] } },
{ "type": "Feature", "properties": { "height": 36.751826074704042, "building": "type_3" }, "geometry": { "type": "Polygon", "coordinates": [ [ [ 1082280.699041969142854, 1736882.719675518106669 ], [ 1082292.206213408149779, 1736882.719675518106669 ], [ 1082292.206213408149779, 1736894.226846957113594 ], [ 1082280.699041969142854, 1736894.226846957113594 ], [ 1082280.699041969142854, 1736882.719675518106669 ] ] ] } },
{ "type": "Feature", "properties": { "height": 18.356417895352003, "building": "type_2" }, "geometry": { "type": "Polygon", "coordinates": [ [ [ 1101606.247858002083376, 1775829.811729677021503 ], [ 1101616.916117575252429, 1775829.811729677021503 ], [ 1101616.916117575252429, 1775840.479989250190556 ], [ 1101606.247858002083376, 1775840.479989250190556 ], [ 1101606.247858002083376, 1775829.811729677021503 ] ] ] } },
{ "type": "Feature", "properties": { "height": 5.9511255631795459, "building": "type_2" }, "geometry": { "type": "Polygon", "coordinates": [ [ [ 1096030.55034767347388, 1756848.245030337944627 ], [ 1096046.086448712972924, 1756848.245030337944627 ], [ 1096046.086448712972924, 1756863.781131377443671 ], [ 1096030.55034767347388, 1756863.781131377443671 ], [ 1096030.55034767347388, 1756848.245030337944627 ] ] ] } },
{ "type": "Feature", "properties": { "height": 33.171737189450354, "building": "type_4" }, "geometry": { "type": "Polygon", "coordinates": [ [ [ 1096002.248635411029682, 1744979.783943416317925 ], [ 1096026.097683001076803, 1744979.783943416317925 ], [ 1096026.097683001076803, 1745003.632991006365046 ], [ 1096002.248635411029682, 1745003.632991006365046 ], [ 1096002.248635411029682, 1744979.783943416317925 ] ] ] } },
{ "type": "Feature", "properties": { "height": 27.228118706840156, "building": "type_4" }, "geometry": { "type": "Polygon", "coordinates": [ [ [ 1102008.610332436161116, 1752866.911496160551906 ], [ 1102026.927229605382308, 1752866.911496160551906 ], [ 1102026.927229605382308, 1752885.228393329773098 ], [ 1102008.610332436161116, 1752885.228393329773098 ], [ 1102008.610332436161116, 1752866.911496160551906 ] ] ] } },
{ "type": "Feature", "properties": { "height": 5.4341412697060179, "building": "type_4" }, "geometry": { "type": "Polygon", "coordinates": [ [ [ 1081001.031667035073042, 1751047.612450623884797 ], [ 1081012.079012741334736, 1751047.612450623884797 ], [ 1081012.079012741334736, 1751058.659796330146492 ], [ 1081001.031667035073042, 1751058.659796330146492 ], [ 1081001.031667035073042, 1751047.612450623884797 ] ] ] } },
{ "type": "Feature", "properties": { "height": 25.958290373422201, "building": "type_3" }, "geometry": { "type": "Polygon", "coordinates": [ [ [ 1108320.258717129006982, 1757828.267055456759408 ], [ 1108343.514870806131512, 1757828.267055456759408 ], [ 1108343.514870806131512, 1757851.523209133883938 ], [ 1108320.258717129006982, 1757851.523209133883938 ], [ 1108320.258717129006982, 1757828.267055456759408 ] ] ] } },
{ "type": "Feature", "properties": { "height": 11.486556283505006, "building": "type_3" }, "geometry": { "type": "Polygon", "coordinates": [ [ [ 1076988.295180146116763, 1768696.012795932358131 ], [ 1077015.602742599789053, 1768696.012795932358131 ], [ 1077015.602742599789053, 1768723.320358386030421 ], [ 1076988.295180146116763, 1768723.320358386030421 ], [ 1076988.295180146116763, 1768696.012795932358131 ] ] ] } },
{ "type": "Feature", "properties": { "height": 32.620629630605599, "building": "type_1" }, "geometry": { "type": "Polygon", "coordinates": [ [ [ 1110285.531272191554308, 1776837.658644518814981 ], [ 1110297.225689078681171, 1776837.658644518814981 ], [ 1110297.225689078681171, 1776849.353061405941844 ], [ 1110285.531272191554308, 1776849.353061405941844 ], [ 1110285.531272191554308, 1776837.658644518814981 ] ] ] } },
{ "type": "Feature", "properties": { "height": 8.2850049688174678, "building": "type_1" }, "geometry": { "type": "Polygon", "coordinates": [ [ [ 1095993.448477648431435, 1765482.410768997622654 ], [ 1096001.321802574908361, 1765482.410768997622654 ], [ 1096001.321802574908361, 1765490.284093924099579 ], [ 1095993.448477648431435, 1765490.284093924099579 ], [ 1095993.448477648431435, 1765482.410768997622654 ] ] ] } },
{ "type": "Feature", "properties": { "height": 29.305765964574807, "building": "type_4" }, "geometry": { "type": "Polygon", "coordinates": [ [ [ 1098017.62160297203809, 1743522.556972805177793 ], [ 1098023.250151928979903, 1743522.556972805177793 ], [ 1098023.250151928979903, 1743528.185521762119606 ], [ 1098017.62160297203809, 1743528.185521762119606 ], [ 1098017.62160297203809, 1743522.556972805177793 ] ] ] } },
{ "type": "Feature", "properties": { "height": 20.518300503271568, "building": "type_4" }, "geometry": { "type": "Polygon", "coordinates": [ [ [ 1102986.044937847880647, 1741725.270381026435643 ], [ 1103013.358020096784458, 1741725.270381026435643 ], [ 1103013.358020096784458, 1741752.583463275339454 ], [ 1102986.044937847880647, 1741752.583463275339454 ], [ 1102986.044937847880647, 1741725.270381026435643 ] ] ] } },
{ "type": "Feature", "properties": { "height": 9.6092703465213489, "building": "type_4" }, "geometry": { "type": "Polygon", "coordinates": [ [ [ 1105626.328239363152534, 1750809.815830736653879 ], [ 1105648.238898421637714, 1750809.815830736653879 ], [ 1105648.238898421637714, 1750831.726489795139059 ], [ 1105626.328239363152534, 1750831.726489795139059 ], [ 1105626.328239363152534, 1750809.815830736653879 ] ] ] } },
{ "type": "Feature", "properties": { "height": 31.025787066179593, "building": "type_1" }, "geometry": { "type": "Polygon", "coordinates": [ [ [ 1092774.924107348546386, 1766853.751236705342308 ], [ 1092794.940384012181312, 1766853.751236705342308 ], [ 1092794.940384012181312, 1766873.767513368977234 ], [ 1092774.924107348546386, 1766873.767513368977234 ], [ 1092774.924107348546386, 1766853.751236705342308 ] ] ] } },
{ "type": "Feature", "properties": { "height": 6.5977060925834312, "building": "type_4" }, "geometry": { "type": "Polygon", "coordinates": [ [ [ 1089418.066745134070516, 1743859.710516164079309 ], [ 1089434.879079009406269, 1743859.710516164079309 ], [ 1089434.879079009406269, 1743876.522850039415061 ], [ 1089418.066745134070516, 1743876.522850039415061 ], [ 1089418.066745134070516, 1743859.710516164079309 ] ] ] } },
{ "type": "Feature", "properties": { "height": 21.441031704673932, "building": "type_4" }, "geometry": { "type": "Polygon", "coordinates": [ [ [ 1093326.689934116555378, 1751837.704909292748198 ], [ 1093347.252926509594545, 1751837.704909292748198 ], [ 1093347.252926509594545, 1751858.267901685787365 ], [ 1093326.689934116555378, 1751858.267901685787365 ], [ 1093326.689934116555378, 1751837.704909292748198 ] ] ] } },
{ "type": "Feature", "properties": { "height": 12.667408318565023, "building": "type_3" }, "geometry": { "type": "Polygon", "coordinates": [ [ [ 1107473.589641933562234, 1767849.065516148461029 ], [ 1107478.781242749886587, 1767849.065516148461029 ], [ 1107478.781242749886587, 1767854.257116964785382 ], [ 1107473.589641933562234, 1767854.257116964785382 ], [ 1107473.589641933562234, 1767849.065516148461029 ] ] ] } },
{ "type": "Feature", "properties": { "height": 18.887889648021076, "building": "type_2" }, "geometry": { "type": "Polygon", "coordinates": [ [ [ 1081000.895996128208935, 1753966.255979411071166 ], [ 1081011.358741987030953, 1753966.255979411071166 ], [ 1081011.358741987030953, 1753976.718725269893184 ], [ 1081000.895996128208935, 1753976.718725269893184 ], [ 1081000.895996128208935, 1753966.255979411071166 ] ] ] } },
{ "type": "Feature", "properties": { "height": 17.082809998059222, "building": "type_3" }, "geometry": { "type": "Polygon", "coordinates": [ [ [ 1103018.620950092561543, 1766117.573439656291157 ], [ 1103026.466909929644316, 1766117.573439656291157 ], [ 1103026.466909929644316, 1766125.41939949337393 ], [ 1103018.620950092561543, 1766125.41939949337393 ], [ 1103018.620950092561543, 1766117.573439656291157 ] ] ] } },
{ "type": "Feature", "properties": { "height": 37.529934306558992, "building": "type_1" }, "geometry": { "type": "Polygon", "coordinates": [ [ [ 1079863.075149022508413, 1734834.29474288970232 ], [ 1079879.340074497275054, 1734834.29474288970232 ], [ 1079879.340074497275054, 1734850.559668364468962 ], [ 1079863.075149022508413, 1734850.559668364468962 ], [ 1079863.075149022508413, 1734834.29474288970232 ] ] ] } },
{ "type": "Feature", "properties": { "height": 26.276682493174633, "building": "type_4" }, "geometry": { "type": "Polygon", "coordinates": [ [ [ 1077388.878955504624173, 1734855.797657498857006 ], [ 1077411.729771616170183, 1734855.797657498857006 ], [ 1077411.729771616170183, 1734878.648473610403016 ], [ 1077388.878955504624173, 1734878.648473610403016 ], [ 1077388.878955504624173, 1734855.797657498857006 ] ] ] } },
{ "type": "Feature", "properties": { "height": 5.0736345111559196, "building": "type_2" }, "geometry": { "type": "Polygon", "coordinates": [ [ [ 1098027.865568099776283, 1755710.611688136588782 ], [ 1098054.437580672791228, 1755710.611688136588782 ], [ 1098054.437580672791228, 1755737.183700709603727 ], [ 1098027.865568099776283, 1755737.183700709603727 ], [ 1098027.865568099776283, 1755710.611688136588782 ] ] ] } },
{ "type": "Feature", "properties": { "height": 18.434360906574284, "building": "type_3" }, "geometry": { "type": "Polygon", "coordinates": [ [ [ 1110041.860028860392049, 1759709.855234280228615 ], [ 1110049.722219811985269, 1759709.855234280228615 ], [ 1110049.722219811985269, 1759717.717425231821835 ], [ 1110041.860028860392049, 1759717.717425231821835 ], [ 1110041.860028860392049, 1759709.855234280228615 ] ] ] } },
{ "type": "Feature", "properties": { "height": 19.148390537547321, "building": "type_3" }, "geometry": { "type": "Polygon", "coordinates": [ [ [ 1081051.010804722551256, 1762218.397712222533301 ], [ 1081078.518836424220353, 1762218.397712222533301 ], [ 1081078.518836424220353, 1762245.905743924202397 ], [ 1081051.010804722551256, 1762245.905743924202397 ], [ 1081051.010804722551256, 1762218.397712222533301 ] ] ] } },
{ "type": "Feature", "properties": { "height": 25.778127692298845, "building": "type_2" }, "geometry": { "type": "Polygon", "coordinates": [ [ [ 1106009.595928707625717, 1766562.434543477836996 ], [ 1106023.643928478471935, 1766562.434543477836996 ], [ 1106023.643928478471935, 1766576.482543248683214 ], [ 1106009.595928707625717, 1766576.482543248683214 ], [ 1106009.595928707625717, 1766562.434543477836996 ] ] ] } },
{ "type": "Feature", "properties": { "height": 27.325698243227187, "building": "type_1" }, "geometry": { "type": "Polygon", "coordinates": [ [ [ 1086672.264025892131031, 1779860.138366704341024 ], [ 1086681.560237925499678, 1779860.138366704341024 ], [ 1086681.560237925499678, 1779869.434578737709671 ], [ 1086672.264025892131031, 1779869.434578737709671 ], [ 1086672.264025892131031, 1779860.138366704341024 ] ] ] } },
{ "type": "Feature", "properties": { "height": 23.637244480300133, "building": "type_3" }, "geometry": { "type": "Polygon", "coordinates": [ [ [ 1094042.499283302342519, 1774863.056206648936495 ], [ 1094064.871342644328251, 1774863.056206648936495 ], [ 1094064.871342644328251, 1774885.428265990922228 ], [ 1094042.499283302342519, 1774885.428265990922228 ], [ 1094042.499283302342519, 1774863.056206648936495 ] ] ] } },
{ "type": "Feature", "properties": { "height": 17.010857361043037, "building": "type_3" }, "geometry": { "type": "Polygon", "coordinates": [ [ [ 1097099.039160780841485, 1752835.035513584967703 ], [ 1097118.005220691906288, 1752835.035513584967703 ], [ 1097118.005220691906288, 1752854.001573496032506 ], [ 1097099.039160780841485, 1752854.001573496032506 ], [ 1097099.039160780841485, 1752835.035513584967703 ] ] ] } },
{ "type": "Feature", "properties": { "height": 7.7165125656004303, "building": "type_1" }, "geometry": { "type": "Polygon", "coordinates": [ [ [ 1092692.508120719343424, 1767824.721422464353964 ], [ 1092707.605567323509604, 1767824.721422464353964 ], [ 1092707.605567323509604, 1767839.818869068520144 ], [ 1092692.508120719343424, 1767839.818869068520144 ], [ 1092692.508120719343424, 1767824.721422464353964 ] ] ] } },
{ "type": "Feature", "properties": { "height": 25.274322383718438, "building": "type_1" }, "geometry": { "type": "Polygon", "coordinates": [ [ [ 1099010.184904621448368, 1744646.247365426504984 ], [ 1099026.437988650985062, 1744646.247365426504984 ], [ 1099026.437988650985062, 1744662.500449456041679 ], [ 1099010.184904621448368, 1744662.500449456041679 ], [ 1099010.184904621448368, 1744646.247365426504984 ] ] ] } },
{ "type": "Feature", "properties": { "height": 29.695505192533862, "building": "type_1" }, "geometry": { "type": "Polygon", "coordinates": [ [ [ 1111144.367077328264713, 1754818.611077787354589 ], [ 1111164.393931498285383, 1754818.611077787354589 ], [ 1111164.393931498285383, 1754838.637931957375258 ], [ 1111144.367077328264713, 1754838.637931957375258 ], [ 1111144.367077328264713, 1754818.611077787354589 ] ] ] } },
{ "type": "Feature", "properties": { "height": 31.66673870463454, "building": "type_3" }, "geometry": { "type": "Polygon", "coordinates": [ [ [ 1098393.906306423479691, 1750836.478424987290055 ], [ 1098400.025767686078325, 1750836.478424987290055 ], [ 1098400.025767686078325, 1750842.597886249888688 ], [ 1098393.906306423479691, 1750842.597886249888688 ], [ 1098393.906306423479691, 1750836.478424987290055 ] ] ] } },
{ "type": "Feature", "properties": { "height": 7.5099161096677847, "building": "type_2" }, "geometry": { "type": "Polygon", "coordinates": [ [ [ 1112342.179092393023893, 1751818.804341598413885 ], [ 1112355.694196557393298, 1751818.804341598413885 ], [ 1112355.694196557393298, 1751832.319445762783289 ], [ 1112342.179092393023893, 1751832.319445762783289 ], [ 1112342.179092393023893, 1751818.804341598413885 ] ] ] } },
{ "type": "Feature", "properties": { "height": 25.307753157476029, "building": "type_2" }, "geometry": { "type": "Polygon", "coordinates": [ [ [ 1103287.686369152739644, 1772831.183196709724143 ], [ 1103313.72945319628343, 1772831.183196709724143 ], [ 1103313.72945319628343, 1772857.226280753267929 ], [ 1103287.686369152739644, 1772857.226280753267929 ], [ 1103287.686369152739644, 1772831.183196709724143 ] ] ] } },
{ "type": "Feature", "properties": { "height": 22.690929126865747, "building": "type_3" }, "geometry": { "type": "Polygon", "coordinates": [ [ [ 1086045.255499773425981, 1740953.72429718147032 ], [ 1086050.943917770171538, 1740953.72429718147032 ], [ 1086050.943917770171538, 1740959.412715178215876 ], [ 1086045.255499773425981, 1740959.412715178215876 ], [ 1086045.255499773425981, 1740953.72429718147032 ] ] ] } },
{ "type": "Feature", "properties": { "height": 18.840199379752001, "building": "type_2" }, "geometry": { "type": "Polygon", "coordinates": [ [ [ 1083392.684143879218027, 1739853.312219785759225 ], [ 1083408.037899487419054, 1739853.312219785759225 ], [ 1083408.037899487419054, 1739868.665975393960252 ], [ 1083392.684143879218027, 1739868.665975393960252 ], [ 1083392.684143879218027, 1739853.312219785759225 ] ] ] } },
{ "type": "Feature", "properties": { "height": 38.457159013436176, "building": "type_1" }, "geometry": { "type": "Polygon", "coordinates": [ [ [ 1097158.194743226282299, 1749861.439401949523017 ], [ 1097166.098217231221497, 1749861.439401949523017 ], [ 1097166.098217231221497, 1749869.342875954462215 ], [ 1097158.194743226282299, 1749869.342875954462215 ], [ 1097158.194743226282299, 1749861.439401949523017 ] ] ] } },
{ "type": "Feature", "properties": { "height": 26.24070695519255, "building": "type_2" }, "geometry": { "type": "Polygon", "coordinates": [ [ [ 1111869.558966086711735, 1740835.112697094446048 ], [ 1111876.764008681289852, 1740835.112697094446048 ], [ 1111876.764008681289852, 1740842.317739689024165 ], [ 1111869.558966086711735, 1740842.317739689024165 ], [ 1111869.558966086711735, 1740835.112697094446048 ] ] ] } },
{ "type": "Feature", "properties": { "height": 24.379901987530392, "building": "type_2" }, "geometry": { "type": "Polygon", "coordinates": [ [ [ 1093005.294043376343325, 1767873.157688460778445 ], [ 1093014.147669455735013, 1767873.157688460778445 ], [ 1093014.147669455735013, 1767882.011314540170133 ], [ 1093005.294043376343325, 1767882.011314540170133 ], [ 1093005.294043376343325, 1767873.157688460778445 ] ] ] } },
{ "type": "Feature", "properties": { "height": 29.815480350046112, "building": "type_2" }, "geometry": { "type": "Polygon", "coordinates": [ [ [ 1081808.550947477342561, 1734805.681527030421421 ], [ 1081834.221321822376922, 1734805.681527030421421 ], [ 1081834.221321822376922, 1734831.351901375455782 ], [ 1081808.550947477342561, 1734831.351901375455782 ], [ 1081808.550947477342561, 1734805.681527030421421 ] ] ] } },
{ "type": "Feature", "properties": { "height": 10.783471765491111, "building": "type_3" }, "geometry": { "type": "Polygon", "coordinates": [ [ [ 1080032.651435912586749, 1768168.898428577464074 ], [ 1080051.27212735125795, 1768168.898428577464074 ], [ 1080051.27212735125795, 1768187.519120016135275 ], [ 1080032.651435912586749, 1768187.519120016135275 ], [ 1080032.651435912586749, 1768168.898428577464074 ] ] ] } },
{ "type": "Feature", "properties": { "height": 39.784693611489438, "building": "type_4" }, "geometry": { "type": "Polygon", "coordinates": [ [ [ 1091059.983477750094607, 1749842.470469316467643 ], [ 1091075.027947766473517, 1749842.470469316467643 ], [ 1091075.027947766473517, 1749857.514939332846552 ], [ 1091059.983477750094607, 1749857.514939332846552 ], [ 1091059.983477750094607, 1749842.470469316467643 ] ] ] } },
{ "type": "Feature", "properties": { "height": 6.3810836511814761, "building": "type_1" }, "geometry": { "type": "Polygon", "coordinates": [ [ [ 1100361.414005551720038, 1763878.492124613141641 ], [ 1100376.292449133237824, 1763878.492124613141641 ], [ 1100376.292449133237824, 1763893.370568194659427 ], [ 1100361.414005551720038, 1763893.370568194659427 ], [ 1100361.414005551720038, 1763878.492124613141641 ] ] ] } },
{ "type": "Feature", "properties": { "height": 17.371125919137384, "building": "type_3" }, "geometry": { "type": "Polygon", "coordinates": [ [ [ 1106035.308947204612195, 1745394.195960848825052 ], [ 1106055.286961830686778, 1745394.195960848825052 ], [ 1106055.286961830686778, 1745414.173975474899635 ], [ 1106035.308947204612195, 1745414.173975474899635 ], [ 1106035.308947204612195, 1745394.195960848825052 ] ] ] } },
{ "type": "Feature", "properties": { "height": 14.651864888797494, "building": "type_2" }, "geometry": { "type": "Polygon", "coordinates": [ [ [ 1112087.558687794255093, 1747869.691131427418441 ], [ 1112112.413954357849434, 1747869.691131427418441 ], [ 1112112.413954357849434, 1747894.546397991012782 ], [ 1112087.558687794255093, 1747894.546397991012782 ], [ 1112087.558687794255093, 1747869.691131427418441 ] ] ] } },
{ "type": "Feature", "properties": { "height": 31.411742755950712, "building": "type_2" }, "geometry": { "type": "Polygon", "coordinates": [ [ [ 1089020.719728828174993, 1742852.935091159073636 ], [ 1089028.061539345653728, 1742852.935091159073636 ], [ 1089028.061539345653728, 1742860.27690167655237 ], [ 1089020.719728828174993, 1742860.27690167655237 ], [ 1089020.719728828174993, 1742852.935091159073636 ] ] ] } },
{ "type": "Feature", "properties": { "height": 18.528917738805976, "building": "type_3" }, "geometry": { "type": "Polygon", "coordinates": [ [ [ 1110026.72765287430957, 1768163.659203292336315 ], [ 1110050.772607658524066, 1768163.659203292336315 ], [ 1110050.772607658524066, 1768187.704158076550812 ], [ 1110026.72765287430957, 1768187.704158076550812 ], [ 1110026.72765287430957, 1768163.659203292336315 ] ] ] } },
{ "type": "Feature", "properties": { "height": 20.520954273366645, "building": "type_3" }, "geometry": { "type": "Polygon", "coordinates": [ [ [ 1084547.42354748910293, 1767820.495241423835978 ], [ 1084563.823029383085668, 1767820.495241423835978 ], [ 1084563.823029383085668, 1767836.894723317818716 ], [ 1084547.42354748910293, 1767836.894723317818716 ], [ 1084547.42354748910293, 1767820.495241423835978 ] ] ] } },
{ "type": "Feature", "properties": { "height": 34.888668843439774, "building": "type_1" }, "geometry": { "type": "Polygon", "coordinates": [ [ [ 1099605.311833463376388, 1756802.931051324587315 ], [ 1099613.043438721215352, 1756802.931051324587315 ], [ 1099613.043438721215352, 1756810.66265658242628 ], [ 1099605.311833463376388, 1756810.66265658242628 ], [ 1099605.311833463376388, 1756802.931051324587315 ] ] ] } },
{ "type": "Feature", "properties": { "height": 6.0776517381156747, "building": "type_3" }, "geometry": { "type": "Polygon", "coordinates": [ [ [ 1103866.371869173366576, 1743865.171644510468468 ], [ 1103877.773058300837874, 1743865.171644510468468 ], [ 1103877.773058300837874, 1743876.572833637939766 ], [ 1103866.371869173366576, 1743876.572833637939766 ], [ 1103866.371869173366576, 1743865.171644510468468 ] ] ] } },
{ "type": "Feature", "properties": { "height": 35.521691845645265, "building": "type_2" }, "geometry": { "type": "Polygon", "coordinates": [ [ [ 1095992.610438578063622, 1777832.423472593305632 ], [ 1095998.374175005359575, 1777832.423472593305632 ], [ 1095998.374175005359575, 1777838.187209020601586 ], [ 1095992.610438578063622, 1777838.187209020601586 ], [ 1095992.610438578063622, 1777832.423472593305632 ] ] ] } },
{ "type": "Feature", "properties": { "height": 12.374673735352111, "building": "type_1" }, "geometry": { "type": "Polygon", "coordinates": [ [ [ 1097018.390342529863119, 1741502.219639017712325 ], [ 1097030.359339340124279, 1741502.219639017712325 ], [ 1097030.359339340124279, 1741514.188635827973485 ], [ 1097018.390342529863119, 1741514.188635827973485 ], [ 1097018.390342529863119, 1741502.219639017712325 ] ] ] } },
{ "type": "Feature", "properties": { "height": 6.5456677662240939, "building": "type_4" }, "geometry": { "type": "Polygon", "coordinates": [ [ [ 1112072.079732300713658, 1759874.640754251042381 ], [ 1112077.137670998461545, 1759874.640754251042381 ], [ 1112077.137670998461545, 1759879.698692948790267 ], [ 1112072.079732300713658, 1759879.698692948790267 ], [ 1112072.079732300713658, 1759874.640754251042381 ] ] ] } },
{ "type": "Feature", "properties": { "height": 28.04891804845192, "building": "type_3" }, "geometry": { "type": "Polygon", "coordinates": [ [ [ 1077652.997950522461906, 1746856.320688212523237 ], [ 1077677.22102007525973, 1746856.320688212523237 ], [ 1077677.22102007525973, 1746880.543757765321061 ], [ 1077652.997950522461906, 1746880.543757765321061 ], [ 1077652.997950522461906, 1746856.320688212523237 ] ] ] } },
{ "type": "Feature", "properties": { "height": 14.811706127703232, "building": "type_4" }, "geometry": { "type": "Polygon", "coordinates": [ [ [ 1079855.502186235506088, 1771849.579735682811588 ], [ 1079878.580923397094011, 1771849.579735682811588 ], [ 1079878.580923397094011, 1771872.658472844399512 ], [ 1079855.502186235506088, 1771872.658472844399512 ], [ 1079855.502186235506088, 1771849.579735682811588 ] ] ] } },
{ "type": "Feature", "properties": { "height": 38.169080908756477, "building": "type_2" }, "geometry": { "type": "Polygon", "coordinates": [ [ [ 1081001.57878712983802, 1758849.233820591121912 ], [ 1081026.784667380154133, 1758849.233820591121912 ], [ 1081026.784667380154133, 1758874.439700841438025 ], [ 1081001.57878712983802, 1758874.439700841438025 ], [ 1081001.57878712983802, 1758849.233820591121912 ] ] ] } },
{ "type": "Feature", "properties": { "height": 34.472605308950278, "building": "type_4" }, "geometry": { "type": "Polygon", "coordinates": [ [ [ 1100002.355979018379003, 1779889.515182848554105 ], [ 1100010.179270085413009, 1779889.515182848554105 ], [ 1100010.179270085413009, 1779897.338473915588111 ], [ 1100002.355979018379003, 1779897.338473915588111 ], [ 1100002.355979018379003, 1779889.515182848554105 ] ] ] } },
{ "type": "Feature", "properties": { "height": 14.835157461804975, "building": "type_4" }, "geometry": { "type": "Polygon", "coordinates": [ [ [ 1112165.001695453887805, 1771872.381715721916407 ], [ 1112175.811303530121222, 1771872.381715721916407 ], [ 1112175.811303530121222, 1771883.191323798149824 ], [ 1112165.001695453887805, 1771883.191323798149824 ], [ 1112165.001695453887805, 1771872.381715721916407 ] ] ] } },
{ "type": "Feature", "properties": { "height": 34.478076122038175, "building": "type_1" }, "geometry": { "type": "Polygon", "coordinates": [ [ [ 1090043.200161141343415, 1762775.007567854830995 ], [ 1090062.781598452944309, 1762775.007567854830995 ], [ 1090062.781598452944309, 1762794.589005166431889 ], [ 1090043.200161141343415, 1762794.589005166431889 ], [ 1090043.200161141343415, 1762775.007567854830995 ] ] ] } },
{ "type": "Feature", "properties": { "height": 9.3022237462885649, "building": "type_1" }, "geometry": { "type": "Polygon", "coordinates": [ [ [ 1113043.342012967215851, 1763034.796597786713392 ], [ 1113064.537449117051437, 1763034.796597786713392 ], [ 1113064.537449117051437, 1763055.992033936548978 ], [ 1113043.342012967215851, 1763055.992033936548978 ], [ 1113043.342012967215851, 1763034.796597786713392 ] ] ] } },
{ "type": "Feature", "properties": { "height": 27.298179297831673, "building": "type_2" }, "geometry": { "type": "Polygon", "coordinates": [ [ [ 1079538.410103821661323, 1734817.919534108135849 ], [ 1079557.276537522673607, 1734817.919534108135849 ], [ 1079557.276537522673607, 1734836.785967809148133 ], [ 1079538.410103821661323, 1734836.785967809148133 ], [ 1079538.410103821661323, 1734817.919534108135849 ] ] ] } },
{ "type": "Feature", "properties": { "height": 23.20594623087629, "building": "type_1" }, "geometry": { "type": "Polygon", "coordinates": [ [ [ 1110500.575909962877631, 1775802.856266607763246 ], [ 1110519.38843414792791, 1775802.856266607763246 ], [ 1110519.38843414792791, 1775821.668790792813525 ], [ 1110500.575909962877631, 1775821.668790792813525 ], [ 1110500.575909962877631, 1775802.856266607763246 ] ] ] } },
{ "type": "Feature", "properties": { "height": 33.832233153540784, "building": "type_3" }, "geometry": { "type": "Polygon", "coordinates": [ [ [ 1111808.51498253736645, 1752861.076780784176663 ], [ 1111835.564786780625582, 1752861.076780784176663 ], [ 1111835.564786780625582, 1752888.126585027435794 ], [ 1111808.51498253736645, 1752888.126585027435794 ], [ 1111808.51498253736645, 1752861.076780784176663 ] ] ] } },
{ "type": "Feature", "properties": { "height": 6.6398167984661089, "building": "type_4" }, "geometry": { "type": "Polygon", "coordinates": [ [ [ 1089272.496050578309223, 1737843.813527986872941 ], [ 1089290.274279059143737, 1737843.813527986872941 ], [ 1089290.274279059143737, 1737861.591756467707455 ], [ 1089272.496050578309223, 1737861.591756467707455 ], [ 1089272.496050578309223, 1737843.813527986872941 ] ] ] } },
{ "type": "Feature", "properties": { "height": 30.931641965322502, "building": "type_1" }, "geometry": { "type": "Polygon", "coordinates": [ [ [ 1102966.243998425314203, 1767848.182278237305582 ], [ 1102977.414595155278221, 1767848.182278237305582 ], [ 1102977.414595155278221, 1767859.352874967269599 ], [ 1102966.243998425314203, 1767859.352874967269599 ], [ 1102966.243998425314203, 1767848.182278237305582 ] ] ] } },
{ "type": "Feature", "properties": { "height": 25.013320726250381, "building": "type_2" }, "geometry": { "type": "Polygon", "coordinates": [ [ [ 1084135.050010335864499, 1749845.424170331098139 ], [ 1084161.713709879433736, 1749845.424170331098139 ], [ 1084161.713709879433736, 1749872.087869874667376 ], [ 1084135.050010335864499, 1749872.087869874667376 ], [ 1084135.050010335864499, 1749845.424170331098139 ] ] ] } },
{ "type": "Feature", "properties": { "height": 8.1251333583950522, "building": "type_2" }, "geometry": { "type": "Polygon", "coordinates": [ [ [ 1109994.256910408614203, 1757805.844035223359242 ], [ 1110023.358870820840821, 1757805.844035223359242 ], [ 1110023.358870820840821, 1757834.945995635585859 ], [ 1109994.256910408614203, 1757834.945995635585859 ], [ 1109994.256910408614203, 1757805.844035223359242 ] ] ] } },
{ "type": "Feature", "properties": { "height": 9.8690547111880633, "building": "type_1" }, "geometry": { "type": "Polygon", "coordinates": [ [ [ 1081995.243908078409731, 1742374.756479244213551 ], [ 1082017.140101740136743, 1742374.756479244213551 ], [ 1082017.140101740136743, 1742396.652672905940562 ], [ 1081995.243908078409731, 1742396.652672905940562 ], [ 1081995.243908078409731, 1742374.756479244213551 ] ] ] } },
{ "type": "Feature", "properties": { "height": 38.039380687712338, "building": "type_1" }, "geometry": { "type": "Polygon", "coordinates": [ [ [ 1079673.467357595684007, 1760826.398228804580867 ], [ 1079695.370063381036744, 1760826.398228804580867 ], [ 1079695.370063381036744, 1760848.300934589933604 ], [ 1079673.467357595684007, 1760848.300934589933604 ], [ 1079673.467357595684007, 1760826.398228804580867 ] ] ] } },
{ "type": "Feature", "properties": { "height": 38.487993541950019, "building": "type_4" }, "geometry": { "type": "Polygon", "coordinates": [ [ [ 1081991.401734794257209, 1773310.463945774361491 ], [ 1082005.402996441582218, 1773310.463945774361491 ], [ 1082005.402996441582218, 1773324.4652074216865 ], [ 1081991.401734794257209, 1773324.4652074216865 ], [ 1081991.401734794257209, 1773310.463945774361491 ] ] ] } },
{ "type": "Feature", "properties": { "height": 5.1008438082965109, "building": "type_3" }, "geometry": { "type": "Polygon", "coordinates": [ [ [ 1088462.723834084579721, 1745851.383407831890509 ], [ 1088486.993349541211501, 1745851.383407831890509 ], [ 1088486.993349541211501, 1745875.652923288522288 ], [ 1088462.723834084579721, 1745875.652923288522288 ], [ 1088462.723834084579721, 1745851.383407831890509 ] ] ] } },
{ "type": "Feature", "properties": { "height": 35.44171118385988, "building": "type_2" }, "geometry": { "type": "Polygon", "coordinates": [ [ [ 1088030.449271387886256, 1752288.236027283361182 ], [ 1088044.728311757557094, 1752288.236027283361182 ], [ 1088044.728311757557094, 1752302.51506765303202 ], [ 1088030.449271387886256, 1752302.51506765303202 ], [ 1088030.449271387886256, 1752288.236027283361182 ] ] ] } },
{ "type": "Feature", "properties": { "height": 9.781031627791041, "building": "type_3" }, "geometry": { "type": "Polygon", "coordinates": [ [ [ 1086997.423362293746322, 1755470.993569966172799 ], [ 1087009.805899233091623, 1755470.993569966172799 ], [ 1087009.805899233091623, 1755483.3761069055181 ], [ 1086997.423362293746322, 1755483.3761069055181 ], [ 1086997.423362293746322, 1755470.993569966172799 ] ] ] } },
{ "type": "Feature", "properties": { "height": 21.385394945536063, "building": "type_1" }, "geometry": { "type": "Polygon", "coordinates": [ [ [ 1097067.886854441370815, 1738596.07077395170927 ], [ 1097089.941701456904411, 1738596.07077395170927 ], [ 1097089.941701456904411, 1738618.125620967242867 ], [ 1097067.886854441370815, 1738618.125620967242867 ], [ 1097067.886854441370815, 1738596.07077395170927 ] ] ] } },
{ "type": "Feature", "properties": { "height": 23.055166594931485, "building": "type_4" }, "geometry": { "type": "Polygon", "coordinates": [ [ [ 1080090.90549414861016, 1775840.007164941867813 ], [ 1080098.693299456732348, 1775840.007164941867813 ], [ 1080098.693299456732348, 1775847.794970249990001 ], [ 1080090.90549414861016, 1775847.794970249990001 ], [ 1080090.90549414861016, 1775840.007164941867813 ] ] ] } },
{ "type": "Feature", "properties": { "height": 9.3528939650178575, "building": "type_2" }, "geometry": { "type": "Polygon", "coordinates": [ [ [ 1100042.927187215304002, 1738516.556321016978472 ], [ 1100048.41037798835896, 1738516.556321016978472 ], [ 1100048.41037798835896, 1738522.03951179003343 ], [ 1100042.927187215304002, 1738522.03951179003343 ], [ 1100042.927187215304002, 1738516.556321016978472 ] ] ] } },
{ "type": "Feature", "properties": { "height": 30.369977476025596, "building": "type_1" }, "geometry": { "type": "Polygon", "coordinates": [ [ [ 1084007.424901303369552, 1753352.669941291678697 ], [ 1084019.091781219933182, 1753352.669941291678697 ], [ 1084019.091781219933182, 1753364.336821208242327 ], [ 1084007.424901303369552, 1753364.336821208242327 ], [ 1084007.424901303369552, 1753352.669941291678697 ] ] ] } },
{ "type": "Feature", "properties": { "height": 32.052251865664033, "building": "type_4" }, "geometry": { "type": "Polygon", "coordinates": [ [ [ 1085006.305606657639146, 1739916.537751247175038 ], [ 1085030.655391111504287, 1739916.537751247175038 ], [ 1085030.655391111504287, 1739940.887535701040179 ], [ 1085006.305606657639146, 1739940.887535701040179 ], [ 1085006.305606657639146, 1739916.537751247175038 ] ] ] } },
{ "type": "Feature", "properties": { "height": 9.2072530192201683, "building": "type_2" }, "geometry": { "type": "Polygon", "coordinates": [ [ [ 1107021.300963696325198, 1742686.669599324464798 ], [ 1107046.479852130403742, 1742686.669599324464798 ], [ 1107046.479852130403742, 1742711.848487758543342 ], [ 1107021.300963696325198, 1742711.848487758543342 ], [ 1107021.300963696325198, 1742686.669599324464798 ] ] ] } },
{ "type": "Feature", "properties": { "height": 24.97273683583272, "building": "type_4" }, "geometry": { "type": "Polygon", "coordinates": [ [ [ 1096308.712250829441473, 1749803.194459408987314 ], [ 1096329.758749800967053, 1749803.194459408987314 ], [ 1096329.758749800967053, 1749824.240958380512893 ], [ 1096308.712250829441473, 1749824.240958380512893 ], [ 1096308.712250829441473, 1749803.194459408987314 ] ] ] } },
{ "type": "Feature", "properties": { "height": 36.449621163619376, "building": "type_1" }, "geometry": { "type": "Polygon", "coordinates": [ [ [ 1105664.707917826483026, 1761890.067435879027471 ], [ 1105670.297791942721233, 1761890.067435879027471 ], [ 1105670.297791942721233, 1761895.657309995265678 ], [ 1105664.707917826483026, 1761895.657309995265678 ], [ 1105664.707917826483026, 1761890.067435879027471 ] ] ] } },
{ "type": "Feature", "properties": { "height": 29.854740112932305, "building": "type_1" }, "geometry": { "type": "Polygon", "coordinates": [ [ [ 1110029.327850246569142, 1748634.302288041217253 ], [ 1110056.814230560092255, 1748634.302288041217253 ], [ 1110056.814230560092255, 1748661.788668354740366 ], [ 1110029.327850246569142, 1748661.788668354740366 ], [ 1110029.327850246569142, 1748634.302288041217253 ] ] ] } },
{ "type": "Feature", "properties": { "height": 38.522643034587134, "building": "type_1" }, "geometry": { "type": "Polygon", "coordinates": [ [ [ 1106671.969124695286155, 1743842.962905526859686 ], [ 1106678.415235931519419, 1743842.962905526859686 ], [ 1106678.415235931519419, 1743849.40901676309295 ], [ 1106671.969124695286155, 1743849.40901676309295 ], [ 1106671.969124695286155, 1743842.962905526859686 ] ] ] } },
{ "type": "Feature", "properties": { "height": 32.192480361452894, "building": "type_1" }, "geometry": { "type": "Polygon", "coordinates": [ [ [ 1083786.053757079644129, 1776814.786680938210338 ], [ 1083805.0860956532415, 1776814.786680938210338 ], [ 1083805.0860956532415, 1776833.81901951180771 ], [ 1083786.053757079644129, 1776833.81901951180771 ], [ 1083786.053757079644129, 1776814.786680938210338 ] ] ] } },
{ "type": "Feature", "properties": { "height": 25.240443979712623, "building": "type_3" }, "geometry": { "type": "Polygon", "coordinates": [ [ [ 1094031.506794020766392, 1758576.955031392164528 ], [ 1094056.039840414421633, 1758576.955031392164528 ], [ 1094056.039840414421633, 1758601.488077785819769 ], [ 1094031.506794020766392, 1758601.488077785819769 ], [ 1094031.506794020766392, 1758576.955031392164528 ] ] ] } },
{ "type": "Feature", "properties": { "height": 33.345106557620518, "building": "type_3" }, "geometry": { "type": "Polygon", "coordinates": [ [ [ 1082045.832337118685246, 1737692.959061758359894 ], [ 1082066.902809988707304, 1737692.959061758359894 ], [ 1082066.902809988707304, 1737714.029534628381953 ], [ 1082045.832337118685246, 1737714.029534628381953 ], [ 1082045.832337118685246, 1737692.959061758359894 ] ] ] } },
{ "type": "Feature", "properties": { "height": 7.1771129157645959, "building": "type_1" }, "geometry": { "type": "Polygon", "coordinates": [ [ [ 1105043.401754594175145, 1766160.377654070034623 ], [ 1105066.094788350863382, 1766160.377654070034623 ], [ 1105066.094788350863382, 1766183.07068782672286 ], [ 1105043.401754594175145, 1766183.07068782672286 ], [ 1105043.401754594175145, 1766160.377654070034623 ] ] ] } },
{ "type": "Feature", "properties": { "height": 23.538090338096698, "building": "type_3" }, "geometry": { "type": "Polygon", "coordinates": [ [ [ 1099496.829476779559627, 1759817.398680681362748 ], [ 1099525.777829806087539, 1759817.398680681362748 ], [ 1099525.777829806087539, 1759846.34703370789066 ], [ 1099496.829476779559627, 1759846.34703370789066 ], [ 1099496.829476779559627, 1759817.398680681362748 ] ] ] } },
{ "type": "Feature", "properties": { "height": 31.629902058007346, "building": "type_2" }, "geometry": { "type": "Polygon", "coordinates": [ [ [ 1107053.592689788667485, 1761372.613773721735924 ], [ 1107081.809196964139119, 1761372.613773721735924 ], [ 1107081.809196964139119, 1761400.830280897207558 ], [ 1107053.592689788667485, 1761400.830280897207558 ], [ 1107053.592689788667485, 1761372.613773721735924 ] ] ] } },
{ "type": "Feature", "properties": { "height": 12.321491289277475, "building": "type_3" }, "geometry": { "type": "Polygon", "coordinates": [ [ [ 1107018.535757223377004, 1750014.813560211099684 ], [ 1107034.674298192141578, 1750014.813560211099684 ], [ 1107034.674298192141578, 1750030.952101179864258 ], [ 1107018.535757223377004, 1750030.952101179864258 ], [ 1107018.535757223377004, 1750014.813560211099684 ] ] ] } },
{ "type": "Feature", "properties": { "height": 28.068981756433427, "building": "type_1" }, "geometry": { "type": "Polygon", "coordinates": [ [ [ 1082976.071329433470964, 1771680.493766814935952 ], [ 1082990.867786843795329, 1771680.493766814935952 ], [ 1082990.867786843795329, 1771695.290224225260317 ], [ 1082976.071329433470964, 1771695.290224225260317 ], [ 1082976.071329433470964, 1771680.493766814935952 ] ] ] } },
{ "type": "Feature", "properties": { "height": 24.933892284848628, "building": "type_3" }, "geometry": { "type": "Polygon", "coordinates": [ [ [ 1102642.455746454419568, 1756789.597905526403338 ], [ 1102671.98433974920772, 1756789.597905526403338 ], [ 1102671.98433974920772, 1756819.12649882119149 ], [ 1102642.455746454419568, 1756819.12649882119149 ], [ 1102642.455746454419568, 1756789.597905526403338 ] ] ] } },
{ "type": "Feature", "properties": { "height": 5.4966517288518517, "building": "type_4" }, "geometry": { "type": "Polygon", "coordinates": [ [ [ 1080026.051797896390781, 1776270.446245188126341 ], [ 1080031.377537090098485, 1776270.446245188126341 ], [ 1080031.377537090098485, 1776275.771984381834045 ], [ 1080026.051797896390781, 1776275.771984381834045 ], [ 1080026.051797896390781, 1776270.446245188126341 ] ] ] } },
{ "type": "Feature", "properties": { "height": 39.205776779702632, "building": "type_3" }, "geometry": { "type": "Polygon", "coordinates": [ [ [ 1085977.265264534624293, 1766587.661269281292334 ], [ 1085995.301755502587184, 1766587.661269281292334 ], [ 1085995.301755502587184, 1766605.697760249255225 ], [ 1085977.265264534624293, 1766605.697760249255225 ], [ 1085977.265264534624293, 1766587.661269281292334 ] ] ] } },
{ "type": "Feature", "properties": { "height": 21.038212763749186, "building": "type_1" }, "geometry": { "type": "Polygon", "coordinates": [ [ [ 1082173.747566650621593, 1766885.371129641775042 ], [ 1082184.548562373034656, 1766885.371129641775042 ], [ 1082184.548562373034656, 1766896.172125364188105 ], [ 1082173.747566650621593, 1766896.172125364188105 ], [ 1082173.747566650621593, 1766885.371129641775042 ] ] ] } },
{ "type": "Feature", "properties": { "height": 5.3163464177752262, "building": "type_1" }, "geometry": { "type": "Polygon", "coordinates": [ [ [ 1079949.193984162062407, 1736850.354117281967774 ], [ 1079954.496562081389129, 1736850.354117281967774 ], [ 1079954.496562081389129, 1736855.656695201294497 ], [ 1079949.193984162062407, 1736855.656695201294497 ], [ 1079949.193984162062407, 1736850.354117281967774 ] ] ] } },
{ "type": "Feature", "properties": { "height": 23.013926599250365, "building": "type_4" }, "geometry": { "type": "Polygon", "coordinates": [ [ [ 1112252.268522419966757, 1755859.060725753195584 ], [ 1112261.715725521091372, 1755859.060725753195584 ], [ 1112261.715725521091372, 1755868.507928854320198 ], [ 1112252.268522419966757, 1755868.507928854320198 ], [ 1112252.268522419966757, 1755859.060725753195584 ] ] ] } },
{ "type": "Feature", "properties": { "height": 9.1475918259353044, "building": "type_1" }, "geometry": { "type": "Polygon", "coordinates": [ [ [ 1094032.847547423327342, 1774094.42492369748652 ], [ 1094054.408397715771571, 1774094.42492369748652 ], [ 1094054.408397715771571, 1774115.985773989930749 ], [ 1094032.847547423327342, 1774115.985773989930749 ], [ 1094032.847547423327342, 1774094.42492369748652 ] ] ] } },
{ "type": "Feature", "properties": { "height": 21.854226909654901, "building": "type_3" }, "geometry": { "type": "Polygon", "coordinates": [ [ [ 1093071.799487185431644, 1737240.037367821903899 ], [ 1093089.617493380559608, 1737240.037367821903899 ], [ 1093089.617493380559608, 1737257.855374017031863 ], [ 1093071.799487185431644, 1737257.855374017031863 ], [ 1093071.799487185431644, 1737240.037367821903899 ] ] ] } },
{ "type": "Feature", "properties": { "height": 17.499240575517597, "building": "type_2" }, "geometry": { "type": "Polygon", "coordinates": [ [ [ 1087067.36064008041285, 1768919.546567976009101 ], [ 1087086.788704731268808, 1768919.546567976009101 ], [ 1087086.788704731268808, 1768938.974632626865059 ], [ 1087067.36064008041285, 1768938.974632626865059 ], [ 1087067.36064008041285, 1768919.546567976009101 ] ] ] } },
{ "type": "Feature", "properties": { "height": 36.578274121178332, "building": "type_2" }, "geometry": { "type": "Polygon", "coordinates": [ [ [ 1083991.022647914011031, 1758107.299369529820979 ], [ 1084017.204439606983215, 1758107.299369529820979 ], [ 1084017.204439606983215, 1758133.481161222793162 ], [ 1083991.022647914011031, 1758133.481161222793162 ], [ 1083991.022647914011031, 1758107.299369529820979 ] ] ] } },
{ "type": "Feature", "properties": { "height": 6.2606586401999236, "building": "type_1" }, "geometry": { "type": "Polygon", "coordinates": [ [ [ 1097998.420333218295127, 1774820.002585557522252 ], [ 1098004.393582301214337, 1774820.002585557522252 ], [ 1098004.393582301214337, 1774825.975834640441462 ], [ 1097998.420333218295127, 1774825.975834640441462 ], [ 1097998.420333218295127, 1774820.002585557522252 ] ] ] } },
{ "type": "Feature", "properties": { "height": 25.303109213430911, "building": "type_3" }, "geometry": { "type": "Polygon", "coordinates": [ [ [ 1103066.424738626694307, 1752547.874837830662727 ], [ 1103082.34009337075986, 1752547.874837830662727 ], [ 1103082.34009337075986, 1752563.79019257472828 ], [ 1103066.424738626694307, 1752563.79019257472828 ], [ 1103066.424738626694307, 1752547.874837830662727 ] ] ] } },
{ "type": "Feature", "properties": { "height": 34.604734266098873, "building": "type_1" }, "geometry": { "type": "Polygon", "coordinates": [ [ [ 1105033.002299005398527, 1778591.003235164331272 ], [ 1105060.596238299971446, 1778591.003235164331272 ], [ 1105060.596238299971446, 1778618.597174458904192 ], [ 1105033.002299005398527, 1778618.597174458904192 ], [ 1105033.002299005398527, 1778591.003235164331272 ] ] ] } },
{ "type": "Feature", "properties": { "height": 25.689560614048077, "building": "type_1" }, "geometry": { "type": "Polygon", "coordinates": [ [ [ 1081819.641401767265052, 1754847.214277450926602 ], [ 1081829.75840449379757, 1754847.214277450926602 ], [ 1081829.75840449379757, 1754857.331280177459121 ], [ 1081819.641401767265052, 1754857.331280177459121 ], [ 1081819.641401767265052, 1754847.214277450926602 ] ] ] } },
{ "type": "Feature", "properties": { "height": 15.333463087137476, "building": "type_3" }, "geometry": { "type": "Polygon", "coordinates": [ [ [ 1092364.477125967619941, 1747854.201791855273768 ], [ 1092378.585981928510591, 1747854.201791855273768 ], [ 1092378.585981928510591, 1747868.310647816164419 ], [ 1092364.477125967619941, 1747868.310647816164419 ], [ 1092364.477125967619941, 1747854.201791855273768 ] ] ] } },
{ "type": "Feature", "properties": { "height": 29.276632011582834, "building": "type_4" }, "geometry": { "type": "Polygon", "coordinates": [ [ [ 1104004.098690848564729, 1740342.484984992537647 ], [ 1104017.403466676594689, 1740342.484984992537647 ], [ 1104017.403466676594689, 1740355.789760820567608 ], [ 1104004.098690848564729, 1740355.789760820567608 ], [ 1104004.098690848564729, 1740342.484984992537647 ] ] ] } },
{ "type": "Feature", "properties": { "height": 15.151021777711707, "building": "type_1" }, "geometry": { "type": "Polygon", "coordinates": [ [ [ 1105059.28948930115439, 1752497.304008663399145 ], [ 1105065.424571337876841, 1752497.304008663399145 ], [ 1105065.424571337876841, 1752503.439090700121596 ], [ 1105059.28948930115439, 1752503.439090700121596 ], [ 1105059.28948930115439, 1752497.304008663399145 ] ] ] } },
{ "type": "Feature", "properties": { "height": 23.287856337995596, "building": "type_1" }, "geometry": { "type": "Polygon", "coordinates": [ [ [ 1083376.036601602798328, 1751845.01181374839507 ], [ 1083391.450747315073386, 1751845.01181374839507 ], [ 1083391.450747315073386, 1751860.425959460670128 ], [ 1083376.036601602798328, 1751860.425959460670128 ], [ 1083376.036601602798328, 1751845.01181374839507 ] ] ] } },
{ "type": "Feature", "properties": { "height": 5.0515837730208997, "building": "type_3" }, "geometry": { "type": "Polygon", "coordinates": [ [ [ 1095034.531748234294355, 1752026.995069501223043 ], [ 1095045.292164787184447, 1752026.995069501223043 ], [ 1095045.292164787184447, 1752037.755486054113135 ], [ 1095034.531748234294355, 1752037.755486054113135 ], [ 1095034.531748234294355, 1752026.995069501223043 ] ] ] } },
{ "type": "Feature", "properties": { "height": 31.56741287404315, "building": "type_2" }, "geometry": { "type": "Polygon", "coordinates": [ [ [ 1098966.777819290291518, 1772814.66556005529128 ], [ 1098982.17641690466553, 1772814.66556005529128 ], [ 1098982.17641690466553, 1772830.064157669665292 ], [ 1098966.777819290291518, 1772830.064157669665292 ], [ 1098966.777819290291518, 1772814.66556005529128 ] ] ] } },
{ "type": "Feature", "properties": { "height": 17.982935285521783, "building": "type_3" }, "geometry": { "type": "Polygon", "coordinates": [ [ [ 1080908.125944628147408, 1750883.116506768623367 ], [ 1080917.666293821996078, 1750883.116506768623367 ], [ 1080917.666293821996078, 1750892.656855962472036 ], [ 1080908.125944628147408, 1750892.656855962472036 ], [ 1080908.125944628147408, 1750883.116506768623367 ] ] ] } },
{ "type": "Feature", "properties": { "height": 10.236050733443339, "building": "type_4" }, "geometry": { "type": "Polygon", "coordinates": [ [ [ 1111828.479666976490989, 1746862.202650370774791 ], [ 1111847.041442062938586, 1746862.202650370774791 ], [ 1111847.041442062938586, 1746880.764425457222387 ], [ 1111828.479666976490989, 1746880.764425457222387 ], [ 1111828.479666976490989, 1746862.202650370774791 ] ] ] } },
{ "type": "Feature", "properties": { "height": 38.327762499415812, "building": "type_2" }, "geometry": { "type": "Polygon", "coordinates": [ [ [ 1097779.767109303502366, 1735826.54006508551538 ], [ 1097799.361428816569969, 1735826.54006508551538 ], [ 1097799.361428816569969, 1735846.134384598582983 ], [ 1097779.767109303502366, 1735846.134384598582983 ], [ 1097779.767109303502366, 1735826.54006508551538 ] ] ] } },
{ "type": "Feature", "properties": { "height": 24.603209410518843, "building": "type_1" }, "geometry": { "type": "Polygon", "coordinates": [ [ [ 1106996.058186818147078, 1756078.513995995512232 ], [ 1107004.30672112503089, 1756078.513995995512232 ], [ 1107004.30672112503089, 1756086.762530302396044 ], [ 1106996.058186818147078, 1756086.762530302396044 ], [ 1106996.058186818147078, 1756078.513995995512232 ] ] ] } },
{ "type": "Feature", "properties": { "height": 29.402328366837288, "building": "type_4" }, "geometry": { "type": "Polygon", "coordinates": [ [ [ 1097705.583737102337182, 1752850.011440145550296 ], [ 1097731.27139509934932, 1752850.011440145550296 ], [ 1097731.27139509934932, 1752875.699098142562434 ], [ 1097705.583737102337182, 1752875.699098142562434 ], [ 1097705.583737102337182, 1752850.011440145550296 ] ] ] } },
{ "type": "Feature", "properties": { "height": 14.592505626976685, "building": "type_3" }, "geometry": { "type": "Polygon", "coordinates": [ [ [ 1098024.245905367890373, 1736680.423622767906636 ], [ 1098050.788177962647751, 1736680.423622767906636 ], [ 1098050.788177962647751, 1736706.965895362664014 ], [ 1098024.245905367890373, 1736706.965895362664014 ], [ 1098024.245905367890373, 1736680.423622767906636 ] ] ] } },
{ "type": "Feature", "properties": { "height": 9.1606036911975188, "building": "type_1" }, "geometry": { "type": "Polygon", "coordinates": [ [ [ 1084037.495799605501816, 1756059.459026192314923 ], [ 1084046.428956605726853, 1756059.459026192314923 ], [ 1084046.428956605726853, 1756068.39218319253996 ], [ 1084037.495799605501816, 1756068.39218319253996 ], [ 1084037.495799605501816, 1756059.459026192314923 ] ] ] } },
{ "type": "Feature", "properties": { "height": 10.706236792605685, "building": "type_4" }, "geometry": { "type": "Polygon", "coordinates": [ [ [ 1089073.155507320770994, 1738515.395174378529191 ], [ 1089087.668450067518279, 1738515.395174378529191 ], [ 1089087.668450067518279, 1738529.908117125276476 ], [ 1089073.155507320770994, 1738529.908117125276476 ], [ 1089073.155507320770994, 1738515.395174378529191 ] ] ] } },
{ "type": "Feature", "properties": { "height": 32.91415761880198, "building": "type_1" }, "geometry": { "type": "Polygon", "coordinates": [ [ [ 1108765.067356362007558, 1779838.241281443508342 ], [ 1108773.17692714324221, 1779838.241281443508342 ], [ 1108773.17692714324221, 1779846.350852224742994 ], [ 1108765.067356362007558, 1779846.350852224742994 ], [ 1108765.067356362007558, 1779838.241281443508342 ] ] ] } },
{ "type": "Feature", "properties": { "height": 24.125061062724654, "building": "type_1" }, "geometry": { "type": "Polygon", "coordinates": [ [ [ 1091025.254706141771749, 1744701.910128825809807 ], [ 1091050.68290969193913, 1744701.910128825809807 ], [ 1091050.68290969193913, 1744727.338332375977188 ], [ 1091025.254706141771749, 1744727.338332375977188 ], [ 1091025.254706141771749, 1744701.910128825809807 ] ] ] } },
{ "type": "Feature", "properties": { "height": 38.652966864407965, "building": "type_2" }, "geometry": { "type": "Polygon", "coordinates": [ [ [ 1090102.443876112811267, 1738846.254876299761236 ], [ 1090110.406185082159936, 1738846.254876299761236 ], [ 1090110.406185082159936, 1738854.217185269109905 ], [ 1090102.443876112811267, 1738854.217185269109905 ], [ 1090102.443876112811267, 1738846.254876299761236 ] ] ] } },
{ "type": "Feature", "properties": { "height": 15.842575072318473, "building": "type_3" }, "geometry": { "type": "Polygon", "coordinates": [ [ [ 1093990.661355803720653, 1759836.821578032337129 ], [ 1093999.59318600827828, 1759836.821578032337129 ], [ 1093999.59318600827828, 1759845.753408236894757 ], [ 1093990.661355803720653, 1759845.753408236894757 ], [ 1093990.661355803720653, 1759836.821578032337129 ] ] ] } },
{ "type": "Feature", "properties": { "height": 37.735398449086468, "building": "type_2" }, "geometry": { "type": "Polygon", "coordinates": [ [ [ 1092999.003257434349507, 1775704.773742899764329 ], [ 1093011.82483645575121, 1775704.773742899764329 ], [ 1093011.82483645575121, 1775717.595321921166033 ], [ 1092999.003257434349507, 1775717.595321921166033 ], [ 1092999.003257434349507, 1775704.773742899764329 ] ] ] } },
{ "type": "Feature", "properties": { "height": 5.6928480421539032, "building": "type_1" }, "geometry": { "type": "Polygon", "coordinates": [ [ [ 1110038.069474008632824, 1764770.9609186029993 ], [ 1110047.742335024056956, 1764770.9609186029993 ], [ 1110047.742335024056956, 1764780.633779618423432 ], [ 1110038.069474008632824, 1764780.633779618423432 ], [ 1110038.069474008632824, 1764770.9609186029993 ] ] ] } },
{ "type": "Feature", "properties": { "height": 19.158458495085441, "building": "type_2" }, "geometry": { "type": "Polygon", "coordinates": [ [ [ 1103194.748948021093383, 1740871.166804204462096 ], [ 1103218.066424285760149, 1740871.166804204462096 ], [ 1103218.066424285760149, 1740894.484280469128862 ], [ 1103194.748948021093383, 1740894.484280469128862 ], [ 1103194.748948021093383, 1740871.166804204462096 ] ] ] } },
{ "type": "Feature", "properties": { "height": 7.5238882525302309, "building": "type_2" }, "geometry": { "type": "Polygon", "coordinates": [ [ [ 1086798.64437866024673, 1768853.314478635555133 ], [ 1086820.582902297843248, 1768853.314478635555133 ], [ 1086820.582902297843248, 1768875.253002273151651 ], [ 1086798.64437866024673, 1768875.253002273151651 ], [ 1086798.64437866024673, 1768853.314478635555133 ] ] ] } },
{ "type": "Feature", "properties": { "height": 11.964724863580287, "building": "type_3" }, "geometry": { "type": "Polygon", "coordinates": [ [ [ 1105420.471712415805086, 1763873.73399213864468 ], [ 1105441.27876625652425, 1763873.73399213864468 ], [ 1105441.27876625652425, 1763894.541045979363844 ], [ 1105420.471712415805086, 1763894.541045979363844 ], [ 1105420.471712415805086, 1763873.73399213864468 ] ] ] } },
{ "type": "Feature", "properties": { "height": 37.015589023477624, "building": "type_4" }, "geometry": { "type": "Polygon", "coordinates": [ [ [ 1078746.620479115750641, 1752882.62677777162753 ], [ 1078775.152290321886539, 1752882.62677777162753 ], [ 1078775.152290321886539, 1752911.158588977763429 ], [ 1078746.620479115750641, 1752911.158588977763429 ], [ 1078746.620479115750641, 1752882.62677777162753 ] ] ] } },
{ "type": "Feature", "properties": { "height": 19.126035082655694, "building": "type_1" }, "geometry": { "type": "Polygon", "coordinates": [ [ [ 1101045.509193041594699, 1775295.775634600315243 ], [ 1101053.341780659975484, 1775295.775634600315243 ], [ 1101053.341780659975484, 1775303.608222218696028 ], [ 1101045.509193041594699, 1775303.608222218696028 ], [ 1101045.509193041594699, 1775295.775634600315243 ] ] ] } },
{ "type": "Feature", "properties": { "height": 26.191893422504162, "building": "type_2" }, "geometry": { "type": "Polygon", "coordinates": [ [ [ 1111047.154542595613748, 1764556.095502062002197 ], [ 1111054.005598043557256, 1764556.095502062002197 ], [ 1111054.005598043557256, 1764562.946557509945706 ], [ 1111047.154542595613748, 1764562.946557509945706 ], [ 1111047.154542595613748, 1764556.095502062002197 ] ] ] } },
{ "type": "Feature", "properties": { "height": 25.837588144051143, "building": "type_3" }, "geometry": { "type": "Polygon", "coordinates": [ [ [ 1097284.960564457112923, 1737818.700767325703055 ], [ 1097293.559112296206877, 1737818.700767325703055 ], [ 1097293.559112296206877, 1737827.299315164797008 ], [ 1097284.960564457112923, 1737827.299315164797008 ], [ 1097284.960564457112923, 1737818.700767325703055 ] ] ] } },
{ "type": "Feature", "properties": { "height": 26.827707240159313, "building": "type_3" }, "geometry": { "type": "Polygon", "coordinates": [ [ [ 1084040.883343029767275, 1750780.225186288356781 ], [ 1084060.859457708429545, 1750780.225186288356781 ], [ 1084060.859457708429545, 1750800.201300967019051 ], [ 1084040.883343029767275, 1750800.201300967019051 ], [ 1084040.883343029767275, 1750780.225186288356781 ] ] ] } },
{ "type": "Feature", "properties": { "height": 29.732045445754835, "building": "type_4" }, "geometry": { "type": "Polygon", "coordinates": [ [ [ 1092662.950456357793882, 1770890.371377276722342 ], [ 1092684.851113558979705, 1770890.371377276722342 ], [ 1092684.851113558979705, 1770912.272034477908164 ], [ 1092662.950456357793882, 1770912.272034477908164 ], [ 1092662.950456357793882, 1770890.371377276722342 ] ] ] } },
{ "type": "Feature", "properties": { "height": 8.7067031541315174, "building": "type_2" }, "geometry": { "type": "Polygon", "coordinates": [ [ [ 1085521.366149869048968, 1742863.666536683682352 ], [ 1085550.034493092214689, 1742863.666536683682352 ], [ 1085550.034493092214689, 1742892.334879906848073 ], [ 1085521.366149869048968, 1742892.334879906848073 ], [ 1085521.366149869048968, 1742863.666536683682352 ] ] ] } },
{ "type": "Feature", "properties": { "height": 26.882166933565479, "building": "type_2" }, "geometry": { "type": "Polygon", "coordinates": [ [ [ 1086067.908188306493685, 1735787.300670829135925 ], [ 1086092.215713685611263, 1735787.300670829135925 ], [ 1086092.215713685611263, 1735811.608196208253503 ], [ 1086067.908188306493685, 1735811.608196208253503 ], [ 1086067.908188306493685, 1735787.300670829135925 ] ] ] } },
{ "type": "Feature", "properties": { "height": 20.758898615001161, "building": "type_1" }, "geometry": { "type": "Polygon", "coordinates": [ [ [ 1077086.573857751442119, 1746852.342441203538328 ], [ 1077097.90139623102732, 1746852.342441203538328 ], [ 1077097.90139623102732, 1746863.669979683123529 ], [ 1077086.573857751442119, 1746863.669979683123529 ], [ 1077086.573857751442119, 1746852.342441203538328 ] ] ] } },
{ "type": "Feature", "properties": { "height": 22.431413756990413, "building": "type_3" }, "geometry": { "type": "Polygon", "coordinates": [ [ [ 1111870.244647863088176, 1759880.514527079183608 ], [ 1111891.869510769145563, 1759880.514527079183608 ], [ 1111891.869510769145563, 1759902.139389985240996 ], [ 1111870.244647863088176, 1759902.139389985240996 ], [ 1111870.244647863088176, 1759880.514527079183608 ] ] ] } },
{ "type": "Feature", "properties": { "height": 14.054907475440434, "building": "type_1" }, "geometry": { "type": "Polygon", "coordinates": [ [ [ 1100385.977230817079544, 1738824.370437667937949 ], [ 1100401.827755135018378, 1738824.370437667937949 ], [ 1100401.827755135018378, 1738840.220961985876784 ], [ 1100385.977230817079544, 1738840.220961985876784 ], [ 1100385.977230817079544, 1738824.370437667937949 ] ] ] } },
{ "type": "Feature", "properties": { "height": 28.473643388381394, "building": "type_2" }, "geometry": { "type": "Polygon", "coordinates": [ [ [ 1103753.158603126415983, 1764892.810136243700981 ], [ 1103771.830502273282036, 1764892.810136243700981 ], [ 1103771.830502273282036, 1764911.482035390567034 ], [ 1103753.158603126415983, 1764911.482035390567034 ], [ 1103753.158603126415983, 1764892.810136243700981 ] ] ] } },
{ "type": "Feature", "properties": { "height": 5.4810943903970841, "building": "type_3" }, "geometry": { "type": "Polygon", "coordinates": [ [ [ 1101007.9045818769373, 1772057.521030193660408 ], [ 1101031.372660645283759, 1772057.521030193660408 ], [ 1101031.372660645283759, 1772080.989108962006867 ], [ 1101007.9045818769373, 1772080.989108962006867 ], [ 1101007.9045818769373, 1772057.521030193660408 ] ] ] } },
{ "type": "Feature", "properties": { "height": 19.867003564876853, "building": "type_2" }, "geometry": { "type": "Polygon", "coordinates": [ [ [ 1107228.912419829750434, 1761852.716529871802777 ], [ 1107242.783940598601475, 1761852.716529871802777 ], [ 1107242.783940598601475, 1761866.588050640653819 ], [ 1107228.912419829750434, 1761866.588050640653819 ], [ 1107228.912419829750434, 1761852.716529871802777 ] ] ] } },
{ "type": "Feature", "properties": { "height": 33.178161147348192, "building": "type_3" }, "geometry": { "type": "Polygon", "coordinates": [ [ [ 1091032.195882231928408, 1766432.861422188812867 ], [ 1091058.158178078010678, 1766432.861422188812867 ], [ 1091058.158178078010678, 1766458.823718034895137 ], [ 1091032.195882231928408, 1766458.823718034895137 ], [ 1091032.195882231928408, 1766432.861422188812867 ] ] ] } },
{ "type": "Feature", "properties": { "height": 13.867500952088148, "building": "type_3" }, "geometry": { "type": "Polygon", "coordinates": [ [ [ 1090989.487385140964761, 1736818.891021597664803 ], [ 1091007.327661304501817, 1736818.891021597664803 ], [ 1091007.327661304501817, 1736836.731297761201859 ], [ 1090989.487385140964761, 1736836.731297761201859 ], [ 1090989.487385140964761, 1736818.891021597664803 ] ] ] } },
{ "type": "Feature", "properties": { "height": 16.676237616016511, "building": "type_4" }, "geometry": { "type": "Polygon", "coordinates": [ [ [ 1096095.865146348485723, 1769866.306234050542116 ], [ 1096120.858115447452292, 1769866.306234050542116 ], [ 1096120.858115447452292, 1769891.299203149508685 ], [ 1096095.865146348485723, 1769891.299203149508685 ], [ 1096095.865146348485723, 1769866.306234050542116 ] ] ] } },
{ "type": "Feature", "properties": { "height": 27.058652680965526, "building": "type_3" }, "geometry": { "type": "Polygon", "coordinates": [ [ [ 1108931.08699080045335, 1745880.194248023908585 ], [ 1108947.445626377360895, 1745880.194248023908585 ], [ 1108947.445626377360895, 1745896.552883600816131 ], [ 1108931.08699080045335, 1745896.552883600816131 ], [ 1108931.08699080045335, 1745880.194248023908585 ] ] ] } },
{ "type": "Feature", "properties": { "height": 32.43955755412744, "building": "type_2" }, "geometry": { "type": "Polygon", "coordinates": [ [ [ 1099998.982462945627049, 1773547.333813976030797 ], [ 1100007.592153749195859, 1773547.333813976030797 ], [ 1100007.592153749195859, 1773555.943504779599607 ], [ 1099998.982462945627049, 1773555.943504779599607 ], [ 1099998.982462945627049, 1773547.333813976030797 ] ] ] } },
{ "type": "Feature", "properties": { "height": 19.267150029287951, "building": "type_3" }, "geometry": { "type": "Polygon", "coordinates": [ [ [ 1077304.777653413359076, 1765810.480286340229213 ], [ 1077324.53346989210695, 1765810.480286340229213 ], [ 1077324.53346989210695, 1765830.236102818977088 ], [ 1077304.777653413359076, 1765830.236102818977088 ], [ 1077304.777653413359076, 1765810.480286340229213 ] ] ] } },
{ "type": "Feature", "properties": { "height": 27.931080008351831, "building": "type_1" }, "geometry": { "type": "Polygon", "coordinates": [ [ [ 1086054.520044916076586, 1735830.943715498084202 ], [ 1086069.76182125066407, 1735830.943715498084202 ], [ 1086069.76182125066407, 1735846.185491832671687 ], [ 1086054.520044916076586, 1735846.185491832671687 ], [ 1086054.520044916076586, 1735830.943715498084202 ] ] ] } },
{ "type": "Feature", "properties": { "height": 31.13718238368013, "building": "type_3" }, "geometry": { "type": "Polygon", "coordinates": [ [ [ 1094184.725688221864402, 1779808.586896069580689 ], [ 1094213.288970910012722, 1779808.586896069580689 ], [ 1094213.288970910012722, 1779837.150178757729009 ], [ 1094184.725688221864402, 1779837.150178757729009 ], [ 1094184.725688221864402, 1779808.586896069580689 ] ] ] } },
{ "type": "Feature", "properties": { "height": 13.748493123916743, "building": "type_4" }, "geometry": { "type": "Polygon", "coordinates": [ [ [ 1106029.68308526254259, 1749658.854908031178638 ], [ 1106042.428257145686075, 1749658.854908031178638 ], [ 1106042.428257145686075, 1749671.600079914322123 ], [ 1106029.68308526254259, 1749671.600079914322123 ], [ 1106029.68308526254259, 1749658.854908031178638 ] ] ] } },
{ "type": "Feature", "properties": { "height": 33.984089015221997, "building": "type_2" }, "geometry": { "type": "Polygon", "coordinates": [ [ [ 1084983.946692664176226, 1743356.481121975230053 ], [ 1085010.762587727978826, 1743356.481121975230053 ], [ 1085010.762587727978826, 1743383.297017039032653 ], [ 1084983.946692664176226, 1743383.297017039032653 ], [ 1084983.946692664176226, 1743356.481121975230053 ] ] ] } },
{ "type": "Feature", "properties": { "height": 37.939228438678576, "building": "type_1" }, "geometry": { "type": "Polygon", "coordinates": [ [ [ 1105037.794782031793147, 1756634.9462177651003 ], [ 1105055.435635867528617, 1756634.9462177651003 ], [ 1105055.435635867528617, 1756652.58707160083577 ], [ 1105037.794782031793147, 1756652.58707160083577 ], [ 1105037.794782031793147, 1756634.9462177651003 ] ] ] } },
{ "type": "Feature", "properties": { "height": 23.255978860397537, "building": "type_1" }, "geometry": { "type": "Polygon", "coordinates": [ [ [ 1109122.016338140703738, 1742857.389769634697586 ], [ 1109135.738590016961098, 1742857.389769634697586 ], [ 1109135.738590016961098, 1742871.112021510954946 ], [ 1109122.016338140703738, 1742871.112021510954946 ], [ 1109122.016338140703738, 1742857.389769634697586 ] ] ] } },
{ "type": "Feature", "properties": { "height": 15.358001110052982, "building": "type_3" }, "geometry": { "type": "Polygon", "coordinates": [ [ [ 1077892.248676634393632, 1777835.487450845306739 ], [ 1077897.579952471889555, 1777835.487450845306739 ], [ 1077897.579952471889555, 1777840.818726682802662 ], [ 1077892.248676634393632, 1777840.818726682802662 ], [ 1077892.248676634393632, 1777835.487450845306739 ] ] ] } },
{ "type": "Feature", "properties": { "height": 10.784957155003511, "building": "type_4" }, "geometry": { "type": "Polygon", "coordinates": [ [ [ 1095444.492694493150339, 1765886.200647869380191 ], [ 1095452.431476996978745, 1765886.200647869380191 ], [ 1095452.431476996978745, 1765894.139430373208597 ], [ 1095444.492694493150339, 1765894.139430373208597 ], [ 1095444.492694493150339, 1765886.200647869380191 ] ] ] } },
{ "type": "Feature", "properties": { "height": 17.083048378449035, "building": "type_2" }, "geometry": { "type": "Polygon", "coordinates": [ [ [ 1083729.966909633250907, 1759883.24841110710986 ], [ 1083748.501149886986241, 1759883.24841110710986 ], [ 1083748.501149886986241, 1759901.782651360845193 ], [ 1083729.966909633250907, 1759901.782651360845193 ], [ 1083729.966909633250907, 1759883.24841110710986 ] ] ] } },
{ "type": "Feature", "properties": { "height": 12.78264566618596, "building": "type_1" }, "geometry": { "type": "Polygon", "coordinates": [ [ [ 1102040.704164345748723, 1738565.728280947776511 ], [ 1102048.3378014578484, 1738565.728280947776511 ], [ 1102048.3378014578484, 1738573.361918059876189 ], [ 1102040.704164345748723, 1738573.361918059876189 ], [ 1102040.704164345748723, 1738565.728280947776511 ] ] ] } },
{ "type": "Feature", "properties": { "height": 16.748584156367087, "building": "type_2" }, "geometry": { "type": "Polygon", "coordinates": [ [ [ 1090635.106147963786498, 1771863.541146950330585 ], [ 1090646.79616793547757, 1771863.541146950330585 ], [ 1090646.79616793547757, 1771875.231166922021657 ], [ 1090635.106147963786498, 1771875.231166922021657 ], [ 1090635.106147963786498, 1771863.541146950330585 ] ] ] } },
{ "type": "Feature", "properties": { "height": 23.931675134332828, "building": "type_2" }, "geometry": { "type": "Polygon", "coordinates": [ [ [ 1081052.5400276677683, 1758400.478363051777706 ], [ 1081068.263636003714055, 1758400.478363051777706 ], [ 1081068.263636003714055, 1758416.201971387723461 ], [ 1081052.5400276677683, 1758416.201971387723461 ], [ 1081052.5400276677683, 1758400.478363051777706 ] ] ] } },
{ "type": "Feature", "properties": { "height": 25.13932855501519, "building": "type_1" }, "geometry": { "type": "Polygon", "coordinates": [ [ [ 1098733.85074278479442, 1758827.353657579282299 ], [ 1098752.517874162178487, 1758827.353657579282299 ], [ 1098752.517874162178487, 1758846.020788956666365 ], [ 1098733.85074278479442, 1758846.020788956666365 ], [ 1098733.85074278479442, 1758827.353657579282299 ] ] ] } },
{ "type": "Feature", "properties": { "height": 39.315244959463008, "building": "type_1" }, "geometry": { "type": "Polygon", "coordinates": [ [ [ 1079112.713891281280667, 1762856.900639838073403 ], [ 1079128.691280412487686, 1762856.900639838073403 ], [ 1079128.691280412487686, 1762872.878028969280422 ], [ 1079112.713891281280667, 1762872.878028969280422 ], [ 1079112.713891281280667, 1762856.900639838073403 ] ] ] } },
{ "type": "Feature", "properties": { "height": 19.674508140810772, "building": "type_1" }, "geometry": { "type": "Polygon", "coordinates": [ [ [ 1077150.954016605624929, 1769887.826340635307133 ], [ 1077168.649143204791471, 1769887.826340635307133 ], [ 1077168.649143204791471, 1769905.521467234473675 ], [ 1077150.954016605624929, 1769905.521467234473675 ], [ 1077150.954016605624929, 1769887.826340635307133 ] ] ] } },
{ "type": "Feature", "properties": { "height": 29.102107025775645, "building": "type_4" }, "geometry": { "type": "Polygon", "coordinates": [ [ [ 1082049.076366291381419, 1771710.454769339645281 ], [ 1082069.787027706857771, 1771710.454769339645281 ], [ 1082069.787027706857771, 1771731.165430755121633 ], [ 1082049.076366291381419, 1771731.165430755121633 ], [ 1082049.076366291381419, 1771710.454769339645281 ] ] ] } },
{ "type": "Feature", "properties": { "height": 35.595973875495908, "building": "type_1" }, "geometry": { "type": "Polygon", "coordinates": [ [ [ 1089024.856476954650134, 1771816.501631470164284 ], [ 1089041.482858162373304, 1771816.501631470164284 ], [ 1089041.482858162373304, 1771833.128012677887455 ], [ 1089024.856476954650134, 1771833.128012677887455 ], [ 1089024.856476954650134, 1771816.501631470164284 ] ] ] } },
{ "type": "Feature", "properties": { "height": 34.924090684651603, "building": "type_1" }, "geometry": { "type": "Polygon", "coordinates": [ [ [ 1103988.021952571347356, 1778987.867007613414899 ], [ 1103997.608007481321692, 1778987.867007613414899 ], [ 1103997.608007481321692, 1778997.453062523389235 ], [ 1103988.021952571347356, 1778997.453062523389235 ], [ 1103988.021952571347356, 1778987.867007613414899 ] ] ] } },
{ "type": "Feature", "properties": { "height": 12.121545987415853, "building": "type_4" }, "geometry": { "type": "Polygon", "coordinates": [ [ [ 1086027.190720128361136, 1773828.234240188496187 ], [ 1086054.735070841852576, 1773828.234240188496187 ], [ 1086054.735070841852576, 1773855.778590901987627 ], [ 1086027.190720128361136, 1773855.778590901987627 ], [ 1086027.190720128361136, 1773828.234240188496187 ] ] ] } },
{ "type": "Feature", "properties": { "height": 27.691130260823343, "building": "type_1" }, "geometry": { "type": "Polygon", "coordinates": [ [ [ 1104998.17446999088861, 1751334.961956940824166 ], [ 1105004.838588188635185, 1751334.961956940824166 ], [ 1105004.838588188635185, 1751341.626075138570741 ], [ 1104998.17446999088861, 1751341.626075138570741 ], [ 1104998.17446999088861, 1751334.961956940824166 ] ] ] } },
{ "type": "Feature", "properties": { "height": 6.4993144291689635, "building": "type_3" }, "geometry": { "type": "Polygon", "coordinates": [ [ [ 1077012.525893271435052, 1775164.672999624628574 ], [ 1077041.089541763532907, 1775164.672999624628574 ], [ 1077041.089541763532907, 1775193.236648116726428 ], [ 1077012.525893271435052, 1775193.236648116726428 ], [ 1077012.525893271435052, 1775164.672999624628574 ] ] ] } }
]
}
