{
"type": "FeatureCollection",
"name": "shade_trees_대구",
"crs": { "type": "name", "properties": { "name": "urn:ogc:def:crs:EPSG::5179" } },
"features": [
{ "type": "Feature", "properties": { "species": "은행나무", "height": 19.730698777384617, "crown_width": 15 }, "geometry": { "type": "Point", "coordinates": [ 1091288.955510595347732, 1770851.070514702936634 ] } },
{ "type": "Feature", "properties": { "species": "은행나무", "height": 12.140011425514743, "crown_width": 15 }, "geometry": { "type": "Point", "coordinates": [ 1078022.8668452068232, 1737447.008676696801558 ] } },
{ "type": "Feature", "properties": { "species": "소나무", "height": 13.441719233785737, "crown_width": 12 }, "geometry": { "type": "Point", "coordinates": [ 1104057.081306900130585, 1740241.095987214008346 ] } },
{ "type": "Feature", "properties": { "species": "소나무", "height": 11.008204863326306, "crown_width": 12 }, "geometry": { "type": "Point", "coordinates": [ 1106027.039358879439533, 1737246.598879649769515 ] } },
{ "type": "Feature", "properties": { "species": "소나무", "height": 14.833665733962828, "crown_width": 12 }, "geometry": { "type": "Point", "coordinates": [ 1092030.90639935573563, 1743158.929738617734984 ] } },
{ "type": "Feature", "properties": { "species": "자작나무", "height": 7.0792107311759658, "crown_width": 10 }, "geometry": { "type": "Point", "coordinates": [ 1078013.614567211829126, 1742630.477669840678573 ] } },
{ "type": "Feature", "properties": { "species": "벚나무", "height": 13.958029699464571, "crown_width": 10 }, "geometry": { "type": "Point", "coordinates": [ 1110820.851680618710816, 1758853.159610562026501 ] } },
{ "type": "Feature", "properties": { "species": "은행나무", "height": 12.762479699677861, "crown_width": 15 }, "geometry": { "type": "Point", "coordinates": [ 1081325.332390976138413, 1747866.857294347370043 ] } },
{ "type": "Feature", "properties": { "species": "플라타너스", "height": 17.168197724542331, "crown_width": 20 }, "geometry": { "type": "Point", "coordinates": [ 1092246.729288740083575, 1742835.070874995552003 ] } },
{ "type": "Feature", "properties": { "species": "벚나무", "height": 18.171170057776539, "crown_width": 10 }, "geometry": { "type": "Point", "coordinates": [ 1100575.794491803972051, 1737855.550618451554328 ] } },
{ "type": "Feature", "properties": { "species": "벚나무", "height": 15.445646713829548, "crown_width": 10 }, "geometry": { "type": "Point", "coordinates": [ 1106549.686952694552019, 1769841.68134688725695 ] } },
{ "type": "Feature", "properties": { "species": "소나무", "height": 12.920426830756645, "crown_width": 12 }, "geometry": { "type": "Point", "coordinates": [ 1079206.670716375578195, 1774821.490337592316791 ] } },
{ "type": "Feature", "properties": { "species": "은행나무", "height": 6.2258088937302354, "crown_width": 15 }, "geometry": { "type": "Point", "coordinates": [ 1108024.747299464652315, 1750952.779664303176105 ] } },
{ "type": "Feature", "properties": { "species": "느티나무", "height": 7.5195921395922438, "crown_width": 18 }, "geometry": { "type": "Point", "coordinates": [ 1077347.505923136370257, 1742860.006518286885694 ] } },
{ "type": "Feature", "properties": { "species": "자작나무", "height": 15.959485225406034, "crown_width": 10 }, "geometry": { "type": "Point", "coordinates": [ 1096048.043795359553769, 1766754.608729499857873 ] } },
{ "type": "Feature", "properties": { "species": "느티나무", "height": 6.0578849984914669, "crown_width": 18 }, "geometry": { "type": "Point", "coordinates": [ 1080092.391756963217631, 1758857.910159363644198 ] } },
{ "type": "Feature", "properties": { "species": "은행나무", "height": 11.584268098166191, "crown_width": 15 }, "geometry": { "type": "Point", "coordinates": [ 1081791.841320613399148, 1758855.967843997990713 ] } },
{ "type": "Feature", "properties": { "species": "은행나무", "height": 7.8325293092971302, "crown_width": 15 }, "geometry": { "type": "Point", "coordinates": [ 1109411.404749610228464, 1744871.759157372405753 ] } },
{ "type": "Feature", "properties": { "species": "은행나무", "height": 13.832823257056841, "crown_width": 15 }, "geometry": { "type": "Point", "coordinates": [ 1083525.197077484801412, 1737863.993323449511081 ] } },
{ "type": "Feature", "properties": { "species": "은행나무", "height": 12.698426065841176, "crown_width": 15 }, "geometry": { "type": "Point", "coordinates": [ 1092001.966607444686815, 1778186.824246732052416 ] } },
{ "type": "Feature", "properties": { "species": "플라타너스", "height": 18.67478205926254, "crown_width": 20 }, "geometry": { "type": "Point", "coordinates": [ 1089623.742101771524176, 1744845.755827895598486 ] } },
{ "type": "Feature", "properties": { "species": "벚나무", "height": 16.012677907206317, "crown_width": 10 }, "geometry": { "type": "Point", "coordinates": [ 1087036.363914635265246, 1745132.320135007612407 ] } },
{ "type": "Feature", "properties": { "species": "벚나무", "height": 14.409779949670259, "crown_width": 10 }, "geometry": { "type": "Point", "coordinates": [ 1100014.086928949691355, 1758678.586644615745172 ] } },
{ "type": "Feature", "properties": { "species": "벚나무", "height": 18.417225065148699, "crown_width": 10 }, "geometry": { "type": "Point", "coordinates": [ 1108376.611511188093573, 1745855.305152331944555 ] } },
{ "type": "Feature", "properties": { "species": "소나무", "height": 13.966052240022734, "crown_width": 12 }, "geometry": { "type": "Point", "coordinates": [ 1091578.654912962345406, 1765856.386865314096212 ] } },
{ "type": "Feature", "properties": { "species": "플라타너스", "height": 9.5818010251924903, "crown_width": 20 }, "geometry": { "type": "Point", "coordinates": [ 1087003.500104521866888, 1777911.132383561925963 ] } },
{ "type": "Feature", "properties": { "species": "은행나무", "height": 15.313660514895561, "crown_width": 15 }, "geometry": { "type": "Point", "coordinates": [ 1096185.596499853301793, 1767822.331284545827657 ] } },
{ "type": "Feature", "properties": { "species": "느티나무", "height": 8.5353359441086738, "crown_width": 18 }, "geometry": { "type": "Point", "coordinates": [ 1084234.580974711105227, 1748886.551999303512275 ] } },
{ "type": "Feature", "properties": { "species": "소나무", "height": 12.684446772328982, "crown_width": 12 }, "geometry": { "type": "Point", "coordinates": [ 1095037.872967549134046, 1741460.461771448841318 ] } },
{ "type": "Feature", "properties": { "species": "은행나무", "height": 7.1080854503348725, "crown_width": 15 }, "geometry": { "type": "Point", "coordinates": [ 1101037.197583506582305, 1735772.818924534367397 ] } },
{ "type": "Feature", "properties": { "species": "자작나무", "height": 12.795555561317636, "crown_width": 10 }, "geometry": { "type": "Point", "coordinates": [ 1111263.741334987105802, 1745879.232825136044994 ] } },
{ "type": "Feature", "properties": { "species": "느티나무", "height": 8.8195930193391909, "crown_width": 18 }, "geometry": { "type": "Point", "coordinates": [ 1079064.63841763488017, 1767237.755086659919471 ] } },
{ "type": "Feature", "properties": { "species": "소나무", "height": 12.477590673022345, "crown_width": 12 }, "geometry": { "type": "Point", "coordinates": [ 1112065.399491954129189, 1754224.978244420373812 ] } },
{ "type": "Feature", "properties": { "species": "플라타너스", "height": 15.357375261632438, "crown_width": 20 }, "geometry": { "type": "Point", "coordinates": [ 1090031.342845095554367, 1764448.508473226102069 ] } },
{ "type": "Feature", "properties": { "species": "자작나무", "height": 7.7045609766227514, "crown_width": 10 }, "geometry": { "type": "Point", "coordinates": [ 1103054.223009808920324, 1755471.02265017060563 ] } },
{ "type": "Feature", "properties": { "species": "자작나무", "height": 10.255497379583694, "crown_width": 10 }, "geometry": { "type": "Point", "coordinates": [ 1077059.707865744130686, 1760942.563570708502084 ] } },
{ "type": "Feature", "properties": { "species": "자작나무", "height": 10.817566953857394, "crown_width": 10 }, "geometry": { "type": "Point", "coordinates": [ 1111000.449703646125272, 1738828.290705376304686 ] } },
{ "type": "Feature", "properties": { "species": "느티나무", "height": 8.6166524849740149, "crown_width": 18 }, "geometry": { "type": "Point", "coordinates": [ 1083058.750808807089925, 1776284.08569980529137 ] } },
{ "type": "Feature", "properties": { "species": "자작나무", "height": 13.417552957520996, "crown_width": 10 }, "geometry": { "type": "Point", "coordinates": [ 1094022.356039296137169, 1773967.744835483375937 ] } },
{ "type": "Feature", "properties": { "species": "자작나무", "height": 7.6983327518210922, "crown_width": 10 }, "geometry": { "type": "Point", "coordinates": [ 1084023.503961923066527, 1736335.536092767026275 ] } },
{ "type": "Feature", "properties": { "species": "자작나무", "height": 10.759582398296526, "crown_width": 10 }, "geometry": { "type": "Point", "coordinates": [ 1089020.64947928278707, 1741098.582768036285415 ] } },
{ "type": "Feature", "properties": { "species": "자작나무", "height": 12.0842065904483, "crown_width": 10 }, "geometry": { "type": "Point", "coordinates": [ 1098049.945793770253658, 1774408.004789870465174 ] } },
{ "type": "Feature", "properties": { "species": "플라타너스", "height": 17.183848636982866, "crown_width": 20 }, "geometry": { "type": "Point", "coordinates": [ 1086486.389952013501897, 1750871.826448211213574 ] } },
{ "type": "Feature", "properties": { "species": "은행나무", "height": 14.148214590139093, "crown_width": 15 }, "geometry": { "type": "Point", "coordinates": [ 1084007.601666914997622, 1752116.605074947001413 ] } },
{ "type": "Feature", "properties": { "species": "벚나무", "height": 13.028995404574399, "crown_width": 10 }, "geometry": { "type": "Point", "coordinates": [ 1097065.054143700515851, 1760483.753402797039598 ] } },
{ "type": "Feature", "properties": { "species": "벚나무", "height": 19.774985890658513, "crown_width": 10 }, "geometry": { "type": "Point", "coordinates": [ 1077588.127278799656779, 1769861.066596343182027 ] } },
{ "type": "Feature", "properties": { "species": "소나무", "height": 11.071874653672067, "crown_width": 12 }, "geometry": { "type": "Point", "coordinates": [ 1093264.419639674248174, 1755834.894554163096473 ] } },
{ "type": "Feature", "properties": { "species": "은행나무", "height": 12.105502755225707, "crown_width": 15 }, "geometry": { "type": "Point", "coordinates": [ 1101026.920598578406498, 1756872.086387529270723 ] } },
{ "type": "Feature", "properties": { "species": "느티나무", "height": 7.777412434503459, "crown_width": 18 }, "geometry": { "type": "Point", "coordinates": [ 1091052.246553981211036, 1748512.491049426840618 ] } },
{ "type": "Feature", "properties": { "species": "느티나무", "height": 15.94226311848978, "crown_width": 18 }, "geometry": { "type": "Point", "coordinates": [ 1107033.542331573087722, 1766885.837985246675089 ] } },
{ "type": "Feature", "properties": { "species": "플라타너스", "height": 6.9762888407922317, "crown_width": 20 }, "geometry": { "type": "Point", "coordinates": [ 1090984.972646073438227, 1771880.480901022674516 ] } },
{ "type": "Feature", "properties": { "species": "플라타너스", "height": 9.8807287382296813, "crown_width": 20 }, "geometry": { "type": "Point", "coordinates": [ 1079035.894580605207011, 1759797.137893355917186 ] } },
{ "type": "Feature", "properties": { "species": "은행나무", "height": 18.251743474225144, "crown_width": 15 }, "geometry": { "type": "Point", "coordinates": [ 1092769.28163723112084, 1752834.504986319225281 ] } },
{ "type": "Feature", "properties": { "species": "자작나무", "height": 9.9398453329006209, "crown_width": 10 }, "geometry": { "type": "Point", "coordinates": [ 1095391.133024594048038, 1740876.456790306139737 ] } },
{ "type": "Feature", "properties": { "species": "느티나무", "height": 18.448780475441264, "crown_width": 18 }, "geometry": { "type": "Point", "coordinates": [ 1080892.644874797435477, 1745833.130996889201924 ] } },
{ "type": "Feature", "properties": { "species": "자작나무", "height": 7.3204908425306954, "crown_width": 10 }, "geometry": { "type": "Point", "coordinates": [ 1078044.219346651807427, 1779343.497071313671768 ] } },
{ "type": "Feature", "properties": { "species": "소나무", "height": 15.53264198592939, "crown_width": 12 }, "geometry": { "type": "Point", "coordinates": [ 1103878.727706470293924, 1740846.944482736755162 ] } },
{ "type": "Feature", "properties": { "species": "플라타너스", "height": 11.458239224596094, "crown_width": 20 }, "geometry": { "type": "Point", "coordinates": [ 1107049.458557699806988, 1750346.179420328931883 ] } },
{ "type": "Feature", "properties": { "species": "플라타너스", "height": 10.883162425217876, "crown_width": 20 }, "geometry": { "type": "Point", "coordinates": [ 1081021.485175196314231, 1774247.017517284955829 ] } },
{ "type": "Feature", "properties": { "species": "느티나무", "height": 11.822551789521167, "crown_width": 18 }, "geometry": { "type": "Point", "coordinates": [ 1088919.395070880651474, 1737861.82247451483272 ] } },
{ "type": "Feature", "properties": { "species": "은행나무", "height": 16.078309890952543, "crown_width": 15 }, "geometry": { "type": "Point", "coordinates": [ 1079066.567727951332927, 1739572.669177417643368 ] } },
{ "type": "Feature", "properties": { "species": "소나무", "height": 7.0139425538777171, "crown_width": 12 }, "geometry": { "type": "Point", "coordinates": [ 1091782.193012493662536, 1754856.58498925389722 ] } },
{ "type": "Feature", "properties": { "species": "벚나무", "height": 16.384645910028276, "crown_width": 10 }, "geometry": { "type": "Point", "coordinates": [ 1090055.971960313618183, 1772044.78843266912736 ] } },
{ "type": "Feature", "properties": { "species": "은행나무", "height": 19.72766321994353, "crown_width": 15 }, "geometry": { "type": "Point", "coordinates": [ 1109653.515824785223231, 1760831.046707290923223 ] } },
{ "type": "Feature", "properties": { "species": "플라타너스", "height": 17.488039075490406, "crown_width": 20 }, "geometry": { "type": "Point", "coordinates": [ 1080012.111278943484649, 1742092.765777554595843 ] } },
{ "type": "Feature", "properties": { "species": "벚나무", "height": 13.720588573883555, "crown_width": 10 }, "geometry": { "type": "Point", "coordinates": [ 1100895.604450688464567, 1762862.957203566562384 ] } },
{ "type": "Feature", "properties": { "species": "느티나무", "height": 6.4123979020900403, "crown_width": 18 }, "geometry": { "type": "Point", "coordinates": [ 1083453.646949711954221, 1759854.655558268073946 ] } },
{ "type": "Feature", "properties": { "species": "느티나무", "height": 11.202901570368317, "crown_width": 18 }, "geometry": { "type": "Point", "coordinates": [ 1080056.258288105484098, 1776847.4909931961447 ] } },
{ "type": "Feature", "properties": { "species": "느티나무", "height": 8.1918057644160704, "crown_width": 18 }, "geometry": { "type": "Point", "coordinates": [ 1103391.49195970594883, 1757847.424059449927881 ] } },
{ "type": "Feature", "properties": { "species": "자작나무", "height": 15.899610843747466, "crown_width": 10 }, "geometry": { "type": "Point", "coordinates": [ 1098051.376211911439896, 1773794.152548379730433 ] } },
{ "type": "Feature", "properties": { "species": "자작나무", "height": 12.521700704542351, "crown_width": 10 }, "geometry": { "type": "Point", "coordinates": [ 1096460.075264270650223, 1764853.82020716695115 ] } },
{ "type": "Feature", "properties": { "species": "은행나무", "height": 8.3109301995925229, "crown_width": 15 }, "geometry": { "type": "Point", "coordinates": [ 1077651.357612955383956, 1751843.624386889394373 ] } },
{ "type": "Feature", "properties": { "species": "플라타너스", "height": 17.423525255338838, "crown_width": 20 }, "geometry": { "type": "Point", "coordinates": [ 1085877.264003571588546, 1751862.228552273241803 ] } },
{ "type": "Feature", "properties": { "species": "자작나무", "height": 6.8064450558806762, "crown_width": 10 }, "geometry": { "type": "Point", "coordinates": [ 1108999.343124048085883, 1763680.328010206343606 ] } },
{ "type": "Feature", "properties": { "species": "느티나무", "height": 19.353457646402671, "crown_width": 18 }, "geometry": { "type": "Point", "coordinates": [ 1084303.475939126452431, 1767856.005642011296004 ] } },
{ "type": "Feature", "properties": { "species": "느티나무", "height": 14.236538469245119, "crown_width": 18 }, "geometry": { "type": "Point", "coordinates": [ 1094488.148923436645418, 1738861.663399613695219 ] } },
{ "type": "Feature", "properties": { "species": "느티나무", "height": 7.5272347617004387, "crown_width": 18 }, "geometry": { "type": "Point", "coordinates": [ 1106122.998618667479604, 1776887.209029904101044 ] } },
{ "type": "Feature", "properties": { "species": "느티나무", "height": 6.0998842375861715, "crown_width": 18 }, "geometry": { "type": "Point", "coordinates": [ 1093022.966455729445443, 1779740.079318518517539 ] } },
{ "type": "Feature", "properties": { "species": "자작나무", "height": 11.251528073365261, "crown_width": 10 }, "geometry": { "type": "Point", "coordinates": [ 1080058.563601411180571, 1768496.093277623876929 ] } },
{ "type": "Feature", "properties": { "species": "은행나무", "height": 8.8633741280778402, "crown_width": 15 }, "geometry": { "type": "Point", "coordinates": [ 1095856.753661759663373, 1758879.696566166356206 ] } },
{ "type": "Feature", "properties": { "species": "벚나무", "height": 10.893259383487393, "crown_width": 10 }, "geometry": { "type": "Point", "coordinates": [ 1096199.727414438035339, 1761813.329781003762037 ] } },
{ "type": "Feature", "properties": { "species": "느티나무", "height": 11.248408128641124, "crown_width": 18 }, "geometry": { "type": "Point", "coordinates": [ 1081634.754340462619439, 1767849.149733685655519 ] } },
{ "type": "Feature", "properties": { "species": "자작나무", "height": 6.726613259878901, "crown_width": 10 }, "geometry": { "type": "Point", "coordinates": [ 1110038.865636043483391, 1762085.074571939883754 ] } },
{ "type": "Feature", "properties": { "species": "은행나무", "height": 13.281064991433254, "crown_width": 15 }, "geometry": { "type": "Point", "coordinates": [ 1085027.485849224962294, 1771432.270341333700344 ] } },
{ "type": "Feature", "properties": { "species": "은행나무", "height": 19.728362788867845, "crown_width": 15 }, "geometry": { "type": "Point", "coordinates": [ 1113033.750495783519, 1769843.77455016435124 ] } },
{ "type": "Feature", "properties": { "species": "자작나무", "height": 16.360194890101038, "crown_width": 10 }, "geometry": { "type": "Point", "coordinates": [ 1106315.343873091274872, 1748871.08497328357771 ] } },
{ "type": "Feature", "properties": { "species": "느티나무", "height": 18.835882993818863, "crown_width": 18 }, "geometry": { "type": "Point", "coordinates": [ 1086932.529307732591406, 1763813.714644362451509 ] } },
{ "type": "Feature", "properties": { "species": "벚나무", "height": 10.757351956620825, "crown_width": 10 }, "geometry": { "type": "Point", "coordinates": [ 1101001.85766898165457, 1746731.874577315757051 ] } },
{ "type": "Feature", "properties": { "species": "소나무", "height": 7.9767276543423922, "crown_width": 12 }, "geometry": { "type": "Point", "coordinates": [ 1085002.532209548400715, 1740550.764460945967585 ] } },
{ "type": "Feature", "properties": { "species": "소나무", "height": 8.0681198109546823, "crown_width": 12 }, "geometry": { "type": "Point", "coordinates": [ 1082273.048542334930971, 1737859.266113079385832 ] } },
{ "type": "Feature", "properties": { "species": "플라타너스", "height": 18.114353184581475, "crown_width": 20 }, "geometry": { "type": "Point", "coordinates": [ 1097967.106498110573739, 1774857.453217753209174 ] } },
{ "type": "Feature", "properties": { "species": "자작나무", "height": 13.891304300588699, "crown_width": 10 }, "geometry": { "type": "Point", "coordinates": [ 1103094.592416349798441, 1737836.130851306952536 ] } },
{ "type": "Feature", "properties": { "species": "은행나무", "height": 18.485860154295317, "crown_width": 15 }, "geometry": { "type": "Point", "coordinates": [ 1103051.441138827707618, 1755850.830022369744256 ] } },
{ "type": "Feature", "properties": { "species": "은행나무", "height": 13.650706303367189, "crown_width": 15 }, "geometry": { "type": "Point", "coordinates": [ 1098014.39155655936338, 1751222.518797275843099 ] } },
{ "type": "Feature", "properties": { "species": "은행나무", "height": 10.310534741277895, "crown_width": 15 }, "geometry": { "type": "Point", "coordinates": [ 1092226.598376604262739, 1748853.341153586283326 ] } },
{ "type": "Feature", "properties": { "species": "느티나무", "height": 6.5234895228141507, "crown_width": 18 }, "geometry": { "type": "Point", "coordinates": [ 1100027.119735123356804, 1762035.73181362147443 ] } },
{ "type": "Feature", "properties": { "species": "은행나무", "height": 9.9939344675124691, "crown_width": 15 }, "geometry": { "type": "Point", "coordinates": [ 1111997.437598178628832, 1759205.185266830958426 ] } },
{ "type": "Feature", "properties": { "species": "소나무", "height": 9.9836887757398252, "crown_width": 12 }, "geometry": { "type": "Point", "coordinates": [ 1090842.710973721463233, 1741836.500170368002728 ] } },
{ "type": "Feature", "properties": { "species": "소나무", "height": 10.693336292611759, "crown_width": 12 }, "geometry": { "type": "Point", "coordinates": [ 1086379.893661536742002, 1749824.077545010717586 ] } },
{ "type": "Feature", "properties": { "species": "은행나무", "height": 14.473175703240928, "crown_width": 15 }, "geometry": { "type": "Point", "coordinates": [ 1110984.98256188002415, 1751863.105227993801236 ] } },
{ "type": "Feature", "properties": { "species": "소나무", "height": 16.259421880554189, "crown_width": 12 }, "geometry": { "type": "Point", "coordinates": [ 1091059.388102504657581, 1771853.177974947728217 ] } },
{ "type": "Feature", "properties": { "species": "벚나무", "height": 13.359961577782069, "crown_width": 10 }, "geometry": { "type": "Point", "coordinates": [ 1109502.186296188738197, 1775886.413145418046042 ] } },
{ "type": "Feature", "properties": { "species": "소나무", "height": 15.819037214255257, "crown_width": 12 }, "geometry": { "type": "Point", "coordinates": [ 1091719.859768619993702, 1758848.704846852226183 ] } },
{ "type": "Feature", "properties": { "species": "은행나무", "height": 12.400544187747723, "crown_width": 15 }, "geometry": { "type": "Point", "coordinates": [ 1102997.814755138242617, 1747968.521586536662653 ] } },
{ "type": "Feature", "properties": { "species": "자작나무", "height": 14.355231021765984, "crown_width": 10 }, "geometry": { "type": "Point", "coordinates": [ 1080380.810626600403339, 1743846.798026341712102 ] } },
{ "type": "Feature", "properties": { "species": "느티나무", "height": 19.185297501827563, "crown_width": 18 }, "geometry": { "type": "Point", "coordinates": [ 1101013.911313245771453, 1776788.154390910174698 ] } },
{ "type": "Feature", "properties": { "species": "은행나무", "height": 9.4059318977880508, "crown_width": 15 }, "geometry": { "type": "Point", "coordinates": [ 1109020.509911242173985, 1734813.42093208595179 ] } },
{ "type": "Feature", "properties": { "species": "플라타너스", "height": 10.577554601521506, "crown_width": 20 }, "geometry": { "type": "Point", "coordinates": [ 1106890.902429666835815, 1769845.086806036299095 ] } },
{ "type": "Feature", "properties": { "species": "플라타너스", "height": 12.45593018745037, "crown_width": 20 }, "geometry": { "type": "Point", "coordinates": [ 1087692.400613006204367, 1744862.786339550511912 ] } },
{ "type": "Feature", "properties": { "species": "소나무", "height": 8.2241254104269732, "crown_width": 12 }, "geometry": { "type": "Point", "coordinates": [ 1110477.010807372629642, 1779886.199337190715596 ] } },
{ "type": "Feature", "properties": { "species": "벚나무", "height": 9.1574883798708306, "crown_width": 10 }, "geometry": { "type": "Point", "coordinates": [ 1088970.392633269540966, 1774857.026466796873137 ] } },
{ "type": "Feature", "properties": { "species": "자작나무", "height": 19.98141918806424, "crown_width": 10 }, "geometry": { "type": "Point", "coordinates": [ 1104045.682491844519973, 1748301.449363745050505 ] } },
{ "type": "Feature", "properties": { "species": "자작나무", "height": 16.705299012570833, "crown_width": 10 }, "geometry": { "type": "Point", "coordinates": [ 1091030.116374422097579, 1762710.940403156913817 ] } },
{ "type": "Feature", "properties": { "species": "느티나무", "height": 14.622524615698056, "crown_width": 18 }, "geometry": { "type": "Point", "coordinates": [ 1108027.062343078898266, 1751309.220683258259669 ] } },
{ "type": "Feature", "properties": { "species": "은행나무", "height": 7.6592658015287416, "crown_width": 15 }, "geometry": { "type": "Point", "coordinates": [ 1090034.582726000342518, 1750819.738373534986749 ] } },
{ "type": "Feature", "properties": { "species": "플라타너스", "height": 11.353182973862523, "crown_width": 20 }, "geometry": { "type": "Point", "coordinates": [ 1086516.890290772775188, 1737872.069827354280278 ] } },
{ "type": "Feature", "properties": { "species": "소나무", "height": 17.621335843284477, "crown_width": 12 }, "geometry": { "type": "Point", "coordinates": [ 1093359.262594818836078, 1759848.420333650661632 ] } },
{ "type": "Feature", "properties": { "species": "느티나무", "height": 9.8008857104884157, "crown_width": 18 }, "geometry": { "type": "Point", "coordinates": [ 1101905.77872360101901, 1754846.136921602999792 ] } },
{ "type": "Feature", "properties": { "species": "은행나무", "height": 14.744599446214322, "crown_width": 15 }, "geometry": { "type": "Point", "coordinates": [ 1087001.256845466792583, 1751712.192356862360612 ] } },
{ "type": "Feature", "properties": { "species": "벚나무", "height": 10.061209950677327, "crown_width": 10 }, "geometry": { "type": "Point", "coordinates": [ 1084271.080115433316678, 1768865.233470239676535 ] } },
{ "type": "Feature", "properties": { "species": "벚나무", "height": 19.924545416147229, "crown_width": 10 }, "geometry": { "type": "Point", "coordinates": [ 1102316.610021374886855, 1777866.614061067812145 ] } },
{ "type": "Feature", "properties": { "species": "느티나무", "height": 19.201885435108572, "crown_width": 18 }, "geometry": { "type": "Point", "coordinates": [ 1102050.314700063550845, 1768545.117589542642236 ] } },
{ "type": "Feature", "properties": { "species": "느티나무", "height": 6.3827709384723628, "crown_width": 18 }, "geometry": { "type": "Point", "coordinates": [ 1101912.005076763685793, 1772848.168069413164631 ] } },
{ "type": "Feature", "properties": { "species": "느티나무", "height": 9.6571798022169837, "crown_width": 18 }, "geometry": { "type": "Point", "coordinates": [ 1094060.250187056837603, 1736709.771575507475063 ] } },
{ "type": "Feature", "properties": { "species": "자작나무", "height": 13.269925055999568, "crown_width": 10 }, "geometry": { "type": "Point", "coordinates": [ 1097996.110781765077263, 1758134.225967169273645 ] } },
{ "type": "Feature", "properties": { "species": "벚나무", "height": 8.3864606837502667, "crown_width": 10 }, "geometry": { "type": "Point", "coordinates": [ 1079048.324703977676108, 1744063.686976499157026 ] } },
{ "type": "Feature", "properties": { "species": "자작나무", "height": 14.35975475776339, "crown_width": 10 }, "geometry": { "type": "Point", "coordinates": [ 1094404.129415443865582, 1768831.370864635100588 ] } },
{ "type": "Feature", "properties": { "species": "플라타너스", "height": 8.7136823278908189, "crown_width": 20 }, "geometry": { "type": "Point", "coordinates": [ 1094998.309354750672355, 1736205.943075826158747 ] } },
{ "type": "Feature", "properties": { "species": "소나무", "height": 10.539102742183601, "crown_width": 12 }, "geometry": { "type": "Point", "coordinates": [ 1111277.689464610768482, 1738861.063509750878438 ] } },
{ "type": "Feature", "properties": { "species": "플라타너스", "height": 14.749502344923947, "crown_width": 20 }, "geometry": { "type": "Point", "coordinates": [ 1086055.664895685622469, 1768941.195538302650675 ] } },
{ "type": "Feature", "properties": { "species": "자작나무", "height": 17.076762919557087, "crown_width": 10 }, "geometry": { "type": "Point", "coordinates": [ 1088002.807928066002205, 1756518.481661744182929 ] } },
{ "type": "Feature", "properties": { "species": "자작나무", "height": 9.1629295703098137, "crown_width": 10 }, "geometry": { "type": "Point", "coordinates": [ 1082242.155542348045856, 1772851.28718430432491 ] } },
{ "type": "Feature", "properties": { "species": "은행나무", "height": 17.694803412323729, "crown_width": 15 }, "geometry": { "type": "Point", "coordinates": [ 1085194.786385597428307, 1778861.913773408159614 ] } },
{ "type": "Feature", "properties": { "species": "벚나무", "height": 18.884626061815759, "crown_width": 10 }, "geometry": { "type": "Point", "coordinates": [ 1097836.573822536040097, 1739855.067957891151309 ] } },
{ "type": "Feature", "properties": { "species": "자작나무", "height": 7.1762750660992918, "crown_width": 10 }, "geometry": { "type": "Point", "coordinates": [ 1102046.532076354604214, 1773848.444405378773808 ] } },
{ "type": "Feature", "properties": { "species": "느티나무", "height": 13.626687193882811, "crown_width": 18 }, "geometry": { "type": "Point", "coordinates": [ 1101017.327105005737394, 1755557.43366967770271 ] } },
{ "type": "Feature", "properties": { "species": "벚나무", "height": 13.406647013113, "crown_width": 10 }, "geometry": { "type": "Point", "coordinates": [ 1088647.032073545735329, 1744843.291036133887246 ] } },
{ "type": "Feature", "properties": { "species": "자작나무", "height": 17.000152717267845, "crown_width": 10 }, "geometry": { "type": "Point", "coordinates": [ 1090029.901091818232089, 1748720.863823948893696 ] } },
{ "type": "Feature", "properties": { "species": "플라타너스", "height": 19.532111262423481, "crown_width": 20 }, "geometry": { "type": "Point", "coordinates": [ 1100713.779416212812066, 1773860.783078992273659 ] } },
{ "type": "Feature", "properties": { "species": "소나무", "height": 12.106913396469322, "crown_width": 12 }, "geometry": { "type": "Point", "coordinates": [ 1108035.587899127975106, 1768274.259041229728609 ] } },
{ "type": "Feature", "properties": { "species": "은행나무", "height": 15.455725827844651, "crown_width": 15 }, "geometry": { "type": "Point", "coordinates": [ 1109047.824571968289092, 1753043.585928197251633 ] } },
{ "type": "Feature", "properties": { "species": "은행나무", "height": 18.893429168913794, "crown_width": 15 }, "geometry": { "type": "Point", "coordinates": [ 1091048.569163841195405, 1750803.96736400318332 ] } },
{ "type": "Feature", "properties": { "species": "자작나무", "height": 9.2166903628932122, "crown_width": 10 }, "geometry": { "type": "Point", "coordinates": [ 1108008.56925138598308, 1766351.282434772700071 ] } },
{ "type": "Feature", "properties": { "species": "은행나무", "height": 11.637058319341854, "crown_width": 15 }, "geometry": { "type": "Point", "coordinates": [ 1084032.757079782662913, 1754529.898468667874113 ] } },
{ "type": "Feature", "properties": { "species": "소나무", "height": 9.9743235041316574, "crown_width": 12 }, "geometry": { "type": "Point", "coordinates": [ 1096617.334528979845345, 1744890.754501784453169 ] } },
{ "type": "Feature", "properties": { "species": "플라타너스", "height": 7.2473435507878241, "crown_width": 20 }, "geometry": { "type": "Point", "coordinates": [ 1082035.258393632480875, 1735338.664089097408578 ] } },
{ "type": "Feature", "properties": { "species": "자작나무", "height": 18.198568248992508, "crown_width": 10 }, "geometry": { "type": "Point", "coordinates": [ 1103053.278990245424211, 1772375.637620557565242 ] } },
{ "type": "Feature", "properties": { "species": "자작나무", "height": 10.768350134972071, "crown_width": 10 }, "geometry": { "type": "Point", "coordinates": [ 1080045.14668355579488, 1760110.666144548216835 ] } },
{ "type": "Feature", "properties": { "species": "소나무", "height": 8.8267055546202506, "crown_width": 12 }, "geometry": { "type": "Point", "coordinates": [ 1090855.311033802106977, 1773856.434640606399626 ] } },
{ "type": "Feature", "properties": { "species": "소나무", "height": 11.292974192766081, "crown_width": 12 }, "geometry": { "type": "Point", "coordinates": [ 1111020.150609412696213, 1740467.270409300224856 ] } },
{ "type": "Feature", "properties": { "species": "은행나무", "height": 13.809181245113058, "crown_width": 15 }, "geometry": { "type": "Point", "coordinates": [ 1104050.406645783688873, 1742610.739980716025457 ] } },
{ "type": "Feature", "properties": { "species": "벚나무", "height": 14.455607889668483, "crown_width": 10 }, "geometry": { "type": "Point", "coordinates": [ 1083457.605391968041658, 1779845.504445442697033 ] } },
{ "type": "Feature", "properties": { "species": "소나무", "height": 7.1368118984052433, "crown_width": 12 }, "geometry": { "type": "Point", "coordinates": [ 1081387.309347941307351, 1763847.165386684238911 ] } },
{ "type": "Feature", "properties": { "species": "은행나무", "height": 17.161047784639461, "crown_width": 15 }, "geometry": { "type": "Point", "coordinates": [ 1109036.716456412803382, 1746772.100230544107035 ] } },
{ "type": "Feature", "properties": { "species": "소나무", "height": 19.049242402614752, "crown_width": 12 }, "geometry": { "type": "Point", "coordinates": [ 1093029.562188120093197, 1757041.423353303223848 ] } },
{ "type": "Feature", "properties": { "species": "은행나무", "height": 18.18763868858948, "crown_width": 15 }, "geometry": { "type": "Point", "coordinates": [ 1082197.264512829948217, 1767863.350840932689607 ] } },
{ "type": "Feature", "properties": { "species": "소나무", "height": 10.638318824411829, "crown_width": 12 }, "geometry": { "type": "Point", "coordinates": [ 1103721.330172387184575, 1773848.797122206538916 ] } },
{ "type": "Feature", "properties": { "species": "느티나무", "height": 11.475947620652066, "crown_width": 18 }, "geometry": { "type": "Point", "coordinates": [ 1093042.777571271406487, 1778618.777937477920204 ] } },
{ "type": "Feature", "properties": { "species": "자작나무", "height": 11.97341267533694, "crown_width": 10 }, "geometry": { "type": "Point", "coordinates": [ 1108028.683355510933325, 1756902.513741545844823 ] } },
{ "type": "Feature", "properties": { "species": "소나무", "height": 18.698832975385844, "crown_width": 12 }, "geometry": { "type": "Point", "coordinates": [ 1089025.836612163344398, 1771689.298075845465064 ] } },
{ "type": "Feature", "properties": { "species": "벚나무", "height": 10.923371266569493, "crown_width": 10 }, "geometry": { "type": "Point", "coordinates": [ 1078059.063996758777648, 1751015.307393910130486 ] } },
{ "type": "Feature", "properties": { "species": "느티나무", "height": 19.167781391000624, "crown_width": 18 }, "geometry": { "type": "Point", "coordinates": [ 1083030.009170719655231, 1770293.520541488658637 ] } },
{ "type": "Feature", "properties": { "species": "느티나무", "height": 17.724544399191117, "crown_width": 18 }, "geometry": { "type": "Point", "coordinates": [ 1090033.503787976689637, 1741922.618292105617002 ] } },
{ "type": "Feature", "properties": { "species": "플라타너스", "height": 6.1783258915746853, "crown_width": 20 }, "geometry": { "type": "Point", "coordinates": [ 1083276.92595629254356, 1773854.81078235944733 ] } },
{ "type": "Feature", "properties": { "species": "소나무", "height": 9.734426520501021, "crown_width": 12 }, "geometry": { "type": "Point", "coordinates": [ 1084399.054116977378726, 1779850.473489981144667 ] } },
{ "type": "Feature", "properties": { "species": "은행나무", "height": 13.118120083314022, "crown_width": 15 }, "geometry": { "type": "Point", "coordinates": [ 1093041.439704292453825, 1769257.486618352122605 ] } },
{ "type": "Feature", "properties": { "species": "자작나무", "height": 17.109695595289931, "crown_width": 10 }, "geometry": { "type": "Point", "coordinates": [ 1089034.037821713835001, 1763890.416860030265525 ] } },
{ "type": "Feature", "properties": { "species": "느티나무", "height": 14.956095303205148, "crown_width": 18 }, "geometry": { "type": "Point", "coordinates": [ 1101382.974384545348585, 1767841.770686756353825 ] } },
{ "type": "Feature", "properties": { "species": "느티나무", "height": 11.165448818259005, "crown_width": 18 }, "geometry": { "type": "Point", "coordinates": [ 1080353.160452508833259, 1745856.610736817819998 ] } },
{ "type": "Feature", "properties": { "species": "자작나무", "height": 9.7015644748616978, "crown_width": 10 }, "geometry": { "type": "Point", "coordinates": [ 1087084.299284437205642, 1751865.761111522559077 ] } },
{ "type": "Feature", "properties": { "species": "벚나무", "height": 13.6337277362537, "crown_width": 10 }, "geometry": { "type": "Point", "coordinates": [ 1090773.04604179575108, 1748855.751428781542927 ] } },
{ "type": "Feature", "properties": { "species": "느티나무", "height": 8.7767120513828729, "crown_width": 18 }, "geometry": { "type": "Point", "coordinates": [ 1105056.354556565871462, 1739143.075377219822258 ] } },
{ "type": "Feature", "properties": { "species": "은행나무", "height": 17.274573635906464, "crown_width": 15 }, "geometry": { "type": "Point", "coordinates": [ 1086722.057084686355665, 1766875.217165090376511 ] } },
{ "type": "Feature", "properties": { "species": "플라타너스", "height": 11.461754354649573, "crown_width": 20 }, "geometry": { "type": "Point", "coordinates": [ 1087027.400702334241942, 1750766.380550731904805 ] } },
{ "type": "Feature", "properties": { "species": "벚나무", "height": 18.226134575945984, "crown_width": 10 }, "geometry": { "type": "Point", "coordinates": [ 1109863.005063446704298, 1737837.223591322312132 ] } },
{ "type": "Feature", "properties": { "species": "은행나무", "height": 8.7027660336470589, "crown_width": 15 }, "geometry": { "type": "Point", "coordinates": [ 1085006.098422640934587, 1746938.688225496094674 ] } },
{ "type": "Feature", "properties": { "species": "자작나무", "height": 6.5994649387329627, "crown_width": 10 }, "geometry": { "type": "Point", "coordinates": [ 1093417.641631942242384, 1776845.976997704477981 ] } },
{ "type": "Feature", "properties": { "species": "벚나무", "height": 10.301539051038571, "crown_width": 10 }, "geometry": { "type": "Point", "coordinates": [ 1090270.668747616233304, 1762854.421645050868392 ] } },
{ "type": "Feature", "properties": { "species": "벚나무", "height": 18.114829599869857, "crown_width": 10 }, "geometry": { "type": "Point", "coordinates": [ 1093338.40087395417504, 1774879.301347124623135 ] } },
{ "type": "Feature", "properties": { "species": "소나무", "height": 8.9297020115730135, "crown_width": 12 }, "geometry": { "type": "Point", "coordinates": [ 1079842.02389580802992, 1772852.911836847895756 ] } },
{ "type": "Feature", "properties": { "species": "자작나무", "height": 19.981506234261666, "crown_width": 10 }, "geometry": { "type": "Point", "coordinates": [ 1104015.34225481050089, 1766189.535207043169066 ] } },
{ "type": "Feature", "properties": { "species": "느티나무", "height": 6.6609965192485143, "crown_width": 18 }, "geometry": { "type": "Point", "coordinates": [ 1111046.134340667864308, 1779362.44536190899089 ] } },
{ "type": "Feature", "properties": { "species": "플라타너스", "height": 18.907705561202675, "crown_width": 20 }, "geometry": { "type": "Point", "coordinates": [ 1107074.161976655479521, 1743869.690769649809226 ] } },
{ "type": "Feature", "properties": { "species": "은행나무", "height": 8.3099720758937785, "crown_width": 15 }, "geometry": { "type": "Point", "coordinates": [ 1100046.628542735474184, 1750832.621434403816238 ] } },
{ "type": "Feature", "properties": { "species": "벚나무", "height": 9.1437072388691174, "crown_width": 10 }, "geometry": { "type": "Point", "coordinates": [ 1081905.224243116565049, 1770849.735525029012933 ] } },
{ "type": "Feature", "properties": { "species": "느티나무", "height": 12.160863032252742, "crown_width": 18 }, "geometry": { "type": "Point", "coordinates": [ 1083027.767637463286519, 1742818.703865473857149 ] } },
{ "type": "Feature", "properties": { "species": "느티나무", "height": 6.7697425466806722, "crown_width": 18 }, "geometry": { "type": "Point", "coordinates": [ 1082798.904497220879421, 1769854.213457444682717 ] } },
{ "type": "Feature", "properties": { "species": "자작나무", "height": 12.389353246178075, "crown_width": 10 }, "geometry": { "type": "Point", "coordinates": [ 1109023.633616703562438, 1779250.400664747226983 ] } },
{ "type": "Feature", "properties": { "species": "은행나무", "height": 16.584076880826103, "crown_width": 15 }, "geometry": { "type": "Point", "coordinates": [ 1105026.289933498483151, 1743733.402699585072696 ] } },
{ "type": "Feature", "properties": { "species": "느티나무", "height": 18.054105359410102, "crown_width": 18 }, "geometry": { "type": "Point", "coordinates": [ 1085006.210316304117441, 1776840.54848764766939 ] } },
{ "type": "Feature", "properties": { "species": "자작나무", "height": 17.04594356736375, "crown_width": 10 }, "geometry": { "type": "Point", "coordinates": [ 1096025.716019120300189, 1763023.276845908723772 ] } },
{ "type": "Feature", "properties": { "species": "은행나무", "height": 8.3081217394861966, "crown_width": 15 }, "geometry": { "type": "Point", "coordinates": [ 1097014.890683577861637, 1744870.334183209808543 ] } },
{ "type": "Feature", "properties": { "species": "느티나무", "height": 7.7233733169201795, "crown_width": 18 }, "geometry": { "type": "Point", "coordinates": [ 1109018.556466346606612, 1742597.42798673431389 ] } },
{ "type": "Feature", "properties": { "species": "은행나무", "height": 19.64707237187578, "crown_width": 15 }, "geometry": { "type": "Point", "coordinates": [ 1101744.453027230221778, 1759849.573683013673872 ] } },
{ "type": "Feature", "properties": { "species": "플라타너스", "height": 19.142877129277522, "crown_width": 20 }, "geometry": { "type": "Point", "coordinates": [ 1078938.995395416859537, 1749850.726211433997378 ] } },
{ "type": "Feature", "properties": { "species": "소나무", "height": 18.831760164232989, "crown_width": 12 }, "geometry": { "type": "Point", "coordinates": [ 1083934.226032441714779, 1744818.854586545843631 ] } },
{ "type": "Feature", "properties": { "species": "느티나무", "height": 11.430877589833582, "crown_width": 18 }, "geometry": { "type": "Point", "coordinates": [ 1101518.556730960262939, 1743848.78609516331926 ] } },
{ "type": "Feature", "properties": { "species": "은행나무", "height": 8.6577695949628151, "crown_width": 15 }, "geometry": { "type": "Point", "coordinates": [ 1082019.528586680302396, 1764174.554931286489591 ] } },
{ "type": "Feature", "properties": { "species": "느티나무", "height": 7.4988835385620156, "crown_width": 18 }, "geometry": { "type": "Point", "coordinates": [ 1092740.035110043128952, 1770864.438575715525076 ] } },
{ "type": "Feature", "properties": { "species": "플라타너스", "height": 7.4061017862054719, "crown_width": 20 }, "geometry": { "type": "Point", "coordinates": [ 1108525.532578839221969, 1741842.03014726890251 ] } },
{ "type": "Feature", "properties": { "species": "자작나무", "height": 12.796140206197288, "crown_width": 10 }, "geometry": { "type": "Point", "coordinates": [ 1105071.966841131215915, 1744856.950143328635022 ] } },
{ "type": "Feature", "properties": { "species": "느티나무", "height": 9.9910316902406393, "crown_width": 18 }, "geometry": { "type": "Point", "coordinates": [ 1098032.224218270508572, 1749909.689694690750912 ] } },
{ "type": "Feature", "properties": { "species": "소나무", "height": 15.266715213219793, "crown_width": 12 }, "geometry": { "type": "Point", "coordinates": [ 1094025.140095012960956, 1774714.991844640346244 ] } },
{ "type": "Feature", "properties": { "species": "자작나무", "height": 16.04450985025089, "crown_width": 10 }, "geometry": { "type": "Point", "coordinates": [ 1090021.154473108705133, 1743599.387307533062994 ] } },
{ "type": "Feature", "properties": { "species": "느티나무", "height": 13.077041266111729, "crown_width": 18 }, "geometry": { "type": "Point", "coordinates": [ 1089927.615170698380098, 1742843.806781054707244 ] } },
{ "type": "Feature", "properties": { "species": "플라타너스", "height": 10.034818018861909, "crown_width": 20 }, "geometry": { "type": "Point", "coordinates": [ 1109024.543555573793128, 1776498.202924371929839 ] } },
{ "type": "Feature", "properties": { "species": "플라타너스", "height": 12.836419513144335, "crown_width": 20 }, "geometry": { "type": "Point", "coordinates": [ 1085029.385932064848021, 1739292.146687397034839 ] } },
{ "type": "Feature", "properties": { "species": "플라타너스", "height": 18.016751924472096, "crown_width": 20 }, "geometry": { "type": "Point", "coordinates": [ 1106034.447520999703556, 1776659.46887586498633 ] } },
{ "type": "Feature", "properties": { "species": "자작나무", "height": 18.995575070836317, "crown_width": 10 }, "geometry": { "type": "Point", "coordinates": [ 1100579.153954615117982, 1751871.279726061737165 ] } },
{ "type": "Feature", "properties": { "species": "플라타너스", "height": 10.658889450169347, "crown_width": 20 }, "geometry": { "type": "Point", "coordinates": [ 1104769.597523924894631, 1756859.883244446478784 ] } },
{ "type": "Feature", "properties": { "species": "소나무", "height": 14.562387916704656, "crown_width": 12 }, "geometry": { "type": "Point", "coordinates": [ 1101068.851892132777721, 1768083.483632360585034 ] } },
{ "type": "Feature", "properties": { "species": "플라타너스", "height": 14.829961413732283, "crown_width": 20 }, "geometry": { "type": "Point", "coordinates": [ 1094942.122952112462372, 1761886.952084974152967 ] } },
{ "type": "Feature", "properties": { "species": "은행나무", "height": 13.403458258005909, "crown_width": 15 }, "geometry": { "type": "Point", "coordinates": [ 1109054.102405494777486, 1763028.103978343307972 ] } },
{ "type": "Feature", "properties": { "species": "자작나무", "height": 18.894416991058655, "crown_width": 10 }, "geometry": { "type": "Point", "coordinates": [ 1111460.215264585101977, 1766867.75219292473048 ] } },
{ "type": "Feature", "properties": { "species": "자작나무", "height": 9.0724649823283645, "crown_width": 10 }, "geometry": { "type": "Point", "coordinates": [ 1079032.721047135302797, 1739455.833156023407355 ] } },
{ "type": "Feature", "properties": { "species": "벚나무", "height": 12.778630430993344, "crown_width": 10 }, "geometry": { "type": "Point", "coordinates": [ 1108047.647751487093046, 1737762.867210872238502 ] } },
{ "type": "Feature", "properties": { "species": "플라타너스", "height": 15.209252578077203, "crown_width": 20 }, "geometry": { "type": "Point", "coordinates": [ 1112061.179335796041414, 1754898.801147143589333 ] } },
{ "type": "Feature", "properties": { "species": "느티나무", "height": 17.322603187542832, "crown_width": 18 }, "geometry": { "type": "Point", "coordinates": [ 1081022.662923205178231, 1738880.885707390727475 ] } },
{ "type": "Feature", "properties": { "species": "플라타너스", "height": 8.1343797202617445, "crown_width": 20 }, "geometry": { "type": "Point", "coordinates": [ 1092045.534344945801422, 1745832.035927246091887 ] } },
{ "type": "Feature", "properties": { "species": "자작나무", "height": 6.1411958648892373, "crown_width": 10 }, "geometry": { "type": "Point", "coordinates": [ 1093055.354355080751702, 1777138.382796488236636 ] } },
{ "type": "Feature", "properties": { "species": "자작나무", "height": 11.994715209545252, "crown_width": 10 }, "geometry": { "type": "Point", "coordinates": [ 1088742.151666115736589, 1740836.187527413945645 ] } },
{ "type": "Feature", "properties": { "species": "벚나무", "height": 8.9924844868127067, "crown_width": 10 }, "geometry": { "type": "Point", "coordinates": [ 1080034.077654910972342, 1751437.431641342351213 ] } },
{ "type": "Feature", "properties": { "species": "느티나무", "height": 17.123060445780155, "crown_width": 18 }, "geometry": { "type": "Point", "coordinates": [ 1097784.100560966180637, 1759850.568638700991869 ] } },
{ "type": "Feature", "properties": { "species": "소나무", "height": 10.883202525399032, "crown_width": 12 }, "geometry": { "type": "Point", "coordinates": [ 1100023.4709674611222, 1757161.79649414983578 ] } },
{ "type": "Feature", "properties": { "species": "소나무", "height": 19.150141516856813, "crown_width": 12 }, "geometry": { "type": "Point", "coordinates": [ 1085056.131891291122884, 1771667.89912483538501 ] } },
{ "type": "Feature", "properties": { "species": "소나무", "height": 10.226751452865786, "crown_width": 12 }, "geometry": { "type": "Point", "coordinates": [ 1079880.402125837048516, 1768852.306373905623332 ] } },
{ "type": "Feature", "properties": { "species": "벚나무", "height": 6.3024374169760007, "crown_width": 10 }, "geometry": { "type": "Point", "coordinates": [ 1111142.040186789585277, 1770857.09905972215347 ] } },
{ "type": "Feature", "properties": { "species": "플라타너스", "height": 13.842296587573708, "crown_width": 20 }, "geometry": { "type": "Point", "coordinates": [ 1098710.104843709152192, 1737820.203141397563741 ] } },
{ "type": "Feature", "properties": { "species": "벚나무", "height": 15.705129614435052, "crown_width": 10 }, "geometry": { "type": "Point", "coordinates": [ 1102612.223792142001912, 1761825.160817944677547 ] } },
{ "type": "Feature", "properties": { "species": "벚나무", "height": 9.2338967773723031, "crown_width": 10 }, "geometry": { "type": "Point", "coordinates": [ 1081061.239911026554182, 1771153.679398834006861 ] } },
{ "type": "Feature", "properties": { "species": "벚나무", "height": 15.167863662739775, "crown_width": 10 }, "geometry": { "type": "Point", "coordinates": [ 1085969.619855958968401, 1745884.73469745204784 ] } },
{ "type": "Feature", "properties": { "species": "은행나무", "height": 8.9156877140409811, "crown_width": 15 }, "geometry": { "type": "Point", "coordinates": [ 1105043.458106454228982, 1743094.929475563345477 ] } },
{ "type": "Feature", "properties": { "species": "은행나무", "height": 12.234079345258966, "crown_width": 15 }, "geometry": { "type": "Point", "coordinates": [ 1111983.368804469006136, 1746855.199861773056909 ] } },
{ "type": "Feature", "properties": { "species": "자작나무", "height": 7.9593200478670898, "crown_width": 10 }, "geometry": { "type": "Point", "coordinates": [ 1088248.655031251022592, 1757867.217767613241449 ] } },
{ "type": "Feature", "properties": { "species": "소나무", "height": 14.673530785806708, "crown_width": 12 }, "geometry": { "type": "Point", "coordinates": [ 1098197.13982414547354, 1746868.199613285483792 ] } },
{ "type": "Feature", "properties": { "species": "자작나무", "height": 12.351581011267619, "crown_width": 10 }, "geometry": { "type": "Point", "coordinates": [ 1083934.069069370161742, 1761846.495964449131861 ] } },
{ "type": "Feature", "properties": { "species": "자작나무", "height": 11.492536468661154, "crown_width": 10 }, "geometry": { "type": "Point", "coordinates": [ 1088582.680786804063246, 1737864.091786191333085 ] } },
{ "type": "Feature", "properties": { "species": "느티나무", "height": 7.0932056350668793, "crown_width": 18 }, "geometry": { "type": "Point", "coordinates": [ 1102794.549243338638917, 1763873.022239479003474 ] } },
{ "type": "Feature", "properties": { "species": "벚나무", "height": 17.657575485590392, "crown_width": 10 }, "geometry": { "type": "Point", "coordinates": [ 1079035.238619186915457, 1770516.475683642085642 ] } },
{ "type": "Feature", "properties": { "species": "자작나무", "height": 6.9615586276356289, "crown_width": 10 }, "geometry": { "type": "Point", "coordinates": [ 1093518.069213720969856, 1750856.98077229084447 ] } },
{ "type": "Feature", "properties": { "species": "벚나무", "height": 7.1923410082841155, "crown_width": 10 }, "geometry": { "type": "Point", "coordinates": [ 1112140.185413521481678, 1770865.818268224364147 ] } },
{ "type": "Feature", "properties": { "species": "소나무", "height": 10.841483965523606, "crown_width": 12 }, "geometry": { "type": "Point", "coordinates": [ 1100032.26137204724364, 1740784.912239930126816 ] } },
{ "type": "Feature", "properties": { "species": "은행나무", "height": 14.513779028272491, "crown_width": 15 }, "geometry": { "type": "Point", "coordinates": [ 1090792.393593998393044, 1751873.762942953035235 ] } },
{ "type": "Feature", "properties": { "species": "소나무", "height": 13.173313888196354, "crown_width": 12 }, "geometry": { "type": "Point", "coordinates": [ 1090642.168493190780282, 1777856.846024277620018 ] } },
{ "type": "Feature", "properties": { "species": "소나무", "height": 18.955967251869239, "crown_width": 12 }, "geometry": { "type": "Point", "coordinates": [ 1094066.178901515901089, 1746178.810909260297194 ] } },
{ "type": "Feature", "properties": { "species": "느티나무", "height": 17.845103444696129, "crown_width": 18 }, "geometry": { "type": "Point", "coordinates": [ 1094942.145698448177427, 1763868.145013276487589 ] } },
{ "type": "Feature", "properties": { "species": "소나무", "height": 8.8269841848421944, "crown_width": 12 }, "geometry": { "type": "Point", "coordinates": [ 1088046.835736661450937, 1745281.79622807353735 ] } },
{ "type": "Feature", "properties": { "species": "소나무", "height": 8.7852025265541371, "crown_width": 12 }, "geometry": { "type": "Point", "coordinates": [ 1086021.06707231909968, 1771480.211530103115365 ] } },
{ "type": "Feature", "properties": { "species": "자작나무", "height": 19.810259734040574, "crown_width": 10 }, "geometry": { "type": "Point", "coordinates": [ 1094010.876769585767761, 1760191.835076732095331 ] } },
{ "type": "Feature", "properties": { "species": "은행나무", "height": 6.0859590148553728, "crown_width": 15 }, "geometry": { "type": "Point", "coordinates": [ 1091017.478067670483142, 1746846.204521787818521 ] } },
{ "type": "Feature", "properties": { "species": "자작나무", "height": 17.947398499929506, "crown_width": 10 }, "geometry": { "type": "Point", "coordinates": [ 1094013.862609786447138, 1736884.608660187572241 ] } },
{ "type": "Feature", "properties": { "species": "플라타너스", "height": 6.7788490801678556, "crown_width": 20 }, "geometry": { "type": "Point", "coordinates": [ 1101501.207223177189007, 1762836.925084738293663 ] } },
{ "type": "Feature", "properties": { "species": "느티나무", "height": 13.9291270082197, "crown_width": 18 }, "geometry": { "type": "Point", "coordinates": [ 1109028.092385788215324, 1760402.058143988018855 ] } },
{ "type": "Feature", "properties": { "species": "벚나무", "height": 7.5004007600198097, "crown_width": 10 }, "geometry": { "type": "Point", "coordinates": [ 1109693.021288790507242, 1766839.859842382604256 ] } },
{ "type": "Feature", "properties": { "species": "느티나무", "height": 8.615395063918001, "crown_width": 18 }, "geometry": { "type": "Point", "coordinates": [ 1096458.751072705723345, 1779877.970979412551969 ] } },
{ "type": "Feature", "properties": { "species": "자작나무", "height": 10.975036079165974, "crown_width": 10 }, "geometry": { "type": "Point", "coordinates": [ 1081659.433301241835579, 1757821.248904180712998 ] } },
{ "type": "Feature", "properties": { "species": "은행나무", "height": 12.037720350451515, "crown_width": 15 }, "geometry": { "type": "Point", "coordinates": [ 1104162.441642276244238, 1770865.501402388559654 ] } },
{ "type": "Feature", "properties": { "species": "벚나무", "height": 8.232696627444362, "crown_width": 10 }, "geometry": { "type": "Point", "coordinates": [ 1099062.063955142395571, 1762828.637416895711794 ] } },
{ "type": "Feature", "properties": { "species": "소나무", "height": 16.358981863092779, "crown_width": 12 }, "geometry": { "type": "Point", "coordinates": [ 1086009.804240568773821, 1741656.984664877410978 ] } },
{ "type": "Feature", "properties": { "species": "은행나무", "height": 19.379696953107082, "crown_width": 15 }, "geometry": { "type": "Point", "coordinates": [ 1078028.664357376284897, 1739697.646772284293547 ] } },
{ "type": "Feature", "properties": { "species": "은행나무", "height": 6.5084828168372475, "crown_width": 15 }, "geometry": { "type": "Point", "coordinates": [ 1109864.056368879973888, 1765818.739918046630919 ] } },
{ "type": "Feature", "properties": { "species": "자작나무", "height": 8.638680402703752, "crown_width": 10 }, "geometry": { "type": "Point", "coordinates": [ 1088017.590012472355738, 1770059.955465662991628 ] } },
{ "type": "Feature", "properties": { "species": "벚나무", "height": 9.5098194764540018, "crown_width": 10 }, "geometry": { "type": "Point", "coordinates": [ 1090011.031064828392118, 1778913.741651139222085 ] } },
{ "type": "Feature", "properties": { "species": "플라타너스", "height": 10.884979595000592, "crown_width": 20 }, "geometry": { "type": "Point", "coordinates": [ 1107464.485987175721675, 1779862.657395541900769 ] } },
{ "type": "Feature", "properties": { "species": "자작나무", "height": 9.1343732112179588, "crown_width": 10 }, "geometry": { "type": "Point", "coordinates": [ 1083865.375916572520509, 1763849.266443183179945 ] } },
{ "type": "Feature", "properties": { "species": "플라타너스", "height": 13.189263447490001, "crown_width": 20 }, "geometry": { "type": "Point", "coordinates": [ 1080030.689933104673401, 1744121.983363353414461 ] } },
{ "type": "Feature", "properties": { "species": "은행나무", "height": 10.295268974362035, "crown_width": 15 }, "geometry": { "type": "Point", "coordinates": [ 1108332.942999923136085, 1776873.075791927287355 ] } },
{ "type": "Feature", "properties": { "species": "소나무", "height": 12.676935468980989, "crown_width": 12 }, "geometry": { "type": "Point", "coordinates": [ 1084429.135246641701087, 1737853.76531040109694 ] } },
{ "type": "Feature", "properties": { "species": "플라타너스", "height": 13.580338537978148, "crown_width": 20 }, "geometry": { "type": "Point", "coordinates": [ 1081657.15669390396215, 1751877.67656449531205 ] } },
{ "type": "Feature", "properties": { "species": "플라타너스", "height": 15.823627862704782, "crown_width": 20 }, "geometry": { "type": "Point", "coordinates": [ 1096407.324032266857103, 1779850.112158134812489 ] } },
{ "type": "Feature", "properties": { "species": "느티나무", "height": 16.288155660816244, "crown_width": 18 }, "geometry": { "type": "Point", "coordinates": [ 1103033.20449184323661, 1749771.60278128250502 ] } },
{ "type": "Feature", "properties": { "species": "느티나무", "height": 16.284136802984431, "crown_width": 18 }, "geometry": { "type": "Point", "coordinates": [ 1081048.471716722240672, 1771859.510783716337755 ] } },
{ "type": "Feature", "properties": { "species": "자작나무", "height": 12.555926054526806, "crown_width": 10 }, "geometry": { "type": "Point", "coordinates": [ 1099690.247026772471145, 1756858.589315574383363 ] } },
{ "type": "Feature", "properties": { "species": "느티나무", "height": 16.771883212432002, "crown_width": 18 }, "geometry": { "type": "Point", "coordinates": [ 1110269.428082599537447, 1773848.308753538643941 ] } },
{ "type": "Feature", "properties": { "species": "은행나무", "height": 19.136421685983294, "crown_width": 15 }, "geometry": { "type": "Point", "coordinates": [ 1095696.935278606368229, 1765848.140279704937711 ] } },
{ "type": "Feature", "properties": { "species": "자작나무", "height": 17.613192827523989, "crown_width": 10 }, "geometry": { "type": "Point", "coordinates": [ 1088023.510389442788437, 1744299.794088479364291 ] } },
{ "type": "Feature", "properties": { "species": "은행나무", "height": 13.412901403193878, "crown_width": 15 }, "geometry": { "type": "Point", "coordinates": [ 1112034.293639121809974, 1759091.817326941527426 ] } },
{ "type": "Feature", "properties": { "species": "은행나무", "height": 11.126512358480115, "crown_width": 15 }, "geometry": { "type": "Point", "coordinates": [ 1089028.769179508090019, 1736315.494453354738653 ] } },
{ "type": "Feature", "properties": { "species": "플라타너스", "height": 17.632707329819532, "crown_width": 20 }, "geometry": { "type": "Point", "coordinates": [ 1091027.845167667837813, 1760903.711368947522715 ] } },
{ "type": "Feature", "properties": { "species": "은행나무", "height": 16.337439735401517, "crown_width": 15 }, "geometry": { "type": "Point", "coordinates": [ 1082174.256596308900043, 1759876.810382453724742 ] } },
{ "type": "Feature", "properties": { "species": "소나무", "height": 13.648832213788817, "crown_width": 12 }, "geometry": { "type": "Point", "coordinates": [ 1081030.109107377706096, 1739955.011257005156949 ] } },
{ "type": "Feature", "properties": { "species": "소나무", "height": 10.348270211040219, "crown_width": 12 }, "geometry": { "type": "Point", "coordinates": [ 1084998.380085109500214, 1764997.211809280561283 ] } },
{ "type": "Feature", "properties": { "species": "플라타너스", "height": 11.882680511224631, "crown_width": 20 }, "geometry": { "type": "Point", "coordinates": [ 1113013.107793170027435, 1742521.767387977568433 ] } },
{ "type": "Feature", "properties": { "species": "플라타너스", "height": 8.2786934533592831, "crown_width": 20 }, "geometry": { "type": "Point", "coordinates": [ 1081996.06470244913362, 1738941.758487868122756 ] } },
{ "type": "Feature", "properties": { "species": "은행나무", "height": 7.6675011242311077, "crown_width": 15 }, "geometry": { "type": "Point", "coordinates": [ 1113034.136940136086196, 1777098.121315379161388 ] } },
{ "type": "Feature", "properties": { "species": "은행나무", "height": 18.762110748741879, "crown_width": 15 }, "geometry": { "type": "Point", "coordinates": [ 1102159.514515656745061, 1751849.840011245803908 ] } },
{ "type": "Feature", "properties": { "species": "소나무", "height": 12.008321207723238, "crown_width": 12 }, "geometry": { "type": "Point", "coordinates": [ 1109669.732265033293515, 1755843.078398766228929 ] } },
{ "type": "Feature", "properties": { "species": "소나무", "height": 12.868044646234633, "crown_width": 12 }, "geometry": { "type": "Point", "coordinates": [ 1097032.258223040495068, 1776065.037302111042663 ] } },
{ "type": "Feature", "properties": { "species": "소나무", "height": 12.162162276983342, "crown_width": 12 }, "geometry": { "type": "Point", "coordinates": [ 1093104.00407058140263, 1774859.319280638359487 ] } },
{ "type": "Feature", "properties": { "species": "느티나무", "height": 14.304365208778128, "crown_width": 18 }, "geometry": { "type": "Point", "coordinates": [ 1112067.068650738103315, 1742309.568884830921888 ] } },
{ "type": "Feature", "properties": { "species": "벚나무", "height": 19.580130367668922, "crown_width": 10 }, "geometry": { "type": "Point", "coordinates": [ 1106007.564258890692145, 1749973.996951745357364 ] } },
{ "type": "Feature", "properties": { "species": "벚나무", "height": 18.701913162235392, "crown_width": 10 }, "geometry": { "type": "Point", "coordinates": [ 1109851.525437447475269, 1774868.871196466963738 ] } },
{ "type": "Feature", "properties": { "species": "소나무", "height": 19.27057346563781, "crown_width": 12 }, "geometry": { "type": "Point", "coordinates": [ 1097127.307790204649791, 1767876.75035155005753 ] } },
{ "type": "Feature", "properties": { "species": "벚나무", "height": 19.153033462027128, "crown_width": 10 }, "geometry": { "type": "Point", "coordinates": [ 1090222.125996925402433, 1767862.726201999466866 ] } },
{ "type": "Feature", "properties": { "species": "플라타너스", "height": 15.310051087494799, "crown_width": 20 }, "geometry": { "type": "Point", "coordinates": [ 1090554.969515799311921, 1765842.765662478050217 ] } },
{ "type": "Feature", "properties": { "species": "플라타너스", "height": 18.583868308498214, "crown_width": 20 }, "geometry": { "type": "Point", "coordinates": [ 1088021.624066213378683, 1752208.008435913361609 ] } },
{ "type": "Feature", "properties": { "species": "벚나무", "height": 7.278354016036678, "crown_width": 10 }, "geometry": { "type": "Point", "coordinates": [ 1101013.213369536679238, 1758839.883999320911244 ] } },
{ "type": "Feature", "properties": { "species": "벚나무", "height": 11.460810943354961, "crown_width": 10 }, "geometry": { "type": "Point", "coordinates": [ 1086102.096247237874195, 1774843.061507779406384 ] } },
{ "type": "Feature", "properties": { "species": "플라타너스", "height": 15.286786721169525, "crown_width": 20 }, "geometry": { "type": "Point", "coordinates": [ 1108055.193957939743996, 1747851.083580009639263 ] } },
{ "type": "Feature", "properties": { "species": "벚나무", "height": 14.018569132417099, "crown_width": 10 }, "geometry": { "type": "Point", "coordinates": [ 1098997.680496938992292, 1769118.519869210431352 ] } },
{ "type": "Feature", "properties": { "species": "플라타너스", "height": 10.12104034375427, "crown_width": 20 }, "geometry": { "type": "Point", "coordinates": [ 1077611.375081769423559, 1734864.771362579194829 ] } },
{ "type": "Feature", "properties": { "species": "은행나무", "height": 16.451824567477665, "crown_width": 15 }, "geometry": { "type": "Point", "coordinates": [ 1082863.539388286415488, 1755837.976507021579891 ] } },
{ "type": "Feature", "properties": { "species": "벚나무", "height": 11.03428250127614, "crown_width": 10 }, "geometry": { "type": "Point", "coordinates": [ 1101924.048980400664732, 1747840.547911121277139 ] } },
{ "type": "Feature", "properties": { "species": "소나무", "height": 13.324496494386828, "crown_width": 12 }, "geometry": { "type": "Point", "coordinates": [ 1110339.84882537019439, 1779877.981493443483487 ] } },
{ "type": "Feature", "properties": { "species": "자작나무", "height": 18.986903937450187, "crown_width": 10 }, "geometry": { "type": "Point", "coordinates": [ 1089035.111240865429863, 1776065.208434260450304 ] } },
{ "type": "Feature", "properties": { "species": "느티나무", "height": 13.252834873967977, "crown_width": 18 }, "geometry": { "type": "Point", "coordinates": [ 1094047.685576948802918, 1736180.567350273253396 ] } },
{ "type": "Feature", "properties": { "species": "플라타너스", "height": 15.460062477270476, "crown_width": 20 }, "geometry": { "type": "Point", "coordinates": [ 1082038.720179642550647, 1760979.457223931793123 ] } },
{ "type": "Feature", "properties": { "species": "느티나무", "height": 13.417421698376049, "crown_width": 18 }, "geometry": { "type": "Point", "coordinates": [ 1094029.998497669119388, 1754557.230644359486178 ] } },
{ "type": "Feature", "properties": { "species": "벚나무", "height": 16.462695529865123, "crown_width": 10 }, "geometry": { "type": "Point", "coordinates": [ 1102047.680975136347115, 1745802.61253839568235 ] } },
{ "type": "Feature", "properties": { "species": "자작나무", "height": 19.058968774208623, "crown_width": 10 }, "geometry": { "type": "Point", "coordinates": [ 1080827.986447269329801, 1752822.611422834219411 ] } },
{ "type": "Feature", "properties": { "species": "은행나무", "height": 9.4335305810716115, "crown_width": 15 }, "geometry": { "type": "Point", "coordinates": [ 1089100.228247199207544, 1770860.333771561039612 ] } },
{ "type": "Feature", "properties": { "species": "느티나무", "height": 16.391014758886286, "crown_width": 18 }, "geometry": { "type": "Point", "coordinates": [ 1105018.1978052794002, 1759578.203316845931113 ] } },
{ "type": "Feature", "properties": { "species": "소나무", "height": 13.247645218192906, "crown_width": 12 }, "geometry": { "type": "Point", "coordinates": [ 1100038.937224144116044, 1778077.397521680686623 ] } },
{ "type": "Feature", "properties": { "species": "플라타너스", "height": 19.986937131758193, "crown_width": 20 }, "geometry": { "type": "Point", "coordinates": [ 1103022.352420922135934, 1755839.228958410443738 ] } },
{ "type": "Feature", "properties": { "species": "느티나무", "height": 6.1373858742576077, "crown_width": 18 }, "geometry": { "type": "Point", "coordinates": [ 1079851.600166056072339, 1755829.652590498328209 ] } },
{ "type": "Feature", "properties": { "species": "소나무", "height": 17.307395964093303, "crown_width": 12 }, "geometry": { "type": "Point", "coordinates": [ 1101054.425735757453367, 1777718.483028933638707 ] } },
{ "type": "Feature", "properties": { "species": "느티나무", "height": 9.2139774041241012, "crown_width": 18 }, "geometry": { "type": "Point", "coordinates": [ 1112022.928963370854035, 1737750.68526922701858 ] } },
{ "type": "Feature", "properties": { "species": "벚나무", "height": 8.6686994312155292, "crown_width": 10 }, "geometry": { "type": "Point", "coordinates": [ 1092058.241048984695226, 1743044.285399416228756 ] } },
{ "type": "Feature", "properties": { "species": "자작나무", "height": 10.592588577667902, "crown_width": 10 }, "geometry": { "type": "Point", "coordinates": [ 1077938.713863597484306, 1753881.060654186177999 ] } },
{ "type": "Feature", "properties": { "species": "벚나무", "height": 8.0875522039926331, "crown_width": 10 }, "geometry": { "type": "Point", "coordinates": [ 1098065.820464924210683, 1738392.089502416783944 ] } },
{ "type": "Feature", "properties": { "species": "느티나무", "height": 11.980469172835377, "crown_width": 18 }, "geometry": { "type": "Point", "coordinates": [ 1092674.064584212377667, 1759881.521005617687479 ] } },
{ "type": "Feature", "properties": { "species": "느티나무", "height": 18.923105472874315, "crown_width": 18 }, "geometry": { "type": "Point", "coordinates": [ 1089029.582273177336901, 1777197.983116841409355 ] } },
{ "type": "Feature", "properties": { "species": "소나무", "height": 10.136678441572787, "crown_width": 12 }, "geometry": { "type": "Point", "coordinates": [ 1095012.977380948606879, 1776196.041296432027593 ] } },
{ "type": "Feature", "properties": { "species": "느티나무", "height": 14.031466812378403, "crown_width": 18 }, "geometry": { "type": "Point", "coordinates": [ 1078264.663263545604423, 1743861.347904066322371 ] } },
{ "type": "Feature", "properties": { "species": "은행나무", "height": 19.527996166105705, "crown_width": 15 }, "geometry": { "type": "Point", "coordinates": [ 1086416.925458145560697, 1744854.573968517128378 ] } },
{ "type": "Feature", "properties": { "species": "벚나무", "height": 14.630880664000886, "crown_width": 10 }, "geometry": { "type": "Point", "coordinates": [ 1084794.729299606056884, 1738855.521017578430474 ] } },
{ "type": "Feature", "properties": { "species": "플라타너스", "height": 6.3261152885425131, "crown_width": 20 }, "geometry": { "type": "Point", "coordinates": [ 1107001.918714251369238, 1768904.826592579716817 ] } },
{ "type": "Feature", "properties": { "species": "은행나무", "height": 19.830288932330646, "crown_width": 15 }, "geometry": { "type": "Point", "coordinates": [ 1099384.314519415609539, 1741832.217812636634335 ] } },
{ "type": "Feature", "properties": { "species": "플라타너스", "height": 12.236739976583877, "crown_width": 20 }, "geometry": { "type": "Point", "coordinates": [ 1099080.517209795769304, 1764855.922376037575305 ] } },
{ "type": "Feature", "properties": { "species": "느티나무", "height": 11.287316779504994, "crown_width": 18 }, "geometry": { "type": "Point", "coordinates": [ 1092007.616609317017719, 1761129.940146647393703 ] } },
{ "type": "Feature", "properties": { "species": "은행나무", "height": 15.465010954665958, "crown_width": 15 }, "geometry": { "type": "Point", "coordinates": [ 1090923.051772165810689, 1775857.713304089847952 ] } },
{ "type": "Feature", "properties": { "species": "자작나무", "height": 18.629602057185274, "crown_width": 10 }, "geometry": { "type": "Point", "coordinates": [ 1087052.838580558774993, 1754258.634505644440651 ] } },
{ "type": "Feature", "properties": { "species": "벚나무", "height": 17.919524571536016, "crown_width": 10 }, "geometry": { "type": "Point", "coordinates": [ 1092004.828038232633844, 1757138.444811540655792 ] } },
{ "type": "Feature", "properties": { "species": "은행나무", "height": 7.8315561775036722, "crown_width": 15 }, "geometry": { "type": "Point", "coordinates": [ 1079807.20358841214329, 1751873.651121605653316 ] } },
{ "type": "Feature", "properties": { "species": "느티나무", "height": 8.3633728390817552, "crown_width": 18 }, "geometry": { "type": "Point", "coordinates": [ 1088101.577031877823174, 1737868.809040817199275 ] } },
{ "type": "Feature", "properties": { "species": "소나무", "height": 14.337936528893735, "crown_width": 12 }, "geometry": { "type": "Point", "coordinates": [ 1088003.732234245166183, 1751063.303687863517553 ] } },
{ "type": "Feature", "properties": { "species": "벚나무", "height": 9.1239284772742888, "crown_width": 10 }, "geometry": { "type": "Point", "coordinates": [ 1081037.944403493311256, 1770252.040335789555684 ] } },
{ "type": "Feature", "properties": { "species": "소나무", "height": 13.458409591973284, "crown_width": 12 }, "geometry": { "type": "Point", "coordinates": [ 1091024.85700704716146, 1777843.468216483248398 ] } },
{ "type": "Feature", "properties": { "species": "느티나무", "height": 16.290089040196442, "crown_width": 18 }, "geometry": { "type": "Point", "coordinates": [ 1100136.626419618492946, 1763858.768416576553136 ] } },
{ "type": "Feature", "properties": { "species": "플라타너스", "height": 11.53767034684309, "crown_width": 20 }, "geometry": { "type": "Point", "coordinates": [ 1090051.681319409282878, 1743067.814967358950526 ] } },
{ "type": "Feature", "properties": { "species": "은행나무", "height": 10.625062430017817, "crown_width": 15 }, "geometry": { "type": "Point", "coordinates": [ 1112039.949828999349847, 1737027.624708506045863 ] } },
{ "type": "Feature", "properties": { "species": "느티나무", "height": 17.119991329073276, "crown_width": 18 }, "geometry": { "type": "Point", "coordinates": [ 1078835.308459230232984, 1750866.321013251552358 ] } },
{ "type": "Feature", "properties": { "species": "느티나무", "height": 19.796965072826151, "crown_width": 18 }, "geometry": { "type": "Point", "coordinates": [ 1096783.712912449147552, 1777858.229539074469358 ] } },
{ "type": "Feature", "properties": { "species": "느티나무", "height": 15.470721532553759, "crown_width": 18 }, "geometry": { "type": "Point", "coordinates": [ 1080486.832439254038036, 1741842.148297540377825 ] } },
{ "type": "Feature", "properties": { "species": "벚나무", "height": 17.610666187574282, "crown_width": 10 }, "geometry": { "type": "Point", "coordinates": [ 1079477.334961818763986, 1778852.052254783688113 ] } },
{ "type": "Feature", "properties": { "species": "은행나무", "height": 15.459392936849461, "crown_width": 15 }, "geometry": { "type": "Point", "coordinates": [ 1100882.5778644438833, 1776877.590319360373542 ] } },
{ "type": "Feature", "properties": { "species": "느티나무", "height": 15.198665470209916, "crown_width": 18 }, "geometry": { "type": "Point", "coordinates": [ 1098601.922938971081749, 1755839.416277591371909 ] } },
{ "type": "Feature", "properties": { "species": "은행나무", "height": 12.653489562225268, "crown_width": 15 }, "geometry": { "type": "Point", "coordinates": [ 1090047.777361417422071, 1767398.651275963056833 ] } },
{ "type": "Feature", "properties": { "species": "은행나무", "height": 6.9811580431343927, "crown_width": 15 }, "geometry": { "type": "Point", "coordinates": [ 1105783.562914984533563, 1776864.693323375890031 ] } },
{ "type": "Feature", "properties": { "species": "느티나무", "height": 19.131452675775076, "crown_width": 18 }, "geometry": { "type": "Point", "coordinates": [ 1092003.943322257138789, 1741882.685974707361311 ] } },
{ "type": "Feature", "properties": { "species": "느티나무", "height": 13.509734376671481, "crown_width": 18 }, "geometry": { "type": "Point", "coordinates": [ 1100040.16149341640994, 1771192.1234848536551 ] } },
{ "type": "Feature", "properties": { "species": "소나무", "height": 12.409860878553825, "crown_width": 12 }, "geometry": { "type": "Point", "coordinates": [ 1104032.740723343798891, 1777426.564215958118439 ] } },
{ "type": "Feature", "properties": { "species": "벚나무", "height": 8.7221393648167407, "crown_width": 10 }, "geometry": { "type": "Point", "coordinates": [ 1106026.39336453541182, 1771485.219292742665857 ] } },
{ "type": "Feature", "properties": { "species": "느티나무", "height": 7.1385688172592481, "crown_width": 18 }, "geometry": { "type": "Point", "coordinates": [ 1092057.073773388518021, 1755534.411558050429448 ] } },
{ "type": "Feature", "properties": { "species": "느티나무", "height": 18.021682921584667, "crown_width": 18 }, "geometry": { "type": "Point", "coordinates": [ 1085005.874783304519951, 1762841.557535071158782 ] } },
{ "type": "Feature", "properties": { "species": "소나무", "height": 13.005713458188691, "crown_width": 12 }, "geometry": { "type": "Point", "coordinates": [ 1081039.364189160056412, 1763536.031466996995732 ] } },
{ "type": "Feature", "properties": { "species": "느티나무", "height": 15.417968192584301, "crown_width": 18 }, "geometry": { "type": "Point", "coordinates": [ 1085051.999720912892371, 1768075.505985874915496 ] } },
{ "type": "Feature", "properties": { "species": "벚나무", "height": 12.492082296645185, "crown_width": 10 }, "geometry": { "type": "Point", "coordinates": [ 1099013.139905576128513, 1734851.378268809057772 ] } },
{ "type": "Feature", "properties": { "species": "은행나무", "height": 12.036620962322811, "crown_width": 15 }, "geometry": { "type": "Point", "coordinates": [ 1080031.268959370674565, 1752503.986737823113799 ] } },
{ "type": "Feature", "properties": { "species": "소나무", "height": 9.6022282264602108, "crown_width": 12 }, "geometry": { "type": "Point", "coordinates": [ 1093354.966967012966052, 1747886.426295022247359 ] } },
{ "type": "Feature", "properties": { "species": "벚나무", "height": 10.62372331997096, "crown_width": 10 }, "geometry": { "type": "Point", "coordinates": [ 1091543.829272921662778, 1752829.447333012707531 ] } },
{ "type": "Feature", "properties": { "species": "플라타너스", "height": 11.773213967168893, "crown_width": 20 }, "geometry": { "type": "Point", "coordinates": [ 1080013.293092125328258, 1769890.550426592351869 ] } },
{ "type": "Feature", "properties": { "species": "느티나무", "height": 19.894408103273484, "crown_width": 18 }, "geometry": { "type": "Point", "coordinates": [ 1081456.824688466032967, 1754862.424418750684708 ] } },
{ "type": "Feature", "properties": { "species": "벚나무", "height": 15.746685995404746, "crown_width": 10 }, "geometry": { "type": "Point", "coordinates": [ 1103053.346171358833089, 1777778.201544063631445 ] } },
{ "type": "Feature", "properties": { "species": "자작나무", "height": 16.130046982885975, "crown_width": 10 }, "geometry": { "type": "Point", "coordinates": [ 1101755.113918679533526, 1741839.139694990357384 ] } },
{ "type": "Feature", "properties": { "species": "은행나무", "height": 7.2135150465023647, "crown_width": 15 }, "geometry": { "type": "Point", "coordinates": [ 1088251.913205774966627, 1749852.34098774753511 ] } },
{ "type": "Feature", "properties": { "species": "소나무", "height": 15.588558366504392, "crown_width": 12 }, "geometry": { "type": "Point", "coordinates": [ 1105489.560253228060901, 1741884.005204303190112 ] } },
{ "type": "Feature", "properties": { "species": "느티나무", "height": 18.461523426053553, "crown_width": 18 }, "geometry": { "type": "Point", "coordinates": [ 1079291.814583964413032, 1746867.003101815003902 ] } },
{ "type": "Feature", "properties": { "species": "자작나무", "height": 19.266731264143885, "crown_width": 10 }, "geometry": { "type": "Point", "coordinates": [ 1094013.859612108208239, 1757333.866777890827507 ] } },
{ "type": "Feature", "properties": { "species": "플라타너스", "height": 16.028922089382526, "crown_width": 20 }, "geometry": { "type": "Point", "coordinates": [ 1104704.480805427534506, 1753842.137973523465917 ] } },
{ "type": "Feature", "properties": { "species": "벚나무", "height": 18.861327387119999, "crown_width": 10 }, "geometry": { "type": "Point", "coordinates": [ 1085523.966603274224326, 1777864.676410632906482 ] } },
{ "type": "Feature", "properties": { "species": "자작나무", "height": 11.729249520550004, "crown_width": 10 }, "geometry": { "type": "Point", "coordinates": [ 1097477.012095929821953, 1757866.900820584967732 ] } },
{ "type": "Feature", "properties": { "species": "소나무", "height": 6.3342295085027391, "crown_width": 12 }, "geometry": { "type": "Point", "coordinates": [ 1080111.12844358664006, 1751877.508225205820054 ] } },
{ "type": "Feature", "properties": { "species": "은행나무", "height": 19.657625362210545, "crown_width": 15 }, "geometry": { "type": "Point", "coordinates": [ 1088764.22777078137733, 1753862.749040705151856 ] } },
{ "type": "Feature", "properties": { "species": "자작나무", "height": 16.630010433756123, "crown_width": 10 }, "geometry": { "type": "Point", "coordinates": [ 1093051.828488109400496, 1775486.909706068225205 ] } },
{ "type": "Feature", "properties": { "species": "은행나무", "height": 6.3449006916169797, "crown_width": 15 }, "geometry": { "type": "Point", "coordinates": [ 1098032.537613386521116, 1748027.137417370919138 ] } },
{ "type": "Feature", "properties": { "species": "소나무", "height": 14.086286399633185, "crown_width": 12 }, "geometry": { "type": "Point", "coordinates": [ 1096044.743380191037431, 1772264.258060752646998 ] } },
{ "type": "Feature", "properties": { "species": "느티나무", "height": 11.167320087844258, "crown_width": 18 }, "geometry": { "type": "Point", "coordinates": [ 1102059.650478880852461, 1746500.047531134681776 ] } },
{ "type": "Feature", "properties": { "species": "소나무", "height": 8.5796684454152867, "crown_width": 12 }, "geometry": { "type": "Point", "coordinates": [ 1109182.396361839026213, 1777849.631820143433288 ] } },
{ "type": "Feature", "properties": { "species": "벚나무", "height": 8.3395479233554219, "crown_width": 10 }, "geometry": { "type": "Point", "coordinates": [ 1098049.407160294940695, 1740815.412543060723692 ] } },
{ "type": "Feature", "properties": { "species": "은행나무", "height": 6.9861187930758524, "crown_width": 15 }, "geometry": { "type": "Point", "coordinates": [ 1087031.298222491750494, 1751745.615984656149521 ] } },
{ "type": "Feature", "properties": { "species": "벚나무", "height": 12.331880949516171, "crown_width": 10 }, "geometry": { "type": "Point", "coordinates": [ 1093010.887323913164437, 1755297.805260312044993 ] } },
{ "type": "Feature", "properties": { "species": "자작나무", "height": 9.250840533799094, "crown_width": 10 }, "geometry": { "type": "Point", "coordinates": [ 1088136.12748805177398, 1759840.705337455030531 ] } },
{ "type": "Feature", "properties": { "species": "벚나무", "height": 11.827732552216023, "crown_width": 10 }, "geometry": { "type": "Point", "coordinates": [ 1103983.422532747499645, 1745845.636610488174483 ] } },
{ "type": "Feature", "properties": { "species": "느티나무", "height": 7.8913387206719445, "crown_width": 18 }, "geometry": { "type": "Point", "coordinates": [ 1091831.067992855329067, 1735865.098323688376695 ] } },
{ "type": "Feature", "properties": { "species": "은행나무", "height": 19.74531648847131, "crown_width": 15 }, "geometry": { "type": "Point", "coordinates": [ 1080612.87949070497416, 1749867.128355992492288 ] } },
{ "type": "Feature", "properties": { "species": "벚나무", "height": 10.528882279912388, "crown_width": 10 }, "geometry": { "type": "Point", "coordinates": [ 1101042.704033291898668, 1770762.238138701068237 ] } },
{ "type": "Feature", "properties": { "species": "자작나무", "height": 9.0516102132273524, "crown_width": 10 }, "geometry": { "type": "Point", "coordinates": [ 1110471.872303203912452, 1759834.733073261333629 ] } },
{ "type": "Feature", "properties": { "species": "느티나무", "height": 16.547383988235275, "crown_width": 18 }, "geometry": { "type": "Point", "coordinates": [ 1090286.348834944656119, 1755819.851104906294495 ] } },
{ "type": "Feature", "properties": { "species": "자작나무", "height": 19.781392200316617, "crown_width": 10 }, "geometry": { "type": "Point", "coordinates": [ 1103013.049697270384058, 1755929.521326881367713 ] } },
{ "type": "Feature", "properties": { "species": "은행나무", "height": 8.3684729869335186, "crown_width": 15 }, "geometry": { "type": "Point", "coordinates": [ 1088158.216704991646111, 1754866.201241701841354 ] } },
{ "type": "Feature", "properties": { "species": "플라타너스", "height": 6.8799475906007297, "crown_width": 20 }, "geometry": { "type": "Point", "coordinates": [ 1089038.566188018769026, 1771918.720024133333936 ] } },
{ "type": "Feature", "properties": { "species": "플라타너스", "height": 8.4312985251113943, "crown_width": 20 }, "geometry": { "type": "Point", "coordinates": [ 1085038.737517887493595, 1743932.374604403972626 ] } },
{ "type": "Feature", "properties": { "species": "은행나무", "height": 9.5059495926828408, "crown_width": 15 }, "geometry": { "type": "Point", "coordinates": [ 1099836.318952552974224, 1766827.753948257537559 ] } },
{ "type": "Feature", "properties": { "species": "은행나무", "height": 12.948378268941989, "crown_width": 15 }, "geometry": { "type": "Point", "coordinates": [ 1088014.085299389436841, 1738217.776675338391215 ] } },
{ "type": "Feature", "properties": { "species": "은행나무", "height": 7.2826185150043656, "crown_width": 15 }, "geometry": { "type": "Point", "coordinates": [ 1090030.277869504876435, 1774116.293433859944344 ] } },
{ "type": "Feature", "properties": { "species": "벚나무", "height": 6.0334629728232034, "crown_width": 10 }, "geometry": { "type": "Point", "coordinates": [ 1080552.362845244817436, 1744878.737966014072299 ] } },
{ "type": "Feature", "properties": { "species": "은행나무", "height": 15.932969622107359, "crown_width": 15 }, "geometry": { "type": "Point", "coordinates": [ 1082049.285590900341049, 1777836.121289407834411 ] } },
{ "type": "Feature", "properties": { "species": "느티나무", "height": 19.584357653812745, "crown_width": 18 }, "geometry": { "type": "Point", "coordinates": [ 1083018.435664284508675, 1778764.815751225454733 ] } },
{ "type": "Feature", "properties": { "species": "자작나무", "height": 13.127425469377844, "crown_width": 10 }, "geometry": { "type": "Point", "coordinates": [ 1083402.917130403453484, 1770881.677787948865443 ] } },
{ "type": "Feature", "properties": { "species": "자작나무", "height": 16.947710928411759, "crown_width": 10 }, "geometry": { "type": "Point", "coordinates": [ 1100997.776154057821259, 1736657.4094069567509 ] } },
{ "type": "Feature", "properties": { "species": "은행나무", "height": 13.75859109864717, "crown_width": 15 }, "geometry": { "type": "Point", "coordinates": [ 1097931.88760380866006, 1760882.1440626506228 ] } },
{ "type": "Feature", "properties": { "species": "벚나무", "height": 9.9271947877840407, "crown_width": 10 }, "geometry": { "type": "Point", "coordinates": [ 1113011.37767596472986, 1737867.556003676727414 ] } },
{ "type": "Feature", "properties": { "species": "은행나무", "height": 16.693793922534248, "crown_width": 15 }, "geometry": { "type": "Point", "coordinates": [ 1092028.375292274402454, 1735859.889777277596295 ] } },
{ "type": "Feature", "properties": { "species": "느티나무", "height": 16.921861509125151, "crown_width": 18 }, "geometry": { "type": "Point", "coordinates": [ 1092032.116749791428447, 1740418.452921300660819 ] } },
{ "type": "Feature", "properties": { "species": "플라타너스", "height": 9.3521733251064099, "crown_width": 20 }, "geometry": { "type": "Point", "coordinates": [ 1087976.738085480872542, 1769858.925051004160196 ] } },
{ "type": "Feature", "properties": { "species": "벚나무", "height": 8.3079227726364699, "crown_width": 10 }, "geometry": { "type": "Point", "coordinates": [ 1094011.375337817007676, 1744096.753053394844756 ] } },
{ "type": "Feature", "properties": { "species": "느티나무", "height": 12.455332132342496, "crown_width": 18 }, "geometry": { "type": "Point", "coordinates": [ 1086044.920490325661376, 1738430.755801572464406 ] } },
{ "type": "Feature", "properties": { "species": "자작나무", "height": 12.474664068933679, "crown_width": 10 }, "geometry": { "type": "Point", "coordinates": [ 1110175.709844577126205, 1740829.822513758204877 ] } },
{ "type": "Feature", "properties": { "species": "소나무", "height": 19.43895208158915, "crown_width": 12 }, "geometry": { "type": "Point", "coordinates": [ 1089838.579019284807146, 1766871.004828938050196 ] } },
{ "type": "Feature", "properties": { "species": "느티나무", "height": 13.08387142411582, "crown_width": 18 }, "geometry": { "type": "Point", "coordinates": [ 1104034.725982506759465, 1757453.491711992770433 ] } },
{ "type": "Feature", "properties": { "species": "자작나무", "height": 6.3892080633055297, "crown_width": 10 }, "geometry": { "type": "Point", "coordinates": [ 1100004.729515522252768, 1760904.420949001563713 ] } },
{ "type": "Feature", "properties": { "species": "플라타너스", "height": 11.516186762856609, "crown_width": 20 }, "geometry": { "type": "Point", "coordinates": [ 1098016.813063827808946, 1749103.993636770406738 ] } },
{ "type": "Feature", "properties": { "species": "벚나무", "height": 7.0661738774527967, "crown_width": 10 }, "geometry": { "type": "Point", "coordinates": [ 1103035.891285981284454, 1744023.665560407098383 ] } },
{ "type": "Feature", "properties": { "species": "자작나무", "height": 12.311535863739502, "crown_width": 10 }, "geometry": { "type": "Point", "coordinates": [ 1100021.47982011619024, 1744263.871228111209348 ] } },
{ "type": "Feature", "properties": { "species": "플라타너스", "height": 7.7557463344494053, "crown_width": 20 }, "geometry": { "type": "Point", "coordinates": [ 1077051.734987958567217, 1777872.137869105441496 ] } },
{ "type": "Feature", "properties": { "species": "느티나무", "height": 8.6133424460527337, "crown_width": 18 }, "geometry": { "type": "Point", "coordinates": [ 1078042.241093384567648, 1759389.403295388910919 ] } },
{ "type": "Feature", "properties": { "species": "느티나무", "height": 17.871482633968796, "crown_width": 18 }, "geometry": { "type": "Point", "coordinates": [ 1110030.21043575135991, 1754575.353346069809049 ] } },
{ "type": "Feature", "properties": { "species": "은행나무", "height": 13.055889951706929, "crown_width": 15 }, "geometry": { "type": "Point", "coordinates": [ 1098419.830090885749087, 1775878.110216456698254 ] } },
{ "type": "Feature", "properties": { "species": "벚나무", "height": 6.139836298027129, "crown_width": 10 }, "geometry": { "type": "Point", "coordinates": [ 1100017.440475383074954, 1769462.021043598651886 ] } },
{ "type": "Feature", "properties": { "species": "벚나무", "height": 17.451609854569902, "crown_width": 10 }, "geometry": { "type": "Point", "coordinates": [ 1083032.454627251019701, 1737046.649716113694012 ] } },
{ "type": "Feature", "properties": { "species": "소나무", "height": 9.5183005843183448, "crown_width": 12 }, "geometry": { "type": "Point", "coordinates": [ 1111688.13979085884057, 1763820.601136130513623 ] } },
{ "type": "Feature", "properties": { "species": "벚나무", "height": 17.025715204971597, "crown_width": 10 }, "geometry": { "type": "Point", "coordinates": [ 1110021.265593754826114, 1735736.800450855400413 ] } },
{ "type": "Feature", "properties": { "species": "벚나무", "height": 6.6491387011955823, "crown_width": 10 }, "geometry": { "type": "Point", "coordinates": [ 1095038.345603997353464, 1745510.73886741232127 ] } },
{ "type": "Feature", "properties": { "species": "느티나무", "height": 14.021650301368208, "crown_width": 18 }, "geometry": { "type": "Point", "coordinates": [ 1101027.914494712138548, 1735420.113091167993844 ] } },
{ "type": "Feature", "properties": { "species": "느티나무", "height": 7.9726547270727757, "crown_width": 18 }, "geometry": { "type": "Point", "coordinates": [ 1085035.92933128005825, 1760835.814229454146698 ] } },
{ "type": "Feature", "properties": { "species": "벚나무", "height": 15.545086609740611, "crown_width": 10 }, "geometry": { "type": "Point", "coordinates": [ 1092896.44777921657078, 1765871.653225268470123 ] } },
{ "type": "Feature", "properties": { "species": "소나무", "height": 12.015863238900291, "crown_width": 12 }, "geometry": { "type": "Point", "coordinates": [ 1090010.826817590510473, 1764790.960788843920454 ] } },
{ "type": "Feature", "properties": { "species": "벚나무", "height": 10.689903675319094, "crown_width": 10 }, "geometry": { "type": "Point", "coordinates": [ 1088042.754682693863288, 1739254.267146124504507 ] } },
{ "type": "Feature", "properties": { "species": "플라타너스", "height": 6.792145870609537, "crown_width": 20 }, "geometry": { "type": "Point", "coordinates": [ 1082189.451651759445667, 1761868.427124406676739 ] } },
{ "type": "Feature", "properties": { "species": "은행나무", "height": 8.2750923173433044, "crown_width": 15 }, "geometry": { "type": "Point", "coordinates": [ 1110002.758343500783667, 1737644.010948988143355 ] } },
{ "type": "Feature", "properties": { "species": "벚나무", "height": 7.817023077529929, "crown_width": 10 }, "geometry": { "type": "Point", "coordinates": [ 1102061.699139744974673, 1758298.508441553916782 ] } },
{ "type": "Feature", "properties": { "species": "플라타너스", "height": 15.572773757588362, "crown_width": 20 }, "geometry": { "type": "Point", "coordinates": [ 1092187.594872904010117, 1779848.301813281606883 ] } },
{ "type": "Feature", "properties": { "species": "은행나무", "height": 10.012963788677787, "crown_width": 15 }, "geometry": { "type": "Point", "coordinates": [ 1096779.623854159144685, 1764837.121112459572032 ] } },
{ "type": "Feature", "properties": { "species": "느티나무", "height": 9.9231472990798508, "crown_width": 18 }, "geometry": { "type": "Point", "coordinates": [ 1098682.984725520014763, 1763872.54450848675333 ] } },
{ "type": "Feature", "properties": { "species": "느티나무", "height": 19.875887793714526, "crown_width": 18 }, "geometry": { "type": "Point", "coordinates": [ 1106000.296858929330483, 1744336.755140545079485 ] } },
{ "type": "Feature", "properties": { "species": "느티나무", "height": 12.221964826434125, "crown_width": 18 }, "geometry": { "type": "Point", "coordinates": [ 1110043.732145055662841, 1754404.902322955662385 ] } },
{ "type": "Feature", "properties": { "species": "플라타너스", "height": 17.708441091864039, "crown_width": 20 }, "geometry": { "type": "Point", "coordinates": [ 1086636.995535253779963, 1772851.4938859581016 ] } },
{ "type": "Feature", "properties": { "species": "느티나무", "height": 12.647307097362049, "crown_width": 18 }, "geometry": { "type": "Point", "coordinates": [ 1111036.892246281262487, 1766228.601833232445642 ] } },
{ "type": "Feature", "properties": { "species": "플라타너스", "height": 12.927302524379078, "crown_width": 20 }, "geometry": { "type": "Point", "coordinates": [ 1092205.377950868569314, 1772869.80310034006834 ] } },
{ "type": "Feature", "properties": { "species": "벚나무", "height": 7.0506590882837186, "crown_width": 10 }, "geometry": { "type": "Point", "coordinates": [ 1086032.350204453105107, 1769159.777239930117503 ] } },
{ "type": "Feature", "properties": { "species": "느티나무", "height": 19.816992019319407, "crown_width": 18 }, "geometry": { "type": "Point", "coordinates": [ 1103555.822324216132984, 1753867.156399623258039 ] } },
{ "type": "Feature", "properties": { "species": "플라타너스", "height": 9.0139846653182776, "crown_width": 20 }, "geometry": { "type": "Point", "coordinates": [ 1079011.760750520741567, 1769046.404669471783563 ] } },
{ "type": "Feature", "properties": { "species": "플라타너스", "height": 11.021308585269288, "crown_width": 20 }, "geometry": { "type": "Point", "coordinates": [ 1104008.85195975471288, 1742610.437895104056224 ] } },
{ "type": "Feature", "properties": { "species": "은행나무", "height": 7.8077379018699702, "crown_width": 15 }, "geometry": { "type": "Point", "coordinates": [ 1096001.26363912736997, 1778876.486812191549689 ] } },
{ "type": "Feature", "properties": { "species": "은행나무", "height": 15.634852031673786, "crown_width": 15 }, "geometry": { "type": "Point", "coordinates": [ 1098048.316907178843394, 1773998.618047581287101 ] } },
{ "type": "Feature", "properties": { "species": "자작나무", "height": 18.527634157002417, "crown_width": 10 }, "geometry": { "type": "Point", "coordinates": [ 1097121.095089664915577, 1745878.558441882487386 ] } },
{ "type": "Feature", "properties": { "species": "소나무", "height": 6.1544526350090312, "crown_width": 12 }, "geometry": { "type": "Point", "coordinates": [ 1084702.574336306424811, 1761852.596680311718956 ] } },
{ "type": "Feature", "properties": { "species": "소나무", "height": 9.4161107529235775, "crown_width": 12 }, "geometry": { "type": "Point", "coordinates": [ 1102425.110425795195624, 1778832.383094783872366 ] } },
{ "type": "Feature", "properties": { "species": "소나무", "height": 6.088019512478108, "crown_width": 12 }, "geometry": { "type": "Point", "coordinates": [ 1077938.489202492404729, 1752875.702401967020705 ] } },
{ "type": "Feature", "properties": { "species": "플라타너스", "height": 8.9245131287306023, "crown_width": 20 }, "geometry": { "type": "Point", "coordinates": [ 1087050.865065339254215, 1762783.306333489483222 ] } },
{ "type": "Feature", "properties": { "species": "플라타너스", "height": 16.181799923719716, "crown_width": 20 }, "geometry": { "type": "Point", "coordinates": [ 1078082.541040853131562, 1777834.2482304580044 ] } },
{ "type": "Feature", "properties": { "species": "자작나무", "height": 7.801074777715284, "crown_width": 10 }, "geometry": { "type": "Point", "coordinates": [ 1107030.924238614505157, 1770616.897855104180053 ] } },
{ "type": "Feature", "properties": { "species": "플라타너스", "height": 7.9816055477231229, "crown_width": 20 }, "geometry": { "type": "Point", "coordinates": [ 1112620.097583962604403, 1747864.094463800312951 ] } },
{ "type": "Feature", "properties": { "species": "플라타너스", "height": 9.253385255844, "crown_width": 20 }, "geometry": { "type": "Point", "coordinates": [ 1088037.845957768615335, 1779527.454215800622478 ] } },
{ "type": "Feature", "properties": { "species": "은행나무", "height": 17.652072828406567, "crown_width": 15 }, "geometry": { "type": "Point", "coordinates": [ 1083794.946606031153351, 1741841.14161110157147 ] } },
{ "type": "Feature", "properties": { "species": "자작나무", "height": 6.9189371688637609, "crown_width": 10 }, "geometry": { "type": "Point", "coordinates": [ 1098048.00632455968298, 1776344.654559405753389 ] } },
{ "type": "Feature", "properties": { "species": "자작나무", "height": 17.380647293898203, "crown_width": 10 }, "geometry": { "type": "Point", "coordinates": [ 1092026.821531950728968, 1739764.495303635019809 ] } },
{ "type": "Feature", "properties": { "species": "소나무", "height": 16.975990415899702, "crown_width": 12 }, "geometry": { "type": "Point", "coordinates": [ 1112545.206396450754255, 1737848.854545113863423 ] } },
{ "type": "Feature", "properties": { "species": "벚나무", "height": 7.9211044887419257, "crown_width": 10 }, "geometry": { "type": "Point", "coordinates": [ 1086020.006244116695598, 1774781.489098325371742 ] } },
{ "type": "Feature", "properties": { "species": "소나무", "height": 7.6352750535219114, "crown_width": 12 }, "geometry": { "type": "Point", "coordinates": [ 1109028.458935617469251, 1746439.207851396873593 ] } },
{ "type": "Feature", "properties": { "species": "소나무", "height": 12.981089088128066, "crown_width": 12 }, "geometry": { "type": "Point", "coordinates": [ 1082031.798694123979658, 1761823.549382618162781 ] } },
{ "type": "Feature", "properties": { "species": "은행나무", "height": 10.818500936006004, "crown_width": 15 }, "geometry": { "type": "Point", "coordinates": [ 1081005.717164816800505, 1759790.138548087794334 ] } },
{ "type": "Feature", "properties": { "species": "벚나무", "height": 14.297131504373391, "crown_width": 10 }, "geometry": { "type": "Point", "coordinates": [ 1087907.14027128694579, 1769866.147655178792775 ] } },
{ "type": "Feature", "properties": { "species": "소나무", "height": 18.138393967064882, "crown_width": 12 }, "geometry": { "type": "Point", "coordinates": [ 1090031.734142060391605, 1740922.917139708762988 ] } },
{ "type": "Feature", "properties": { "species": "플라타너스", "height": 16.888971255778841, "crown_width": 20 }, "geometry": { "type": "Point", "coordinates": [ 1082037.009922022698447, 1736468.903864576248452 ] } },
{ "type": "Feature", "properties": { "species": "플라타너스", "height": 19.610978995845969, "crown_width": 20 }, "geometry": { "type": "Point", "coordinates": [ 1099142.668146397219971, 1747835.079522099811584 ] } },
{ "type": "Feature", "properties": { "species": "은행나무", "height": 9.585679307576779, "crown_width": 15 }, "geometry": { "type": "Point", "coordinates": [ 1110694.837966029299423, 1763840.355344750452787 ] } },
{ "type": "Feature", "properties": { "species": "벚나무", "height": 9.4203998487675342, "crown_width": 10 }, "geometry": { "type": "Point", "coordinates": [ 1090635.215027865255252, 1771858.125479264650494 ] } },
{ "type": "Feature", "properties": { "species": "자작나무", "height": 15.222120737335983, "crown_width": 10 }, "geometry": { "type": "Point", "coordinates": [ 1103454.771521967602894, 1744851.081662725191563 ] } },
{ "type": "Feature", "properties": { "species": "자작나무", "height": 19.288004827179556, "crown_width": 10 }, "geometry": { "type": "Point", "coordinates": [ 1094701.040434117428958, 1775856.507661367533728 ] } },
{ "type": "Feature", "properties": { "species": "벚나무", "height": 14.990100983110205, "crown_width": 10 }, "geometry": { "type": "Point", "coordinates": [ 1091800.767173495609313, 1740828.304885792080313 ] } },
{ "type": "Feature", "properties": { "species": "느티나무", "height": 6.550276208765025, "crown_width": 18 }, "geometry": { "type": "Point", "coordinates": [ 1106928.547648044768721, 1743862.524119473760948 ] } },
{ "type": "Feature", "properties": { "species": "자작나무", "height": 19.296447830197721, "crown_width": 10 }, "geometry": { "type": "Point", "coordinates": [ 1083141.426360257202759, 1766876.398450619773939 ] } },
{ "type": "Feature", "properties": { "species": "소나무", "height": 14.689111569644155, "crown_width": 12 }, "geometry": { "type": "Point", "coordinates": [ 1083997.970933699049056, 1741356.491896469844505 ] } },
{ "type": "Feature", "properties": { "species": "느티나무", "height": 13.440686899841417, "crown_width": 18 }, "geometry": { "type": "Point", "coordinates": [ 1087185.334351366851479, 1759822.667937356978655 ] } },
{ "type": "Feature", "properties": { "species": "자작나무", "height": 13.799448273684547, "crown_width": 10 }, "geometry": { "type": "Point", "coordinates": [ 1098011.219009823165834, 1766838.635558670619503 ] } },
{ "type": "Feature", "properties": { "species": "플라타너스", "height": 19.923655383052541, "crown_width": 20 }, "geometry": { "type": "Point", "coordinates": [ 1102028.772679548943415, 1746149.423928002361208 ] } },
{ "type": "Feature", "properties": { "species": "소나무", "height": 15.109951620166592, "crown_width": 12 }, "geometry": { "type": "Point", "coordinates": [ 1110057.734206703258678, 1750659.278595170704648 ] } },
{ "type": "Feature", "properties": { "species": "자작나무", "height": 14.36993015527948, "crown_width": 10 }, "geometry": { "type": "Point", "coordinates": [ 1086839.188261816510931, 1739841.276168908691034 ] } },
{ "type": "Feature", "properties": { "species": "소나무", "height": 7.7653760720365828, "crown_width": 12 }, "geometry": { "type": "Point", "coordinates": [ 1110230.666192636825144, 1735878.280162216397002 ] } },
{ "type": "Feature", "properties": { "species": "느티나무", "height": 19.73034667081334, "crown_width": 18 }, "geometry": { "type": "Point", "coordinates": [ 1078803.677972879027948, 1777868.231851571938023 ] } },
{ "type": "Feature", "properties": { "species": "벚나무", "height": 14.606765997660846, "crown_width": 10 }, "geometry": { "type": "Point", "coordinates": [ 1085172.09493810031563, 1769854.754139640834183 ] } },
{ "type": "Feature", "properties": { "species": "플라타너스", "height": 10.41219200503717, "crown_width": 20 }, "geometry": { "type": "Point", "coordinates": [ 1088188.572592176729813, 1772861.982878331560642 ] } },
{ "type": "Feature", "properties": { "species": "플라타너스", "height": 12.018659877649508, "crown_width": 20 }, "geometry": { "type": "Point", "coordinates": [ 1094013.205507580423728, 1737371.279917548876256 ] } },
{ "type": "Feature", "properties": { "species": "은행나무", "height": 6.6332264321306287, "crown_width": 15 }, "geometry": { "type": "Point", "coordinates": [ 1098964.340459387516603, 1776840.210466212360188 ] } },
{ "type": "Feature", "properties": { "species": "느티나무", "height": 13.885241314733648, "crown_width": 18 }, "geometry": { "type": "Point", "coordinates": [ 1098028.293455092003569, 1736607.37851000064984 ] } },
{ "type": "Feature", "properties": { "species": "은행나무", "height": 15.665609322481711, "crown_width": 15 }, "geometry": { "type": "Point", "coordinates": [ 1102531.88730772677809, 1755855.603847106685862 ] } },
{ "type": "Feature", "properties": { "species": "벚나무", "height": 15.970946112717677, "crown_width": 10 }, "geometry": { "type": "Point", "coordinates": [ 1106016.675828021019697, 1736696.294443699065596 ] } },
{ "type": "Feature", "properties": { "species": "벚나무", "height": 6.4133487642764111, "crown_width": 10 }, "geometry": { "type": "Point", "coordinates": [ 1102589.599803922930732, 1761878.408234843518585 ] } },
{ "type": "Feature", "properties": { "species": "플라타너스", "height": 14.184975520966091, "crown_width": 20 }, "geometry": { "type": "Point", "coordinates": [ 1111491.762714789016172, 1770840.573698096210137 ] } },
{ "type": "Feature", "properties": { "species": "벚나무", "height": 19.456937163919356, "crown_width": 10 }, "geometry": { "type": "Point", "coordinates": [ 1101004.828572130994871, 1743679.170668676495552 ] } },
{ "type": "Feature", "properties": { "species": "소나무", "height": 19.839113452127165, "crown_width": 12 }, "geometry": { "type": "Point", "coordinates": [ 1095321.979322669561952, 1779843.174103913130239 ] } },
{ "type": "Feature", "properties": { "species": "자작나무", "height": 16.86072613263935, "crown_width": 10 }, "geometry": { "type": "Point", "coordinates": [ 1107174.268028213875368, 1751873.83131615864113 ] } },
{ "type": "Feature", "properties": { "species": "벚나무", "height": 8.0941832693761668, "crown_width": 10 }, "geometry": { "type": "Point", "coordinates": [ 1111045.728186196880415, 1768945.568331059068441 ] } },
{ "type": "Feature", "properties": { "species": "벚나무", "height": 16.383378879558204, "crown_width": 10 }, "geometry": { "type": "Point", "coordinates": [ 1092030.381366512738168, 1765910.226916956715286 ] } },
{ "type": "Feature", "properties": { "species": "벚나무", "height": 16.408154597305618, "crown_width": 10 }, "geometry": { "type": "Point", "coordinates": [ 1081055.399450560566038, 1750820.973852196475491 ] } },
{ "type": "Feature", "properties": { "species": "은행나무", "height": 11.343328345078991, "crown_width": 15 }, "geometry": { "type": "Point", "coordinates": [ 1089177.366743199527264, 1743828.056906699901447 ] } },
{ "type": "Feature", "properties": { "species": "소나무", "height": 8.9368352200787342, "crown_width": 12 }, "geometry": { "type": "Point", "coordinates": [ 1105866.568602195009589, 1741876.131064308341593 ] } },
{ "type": "Feature", "properties": { "species": "벚나무", "height": 10.291896148734509, "crown_width": 10 }, "geometry": { "type": "Point", "coordinates": [ 1094324.868981606559828, 1759849.307389494264498 ] } },
{ "type": "Feature", "properties": { "species": "소나무", "height": 10.150844200382517, "crown_width": 12 }, "geometry": { "type": "Point", "coordinates": [ 1110552.411852049874142, 1759827.453201446915045 ] } },
{ "type": "Feature", "properties": { "species": "느티나무", "height": 16.454352233812735, "crown_width": 18 }, "geometry": { "type": "Point", "coordinates": [ 1095021.07296052062884, 1739008.496769576566294 ] } },
{ "type": "Feature", "properties": { "species": "벚나무", "height": 10.003669405541759, "crown_width": 10 }, "geometry": { "type": "Point", "coordinates": [ 1110029.831517651444301, 1760447.344928032020107 ] } },
{ "type": "Feature", "properties": { "species": "플라타너스", "height": 18.786146517660686, "crown_width": 20 }, "geometry": { "type": "Point", "coordinates": [ 1108379.10002987110056, 1779851.126029469771311 ] } },
{ "type": "Feature", "properties": { "species": "은행나무", "height": 8.02036801717637, "crown_width": 15 }, "geometry": { "type": "Point", "coordinates": [ 1100046.842052413383499, 1743544.676067385356873 ] } },
{ "type": "Feature", "properties": { "species": "은행나무", "height": 7.5663390522026592, "crown_width": 15 }, "geometry": { "type": "Point", "coordinates": [ 1099262.889522720361128, 1735875.487400391371921 ] } },
{ "type": "Feature", "properties": { "species": "은행나무", "height": 16.570705232877661, "crown_width": 15 }, "geometry": { "type": "Point", "coordinates": [ 1079819.165753250243142, 1751843.192388719413429 ] } },
{ "type": "Feature", "properties": { "species": "소나무", "height": 14.685737578042351, "crown_width": 12 }, "geometry": { "type": "Point", "coordinates": [ 1088070.37693435815163, 1748232.909625394036993 ] } },
{ "type": "Feature", "properties": { "species": "소나무", "height": 14.479771885486302, "crown_width": 12 }, "geometry": { "type": "Point", "coordinates": [ 1084881.768189203459769, 1762852.240124338772148 ] } },
{ "type": "Feature", "properties": { "species": "벚나무", "height": 17.217178813738556, "crown_width": 10 }, "geometry": { "type": "Point", "coordinates": [ 1093182.317485370440409, 1759852.557320881169289 ] } },
{ "type": "Feature", "properties": { "species": "플라타너스", "height": 19.515848373690805, "crown_width": 20 }, "geometry": { "type": "Point", "coordinates": [ 1082028.585725812939927, 1779798.869661117205396 ] } },
{ "type": "Feature", "properties": { "species": "소나무", "height": 12.604570664053934, "crown_width": 12 }, "geometry": { "type": "Point", "coordinates": [ 1099731.396790288155898, 1775869.001946899807081 ] } },
{ "type": "Feature", "properties": { "species": "느티나무", "height": 13.848878001604703, "crown_width": 18 }, "geometry": { "type": "Point", "coordinates": [ 1090027.248926620697603, 1743864.001578482333571 ] } },
{ "type": "Feature", "properties": { "species": "소나무", "height": 8.0302502244880625, "crown_width": 12 }, "geometry": { "type": "Point", "coordinates": [ 1108040.662796005839482, 1753344.153716563945636 ] } },
{ "type": "Feature", "properties": { "species": "은행나무", "height": 13.056782008021594, "crown_width": 15 }, "geometry": { "type": "Point", "coordinates": [ 1110264.369950071442872, 1744829.657934408867732 ] } },
{ "type": "Feature", "properties": { "species": "은행나무", "height": 6.4937732386068969, "crown_width": 15 }, "geometry": { "type": "Point", "coordinates": [ 1110039.182122768135741, 1779074.290054757613689 ] } },
{ "type": "Feature", "properties": { "species": "느티나무", "height": 12.678301206710289, "crown_width": 18 }, "geometry": { "type": "Point", "coordinates": [ 1109029.280856641707942, 1779801.768201842205599 ] } },
{ "type": "Feature", "properties": { "species": "소나무", "height": 18.262295400920721, "crown_width": 12 }, "geometry": { "type": "Point", "coordinates": [ 1107032.914792675059289, 1735310.770882249576971 ] } },
{ "type": "Feature", "properties": { "species": "느티나무", "height": 8.8598140767266038, "crown_width": 18 }, "geometry": { "type": "Point", "coordinates": [ 1090189.842850867891684, 1736873.266934805782512 ] } },
{ "type": "Feature", "properties": { "species": "플라타너스", "height": 15.183121134906962, "crown_width": 20 }, "geometry": { "type": "Point", "coordinates": [ 1084046.165357358986512, 1758324.649842709070072 ] } },
{ "type": "Feature", "properties": { "species": "자작나무", "height": 19.798547679817478, "crown_width": 10 }, "geometry": { "type": "Point", "coordinates": [ 1102039.017422944074497, 1736798.596216639271006 ] } },
{ "type": "Feature", "properties": { "species": "소나무", "height": 19.541615995627676, "crown_width": 12 }, "geometry": { "type": "Point", "coordinates": [ 1077224.992480987682939, 1745852.442797865020111 ] } },
{ "type": "Feature", "properties": { "species": "벚나무", "height": 10.71504891577079, "crown_width": 10 }, "geometry": { "type": "Point", "coordinates": [ 1087973.167055839439854, 1777852.6484395689331 ] } },
{ "type": "Feature", "properties": { "species": "자작나무", "height": 16.82463089297994, "crown_width": 10 }, "geometry": { "type": "Point", "coordinates": [ 1082026.594029315281659, 1775080.566703016636893 ] } },
{ "type": "Feature", "properties": { "species": "벚나무", "height": 7.6438746263870252, "crown_width": 10 }, "geometry": { "type": "Point", "coordinates": [ 1098584.266314429696649, 1770865.417158967116848 ] } },
{ "type": "Feature", "properties": { "species": "플라타너스", "height": 13.207948209266849, "crown_width": 20 }, "geometry": { "type": "Point", "coordinates": [ 1090883.261843273416162, 1754846.958969983272254 ] } },
{ "type": "Feature", "properties": { "species": "소나무", "height": 17.370399023663833, "crown_width": 12 }, "geometry": { "type": "Point", "coordinates": [ 1092050.797616765834391, 1774520.044928794261068 ] } },
{ "type": "Feature", "properties": { "species": "느티나무", "height": 10.64271520650097, "crown_width": 18 }, "geometry": { "type": "Point", "coordinates": [ 1113044.898135607130826, 1739312.569474415387958 ] } },
{ "type": "Feature", "properties": { "species": "플라타너스", "height": 12.182848021596985, "crown_width": 20 }, "geometry": { "type": "Point", "coordinates": [ 1084000.671821137191728, 1753980.512198687298223 ] } },
{ "type": "Feature", "properties": { "species": "느티나무", "height": 13.029175746896838, "crown_width": 18 }, "geometry": { "type": "Point", "coordinates": [ 1077030.812163004651666, 1764529.771265265997499 ] } },
{ "type": "Feature", "properties": { "species": "벚나무", "height": 12.107083273966078, "crown_width": 10 }, "geometry": { "type": "Point", "coordinates": [ 1105848.262319793924689, 1747826.867705035721883 ] } },
{ "type": "Feature", "properties": { "species": "은행나무", "height": 15.983944886370036, "crown_width": 15 }, "geometry": { "type": "Point", "coordinates": [ 1077151.599617302417755, 1743849.40612611011602 ] } },
{ "type": "Feature", "properties": { "species": "소나무", "height": 15.974672000614246, "crown_width": 12 }, "geometry": { "type": "Point", "coordinates": [ 1081849.567007498349994, 1735834.708537141559646 ] } },
{ "type": "Feature", "properties": { "species": "소나무", "height": 10.796113378118928, "crown_width": 12 }, "geometry": { "type": "Point", "coordinates": [ 1082015.509466328890994, 1748540.475056611001492 ] } },
{ "type": "Feature", "properties": { "species": "벚나무", "height": 18.357938671161609, "crown_width": 10 }, "geometry": { "type": "Point", "coordinates": [ 1110005.402763992315158, 1779460.442526151193306 ] } },
{ "type": "Feature", "properties": { "species": "소나무", "height": 12.597091209894348, "crown_width": 12 }, "geometry": { "type": "Point", "coordinates": [ 1102752.363657118054107, 1771846.053024728083983 ] } },
{ "type": "Feature", "properties": { "species": "소나무", "height": 6.4202297886435646, "crown_width": 12 }, "geometry": { "type": "Point", "coordinates": [ 1104043.485396760050207, 1775145.242784384638071 ] } },
{ "type": "Feature", "properties": { "species": "자작나무", "height": 9.2904865317032641, "crown_width": 10 }, "geometry": { "type": "Point", "coordinates": [ 1102217.318714631022885, 1751856.578178622294217 ] } },
{ "type": "Feature", "properties": { "species": "자작나무", "height": 7.3509466738348879, "crown_width": 10 }, "geometry": { "type": "Point", "coordinates": [ 1102023.701311473269016, 1757875.917873174417764 ] } },
{ "type": "Feature", "properties": { "species": "느티나무", "height": 11.540578517674746, "crown_width": 18 }, "geometry": { "type": "Point", "coordinates": [ 1097103.865160765359178, 1740837.006820270093158 ] } },
{ "type": "Feature", "properties": { "species": "자작나무", "height": 19.371119838506665, "crown_width": 10 }, "geometry": { "type": "Point", "coordinates": [ 1090051.19629410491325, 1746377.276010245317593 ] } },
{ "type": "Feature", "properties": { "species": "벚나무", "height": 8.7250962250284498, "crown_width": 10 }, "geometry": { "type": "Point", "coordinates": [ 1081976.211485045729205, 1775865.317491488996893 ] } },
{ "type": "Feature", "properties": { "species": "자작나무", "height": 19.543036866860877, "crown_width": 10 }, "geometry": { "type": "Point", "coordinates": [ 1103025.392988130450249, 1745230.453077154001221 ] } },
{ "type": "Feature", "properties": { "species": "자작나무", "height": 12.047339189849691, "crown_width": 10 }, "geometry": { "type": "Point", "coordinates": [ 1083036.073478616541252, 1768954.034175445325673 ] } },
{ "type": "Feature", "properties": { "species": "벚나무", "height": 12.823451675413789, "crown_width": 10 }, "geometry": { "type": "Point", "coordinates": [ 1109975.387686950853094, 1745863.331500646658242 ] } },
{ "type": "Feature", "properties": { "species": "소나무", "height": 9.3595923329071145, "crown_width": 12 }, "geometry": { "type": "Point", "coordinates": [ 1098519.080439586658031, 1773877.723785332404077 ] } },
{ "type": "Feature", "properties": { "species": "자작나무", "height": 6.4068598294426371, "crown_width": 10 }, "geometry": { "type": "Point", "coordinates": [ 1084011.449642259627581, 1764691.215541629353538 ] } },
{ "type": "Feature", "properties": { "species": "느티나무", "height": 19.589215567611934, "crown_width": 18 }, "geometry": { "type": "Point", "coordinates": [ 1079056.108602756168693, 1744268.670519485836849 ] } },
{ "type": "Feature", "properties": { "species": "은행나무", "height": 12.463512405401307, "crown_width": 15 }, "geometry": { "type": "Point", "coordinates": [ 1092085.850706407334656, 1767869.367135310778394 ] } },
{ "type": "Feature", "properties": { "species": "플라타너스", "height": 19.746306958261044, "crown_width": 20 }, "geometry": { "type": "Point", "coordinates": [ 1079055.21407156647183, 1773770.970152332913131 ] } },
{ "type": "Feature", "properties": { "species": "벚나무", "height": 9.9582540305630385, "crown_width": 10 }, "geometry": { "type": "Point", "coordinates": [ 1107032.134579396340996, 1765731.661525888368487 ] } },
{ "type": "Feature", "properties": { "species": "느티나무", "height": 15.321565816094992, "crown_width": 18 }, "geometry": { "type": "Point", "coordinates": [ 1105054.066042729187757, 1773190.587561353575438 ] } },
{ "type": "Feature", "properties": { "species": "느티나무", "height": 11.651360784601444, "crown_width": 18 }, "geometry": { "type": "Point", "coordinates": [ 1097003.342627923935652, 1777253.665134741924703 ] } },
{ "type": "Feature", "properties": { "species": "플라타너스", "height": 18.803592098653255, "crown_width": 20 }, "geometry": { "type": "Point", "coordinates": [ 1080035.311654882971197, 1756285.139676901046187 ] } },
{ "type": "Feature", "properties": { "species": "플라타너스", "height": 7.1271076202260861, "crown_width": 20 }, "geometry": { "type": "Point", "coordinates": [ 1101929.269076132681221, 1763854.97349363239482 ] } },
{ "type": "Feature", "properties": { "species": "자작나무", "height": 9.5237441167647177, "crown_width": 10 }, "geometry": { "type": "Point", "coordinates": [ 1087068.870502015110105, 1744976.023975969059393 ] } },
{ "type": "Feature", "properties": { "species": "벚나무", "height": 12.332407336037438, "crown_width": 10 }, "geometry": { "type": "Point", "coordinates": [ 1084032.978584554977715, 1736610.097849709913135 ] } },
{ "type": "Feature", "properties": { "species": "플라타너스", "height": 6.5996811649851841, "crown_width": 20 }, "geometry": { "type": "Point", "coordinates": [ 1079874.495349263306707, 1776858.595435190247372 ] } },
{ "type": "Feature", "properties": { "species": "소나무", "height": 7.3814984149220955, "crown_width": 12 }, "geometry": { "type": "Point", "coordinates": [ 1100643.769965370185673, 1758857.749379930552095 ] } },
{ "type": "Feature", "properties": { "species": "자작나무", "height": 19.42669915656769, "crown_width": 10 }, "geometry": { "type": "Point", "coordinates": [ 1099491.618136806879193, 1773824.288804231211543 ] } },
{ "type": "Feature", "properties": { "species": "자작나무", "height": 14.362958406064456, "crown_width": 10 }, "geometry": { "type": "Point", "coordinates": [ 1097419.853904557181522, 1736854.067682653665543 ] } },
{ "type": "Feature", "properties": { "species": "느티나무", "height": 13.077954821155544, "crown_width": 18 }, "geometry": { "type": "Point", "coordinates": [ 1102036.189496045932174, 1777742.376460129395127 ] } },
{ "type": "Feature", "properties": { "species": "플라타너스", "height": 14.580603543774972, "crown_width": 20 }, "geometry": { "type": "Point", "coordinates": [ 1095027.162909631384537, 1762825.100151231978089 ] } },
{ "type": "Feature", "properties": { "species": "벚나무", "height": 6.1060554733264265, "crown_width": 10 }, "geometry": { "type": "Point", "coordinates": [ 1097009.837699493858963, 1776460.875043828971684 ] } },
{ "type": "Feature", "properties": { "species": "은행나무", "height": 13.102867655107442, "crown_width": 15 }, "geometry": { "type": "Point", "coordinates": [ 1087943.100094551919028, 1747855.6787397749722 ] } },
{ "type": "Feature", "properties": { "species": "자작나무", "height": 19.794028946284989, "crown_width": 10 }, "geometry": { "type": "Point", "coordinates": [ 1093061.275355640798807, 1748851.104873036732897 ] } },
{ "type": "Feature", "properties": { "species": "벚나무", "height": 19.746068434739293, "crown_width": 10 }, "geometry": { "type": "Point", "coordinates": [ 1091027.303501465823501, 1738567.702007203595713 ] } },
{ "type": "Feature", "properties": { "species": "플라타너스", "height": 7.1989609621353505, "crown_width": 20 }, "geometry": { "type": "Point", "coordinates": [ 1110029.217272683978081, 1740790.8064518077299 ] } },
{ "type": "Feature", "properties": { "species": "은행나무", "height": 15.783583283019333, "crown_width": 15 }, "geometry": { "type": "Point", "coordinates": [ 1080948.529167317785323, 1739852.769898102385923 ] } },
{ "type": "Feature", "properties": { "species": "벚나무", "height": 19.708822882116049, "crown_width": 10 }, "geometry": { "type": "Point", "coordinates": [ 1094012.425440066726878, 1759757.186309147626162 ] } },
{ "type": "Feature", "properties": { "species": "소나무", "height": 12.884781537048081, "crown_width": 12 }, "geometry": { "type": "Point", "coordinates": [ 1094016.017768104560673, 1779407.171562803443521 ] } },
{ "type": "Feature", "properties": { "species": "벚나무", "height": 17.582197594770147, "crown_width": 10 }, "geometry": { "type": "Point", "coordinates": [ 1092026.927943140035495, 1748841.580341313732788 ] } },
{ "type": "Feature", "properties": { "species": "벚나무", "height": 14.147880977332784, "crown_width": 10 }, "geometry": { "type": "Point", "coordinates": [ 1098046.701816128334031, 1741797.672986887628213 ] } },
{ "type": "Feature", "properties": { "species": "느티나무", "height": 17.571809886913996, "crown_width": 18 }, "geometry": { "type": "Point", "coordinates": [ 1109211.986108313547447, 1774854.033216057345271 ] } },
{ "type": "Feature", "properties": { "species": "은행나무", "height": 11.839975727979585, "crown_width": 15 }, "geometry": { "type": "Point", "coordinates": [ 1102035.388569013448432, 1759592.966590399388224 ] } },
{ "type": "Feature", "properties": { "species": "은행나무", "height": 15.344619346030942, "crown_width": 15 }, "geometry": { "type": "Point", "coordinates": [ 1102549.523657892597839, 1742886.564778723055497 ] } },
{ "type": "Feature", "properties": { "species": "벚나무", "height": 14.13867140844814, "crown_width": 10 }, "geometry": { "type": "Point", "coordinates": [ 1113043.059051207732409, 1760316.120508360443637 ] } },
{ "type": "Feature", "properties": { "species": "은행나무", "height": 19.032217204546264, "crown_width": 15 }, "geometry": { "type": "Point", "coordinates": [ 1111465.726745667867362, 1746848.501640276517719 ] } },
{ "type": "Feature", "properties": { "species": "자작나무", "height": 17.014966578924042, "crown_width": 10 }, "geometry": { "type": "Point", "coordinates": [ 1111011.211990296607837, 1765699.245601834962144 ] } },
{ "type": "Feature", "properties": { "species": "소나무", "height": 11.662324321615902, "crown_width": 12 }, "geometry": { "type": "Point", "coordinates": [ 1091114.854217662243173, 1746856.755229574628174 ] } },
{ "type": "Feature", "properties": { "species": "느티나무", "height": 13.794513568330997, "crown_width": 18 }, "geometry": { "type": "Point", "coordinates": [ 1102172.790564641123638, 1751853.049241994740441 ] } },
{ "type": "Feature", "properties": { "species": "자작나무", "height": 10.247499096963857, "crown_width": 10 }, "geometry": { "type": "Point", "coordinates": [ 1103644.896115965675563, 1767821.723473085556179 ] } },
{ "type": "Feature", "properties": { "species": "자작나무", "height": 17.429390332059945, "crown_width": 10 }, "geometry": { "type": "Point", "coordinates": [ 1106015.611575009301305, 1761296.389585991855711 ] } },
{ "type": "Feature", "properties": { "species": "느티나무", "height": 19.565552214526811, "crown_width": 18 }, "geometry": { "type": "Point", "coordinates": [ 1106847.032669289037585, 1742849.945299467537552 ] } },
{ "type": "Feature", "properties": { "species": "은행나무", "height": 11.47417392285141, "crown_width": 15 }, "geometry": { "type": "Point", "coordinates": [ 1082231.385851635364816, 1741853.831066734855995 ] } },
{ "type": "Feature", "properties": { "species": "느티나무", "height": 18.355203756139439, "crown_width": 18 }, "geometry": { "type": "Point", "coordinates": [ 1078410.581007328350097, 1769862.292330981697887 ] } },
{ "type": "Feature", "properties": { "species": "자작나무", "height": 11.080771099028675, "crown_width": 10 }, "geometry": { "type": "Point", "coordinates": [ 1101950.691644540755078, 1757885.393814514623955 ] } },
{ "type": "Feature", "properties": { "species": "은행나무", "height": 15.347824982733068, "crown_width": 15 }, "geometry": { "type": "Point", "coordinates": [ 1096036.74467937531881, 1752703.803936441428959 ] } },
{ "type": "Feature", "properties": { "species": "은행나무", "height": 19.836633717578728, "crown_width": 15 }, "geometry": { "type": "Point", "coordinates": [ 1109032.349878148175776, 1754110.848540717270225 ] } },
{ "type": "Feature", "properties": { "species": "자작나무", "height": 8.0882824585268729, "crown_width": 10 }, "geometry": { "type": "Point", "coordinates": [ 1085017.532819373300299, 1761688.311592811485752 ] } },
{ "type": "Feature", "properties": { "species": "벚나무", "height": 19.811701346997477, "crown_width": 10 }, "geometry": { "type": "Point", "coordinates": [ 1093189.533089061966166, 1779828.406535997288302 ] } },
{ "type": "Feature", "properties": { "species": "느티나무", "height": 18.07630386522716, "crown_width": 18 }, "geometry": { "type": "Point", "coordinates": [ 1105698.11302811303176, 1757824.196477923542261 ] } },
{ "type": "Feature", "properties": { "species": "플라타너스", "height": 13.816252620941135, "crown_width": 20 }, "geometry": { "type": "Point", "coordinates": [ 1082411.224580745678395, 1772843.579892772249877 ] } },
{ "type": "Feature", "properties": { "species": "느티나무", "height": 10.431720975729332, "crown_width": 18 }, "geometry": { "type": "Point", "coordinates": [ 1089127.776528875576332, 1777856.884612601017579 ] } },
{ "type": "Feature", "properties": { "species": "자작나무", "height": 14.766889737455511, "crown_width": 10 }, "geometry": { "type": "Point", "coordinates": [ 1077004.157633339753374, 1747801.579624176025391 ] } },
{ "type": "Feature", "properties": { "species": "플라타너스", "height": 12.604106776302709, "crown_width": 20 }, "geometry": { "type": "Point", "coordinates": [ 1085027.99719384778291, 1739242.178909749723971 ] } },
{ "type": "Feature", "properties": { "species": "느티나무", "height": 6.8378157812895637, "crown_width": 18 }, "geometry": { "type": "Point", "coordinates": [ 1081997.644616929581389, 1766826.545978257199749 ] } },
{ "type": "Feature", "properties": { "species": "플라타너스", "height": 12.706931654002279, "crown_width": 20 }, "geometry": { "type": "Point", "coordinates": [ 1100033.703220057766885, 1735406.520616405643523 ] } },
{ "type": "Feature", "properties": { "species": "플라타너스", "height": 18.500498332362625, "crown_width": 20 }, "geometry": { "type": "Point", "coordinates": [ 1089191.67064303625375, 1753874.921263261232525 ] } },
{ "type": "Feature", "properties": { "species": "소나무", "height": 7.3426050052717358, "crown_width": 12 }, "geometry": { "type": "Point", "coordinates": [ 1107676.219772026874125, 1764844.205175990471616 ] } },
{ "type": "Feature", "properties": { "species": "은행나무", "height": 14.865289842548382, "crown_width": 15 }, "geometry": { "type": "Point", "coordinates": [ 1083096.732604277320206, 1739839.357955568935722 ] } },
{ "type": "Feature", "properties": { "species": "소나무", "height": 7.77088749858056, "crown_width": 12 }, "geometry": { "type": "Point", "coordinates": [ 1094060.678060056408867, 1765775.611588177038357 ] } },
{ "type": "Feature", "properties": { "species": "소나무", "height": 6.2949374136839173, "crown_width": 12 }, "geometry": { "type": "Point", "coordinates": [ 1111466.303694508504122, 1768840.05467704241164 ] } },
{ "type": "Feature", "properties": { "species": "은행나무", "height": 6.2709517961542183, "crown_width": 15 }, "geometry": { "type": "Point", "coordinates": [ 1099024.516002949560061, 1751586.115129968384281 ] } },
{ "type": "Feature", "properties": { "species": "소나무", "height": 12.236313983865376, "crown_width": 12 }, "geometry": { "type": "Point", "coordinates": [ 1103024.807642926694825, 1761159.108271394856274 ] } },
{ "type": "Feature", "properties": { "species": "은행나무", "height": 7.2884656848926141, "crown_width": 15 }, "geometry": { "type": "Point", "coordinates": [ 1080623.455639050342143, 1759837.063992507057264 ] } },
{ "type": "Feature", "properties": { "species": "벚나무", "height": 10.337803594608417, "crown_width": 10 }, "geometry": { "type": "Point", "coordinates": [ 1104184.487068737391382, 1756838.697532028192654 ] } },
{ "type": "Feature", "properties": { "species": "플라타너스", "height": 17.802800942391158, "crown_width": 20 }, "geometry": { "type": "Point", "coordinates": [ 1086277.944798218086362, 1751829.474000746151432 ] } },
{ "type": "Feature", "properties": { "species": "은행나무", "height": 16.507147831603167, "crown_width": 15 }, "geometry": { "type": "Point", "coordinates": [ 1107841.748628176981583, 1749849.175722767366096 ] } },
{ "type": "Feature", "properties": { "species": "소나무", "height": 11.018130919058777, "crown_width": 12 }, "geometry": { "type": "Point", "coordinates": [ 1087978.424885159824044, 1736825.917405453044921 ] } },
{ "type": "Feature", "properties": { "species": "소나무", "height": 10.230019590081692, "crown_width": 12 }, "geometry": { "type": "Point", "coordinates": [ 1103673.306475941324607, 1777842.476212058681995 ] } },
{ "type": "Feature", "properties": { "species": "은행나무", "height": 10.548769856191004, "crown_width": 15 }, "geometry": { "type": "Point", "coordinates": [ 1105020.328629276482388, 1736029.557952107628807 ] } },
{ "type": "Feature", "properties": { "species": "소나무", "height": 12.656459693178997, "crown_width": 12 }, "geometry": { "type": "Point", "coordinates": [ 1109048.607712161028758, 1768971.076000475790352 ] } },
{ "type": "Feature", "properties": { "species": "자작나무", "height": 8.5920563193652466, "crown_width": 10 }, "geometry": { "type": "Point", "coordinates": [ 1090002.288776375818998, 1741866.629235748900101 ] } },
{ "type": "Feature", "properties": { "species": "은행나무", "height": 10.613490355032132, "crown_width": 15 }, "geometry": { "type": "Point", "coordinates": [ 1079449.917844806564972, 1778843.503099613357335 ] } },
{ "type": "Feature", "properties": { "species": "소나무", "height": 9.581377572277777, "crown_width": 12 }, "geometry": { "type": "Point", "coordinates": [ 1091276.10103760054335, 1759869.211185271153226 ] } },
{ "type": "Feature", "properties": { "species": "벚나무", "height": 10.717320504279439, "crown_width": 10 }, "geometry": { "type": "Point", "coordinates": [ 1104053.034959174925461, 1756798.314375064335763 ] } },
{ "type": "Feature", "properties": { "species": "자작나무", "height": 19.240381001096505, "crown_width": 10 }, "geometry": { "type": "Point", "coordinates": [ 1109636.437762525631115, 1778836.335613389732316 ] } },
{ "type": "Feature", "properties": { "species": "자작나무", "height": 9.7005204494025445, "crown_width": 10 }, "geometry": { "type": "Point", "coordinates": [ 1110483.733318571699783, 1741862.217422342859209 ] } },
{ "type": "Feature", "properties": { "species": "자작나무", "height": 18.817402731049754, "crown_width": 10 }, "geometry": { "type": "Point", "coordinates": [ 1099039.057278786785901, 1774594.493494105990976 ] } },
{ "type": "Feature", "properties": { "species": "자작나무", "height": 7.9159396341866213, "crown_width": 10 }, "geometry": { "type": "Point", "coordinates": [ 1084041.758801903109998, 1764758.436410889727995 ] } },
{ "type": "Feature", "properties": { "species": "벚나무", "height": 16.412791448998348, "crown_width": 10 }, "geometry": { "type": "Point", "coordinates": [ 1095010.50774292089045, 1778093.689115473534912 ] } },
{ "type": "Feature", "properties": { "species": "느티나무", "height": 18.65668136300777, "crown_width": 18 }, "geometry": { "type": "Point", "coordinates": [ 1082309.595724974991754, 1761854.430127918953076 ] } },
{ "type": "Feature", "properties": { "species": "은행나무", "height": 7.0909198206508446, "crown_width": 15 }, "geometry": { "type": "Point", "coordinates": [ 1107022.99150823825039, 1746676.793344839243218 ] } },
{ "type": "Feature", "properties": { "species": "은행나무", "height": 18.713649314581801, "crown_width": 15 }, "geometry": { "type": "Point", "coordinates": [ 1100312.408520573982969, 1764860.911934106843546 ] } },
{ "type": "Feature", "properties": { "species": "벚나무", "height": 16.996228400584364, "crown_width": 10 }, "geometry": { "type": "Point", "coordinates": [ 1086047.424212519545108, 1774995.731873305514455 ] } },
{ "type": "Feature", "properties": { "species": "플라타너스", "height": 6.9318363931019835, "crown_width": 20 }, "geometry": { "type": "Point", "coordinates": [ 1103257.167736964533105, 1746855.286298513412476 ] } },
{ "type": "Feature", "properties": { "species": "소나무", "height": 18.957206573264322, "crown_width": 12 }, "geometry": { "type": "Point", "coordinates": [ 1096054.665260795736685, 1759911.15201264526695 ] } },
{ "type": "Feature", "properties": { "species": "자작나무", "height": 9.4141579931332284, "crown_width": 10 }, "geometry": { "type": "Point", "coordinates": [ 1089032.626018712297082, 1742684.23264885134995 ] } },
{ "type": "Feature", "properties": { "species": "소나무", "height": 11.884621593987946, "crown_width": 12 }, "geometry": { "type": "Point", "coordinates": [ 1077369.71907748747617, 1756835.288495159707963 ] } },
{ "type": "Feature", "properties": { "species": "느티나무", "height": 10.708419152662945, "crown_width": 18 }, "geometry": { "type": "Point", "coordinates": [ 1110042.164848940214142, 1739192.528032559901476 ] } },
{ "type": "Feature", "properties": { "species": "소나무", "height": 14.290180213385215, "crown_width": 12 }, "geometry": { "type": "Point", "coordinates": [ 1083044.561088561080396, 1757864.097548638470471 ] } },
{ "type": "Feature", "properties": { "species": "벚나무", "height": 10.398738528632798, "crown_width": 10 }, "geometry": { "type": "Point", "coordinates": [ 1081510.188668569084257, 1735867.347199132433161 ] } },
{ "type": "Feature", "properties": { "species": "플라타너스", "height": 6.6144049544201273, "crown_width": 20 }, "geometry": { "type": "Point", "coordinates": [ 1102578.369498591637239, 1743821.880812318297103 ] } },
{ "type": "Feature", "properties": { "species": "자작나무", "height": 17.667884425654492, "crown_width": 10 }, "geometry": { "type": "Point", "coordinates": [ 1096736.898635221878067, 1745855.155215319013223 ] } },
{ "type": "Feature", "properties": { "species": "벚나무", "height": 15.157830705185743, "crown_width": 10 }, "geometry": { "type": "Point", "coordinates": [ 1107712.407146634766832, 1753840.608380901627243 ] } },
{ "type": "Feature", "properties": { "species": "벚나무", "height": 14.160878832205505, "crown_width": 10 }, "geometry": { "type": "Point", "coordinates": [ 1105326.752459520008415, 1749875.183853326831013 ] } },
{ "type": "Feature", "properties": { "species": "은행나무", "height": 17.335040298295386, "crown_width": 15 }, "geometry": { "type": "Point", "coordinates": [ 1084288.964397611329332, 1771886.310614742105827 ] } },
{ "type": "Feature", "properties": { "species": "소나무", "height": 15.352144459737309, "crown_width": 12 }, "geometry": { "type": "Point", "coordinates": [ 1089482.059242836432531, 1743831.055030092597008 ] } },
{ "type": "Feature", "properties": { "species": "은행나무", "height": 12.307946806700091, "crown_width": 15 }, "geometry": { "type": "Point", "coordinates": [ 1080906.628802690189332, 1764870.05680839670822 ] } },
{ "type": "Feature", "properties": { "species": "소나무", "height": 15.991224081423525, "crown_width": 12 }, "geometry": { "type": "Point", "coordinates": [ 1084016.463577314279974, 1741097.139721936313435 ] } },
{ "type": "Feature", "properties": { "species": "자작나무", "height": 6.1539769066746866, "crown_width": 10 }, "geometry": { "type": "Point", "coordinates": [ 1109736.880144128808752, 1752842.9083747996483 ] } },
{ "type": "Feature", "properties": { "species": "벚나무", "height": 11.410451925929536, "crown_width": 10 }, "geometry": { "type": "Point", "coordinates": [ 1098801.186998606193811, 1746857.165716975694522 ] } },
{ "type": "Feature", "properties": { "species": "자작나무", "height": 12.04314450929159, "crown_width": 10 }, "geometry": { "type": "Point", "coordinates": [ 1087902.343705549137667, 1773837.007056487491354 ] } },
{ "type": "Feature", "properties": { "species": "느티나무", "height": 11.384299491344924, "crown_width": 18 }, "geometry": { "type": "Point", "coordinates": [ 1101752.238006401108578, 1758827.062525413464755 ] } },
{ "type": "Feature", "properties": { "species": "은행나무", "height": 6.1186793394079562, "crown_width": 15 }, "geometry": { "type": "Point", "coordinates": [ 1105318.32478871406056, 1756885.856172469211742 ] } },
{ "type": "Feature", "properties": { "species": "은행나무", "height": 16.546147085547375, "crown_width": 15 }, "geometry": { "type": "Point", "coordinates": [ 1083032.329304304672405, 1763548.714333436684683 ] } },
{ "type": "Feature", "properties": { "species": "벚나무", "height": 15.109812167705986, "crown_width": 10 }, "geometry": { "type": "Point", "coordinates": [ 1110335.720955853816122, 1777864.509772758930922 ] } },
{ "type": "Feature", "properties": { "species": "은행나무", "height": 15.645672103118669, "crown_width": 15 }, "geometry": { "type": "Point", "coordinates": [ 1079313.672679556999356, 1742845.645549203502014 ] } },
{ "type": "Feature", "properties": { "species": "자작나무", "height": 6.951468521947552, "crown_width": 10 }, "geometry": { "type": "Point", "coordinates": [ 1109606.885574279353023, 1745837.318057168275118 ] } },
{ "type": "Feature", "properties": { "species": "느티나무", "height": 13.262016671068073, "crown_width": 18 }, "geometry": { "type": "Point", "coordinates": [ 1094040.998309653718024, 1760096.028314277762547 ] } },
{ "type": "Feature", "properties": { "species": "소나무", "height": 12.825036562280539, "crown_width": 12 }, "geometry": { "type": "Point", "coordinates": [ 1078047.899379533249885, 1758186.809508998412639 ] } },
{ "type": "Feature", "properties": { "species": "은행나무", "height": 14.606956721063861, "crown_width": 15 }, "geometry": { "type": "Point", "coordinates": [ 1093252.492260724771768, 1769863.070307965856045 ] } },
{ "type": "Feature", "properties": { "species": "자작나무", "height": 19.488737500200472, "crown_width": 10 }, "geometry": { "type": "Point", "coordinates": [ 1095254.939211683580652, 1739881.110967260785401 ] } },
{ "type": "Feature", "properties": { "species": "플라타너스", "height": 16.144634141780838, "crown_width": 20 }, "geometry": { "type": "Point", "coordinates": [ 1109041.193868207745254, 1736891.911198483780026 ] } },
{ "type": "Feature", "properties": { "species": "은행나무", "height": 6.9641408513527621, "crown_width": 15 }, "geometry": { "type": "Point", "coordinates": [ 1106039.816887283464894, 1745865.362864033319056 ] } },
{ "type": "Feature", "properties": { "species": "벚나무", "height": 16.149654654860289, "crown_width": 10 }, "geometry": { "type": "Point", "coordinates": [ 1087921.97753097047098, 1751823.021523055387661 ] } },
{ "type": "Feature", "properties": { "species": "느티나무", "height": 14.244511035546982, "crown_width": 18 }, "geometry": { "type": "Point", "coordinates": [ 1082759.563706141198054, 1762855.382824538974091 ] } },
{ "type": "Feature", "properties": { "species": "은행나무", "height": 17.875819910665257, "crown_width": 15 }, "geometry": { "type": "Point", "coordinates": [ 1103038.004177185473964, 1750494.211080745328218 ] } },
{ "type": "Feature", "properties": { "species": "느티나무", "height": 11.376887866830128, "crown_width": 18 }, "geometry": { "type": "Point", "coordinates": [ 1095061.919554916210473, 1770824.588850069325417 ] } },
{ "type": "Feature", "properties": { "species": "느티나무", "height": 7.0421378587094212, "crown_width": 18 }, "geometry": { "type": "Point", "coordinates": [ 1106051.59616139321588, 1744763.041584006277844 ] } },
{ "type": "Feature", "properties": { "species": "느티나무", "height": 17.218846187441468, "crown_width": 18 }, "geometry": { "type": "Point", "coordinates": [ 1094939.093112805159763, 1770889.552394239697605 ] } },
{ "type": "Feature", "properties": { "species": "자작나무", "height": 18.508331791034674, "crown_width": 10 }, "geometry": { "type": "Point", "coordinates": [ 1080003.365707658464089, 1772756.508888500742614 ] } },
{ "type": "Feature", "properties": { "species": "은행나무", "height": 18.225120192970348, "crown_width": 15 }, "geometry": { "type": "Point", "coordinates": [ 1099050.66302220034413, 1772818.947345688939095 ] } },
{ "type": "Feature", "properties": { "species": "플라타너스", "height": 12.606281013201448, "crown_width": 20 }, "geometry": { "type": "Point", "coordinates": [ 1112039.158877425594255, 1779095.242481817025691 ] } },
{ "type": "Feature", "properties": { "species": "플라타너스", "height": 15.858851056476658, "crown_width": 20 }, "geometry": { "type": "Point", "coordinates": [ 1097015.935663105221465, 1776308.159494412597269 ] } },
{ "type": "Feature", "properties": { "species": "자작나무", "height": 6.7269749860211148, "crown_width": 10 }, "geometry": { "type": "Point", "coordinates": [ 1100561.447446882259101, 1747875.2414067145437 ] } },
{ "type": "Feature", "properties": { "species": "소나무", "height": 12.547190786445539, "crown_width": 12 }, "geometry": { "type": "Point", "coordinates": [ 1088316.652583800489083, 1770856.586360760964453 ] } },
{ "type": "Feature", "properties": { "species": "자작나무", "height": 19.071957911126077, "crown_width": 10 }, "geometry": { "type": "Point", "coordinates": [ 1110075.270878227893263, 1765881.216192485764623 ] } },
{ "type": "Feature", "properties": { "species": "벚나무", "height": 18.116555919895887, "crown_width": 10 }, "geometry": { "type": "Point", "coordinates": [ 1086101.956541205523536, 1753862.269890995230526 ] } },
{ "type": "Feature", "properties": { "species": "소나무", "height": 8.6829180976288356, "crown_width": 12 }, "geometry": { "type": "Point", "coordinates": [ 1098295.660980059066787, 1774846.638122914824635 ] } },
{ "type": "Feature", "properties": { "species": "벚나무", "height": 19.392150772999983, "crown_width": 10 }, "geometry": { "type": "Point", "coordinates": [ 1094740.57805335172452, 1771850.279652953613549 ] } },
{ "type": "Feature", "properties": { "species": "자작나무", "height": 15.810550346295997, "crown_width": 10 }, "geometry": { "type": "Point", "coordinates": [ 1100037.998941564699635, 1737422.951490009203553 ] } },
{ "type": "Feature", "properties": { "species": "자작나무", "height": 7.2904297655096792, "crown_width": 10 }, "geometry": { "type": "Point", "coordinates": [ 1086097.418970172759145, 1751851.107479822123423 ] } },
{ "type": "Feature", "properties": { "species": "소나무", "height": 16.38065842259876, "crown_width": 12 }, "geometry": { "type": "Point", "coordinates": [ 1099018.807142537320033, 1777434.654628398595378 ] } },
{ "type": "Feature", "properties": { "species": "은행나무", "height": 17.259515705763366, "crown_width": 15 }, "geometry": { "type": "Point", "coordinates": [ 1093841.955180905526504, 1770855.450908160302788 ] } },
{ "type": "Feature", "properties": { "species": "자작나무", "height": 16.884495930751669, "crown_width": 10 }, "geometry": { "type": "Point", "coordinates": [ 1094024.549059513723478, 1769055.936817307490855 ] } },
{ "type": "Feature", "properties": { "species": "느티나무", "height": 15.099380009140916, "crown_width": 18 }, "geometry": { "type": "Point", "coordinates": [ 1082031.258817846188322, 1736086.443213504040614 ] } },
{ "type": "Feature", "properties": { "species": "벚나무", "height": 13.497008322368378, "crown_width": 10 }, "geometry": { "type": "Point", "coordinates": [ 1083077.876090769888833, 1777835.013022398808971 ] } },
{ "type": "Feature", "properties": { "species": "느티나무", "height": 16.438535490283556, "crown_width": 18 }, "geometry": { "type": "Point", "coordinates": [ 1112178.310148590011522, 1772860.464186848374084 ] } },
{ "type": "Feature", "properties": { "species": "플라타너스", "height": 9.3545248205135412, "crown_width": 20 }, "geometry": { "type": "Point", "coordinates": [ 1111777.897632110863924, 1775889.861890432890505 ] } },
{ "type": "Feature", "properties": { "species": "은행나무", "height": 18.670336516253862, "crown_width": 15 }, "geometry": { "type": "Point", "coordinates": [ 1084783.095655571902171, 1760861.105932516278699 ] } },
{ "type": "Feature", "properties": { "species": "플라타너스", "height": 16.032926081231352, "crown_width": 20 }, "geometry": { "type": "Point", "coordinates": [ 1093022.96230308804661, 1772034.503842680249363 ] } },
{ "type": "Feature", "properties": { "species": "자작나무", "height": 10.94263364808832, "crown_width": 10 }, "geometry": { "type": "Point", "coordinates": [ 1090039.408538794377819, 1772445.968493787571788 ] } },
{ "type": "Feature", "properties": { "species": "벚나무", "height": 19.279732950854591, "crown_width": 10 }, "geometry": { "type": "Point", "coordinates": [ 1083066.092073825886473, 1769448.083081879653037 ] } },
{ "type": "Feature", "properties": { "species": "벚나무", "height": 16.696455212632941, "crown_width": 10 }, "geometry": { "type": "Point", "coordinates": [ 1097110.963963956572115, 1769849.62130046566017 ] } },
{ "type": "Feature", "properties": { "species": "소나무", "height": 16.649703519979454, "crown_width": 12 }, "geometry": { "type": "Point", "coordinates": [ 1082023.824785002507269, 1768328.895523452432826 ] } },
{ "type": "Feature", "properties": { "species": "벚나무", "height": 16.924895527158398, "crown_width": 10 }, "geometry": { "type": "Point", "coordinates": [ 1105294.218278636457399, 1771854.453006800496951 ] } },
{ "type": "Feature", "properties": { "species": "느티나무", "height": 7.2148332480670412, "crown_width": 18 }, "geometry": { "type": "Point", "coordinates": [ 1077152.190991607261822, 1773822.332392382435501 ] } },
{ "type": "Feature", "properties": { "species": "자작나무", "height": 11.43881300171936, "crown_width": 10 }, "geometry": { "type": "Point", "coordinates": [ 1081758.733646944630891, 1771868.686700643505901 ] } },
{ "type": "Feature", "properties": { "species": "느티나무", "height": 18.351148028824674, "crown_width": 18 }, "geometry": { "type": "Point", "coordinates": [ 1097066.631402304163203, 1771870.709599221125245 ] } },
{ "type": "Feature", "properties": { "species": "플라타너스", "height": 14.768942938649001, "crown_width": 20 }, "geometry": { "type": "Point", "coordinates": [ 1090878.776535925455391, 1774834.257650213548914 ] } },
{ "type": "Feature", "properties": { "species": "벚나무", "height": 18.355168923649508, "crown_width": 10 }, "geometry": { "type": "Point", "coordinates": [ 1104034.021730951732025, 1761148.996659091673791 ] } },
{ "type": "Feature", "properties": { "species": "벚나무", "height": 7.677542380859733, "crown_width": 10 }, "geometry": { "type": "Point", "coordinates": [ 1112269.797013595001772, 1740833.215077800210565 ] } },
{ "type": "Feature", "properties": { "species": "느티나무", "height": 9.643750811196643, "crown_width": 18 }, "geometry": { "type": "Point", "coordinates": [ 1097062.403785273199901, 1760744.779383030952886 ] } },
{ "type": "Feature", "properties": { "species": "은행나무", "height": 14.29764361939926, "crown_width": 15 }, "geometry": { "type": "Point", "coordinates": [ 1108100.347725644009188, 1772871.432069960981607 ] } },
{ "type": "Feature", "properties": { "species": "느티나무", "height": 8.3482143155295105, "crown_width": 18 }, "geometry": { "type": "Point", "coordinates": [ 1110046.415484064724296, 1774327.565933939768001 ] } },
{ "type": "Feature", "properties": { "species": "플라타너스", "height": 12.676515831523806, "crown_width": 20 }, "geometry": { "type": "Point", "coordinates": [ 1113019.531983643537387, 1735122.912519584409893 ] } },
{ "type": "Feature", "properties": { "species": "소나무", "height": 9.979469484934711, "crown_width": 12 }, "geometry": { "type": "Point", "coordinates": [ 1103046.493307254975662, 1755899.696375974686816 ] } },
{ "type": "Feature", "properties": { "species": "자작나무", "height": 6.4316080619130362, "crown_width": 10 }, "geometry": { "type": "Point", "coordinates": [ 1106024.294730199733749, 1742622.976423071930185 ] } },
{ "type": "Feature", "properties": { "species": "느티나무", "height": 7.5176270568892631, "crown_width": 18 }, "geometry": { "type": "Point", "coordinates": [ 1107002.084140692604706, 1742411.580586563330144 ] } },
{ "type": "Feature", "properties": { "species": "소나무", "height": 13.803312268250719, "crown_width": 12 }, "geometry": { "type": "Point", "coordinates": [ 1093921.932247411692515, 1740844.300879897782579 ] } },
{ "type": "Feature", "properties": { "species": "플라타너스", "height": 14.39383968323852, "crown_width": 20 }, "geometry": { "type": "Point", "coordinates": [ 1085005.791099887574092, 1756880.877670180052519 ] } },
{ "type": "Feature", "properties": { "species": "소나무", "height": 18.698670777288935, "crown_width": 12 }, "geometry": { "type": "Point", "coordinates": [ 1108037.370622467249632, 1757628.787958237342536 ] } },
{ "type": "Feature", "properties": { "species": "은행나무", "height": 16.742742139535743, "crown_width": 15 }, "geometry": { "type": "Point", "coordinates": [ 1110013.735304099041969, 1774303.393477603094652 ] } },
{ "type": "Feature", "properties": { "species": "플라타너스", "height": 15.437130304011134, "crown_width": 20 }, "geometry": { "type": "Point", "coordinates": [ 1094506.974566827295348, 1772858.846128571080044 ] } },
{ "type": "Feature", "properties": { "species": "자작나무", "height": 17.827494006088138, "crown_width": 10 }, "geometry": { "type": "Point", "coordinates": [ 1101702.458332080161199, 1766849.221614010166377 ] } },
{ "type": "Feature", "properties": { "species": "은행나무", "height": 13.078016959049041, "crown_width": 15 }, "geometry": { "type": "Point", "coordinates": [ 1112794.779853912303224, 1746852.012484673410654 ] } },
{ "type": "Feature", "properties": { "species": "느티나무", "height": 7.4839329845202993, "crown_width": 18 }, "geometry": { "type": "Point", "coordinates": [ 1100007.774877556599677, 1763330.146809416823089 ] } },
{ "type": "Feature", "properties": { "species": "플라타너스", "height": 15.600914410603661, "crown_width": 20 }, "geometry": { "type": "Point", "coordinates": [ 1108041.389580010669306, 1736591.199166911421344 ] } },
{ "type": "Feature", "properties": { "species": "플라타너스", "height": 13.234951100996406, "crown_width": 20 }, "geometry": { "type": "Point", "coordinates": [ 1110806.824289377778769, 1759839.146821190370247 ] } },
{ "type": "Feature", "properties": { "species": "자작나무", "height": 17.808174546362672, "crown_width": 10 }, "geometry": { "type": "Point", "coordinates": [ 1103800.346116272965446, 1744887.452137006213889 ] } },
{ "type": "Feature", "properties": { "species": "소나무", "height": 8.7669374885565183, "crown_width": 12 }, "geometry": { "type": "Point", "coordinates": [ 1096554.459340885747224, 1777879.18187336740084 ] } },
{ "type": "Feature", "properties": { "species": "느티나무", "height": 7.6011456437874259, "crown_width": 18 }, "geometry": { "type": "Point", "coordinates": [ 1087046.972932695411146, 1739121.712761071743444 ] } },
{ "type": "Feature", "properties": { "species": "플라타너스", "height": 13.246122526928472, "crown_width": 20 }, "geometry": { "type": "Point", "coordinates": [ 1110767.73238284047693, 1749861.883413715986535 ] } },
{ "type": "Feature", "properties": { "species": "느티나무", "height": 16.723535027687397, "crown_width": 18 }, "geometry": { "type": "Point", "coordinates": [ 1084025.491583128925413, 1740846.525778079871088 ] } },
{ "type": "Feature", "properties": { "species": "벚나무", "height": 9.8573610670896645, "crown_width": 10 }, "geometry": { "type": "Point", "coordinates": [ 1085996.521479176357388, 1767882.710669205291197 ] } },
{ "type": "Feature", "properties": { "species": "소나무", "height": 16.866199824939436, "crown_width": 12 }, "geometry": { "type": "Point", "coordinates": [ 1107021.103209217544645, 1756045.420291055226699 ] } },
{ "type": "Feature", "properties": { "species": "은행나무", "height": 9.3304001577674534, "crown_width": 15 }, "geometry": { "type": "Point", "coordinates": [ 1094016.336018949514255, 1749284.047967148944736 ] } },
{ "type": "Feature", "properties": { "species": "벚나무", "height": 18.655513747895625, "crown_width": 10 }, "geometry": { "type": "Point", "coordinates": [ 1105004.053730472689494, 1770313.589729718398303 ] } },
{ "type": "Feature", "properties": { "species": "벚나무", "height": 17.201533513907961, "crown_width": 10 }, "geometry": { "type": "Point", "coordinates": [ 1097251.848938625305891, 1748838.250700114062056 ] } },
{ "type": "Feature", "properties": { "species": "플라타너스", "height": 14.728305444764109, "crown_width": 20 }, "geometry": { "type": "Point", "coordinates": [ 1108219.330584345152602, 1747855.847139512654394 ] } },
{ "type": "Feature", "properties": { "species": "자작나무", "height": 17.753472663647763, "crown_width": 10 }, "geometry": { "type": "Point", "coordinates": [ 1110023.451381305931136, 1754921.433982032816857 ] } },
{ "type": "Feature", "properties": { "species": "플라타너스", "height": 14.016098438495174, "crown_width": 20 }, "geometry": { "type": "Point", "coordinates": [ 1097036.15114229451865, 1769401.6059061428532 ] } },
{ "type": "Feature", "properties": { "species": "플라타너스", "height": 13.22868477484306, "crown_width": 20 }, "geometry": { "type": "Point", "coordinates": [ 1084339.405447087017819, 1751886.126985056325793 ] } },
{ "type": "Feature", "properties": { "species": "플라타너스", "height": 13.430938717223475, "crown_width": 20 }, "geometry": { "type": "Point", "coordinates": [ 1078440.465619634604082, 1771821.288508640602231 ] } },
{ "type": "Feature", "properties": { "species": "느티나무", "height": 16.316718201156377, "crown_width": 18 }, "geometry": { "type": "Point", "coordinates": [ 1094006.922316844575107, 1740095.505507241468877 ] } },
{ "type": "Feature", "properties": { "species": "소나무", "height": 7.929852254177618, "crown_width": 12 }, "geometry": { "type": "Point", "coordinates": [ 1112351.479074319824576, 1774841.910562082892284 ] } },
{ "type": "Feature", "properties": { "species": "자작나무", "height": 11.258953577506652, "crown_width": 10 }, "geometry": { "type": "Point", "coordinates": [ 1098391.068411968415603, 1774818.592913503525779 ] } },
{ "type": "Feature", "properties": { "species": "플라타너스", "height": 10.720238091403866, "crown_width": 20 }, "geometry": { "type": "Point", "coordinates": [ 1093715.173490593675524, 1778819.214428060222417 ] } },
{ "type": "Feature", "properties": { "species": "소나무", "height": 8.1234787624586033, "crown_width": 12 }, "geometry": { "type": "Point", "coordinates": [ 1101046.629553111502901, 1736875.333432608051226 ] } },
{ "type": "Feature", "properties": { "species": "느티나무", "height": 8.9986501028092665, "crown_width": 18 }, "geometry": { "type": "Point", "coordinates": [ 1108839.869431479601189, 1777860.425086139002815 ] } },
{ "type": "Feature", "properties": { "species": "플라타너스", "height": 19.798429668811316, "crown_width": 20 }, "geometry": { "type": "Point", "coordinates": [ 1101547.929360553855076, 1738848.455522534670308 ] } },
{ "type": "Feature", "properties": { "species": "벚나무", "height": 16.08668408072181, "crown_width": 10 }, "geometry": { "type": "Point", "coordinates": [ 1089090.355743311112747, 1766855.492049717810005 ] } },
{ "type": "Feature", "properties": { "species": "벚나무", "height": 17.852378521890749, "crown_width": 10 }, "geometry": { "type": "Point", "coordinates": [ 1099050.440643564797938, 1778285.591957428492606 ] } },
{ "type": "Feature", "properties": { "species": "자작나무", "height": 9.9340865264313898, "crown_width": 10 }, "geometry": { "type": "Point", "coordinates": [ 1083344.022873601643369, 1749820.2365224477835 ] } },
{ "type": "Feature", "properties": { "species": "은행나무", "height": 6.4242884163650711, "crown_width": 15 }, "geometry": { "type": "Point", "coordinates": [ 1102771.584284632699564, 1759830.080565915908664 ] } },
{ "type": "Feature", "properties": { "species": "소나무", "height": 10.481351374785142, "crown_width": 12 }, "geometry": { "type": "Point", "coordinates": [ 1086049.421306265285239, 1750647.640899122226983 ] } },
{ "type": "Feature", "properties": { "species": "은행나무", "height": 14.136199201509763, "crown_width": 15 }, "geometry": { "type": "Point", "coordinates": [ 1095535.767195357242599, 1763846.93240807694383 ] } },
{ "type": "Feature", "properties": { "species": "벚나무", "height": 9.1094663530934028, "crown_width": 10 }, "geometry": { "type": "Point", "coordinates": [ 1111381.395659175468609, 1769857.564929476706311 ] } },
{ "type": "Feature", "properties": { "species": "느티나무", "height": 15.479779492476373, "crown_width": 18 }, "geometry": { "type": "Point", "coordinates": [ 1085046.017263103043661, 1752473.493443798506632 ] } },
{ "type": "Feature", "properties": { "species": "소나무", "height": 16.272833197197649, "crown_width": 12 }, "geometry": { "type": "Point", "coordinates": [ 1084022.456372231943533, 1740945.790791819337755 ] } },
{ "type": "Feature", "properties": { "species": "플라타너스", "height": 6.7250253937398048, "crown_width": 20 }, "geometry": { "type": "Point", "coordinates": [ 1104283.581207643961534, 1749837.037768552312627 ] } },
{ "type": "Feature", "properties": { "species": "자작나무", "height": 12.019157878596685, "crown_width": 10 }, "geometry": { "type": "Point", "coordinates": [ 1102629.284006952308118, 1753871.552139150444418 ] } },
{ "type": "Feature", "properties": { "species": "벚나무", "height": 11.609943229593124, "crown_width": 10 }, "geometry": { "type": "Point", "coordinates": [ 1079035.693927316693589, 1743848.274895743001252 ] } },
{ "type": "Feature", "properties": { "species": "느티나무", "height": 6.4617689013274697, "crown_width": 18 }, "geometry": { "type": "Point", "coordinates": [ 1093021.721359022893012, 1754958.791512747993693 ] } },
{ "type": "Feature", "properties": { "species": "자작나무", "height": 6.102274399905026, "crown_width": 10 }, "geometry": { "type": "Point", "coordinates": [ 1105039.31306073977612, 1749224.739472773391753 ] } },
{ "type": "Feature", "properties": { "species": "느티나무", "height": 6.1435928571467988, "crown_width": 18 }, "geometry": { "type": "Point", "coordinates": [ 1105062.96757075516507, 1777808.511233757715672 ] } },
{ "type": "Feature", "properties": { "species": "은행나무", "height": 12.327779304305436, "crown_width": 15 }, "geometry": { "type": "Point", "coordinates": [ 1096025.808918344555423, 1778313.410122642526403 ] } },
{ "type": "Feature", "properties": { "species": "은행나무", "height": 8.9493667058054989, "crown_width": 15 }, "geometry": { "type": "Point", "coordinates": [ 1111070.317666282877326, 1758723.999526086961851 ] } },
{ "type": "Feature", "properties": { "species": "플라타너스", "height": 12.617920084057133, "crown_width": 20 }, "geometry": { "type": "Point", "coordinates": [ 1092106.818694066721946, 1739857.239503004588187 ] } },
{ "type": "Feature", "properties": { "species": "소나무", "height": 10.028390801343324, "crown_width": 12 }, "geometry": { "type": "Point", "coordinates": [ 1090041.36372413742356, 1748537.376974434358999 ] } },
{ "type": "Feature", "properties": { "species": "플라타너스", "height": 10.532751376912662, "crown_width": 20 }, "geometry": { "type": "Point", "coordinates": [ 1085503.512520214077085, 1735836.466970031149685 ] } },
{ "type": "Feature", "properties": { "species": "느티나무", "height": 7.8931183943692877, "crown_width": 18 }, "geometry": { "type": "Point", "coordinates": [ 1096745.867156775202602, 1757882.957085080677643 ] } },
{ "type": "Feature", "properties": { "species": "은행나무", "height": 19.766535910916403, "crown_width": 15 }, "geometry": { "type": "Point", "coordinates": [ 1090249.684790453175083, 1760857.964905020548031 ] } },
{ "type": "Feature", "properties": { "species": "플라타너스", "height": 18.212370859819565, "crown_width": 20 }, "geometry": { "type": "Point", "coordinates": [ 1084558.756360763683915, 1772890.057163598947227 ] } },
{ "type": "Feature", "properties": { "species": "느티나무", "height": 17.738429299146269, "crown_width": 18 }, "geometry": { "type": "Point", "coordinates": [ 1096994.235890356358141, 1758632.086616298416629 ] } },
{ "type": "Feature", "properties": { "species": "자작나무", "height": 18.041631065705722, "crown_width": 10 }, "geometry": { "type": "Point", "coordinates": [ 1095279.802371308207512, 1762870.042695054784417 ] } },
{ "type": "Feature", "properties": { "species": "은행나무", "height": 7.0175327770021205, "crown_width": 15 }, "geometry": { "type": "Point", "coordinates": [ 1100005.061807136749849, 1766013.441784139955416 ] } },
{ "type": "Feature", "properties": { "species": "벚나무", "height": 10.493470433183095, "crown_width": 10 }, "geometry": { "type": "Point", "coordinates": [ 1103253.466635211836547, 1743890.112203409196809 ] } },
{ "type": "Feature", "properties": { "species": "벚나무", "height": 11.880227103827012, "crown_width": 10 }, "geometry": { "type": "Point", "coordinates": [ 1112032.27669940632768, 1756615.696369284996763 ] } },
{ "type": "Feature", "properties": { "species": "은행나무", "height": 12.477131262060043, "crown_width": 15 }, "geometry": { "type": "Point", "coordinates": [ 1099020.246772387996316, 1756429.385560932103544 ] } },
{ "type": "Feature", "properties": { "species": "느티나무", "height": 11.647273359669619, "crown_width": 18 }, "geometry": { "type": "Point", "coordinates": [ 1078033.585520989494398, 1768976.606514581246302 ] } },
{ "type": "Feature", "properties": { "species": "은행나무", "height": 17.013310231788047, "crown_width": 15 }, "geometry": { "type": "Point", "coordinates": [ 1086015.836631739279255, 1740183.683966410346329 ] } },
{ "type": "Feature", "properties": { "species": "은행나무", "height": 8.8064065182843976, "crown_width": 15 }, "geometry": { "type": "Point", "coordinates": [ 1080059.41781019163318, 1767852.724690459668636 ] } },
{ "type": "Feature", "properties": { "species": "플라타너스", "height": 16.33867399978579, "crown_width": 20 }, "geometry": { "type": "Point", "coordinates": [ 1083038.031250690110028, 1741647.899726725881919 ] } },
{ "type": "Feature", "properties": { "species": "은행나무", "height": 12.423006333420837, "crown_width": 15 }, "geometry": { "type": "Point", "coordinates": [ 1089481.191166342468932, 1744884.811044082511216 ] } },
{ "type": "Feature", "properties": { "species": "소나무", "height": 7.2841878503790003, "crown_width": 12 }, "geometry": { "type": "Point", "coordinates": [ 1106054.418329376960173, 1774303.832109769340605 ] } },
{ "type": "Feature", "properties": { "species": "소나무", "height": 9.6625297331731606, "crown_width": 12 }, "geometry": { "type": "Point", "coordinates": [ 1087088.478475778363645, 1735884.719496600329876 ] } },
{ "type": "Feature", "properties": { "species": "은행나무", "height": 10.52323359327389, "crown_width": 15 }, "geometry": { "type": "Point", "coordinates": [ 1104009.32747696666047, 1754330.01569117908366 ] } },
{ "type": "Feature", "properties": { "species": "느티나무", "height": 13.609766753701528, "crown_width": 18 }, "geometry": { "type": "Point", "coordinates": [ 1096846.619900691788644, 1766879.872098167659715 ] } },
{ "type": "Feature", "properties": { "species": "자작나무", "height": 8.6659333943380883, "crown_width": 10 }, "geometry": { "type": "Point", "coordinates": [ 1097918.774770483374596, 1739875.71264313487336 ] } },
{ "type": "Feature", "properties": { "species": "소나무", "height": 13.251091149502731, "crown_width": 12 }, "geometry": { "type": "Point", "coordinates": [ 1086063.928846893133596, 1736070.794812953332439 ] } },
{ "type": "Feature", "properties": { "species": "자작나무", "height": 13.438363146595695, "crown_width": 10 }, "geometry": { "type": "Point", "coordinates": [ 1077027.583389986073598, 1773957.550217057345435 ] } },
{ "type": "Feature", "properties": { "species": "소나무", "height": 6.6809796764282749, "crown_width": 12 }, "geometry": { "type": "Point", "coordinates": [ 1089602.115221346728504, 1768847.082371647935361 ] } },
{ "type": "Feature", "properties": { "species": "소나무", "height": 8.6527979906433465, "crown_width": 12 }, "geometry": { "type": "Point", "coordinates": [ 1109190.466951112262905, 1746857.258698261575773 ] } },
{ "type": "Feature", "properties": { "species": "소나무", "height": 11.849092786551148, "crown_width": 12 }, "geometry": { "type": "Point", "coordinates": [ 1107907.625558151863515, 1746847.874770917696878 ] } },
{ "type": "Feature", "properties": { "species": "소나무", "height": 14.883345878489996, "crown_width": 12 }, "geometry": { "type": "Point", "coordinates": [ 1104089.43404669733718, 1747867.102766355033964 ] } },
{ "type": "Feature", "properties": { "species": "벚나무", "height": 15.815459812732282, "crown_width": 10 }, "geometry": { "type": "Point", "coordinates": [ 1094198.700977051863447, 1741828.637045435607433 ] } },
{ "type": "Feature", "properties": { "species": "자작나무", "height": 15.470686695823952, "crown_width": 10 }, "geometry": { "type": "Point", "coordinates": [ 1087007.942937441403046, 1749824.734517890028656 ] } },
{ "type": "Feature", "properties": { "species": "벚나무", "height": 19.299526645284644, "crown_width": 10 }, "geometry": { "type": "Point", "coordinates": [ 1078017.446917260298505, 1745452.725768631091341 ] } },
{ "type": "Feature", "properties": { "species": "소나무", "height": 11.267722109673292, "crown_width": 12 }, "geometry": { "type": "Point", "coordinates": [ 1102017.898936078883708, 1736761.833670631051064 ] } },
{ "type": "Feature", "properties": { "species": "은행나무", "height": 14.040361916532898, "crown_width": 15 }, "geometry": { "type": "Point", "coordinates": [ 1107038.067323782015592, 1776078.190306921256706 ] } },
{ "type": "Feature", "properties": { "species": "느티나무", "height": 13.790615616863068, "crown_width": 18 }, "geometry": { "type": "Point", "coordinates": [ 1097036.983161961426958, 1753565.713859119685367 ] } },
{ "type": "Feature", "properties": { "species": "은행나무", "height": 13.561715176244963, "crown_width": 15 }, "geometry": { "type": "Point", "coordinates": [ 1077809.114904032554477, 1779826.270993503974751 ] } },
{ "type": "Feature", "properties": { "species": "소나무", "height": 13.916648448708496, "crown_width": 12 }, "geometry": { "type": "Point", "coordinates": [ 1104649.96231543039903, 1777824.730021487688646 ] } },
{ "type": "Feature", "properties": { "species": "벚나무", "height": 11.716850609758906, "crown_width": 10 }, "geometry": { "type": "Point", "coordinates": [ 1098777.287693265127018, 1740873.142747019417584 ] } },
{ "type": "Feature", "properties": { "species": "플라타너스", "height": 10.174357572107681, "crown_width": 20 }, "geometry": { "type": "Point", "coordinates": [ 1093405.145138288848102, 1741843.008522231131792 ] } },
{ "type": "Feature", "properties": { "species": "느티나무", "height": 11.259399086058345, "crown_width": 18 }, "geometry": { "type": "Point", "coordinates": [ 1090039.037463013082743, 1778249.644689302193001 ] } },
{ "type": "Feature", "properties": { "species": "플라타너스", "height": 9.0872924507362107, "crown_width": 20 }, "geometry": { "type": "Point", "coordinates": [ 1097816.831378826871514, 1757865.371294426964596 ] } },
{ "type": "Feature", "properties": { "species": "플라타너스", "height": 18.786190434614362, "crown_width": 20 }, "geometry": { "type": "Point", "coordinates": [ 1112695.836954015307128, 1743845.7005256684497 ] } },
{ "type": "Feature", "properties": { "species": "플라타너스", "height": 11.22293435865482, "crown_width": 20 }, "geometry": { "type": "Point", "coordinates": [ 1106035.230477784294635, 1772367.663076163735241 ] } },
{ "type": "Feature", "properties": { "species": "소나무", "height": 11.864703146129717, "crown_width": 12 }, "geometry": { "type": "Point", "coordinates": [ 1105048.888732394669205, 1749558.581252040807158 ] } },
{ "type": "Feature", "properties": { "species": "플라타너스", "height": 16.498537447809056, "crown_width": 20 }, "geometry": { "type": "Point", "coordinates": [ 1100887.585221913643181, 1740849.665257378248498 ] } },
{ "type": "Feature", "properties": { "species": "자작나무", "height": 16.066296408150823, "crown_width": 10 }, "geometry": { "type": "Point", "coordinates": [ 1102084.760803426150233, 1741844.634643488796428 ] } },
{ "type": "Feature", "properties": { "species": "벚나무", "height": 19.334951602688342, "crown_width": 10 }, "geometry": { "type": "Point", "coordinates": [ 1086015.732950020581484, 1777244.332728146342561 ] } },
{ "type": "Feature", "properties": { "species": "벚나무", "height": 12.515555417882842, "crown_width": 10 }, "geometry": { "type": "Point", "coordinates": [ 1086028.986103471368551, 1776646.434272704645991 ] } },
{ "type": "Feature", "properties": { "species": "벚나무", "height": 11.152562190554171, "crown_width": 10 }, "geometry": { "type": "Point", "coordinates": [ 1111174.823943651281297, 1770836.904624076094478 ] } },
{ "type": "Feature", "properties": { "species": "은행나무", "height": 12.276004548452908, "crown_width": 15 }, "geometry": { "type": "Point", "coordinates": [ 1077054.962752772960812, 1774096.234170760493726 ] } },
{ "type": "Feature", "properties": { "species": "은행나무", "height": 18.80496396146517, "crown_width": 15 }, "geometry": { "type": "Point", "coordinates": [ 1107721.918977382592857, 1758875.611895886715502 ] } },
{ "type": "Feature", "properties": { "species": "소나무", "height": 6.7995069489187987, "crown_width": 12 }, "geometry": { "type": "Point", "coordinates": [ 1086327.8689146975521, 1758844.233020762447268 ] } },
{ "type": "Feature", "properties": { "species": "은행나무", "height": 14.659492239545816, "crown_width": 15 }, "geometry": { "type": "Point", "coordinates": [ 1080059.047679590294138, 1752518.683927373960614 ] } },
{ "type": "Feature", "properties": { "species": "자작나무", "height": 13.665275323892134, "crown_width": 10 }, "geometry": { "type": "Point", "coordinates": [ 1089042.320617899531499, 1779495.912692923797294 ] } },
{ "type": "Feature", "properties": { "species": "은행나무", "height": 17.955820915195964, "crown_width": 15 }, "geometry": { "type": "Point", "coordinates": [ 1083056.987560559529811, 1748726.463417441118509 ] } },
{ "type": "Feature", "properties": { "species": "벚나무", "height": 18.902229648911206, "crown_width": 10 }, "geometry": { "type": "Point", "coordinates": [ 1094034.607277140254155, 1775840.179110452532768 ] } },
{ "type": "Feature", "properties": { "species": "소나무", "height": 14.916244677179829, "crown_width": 12 }, "geometry": { "type": "Point", "coordinates": [ 1094033.220287581440061, 1748483.358074077172205 ] } },
{ "type": "Feature", "properties": { "species": "벚나무", "height": 6.3686679945921938, "crown_width": 10 }, "geometry": { "type": "Point", "coordinates": [ 1111287.486643927870318, 1768866.240875126328319 ] } },
{ "type": "Feature", "properties": { "species": "소나무", "height": 10.156417199313786, "crown_width": 12 }, "geometry": { "type": "Point", "coordinates": [ 1099034.015279761981219, 1767463.296593877486885 ] } },
{ "type": "Feature", "properties": { "species": "은행나무", "height": 8.1778312305701739, "crown_width": 15 }, "geometry": { "type": "Point", "coordinates": [ 1086804.188972933916375, 1751847.322639613412321 ] } },
{ "type": "Feature", "properties": { "species": "벚나무", "height": 7.4584342338518148, "crown_width": 10 }, "geometry": { "type": "Point", "coordinates": [ 1104621.902963833184913, 1747829.41551349661313 ] } },
{ "type": "Feature", "properties": { "species": "은행나무", "height": 13.252694168326274, "crown_width": 15 }, "geometry": { "type": "Point", "coordinates": [ 1101049.826063622487709, 1764984.849237454589456 ] } },
{ "type": "Feature", "properties": { "species": "느티나무", "height": 6.1047504212187311, "crown_width": 18 }, "geometry": { "type": "Point", "coordinates": [ 1087030.648541528033093, 1761334.084033153485507 ] } },
{ "type": "Feature", "properties": { "species": "자작나무", "height": 7.2320659509314051, "crown_width": 10 }, "geometry": { "type": "Point", "coordinates": [ 1104009.036110852146521, 1753298.400307441828772 ] } },
{ "type": "Feature", "properties": { "species": "소나무", "height": 12.673805835568597, "crown_width": 12 }, "geometry": { "type": "Point", "coordinates": [ 1091997.70544464350678, 1777588.233294501202181 ] } },
{ "type": "Feature", "properties": { "species": "플라타너스", "height": 7.8047974775745255, "crown_width": 20 }, "geometry": { "type": "Point", "coordinates": [ 1086043.983419124502689, 1774773.475315718911588 ] } },
{ "type": "Feature", "properties": { "species": "은행나무", "height": 18.798692787145054, "crown_width": 15 }, "geometry": { "type": "Point", "coordinates": [ 1085029.042233084328473, 1748342.780183782335371 ] } },
{ "type": "Feature", "properties": { "species": "소나무", "height": 15.979582317628621, "crown_width": 12 }, "geometry": { "type": "Point", "coordinates": [ 1093026.634409808088094, 1750237.58421061723493 ] } },
{ "type": "Feature", "properties": { "species": "자작나무", "height": 19.054294333257346, "crown_width": 10 }, "geometry": { "type": "Point", "coordinates": [ 1111748.290219649672508, 1741814.323265398852527 ] } },
{ "type": "Feature", "properties": { "species": "플라타너스", "height": 19.662684638507656, "crown_width": 20 }, "geometry": { "type": "Point", "coordinates": [ 1086021.124220276251435, 1737333.720093567622826 ] } },
{ "type": "Feature", "properties": { "species": "소나무", "height": 17.387512816084339, "crown_width": 12 }, "geometry": { "type": "Point", "coordinates": [ 1079042.622213579947129, 1762303.231458475114778 ] } },
{ "type": "Feature", "properties": { "species": "은행나무", "height": 9.9666273502301372, "crown_width": 15 }, "geometry": { "type": "Point", "coordinates": [ 1083371.712097321171314, 1769832.859657109947875 ] } },
{ "type": "Feature", "properties": { "species": "은행나무", "height": 17.836128214347244, "crown_width": 15 }, "geometry": { "type": "Point", "coordinates": [ 1088998.491662149084732, 1774042.776199261192232 ] } },
{ "type": "Feature", "properties": { "species": "소나무", "height": 8.5270381255823828, "crown_width": 12 }, "geometry": { "type": "Point", "coordinates": [ 1078040.182707348139957, 1758645.169700294267386 ] } },
{ "type": "Feature", "properties": { "species": "느티나무", "height": 11.813416506445858, "crown_width": 18 }, "geometry": { "type": "Point", "coordinates": [ 1087036.908440513070673, 1776378.775363738182932 ] } },
{ "type": "Feature", "properties": { "species": "벚나무", "height": 11.447711397114759, "crown_width": 10 }, "geometry": { "type": "Point", "coordinates": [ 1082632.25849567935802, 1764865.877501577138901 ] } },
{ "type": "Feature", "properties": { "species": "자작나무", "height": 17.912832706054253, "crown_width": 10 }, "geometry": { "type": "Point", "coordinates": [ 1099043.603600782575086, 1743318.916574395494536 ] } },
{ "type": "Feature", "properties": { "species": "플라타너스", "height": 7.6625779891541379, "crown_width": 20 }, "geometry": { "type": "Point", "coordinates": [ 1103032.871688799932599, 1762128.074394818395376 ] } },
{ "type": "Feature", "properties": { "species": "소나무", "height": 8.9438270838750231, "crown_width": 12 }, "geometry": { "type": "Point", "coordinates": [ 1100033.729205730371177, 1743627.388118418399245 ] } },
{ "type": "Feature", "properties": { "species": "자작나무", "height": 11.983051640496049, "crown_width": 10 }, "geometry": { "type": "Point", "coordinates": [ 1080029.297760999295861, 1746312.617911542532966 ] } },
{ "type": "Feature", "properties": { "species": "플라타너스", "height": 13.916104407189957, "crown_width": 20 }, "geometry": { "type": "Point", "coordinates": [ 1104049.332112648058683, 1749091.239363555563614 ] } },
{ "type": "Feature", "properties": { "species": "벚나무", "height": 13.892341715166737, "crown_width": 10 }, "geometry": { "type": "Point", "coordinates": [ 1106058.175031596329063, 1738991.658331899903715 ] } },
{ "type": "Feature", "properties": { "species": "자작나무", "height": 12.706612789816205, "crown_width": 10 }, "geometry": { "type": "Point", "coordinates": [ 1105339.755503427004442, 1740878.295744420727715 ] } },
{ "type": "Feature", "properties": { "species": "소나무", "height": 7.2967466345571497, "crown_width": 12 }, "geometry": { "type": "Point", "coordinates": [ 1081035.285880602663383, 1774062.503925172612071 ] } },
{ "type": "Feature", "properties": { "species": "소나무", "height": 7.3246435258530047, "crown_width": 12 }, "geometry": { "type": "Point", "coordinates": [ 1105035.349365696078166, 1765123.599879804532975 ] } },
{ "type": "Feature", "properties": { "species": "벚나무", "height": 13.920495674450098, "crown_width": 10 }, "geometry": { "type": "Point", "coordinates": [ 1111029.267965346341953, 1766419.595745441736653 ] } },
{ "type": "Feature", "properties": { "species": "느티나무", "height": 12.805721120653073, "crown_width": 18 }, "geometry": { "type": "Point", "coordinates": [ 1104970.28182785352692, 1770831.541263693245128 ] } },
{ "type": "Feature", "properties": { "species": "소나무", "height": 16.989966113774777, "crown_width": 12 }, "geometry": { "type": "Point", "coordinates": [ 1093035.560291199712083, 1770446.847949025454 ] } },
{ "type": "Feature", "properties": { "species": "은행나무", "height": 10.188267955194874, "crown_width": 15 }, "geometry": { "type": "Point", "coordinates": [ 1101024.165451085194945, 1746313.203744539991021 ] } },
{ "type": "Feature", "properties": { "species": "자작나무", "height": 8.3952242637414418, "crown_width": 10 }, "geometry": { "type": "Point", "coordinates": [ 1090394.938759373500943, 1737831.264251668704674 ] } },
{ "type": "Feature", "properties": { "species": "소나무", "height": 17.967749196666922, "crown_width": 12 }, "geometry": { "type": "Point", "coordinates": [ 1079175.781842347932979, 1777854.71690394775942 ] } },
{ "type": "Feature", "properties": { "species": "벚나무", "height": 9.7649477917176473, "crown_width": 10 }, "geometry": { "type": "Point", "coordinates": [ 1083086.920350721105933, 1754845.479540625354275 ] } },
{ "type": "Feature", "properties": { "species": "자작나무", "height": 13.836566583774202, "crown_width": 10 }, "geometry": { "type": "Point", "coordinates": [ 1099023.598568376852199, 1771082.868242220487446 ] } },
{ "type": "Feature", "properties": { "species": "은행나무", "height": 7.3191165479585569, "crown_width": 15 }, "geometry": { "type": "Point", "coordinates": [ 1107449.946782131446525, 1769853.965482337167487 ] } },
{ "type": "Feature", "properties": { "species": "벚나무", "height": 9.3153324545113989, "crown_width": 10 }, "geometry": { "type": "Point", "coordinates": [ 1111034.995609096018597, 1760578.071399728767574 ] } },
{ "type": "Feature", "properties": { "species": "소나무", "height": 15.602067614419719, "crown_width": 12 }, "geometry": { "type": "Point", "coordinates": [ 1090299.712381228571758, 1736815.88448762265034 ] } },
{ "type": "Feature", "properties": { "species": "플라타너스", "height": 13.209516164608953, "crown_width": 20 }, "geometry": { "type": "Point", "coordinates": [ 1086026.482981857378036, 1778353.897518436191604 ] } },
{ "type": "Feature", "properties": { "species": "은행나무", "height": 13.372531174796794, "crown_width": 15 }, "geometry": { "type": "Point", "coordinates": [ 1085013.628297454444692, 1762511.472548311576247 ] } },
{ "type": "Feature", "properties": { "species": "은행나무", "height": 15.590946810951742, "crown_width": 15 }, "geometry": { "type": "Point", "coordinates": [ 1080858.344812053488567, 1736860.636103259632364 ] } },
{ "type": "Feature", "properties": { "species": "자작나무", "height": 11.98795070843077, "crown_width": 10 }, "geometry": { "type": "Point", "coordinates": [ 1103030.391654423205182, 1771991.078035508980975 ] } },
{ "type": "Feature", "properties": { "species": "벚나무", "height": 12.18313296273713, "crown_width": 10 }, "geometry": { "type": "Point", "coordinates": [ 1079690.46218077884987, 1779890.634811049560085 ] } },
{ "type": "Feature", "properties": { "species": "플라타너스", "height": 8.8537007709450641, "crown_width": 20 }, "geometry": { "type": "Point", "coordinates": [ 1112028.532869692193344, 1752846.482921161223203 ] } },
{ "type": "Feature", "properties": { "species": "벚나무", "height": 12.00297949805249, "crown_width": 10 }, "geometry": { "type": "Point", "coordinates": [ 1094713.575758268125355, 1770875.23787050251849 ] } },
{ "type": "Feature", "properties": { "species": "소나무", "height": 8.2788943257291425, "crown_width": 12 }, "geometry": { "type": "Point", "coordinates": [ 1077499.985195134999231, 1735859.660807263571769 ] } },
{ "type": "Feature", "properties": { "species": "벚나무", "height": 10.0637756049506, "crown_width": 10 }, "geometry": { "type": "Point", "coordinates": [ 1100079.880106101511046, 1776851.083860303275287 ] } },
{ "type": "Feature", "properties": { "species": "소나무", "height": 15.631295151537094, "crown_width": 12 }, "geometry": { "type": "Point", "coordinates": [ 1095026.404453803552315, 1773758.098503217333928 ] } },
{ "type": "Feature", "properties": { "species": "소나무", "height": 18.959314130288753, "crown_width": 12 }, "geometry": { "type": "Point", "coordinates": [ 1083012.898122288053855, 1776750.236688061850145 ] } },
{ "type": "Feature", "properties": { "species": "자작나무", "height": 15.590139073333006, "crown_width": 10 }, "geometry": { "type": "Point", "coordinates": [ 1087197.231141628930345, 1747849.098587005631998 ] } },
{ "type": "Feature", "properties": { "species": "소나무", "height": 11.003683382128957, "crown_width": 12 }, "geometry": { "type": "Point", "coordinates": [ 1087279.216953403316438, 1775888.122956621693447 ] } },
{ "type": "Feature", "properties": { "species": "느티나무", "height": 17.727304094269279, "crown_width": 18 }, "geometry": { "type": "Point", "coordinates": [ 1087007.785777819808573, 1763821.636733404127881 ] } },
{ "type": "Feature", "properties": { "species": "소나무", "height": 11.068243669507392, "crown_width": 12 }, "geometry": { "type": "Point", "coordinates": [ 1109142.80825676000677, 1771874.642515816027299 ] } },
{ "type": "Feature", "properties": { "species": "은행나무", "height": 18.048938901672763, "crown_width": 15 }, "geometry": { "type": "Point", "coordinates": [ 1108860.137165742227808, 1763879.788091044640169 ] } },
{ "type": "Feature", "properties": { "species": "플라타너스", "height": 7.7798886463675654, "crown_width": 20 }, "geometry": { "type": "Point", "coordinates": [ 1077051.848673291504383, 1765305.896707898471504 ] } },
{ "type": "Feature", "properties": { "species": "자작나무", "height": 14.541418454713126, "crown_width": 10 }, "geometry": { "type": "Point", "coordinates": [ 1098008.518617626512423, 1759288.241673360811546 ] } },
{ "type": "Feature", "properties": { "species": "자작나무", "height": 10.918208501805434, "crown_width": 10 }, "geometry": { "type": "Point", "coordinates": [ 1080037.675573144806549, 1743290.321125738788396 ] } },
{ "type": "Feature", "properties": { "species": "은행나무", "height": 9.8372733783197024, "crown_width": 15 }, "geometry": { "type": "Point", "coordinates": [ 1106001.231103891739622, 1749953.43146888865158 ] } },
{ "type": "Feature", "properties": { "species": "은행나무", "height": 11.306348070870175, "crown_width": 15 }, "geometry": { "type": "Point", "coordinates": [ 1090042.250546405790374, 1737892.382508690701798 ] } },
{ "type": "Feature", "properties": { "species": "벚나무", "height": 11.546976510701777, "crown_width": 10 }, "geometry": { "type": "Point", "coordinates": [ 1112036.35499603045173, 1758809.296941861743107 ] } },
{ "type": "Feature", "properties": { "species": "벚나무", "height": 8.7385427020480595, "crown_width": 10 }, "geometry": { "type": "Point", "coordinates": [ 1103743.337674482259899, 1739844.229362469166517 ] } },
{ "type": "Feature", "properties": { "species": "느티나무", "height": 14.916111609008366, "crown_width": 18 }, "geometry": { "type": "Point", "coordinates": [ 1091058.143553826957941, 1774511.8166986675933 ] } },
{ "type": "Feature", "properties": { "species": "자작나무", "height": 13.563020523406948, "crown_width": 10 }, "geometry": { "type": "Point", "coordinates": [ 1096997.268193002324551, 1759529.713636322179809 ] } },
{ "type": "Feature", "properties": { "species": "자작나무", "height": 14.56507093147747, "crown_width": 10 }, "geometry": { "type": "Point", "coordinates": [ 1083219.014139965176582, 1765876.289792626397684 ] } },
{ "type": "Feature", "properties": { "species": "자작나무", "height": 8.3001527066495147, "crown_width": 10 }, "geometry": { "type": "Point", "coordinates": [ 1110861.830629410687834, 1737839.525701698381454 ] } },
{ "type": "Feature", "properties": { "species": "소나무", "height": 15.343895401329011, "crown_width": 12 }, "geometry": { "type": "Point", "coordinates": [ 1087853.673017835011706, 1754816.946307637961581 ] } },
{ "type": "Feature", "properties": { "species": "벚나무", "height": 7.6371596700033999, "crown_width": 10 }, "geometry": { "type": "Point", "coordinates": [ 1080035.404914480866864, 1740278.035692880162969 ] } },
{ "type": "Feature", "properties": { "species": "은행나무", "height": 7.2253054937426793, "crown_width": 15 }, "geometry": { "type": "Point", "coordinates": [ 1110882.10273488657549, 1744852.250538152409717 ] } },
{ "type": "Feature", "properties": { "species": "은행나무", "height": 10.995245641702727, "crown_width": 15 }, "geometry": { "type": "Point", "coordinates": [ 1089133.267533416859806, 1769844.585610576439649 ] } },
{ "type": "Feature", "properties": { "species": "자작나무", "height": 9.0971426495641747, "crown_width": 10 }, "geometry": { "type": "Point", "coordinates": [ 1103501.292154362425208, 1744863.900405153632164 ] } },
{ "type": "Feature", "properties": { "species": "플라타너스", "height": 8.0811195636307414, "crown_width": 20 }, "geometry": { "type": "Point", "coordinates": [ 1111064.35232475749217, 1766622.323720981366932 ] } },
{ "type": "Feature", "properties": { "species": "은행나무", "height": 6.8741258067978883, "crown_width": 15 }, "geometry": { "type": "Point", "coordinates": [ 1090070.070694064488634, 1736205.268298488808796 ] } },
{ "type": "Feature", "properties": { "species": "자작나무", "height": 8.9268973283357518, "crown_width": 10 }, "geometry": { "type": "Point", "coordinates": [ 1079002.996645774459466, 1768293.023933190852404 ] } },
{ "type": "Feature", "properties": { "species": "느티나무", "height": 8.9989716449028254, "crown_width": 18 }, "geometry": { "type": "Point", "coordinates": [ 1091488.608924410538748, 1759862.693596132332459 ] } },
{ "type": "Feature", "properties": { "species": "벚나무", "height": 9.889057093694591, "crown_width": 10 }, "geometry": { "type": "Point", "coordinates": [ 1089027.324193557025865, 1745838.909604504471645 ] } },
{ "type": "Feature", "properties": { "species": "자작나무", "height": 17.707585767294194, "crown_width": 10 }, "geometry": { "type": "Point", "coordinates": [ 1107670.054814579198137, 1759843.550712479278445 ] } },
{ "type": "Feature", "properties": { "species": "소나무", "height": 10.988184848505842, "crown_width": 12 }, "geometry": { "type": "Point", "coordinates": [ 1078003.283199094934389, 1736342.62911945162341 ] } },
{ "type": "Feature", "properties": { "species": "은행나무", "height": 10.090941714852629, "crown_width": 15 }, "geometry": { "type": "Point", "coordinates": [ 1091694.287036300171167, 1737863.973008923698217 ] } },
{ "type": "Feature", "properties": { "species": "벚나무", "height": 13.349963550678202, "crown_width": 10 }, "geometry": { "type": "Point", "coordinates": [ 1081994.764302398310974, 1739741.594936018111184 ] } },
{ "type": "Feature", "properties": { "species": "은행나무", "height": 15.322945217864847, "crown_width": 15 }, "geometry": { "type": "Point", "coordinates": [ 1079823.325973404571414, 1763878.730937944957986 ] } },
{ "type": "Feature", "properties": { "species": "벚나무", "height": 18.718390284506039, "crown_width": 10 }, "geometry": { "type": "Point", "coordinates": [ 1095024.834375627804548, 1740280.998784266877919 ] } },
{ "type": "Feature", "properties": { "species": "플라타너스", "height": 9.5830404228773531, "crown_width": 20 }, "geometry": { "type": "Point", "coordinates": [ 1097692.716379234567285, 1771846.950661920243874 ] } },
{ "type": "Feature", "properties": { "species": "자작나무", "height": 11.631261675729533, "crown_width": 10 }, "geometry": { "type": "Point", "coordinates": [ 1103160.507297376869246, 1753877.538407271262258 ] } },
{ "type": "Feature", "properties": { "species": "플라타너스", "height": 9.6641294212358062, "crown_width": 20 }, "geometry": { "type": "Point", "coordinates": [ 1112008.76533661573194, 1742697.184774929424748 ] } },
{ "type": "Feature", "properties": { "species": "자작나무", "height": 6.5609768372249881, "crown_width": 10 }, "geometry": { "type": "Point", "coordinates": [ 1107059.8149922369048, 1749819.305000695167109 ] } },
{ "type": "Feature", "properties": { "species": "느티나무", "height": 8.6683080243502175, "crown_width": 18 }, "geometry": { "type": "Point", "coordinates": [ 1104428.208360455464572, 1763862.124933423474431 ] } },
{ "type": "Feature", "properties": { "species": "자작나무", "height": 12.219459606895249, "crown_width": 10 }, "geometry": { "type": "Point", "coordinates": [ 1106011.13897390384227, 1751738.999752699630335 ] } },
{ "type": "Feature", "properties": { "species": "벚나무", "height": 16.701276390775277, "crown_width": 10 }, "geometry": { "type": "Point", "coordinates": [ 1103041.444213848328218, 1754761.895497679943219 ] } },
{ "type": "Feature", "properties": { "species": "은행나무", "height": 9.8093615597025483, "crown_width": 15 }, "geometry": { "type": "Point", "coordinates": [ 1078661.192938964348286, 1764852.125209509162232 ] } },
{ "type": "Feature", "properties": { "species": "소나무", "height": 7.0523837757734302, "crown_width": 12 }, "geometry": { "type": "Point", "coordinates": [ 1099061.583291456568986, 1772676.392071932787076 ] } },
{ "type": "Feature", "properties": { "species": "벚나무", "height": 16.352219367515019, "crown_width": 10 }, "geometry": { "type": "Point", "coordinates": [ 1093366.312704182928428, 1769848.429906498407945 ] } },
{ "type": "Feature", "properties": { "species": "플라타너스", "height": 10.425667272157657, "crown_width": 20 }, "geometry": { "type": "Point", "coordinates": [ 1097981.341459126677364, 1757870.425611027283594 ] } },
{ "type": "Feature", "properties": { "species": "플라타너스", "height": 10.256516797534459, "crown_width": 20 }, "geometry": { "type": "Point", "coordinates": [ 1077054.977144990349188, 1743106.724523932207376 ] } },
{ "type": "Feature", "properties": { "species": "소나무", "height": 11.634783403155753, "crown_width": 12 }, "geometry": { "type": "Point", "coordinates": [ 1089019.319047241238877, 1740827.528127376222983 ] } },
{ "type": "Feature", "properties": { "species": "소나무", "height": 16.777243164354978, "crown_width": 12 }, "geometry": { "type": "Point", "coordinates": [ 1102016.170912508387119, 1734925.352264636894688 ] } },
{ "type": "Feature", "properties": { "species": "은행나무", "height": 10.527708368222626, "crown_width": 15 }, "geometry": { "type": "Point", "coordinates": [ 1111978.458304841304198, 1768830.632084044627845 ] } },
{ "type": "Feature", "properties": { "species": "소나무", "height": 9.4552366614775565, "crown_width": 12 }, "geometry": { "type": "Point", "coordinates": [ 1081730.603437707060948, 1777867.67043149494566 ] } },
{ "type": "Feature", "properties": { "species": "느티나무", "height": 11.720744246049977, "crown_width": 18 }, "geometry": { "type": "Point", "coordinates": [ 1082840.891642565373331, 1745875.510090520605445 ] } },
{ "type": "Feature", "properties": { "species": "자작나무", "height": 16.827425176257123, "crown_width": 10 }, "geometry": { "type": "Point", "coordinates": [ 1081011.482574224704877, 1767172.162863703677431 ] } },
{ "type": "Feature", "properties": { "species": "플라타너스", "height": 11.105131692114879, "crown_width": 20 }, "geometry": { "type": "Point", "coordinates": [ 1082060.689109200844541, 1767206.769321587635204 ] } },
{ "type": "Feature", "properties": { "species": "벚나무", "height": 9.2868203074116593, "crown_width": 10 }, "geometry": { "type": "Point", "coordinates": [ 1078146.312478101579472, 1744855.079853774281219 ] } },
{ "type": "Feature", "properties": { "species": "플라타너스", "height": 7.5586854533012122, "crown_width": 20 }, "geometry": { "type": "Point", "coordinates": [ 1087660.68282415647991, 1735851.245545273879543 ] } },
{ "type": "Feature", "properties": { "species": "벚나무", "height": 16.651817916917253, "crown_width": 10 }, "geometry": { "type": "Point", "coordinates": [ 1110061.838840939803049, 1749315.532747954363003 ] } },
{ "type": "Feature", "properties": { "species": "플라타너스", "height": 19.394536147581331, "crown_width": 20 }, "geometry": { "type": "Point", "coordinates": [ 1098572.308435082901269, 1741876.677358631975949 ] } },
{ "type": "Feature", "properties": { "species": "자작나무", "height": 9.106139832940725, "crown_width": 10 }, "geometry": { "type": "Point", "coordinates": [ 1101028.134228050941601, 1742914.277280563954264 ] } },
{ "type": "Feature", "properties": { "species": "플라타너스", "height": 15.043354525084801, "crown_width": 20 }, "geometry": { "type": "Point", "coordinates": [ 1091251.938517153495923, 1760852.709891621023417 ] } },
{ "type": "Feature", "properties": { "species": "소나무", "height": 10.797996530335377, "crown_width": 12 }, "geometry": { "type": "Point", "coordinates": [ 1099020.715471333125606, 1745614.284603697247803 ] } },
{ "type": "Feature", "properties": { "species": "플라타너스", "height": 16.60581767800651, "crown_width": 20 }, "geometry": { "type": "Point", "coordinates": [ 1086025.396370176691562, 1761311.381577223073691 ] } },
{ "type": "Feature", "properties": { "species": "은행나무", "height": 17.108066869702661, "crown_width": 15 }, "geometry": { "type": "Point", "coordinates": [ 1089025.656583914533257, 1736735.368655814090744 ] } },
{ "type": "Feature", "properties": { "species": "벚나무", "height": 13.363531181492444, "crown_width": 10 }, "geometry": { "type": "Point", "coordinates": [ 1104035.384349978063256, 1758014.493417650461197 ] } },
{ "type": "Feature", "properties": { "species": "느티나무", "height": 19.962368884235644, "crown_width": 18 }, "geometry": { "type": "Point", "coordinates": [ 1110227.02123991958797, 1760874.612710970686749 ] } },
{ "type": "Feature", "properties": { "species": "플라타너스", "height": 18.648884509962389, "crown_width": 20 }, "geometry": { "type": "Point", "coordinates": [ 1087416.241462600883096, 1754850.558638394577429 ] } },
{ "type": "Feature", "properties": { "species": "벚나무", "height": 17.548791183567342, "crown_width": 10 }, "geometry": { "type": "Point", "coordinates": [ 1089017.449522692710161, 1745914.001458185957745 ] } },
{ "type": "Feature", "properties": { "species": "플라타너스", "height": 14.281192847269073, "crown_width": 20 }, "geometry": { "type": "Point", "coordinates": [ 1083024.029332281090319, 1761230.542450685752556 ] } },
{ "type": "Feature", "properties": { "species": "자작나무", "height": 17.22488824905022, "crown_width": 10 }, "geometry": { "type": "Point", "coordinates": [ 1094048.136001525213942, 1755238.964709559222683 ] } },
{ "type": "Feature", "properties": { "species": "느티나무", "height": 13.174516189456849, "crown_width": 18 }, "geometry": { "type": "Point", "coordinates": [ 1096031.709243402117863, 1765249.675748958718032 ] } },
{ "type": "Feature", "properties": { "species": "자작나무", "height": 8.8096820633307438, "crown_width": 10 }, "geometry": { "type": "Point", "coordinates": [ 1097293.174251696793362, 1742851.161559126805514 ] } },
{ "type": "Feature", "properties": { "species": "은행나무", "height": 18.939799265300174, "crown_width": 15 }, "geometry": { "type": "Point", "coordinates": [ 1086030.079472227953374, 1750897.455714471405372 ] } },
{ "type": "Feature", "properties": { "species": "자작나무", "height": 10.950855814369772, "crown_width": 10 }, "geometry": { "type": "Point", "coordinates": [ 1101043.892024764791131, 1748683.316497266758233 ] } },
{ "type": "Feature", "properties": { "species": "소나무", "height": 10.255706209346059, "crown_width": 12 }, "geometry": { "type": "Point", "coordinates": [ 1100025.52205997472629, 1764446.542460151249543 ] } },
{ "type": "Feature", "properties": { "species": "느티나무", "height": 11.233993382856125, "crown_width": 18 }, "geometry": { "type": "Point", "coordinates": [ 1112422.373436218127608, 1745879.719994898186997 ] } },
{ "type": "Feature", "properties": { "species": "은행나무", "height": 7.470713321312104, "crown_width": 15 }, "geometry": { "type": "Point", "coordinates": [ 1084037.287115769693628, 1769806.972650892334059 ] } },
{ "type": "Feature", "properties": { "species": "자작나무", "height": 7.4539079368567513, "crown_width": 10 }, "geometry": { "type": "Point", "coordinates": [ 1084990.727275869809091, 1757853.282698584022 ] } },
{ "type": "Feature", "properties": { "species": "느티나무", "height": 13.009850748198172, "crown_width": 18 }, "geometry": { "type": "Point", "coordinates": [ 1094683.577295957831666, 1776841.017167824320495 ] } },
{ "type": "Feature", "properties": { "species": "벚나무", "height": 8.9937398035777196, "crown_width": 10 }, "geometry": { "type": "Point", "coordinates": [ 1088914.083269058959559, 1749870.947000032989308 ] } },
{ "type": "Feature", "properties": { "species": "느티나무", "height": 15.807029024469159, "crown_width": 18 }, "geometry": { "type": "Point", "coordinates": [ 1107088.366383017972112, 1755885.064523003064096 ] } },
{ "type": "Feature", "properties": { "species": "은행나무", "height": 16.908876091466709, "crown_width": 15 }, "geometry": { "type": "Point", "coordinates": [ 1083538.503499450627714, 1736851.283861379371956 ] } },
{ "type": "Feature", "properties": { "species": "벚나무", "height": 15.869274423033552, "crown_width": 10 }, "geometry": { "type": "Point", "coordinates": [ 1105064.073609159328043, 1764461.208682846743613 ] } },
{ "type": "Feature", "properties": { "species": "느티나무", "height": 15.55860044530683, "crown_width": 18 }, "geometry": { "type": "Point", "coordinates": [ 1094185.006303800735623, 1761838.85185848060064 ] } },
{ "type": "Feature", "properties": { "species": "은행나무", "height": 6.5129748890963448, "crown_width": 15 }, "geometry": { "type": "Point", "coordinates": [ 1104009.940929865697399, 1766190.078432668931782 ] } },
{ "type": "Feature", "properties": { "species": "은행나무", "height": 15.804905386462581, "crown_width": 15 }, "geometry": { "type": "Point", "coordinates": [ 1099028.271992758149281, 1741964.443288320209831 ] } },
{ "type": "Feature", "properties": { "species": "플라타너스", "height": 19.629932598347551, "crown_width": 20 }, "geometry": { "type": "Point", "coordinates": [ 1089036.837508616503328, 1755920.444669642020017 ] } },
{ "type": "Feature", "properties": { "species": "소나무", "height": 6.4721583105700926, "crown_width": 12 }, "geometry": { "type": "Point", "coordinates": [ 1092075.221480380510911, 1778860.881129511864856 ] } },
{ "type": "Feature", "properties": { "species": "느티나무", "height": 10.978966742861878, "crown_width": 18 }, "geometry": { "type": "Point", "coordinates": [ 1103669.546327981632203, 1742847.064694288186729 ] } },
{ "type": "Feature", "properties": { "species": "은행나무", "height": 17.57932785280061, "crown_width": 15 }, "geometry": { "type": "Point", "coordinates": [ 1097117.228121550986543, 1775851.12891208101064 ] } },
{ "type": "Feature", "properties": { "species": "플라타너스", "height": 17.155719394407406, "crown_width": 20 }, "geometry": { "type": "Point", "coordinates": [ 1093041.05395554122515, 1746617.796259346418083 ] } },
{ "type": "Feature", "properties": { "species": "소나무", "height": 19.600444030471806, "crown_width": 12 }, "geometry": { "type": "Point", "coordinates": [ 1109521.581327399937436, 1762856.483516548294574 ] } },
{ "type": "Feature", "properties": { "species": "플라타너스", "height": 14.038195138048096, "crown_width": 20 }, "geometry": { "type": "Point", "coordinates": [ 1107681.133730377536267, 1759841.978997865691781 ] } },
{ "type": "Feature", "properties": { "species": "은행나무", "height": 14.419311535542269, "crown_width": 15 }, "geometry": { "type": "Point", "coordinates": [ 1089213.469713767524809, 1772839.313256686087698 ] } },
{ "type": "Feature", "properties": { "species": "소나무", "height": 9.0338034029266971, "crown_width": 12 }, "geometry": { "type": "Point", "coordinates": [ 1096036.844137863023207, 1776553.24291216977872 ] } },
{ "type": "Feature", "properties": { "species": "플라타너스", "height": 7.0834580715206492, "crown_width": 20 }, "geometry": { "type": "Point", "coordinates": [ 1113054.688837975496426, 1759183.891994294011965 ] } },
{ "type": "Feature", "properties": { "species": "자작나무", "height": 15.129907850106964, "crown_width": 10 }, "geometry": { "type": "Point", "coordinates": [ 1079063.753081127535552, 1768158.434200164629146 ] } },
{ "type": "Feature", "properties": { "species": "자작나무", "height": 15.082372201165196, "crown_width": 10 }, "geometry": { "type": "Point", "coordinates": [ 1083025.95090267341584, 1746163.566939823096618 ] } },
{ "type": "Feature", "properties": { "species": "느티나무", "height": 12.445521130365254, "crown_width": 18 }, "geometry": { "type": "Point", "coordinates": [ 1107025.745596667984501, 1750343.665636988822371 ] } },
{ "type": "Feature", "properties": { "species": "플라타너스", "height": 14.840023403342002, "crown_width": 20 }, "geometry": { "type": "Point", "coordinates": [ 1100458.527342372573912, 1779849.755921028088778 ] } },
{ "type": "Feature", "properties": { "species": "느티나무", "height": 10.09825064468447, "crown_width": 18 }, "geometry": { "type": "Point", "coordinates": [ 1094646.537146509857848, 1747859.246512869372964 ] } },
{ "type": "Feature", "properties": { "species": "자작나무", "height": 15.87253171707653, "crown_width": 10 }, "geometry": { "type": "Point", "coordinates": [ 1109996.254279914312065, 1741252.116072080563754 ] } },
{ "type": "Feature", "properties": { "species": "자작나무", "height": 9.5027690324769303, "crown_width": 10 }, "geometry": { "type": "Point", "coordinates": [ 1095704.221964207710698, 1749862.963513657683507 ] } },
{ "type": "Feature", "properties": { "species": "플라타너스", "height": 14.756951191614281, "crown_width": 20 }, "geometry": { "type": "Point", "coordinates": [ 1086713.580589442746714, 1742835.77767690224573 ] } },
{ "type": "Feature", "properties": { "species": "느티나무", "height": 12.099906031173646, "crown_width": 18 }, "geometry": { "type": "Point", "coordinates": [ 1103047.543718727305532, 1779208.362048680894077 ] } },
{ "type": "Feature", "properties": { "species": "플라타너스", "height": 13.889044477044765, "crown_width": 20 }, "geometry": { "type": "Point", "coordinates": [ 1097210.829054334899411, 1762875.386432975297794 ] } },
{ "type": "Feature", "properties": { "species": "은행나무", "height": 11.135827660814046, "crown_width": 15 }, "geometry": { "type": "Point", "coordinates": [ 1087028.029440889600664, 1764992.949913470074534 ] } },
{ "type": "Feature", "properties": { "species": "플라타너스", "height": 14.609093744804364, "crown_width": 20 }, "geometry": { "type": "Point", "coordinates": [ 1103389.966600262094289, 1757859.803565404377878 ] } },
{ "type": "Feature", "properties": { "species": "벚나무", "height": 7.5211080821171858, "crown_width": 10 }, "geometry": { "type": "Point", "coordinates": [ 1092017.242298813071102, 1744284.931809712201357 ] } },
{ "type": "Feature", "properties": { "species": "벚나무", "height": 17.809219710725785, "crown_width": 10 }, "geometry": { "type": "Point", "coordinates": [ 1077042.133343397872522, 1739907.004725717240945 ] } },
{ "type": "Feature", "properties": { "species": "은행나무", "height": 7.9176697291811564, "crown_width": 15 }, "geometry": { "type": "Point", "coordinates": [ 1111053.848295828094706, 1749113.055602282751352 ] } },
{ "type": "Feature", "properties": { "species": "은행나무", "height": 15.93559073509843, "crown_width": 15 }, "geometry": { "type": "Point", "coordinates": [ 1085605.623150377767161, 1768864.702193911187351 ] } },
{ "type": "Feature", "properties": { "species": "벚나무", "height": 16.322820335383813, "crown_width": 10 }, "geometry": { "type": "Point", "coordinates": [ 1110560.366374464239925, 1757875.299421246629208 ] } },
{ "type": "Feature", "properties": { "species": "플라타너스", "height": 18.003477897169276, "crown_width": 20 }, "geometry": { "type": "Point", "coordinates": [ 1103105.274451780598611, 1762852.923523718025535 ] } },
{ "type": "Feature", "properties": { "species": "느티나무", "height": 13.879867705096853, "crown_width": 18 }, "geometry": { "type": "Point", "coordinates": [ 1093012.833765533752739, 1762066.290475410409272 ] } },
{ "type": "Feature", "properties": { "species": "자작나무", "height": 15.501028996782045, "crown_width": 10 }, "geometry": { "type": "Point", "coordinates": [ 1096284.996306938584894, 1773858.359328271122649 ] } },
{ "type": "Feature", "properties": { "species": "소나무", "height": 9.8851244585706279, "crown_width": 12 }, "geometry": { "type": "Point", "coordinates": [ 1080374.175661681219935, 1771857.350894654169679 ] } },
{ "type": "Feature", "properties": { "species": "은행나무", "height": 12.489930346613132, "crown_width": 15 }, "geometry": { "type": "Point", "coordinates": [ 1095739.266011964064091, 1769823.58298481348902 ] } },
{ "type": "Feature", "properties": { "species": "소나무", "height": 10.184664404051672, "crown_width": 12 }, "geometry": { "type": "Point", "coordinates": [ 1077153.226391636068001, 1755844.482540716417134 ] } },
{ "type": "Feature", "properties": { "species": "소나무", "height": 14.470332917683313, "crown_width": 12 }, "geometry": { "type": "Point", "coordinates": [ 1079017.736084318486974, 1749124.804745391011238 ] } },
{ "type": "Feature", "properties": { "species": "은행나무", "height": 6.9262748007860111, "crown_width": 15 }, "geometry": { "type": "Point", "coordinates": [ 1091877.372154428623617, 1757857.438730330206454 ] } },
{ "type": "Feature", "properties": { "species": "자작나무", "height": 12.061346095824394, "crown_width": 10 }, "geometry": { "type": "Point", "coordinates": [ 1100105.190413005650043, 1770878.599390521412715 ] } },
{ "type": "Feature", "properties": { "species": "자작나무", "height": 12.616727375547804, "crown_width": 10 }, "geometry": { "type": "Point", "coordinates": [ 1100414.727571279043332, 1773829.037244276609272 ] } },
{ "type": "Feature", "properties": { "species": "느티나무", "height": 18.210343892918274, "crown_width": 18 }, "geometry": { "type": "Point", "coordinates": [ 1096291.080722285900265, 1765861.140160353854299 ] } },
{ "type": "Feature", "properties": { "species": "자작나무", "height": 14.445023735612697, "crown_width": 10 }, "geometry": { "type": "Point", "coordinates": [ 1092056.19452385022305, 1759075.322947673732415 ] } },
{ "type": "Feature", "properties": { "species": "소나무", "height": 15.944959509072365, "crown_width": 12 }, "geometry": { "type": "Point", "coordinates": [ 1086183.929196300916374, 1763851.799386074068025 ] } },
{ "type": "Feature", "properties": { "species": "소나무", "height": 9.9431571930188323, "crown_width": 12 }, "geometry": { "type": "Point", "coordinates": [ 1107336.773269707104191, 1779849.076256307773292 ] } },
{ "type": "Feature", "properties": { "species": "플라타너스", "height": 17.543330364093084, "crown_width": 20 }, "geometry": { "type": "Point", "coordinates": [ 1112033.110736526548862, 1769412.875276879640296 ] } },
{ "type": "Feature", "properties": { "species": "은행나무", "height": 15.437740516228859, "crown_width": 15 }, "geometry": { "type": "Point", "coordinates": [ 1084039.826102720107883, 1740855.795175621286035 ] } },
{ "type": "Feature", "properties": { "species": "소나무", "height": 18.216501408226733, "crown_width": 12 }, "geometry": { "type": "Point", "coordinates": [ 1087007.860002013621852, 1775541.576793257612735 ] } },
{ "type": "Feature", "properties": { "species": "소나무", "height": 12.868797835224647, "crown_width": 12 }, "geometry": { "type": "Point", "coordinates": [ 1112031.986483446788043, 1764075.19431810406968 ] } },
{ "type": "Feature", "properties": { "species": "은행나무", "height": 8.7662253026829866, "crown_width": 15 }, "geometry": { "type": "Point", "coordinates": [ 1106035.065963249187917, 1778357.596452499274164 ] } },
{ "type": "Feature", "properties": { "species": "은행나무", "height": 17.436706685495238, "crown_width": 15 }, "geometry": { "type": "Point", "coordinates": [ 1079959.91094436426647, 1755855.178020801628008 ] } },
{ "type": "Feature", "properties": { "species": "느티나무", "height": 10.06459899659507, "crown_width": 18 }, "geometry": { "type": "Point", "coordinates": [ 1086611.520496597979218, 1764869.927115542348474 ] } },
{ "type": "Feature", "properties": { "species": "느티나무", "height": 6.3910766767582814, "crown_width": 18 }, "geometry": { "type": "Point", "coordinates": [ 1096409.593686467269436, 1778840.50037099653855 ] } },
{ "type": "Feature", "properties": { "species": "자작나무", "height": 19.081898951839225, "crown_width": 10 }, "geometry": { "type": "Point", "coordinates": [ 1088070.143455825746059, 1765863.071630994556472 ] } },
{ "type": "Feature", "properties": { "species": "벚나무", "height": 17.81567834750637, "crown_width": 10 }, "geometry": { "type": "Point", "coordinates": [ 1092029.63400876079686, 1776535.913905761903152 ] } },
{ "type": "Feature", "properties": { "species": "은행나무", "height": 19.390097000917734, "crown_width": 15 }, "geometry": { "type": "Point", "coordinates": [ 1093023.860382673563436, 1778423.407006667228416 ] } },
{ "type": "Feature", "properties": { "species": "은행나무", "height": 17.051865085197797, "crown_width": 15 }, "geometry": { "type": "Point", "coordinates": [ 1111004.349371486343443, 1752257.964830475626513 ] } },
{ "type": "Feature", "properties": { "species": "벚나무", "height": 14.720004445904621, "crown_width": 10 }, "geometry": { "type": "Point", "coordinates": [ 1112992.892112532397732, 1739647.70432263170369 ] } },
{ "type": "Feature", "properties": { "species": "은행나무", "height": 9.1892771813935354, "crown_width": 15 }, "geometry": { "type": "Point", "coordinates": [ 1100022.705045738490298, 1758256.394012298434973 ] } },
{ "type": "Feature", "properties": { "species": "은행나무", "height": 13.87207353854151, "crown_width": 15 }, "geometry": { "type": "Point", "coordinates": [ 1077662.54374460526742, 1755844.755972531856969 ] } },
{ "type": "Feature", "properties": { "species": "소나무", "height": 19.730851707831643, "crown_width": 12 }, "geometry": { "type": "Point", "coordinates": [ 1077544.848843150073662, 1743816.611981521826237 ] } },
{ "type": "Feature", "properties": { "species": "플라타너스", "height": 6.4031636696487357, "crown_width": 20 }, "geometry": { "type": "Point", "coordinates": [ 1080988.470088097034022, 1767830.500752511667088 ] } },
{ "type": "Feature", "properties": { "species": "느티나무", "height": 15.469174218967661, "crown_width": 18 }, "geometry": { "type": "Point", "coordinates": [ 1094512.926130437524989, 1741850.161082813050598 ] } },
{ "type": "Feature", "properties": { "species": "플라타너스", "height": 12.9132917886822, "crown_width": 20 }, "geometry": { "type": "Point", "coordinates": [ 1088026.563983601750806, 1744456.424331759102643 ] } },
{ "type": "Feature", "properties": { "species": "은행나무", "height": 17.116519569121134, "crown_width": 15 }, "geometry": { "type": "Point", "coordinates": [ 1092511.463139286963269, 1748837.744036834686995 ] } },
{ "type": "Feature", "properties": { "species": "소나무", "height": 8.1254780563778137, "crown_width": 12 }, "geometry": { "type": "Point", "coordinates": [ 1104708.323442813009024, 1766818.808277134085074 ] } }
]
}
