{
"type": "FeatureCollection",
"name": "shade_score_roads_대구",
"crs": { "type": "name", "properties": { "name": "urn:ogc:def:crs:EPSG::5179" } },
"features": [
{ "type": "Feature", "properties": { "road_id": 0, "shade_9h": 7, "shade_12h": 4, "shade_15h": 7, "shade_18h": 35 }, "geometry": { "type": "LineString", "coordinates": [ [ 1077032.541581087512895, 1734852.721856198273599 ], [ 1078032.541581087512895, 1734852.721856198273599 ] ] } },
{ "type": "Feature", "properties": { "road_id": 1, "shade_9h": 1, "shade_12h": 0, "shade_15h": 0, "shade_18h": 24 }, "geometry": { "type": "LineString", "coordinates": [ [ 1077032.541581087512895, 1734852.721856198273599 ], [ 1077032.541581087512895, 1735852.721856198273599 ] ] } },
{ "type": "Feature", "properties": { "road_id": 2, "shade_9h": 0, "shade_12h": 0, "shade_15h": 0, "shade_18h": 0 }, "geometry": { "type": "LineString", "coordinates": [ [ 1077032.541581087512895, 1735852.721856198273599 ], [ 1078032.541581087512895, 1735852.721856198273599 ] ] } },
{ "type": "Feature", "properties": { "road_id": 3, "shade_9h": 0, "shade_12h": 0, "shade_15h": 0, "shade_18h": 0 }, "geometry": { "type": "LineString", "coordinates": [ [ 1077032.541581087512895, 1735852.721856198273599 ], [ 1077032.541581087512895, 1736852.721856198273599 ] ] } },
{ "type": "Feature", "properties": { "road_id": 4, "shade_9h": 0, "shade_12h": 0, "shade_15h": 0, "shade_18h": 0 }, "geometry": { "type": "LineString", "coordinates": [ [ 1077032.541581087512895, 1736852.721856198273599 ], [ 1078032.541581087512895, 1736852.721856198273599 ] ] } },
{ "type": "Feature", "properties": { "road_id": 5, "shade_9h": 0, "shade_12h": 0, "shade_15h": 0, "shade_18h": 0 }, "geometry": { "type": "LineString", "coordinates": [ [ 1077032.541581087512895, 1736852.721856198273599 ], [ 1077032.541581087512895, 1737852.721856198273599 ] ] } },
{ "type": "Feature", "properties": { "road_id": 6, "shade_9h": 0, "shade_12h": 0, "shade_15h": 0, "shade_18h": 0 }, "geometry": { "type": "LineString", "coordinates": [ [ 1077032.541581087512895, 1737852.721856198273599 ], [ 1078032.541581087512895, 1737852.721856198273599 ] ] } },
{ "type": "Feature", "properties": { "road_id": 7, "shade_9h": 0, "shade_12h": 0, "shade_15h": 0, "shade_18h": 0 }, "geometry": { "type": "LineString", "coordinates": [ [ 1077032.541581087512895, 1737852.721856198273599 ], [ 1077032.541581087512895, 1738852.721856198273599 ] ] } },
{ "type": "Feature", "properties": { "road_id": 8, "shade_9h": 0, "shade_12h": 0, "shade_15h": 0, "shade_18h": 0 }, "geometry": { "type": "LineString", "coordinates": [ [ 1077032.541581087512895, 1738852.721856198273599 ], [ 1078032.541581087512895, 1738852.721856198273599 ] ] } },
{ "type": "Feature", "properties": { "road_id": 9, "shade_9h": 0, "shade_12h": 0, "shade_15h": 0, "shade_18h": 0 }, "geometry": { "type": "LineString", "coordinates": [ [ 1077032.541581087512895, 1738852.721856198273599 ], [ 1077032.541581087512895, 1739852.721856198273599 ] ] } },
{ "type": "Feature", "properties": { "road_id": 10, "shade_9h": 0, "shade_12h": 0, "shade_15h": 0, "shade_18h": 0 }, "geometry": { "type": "LineString", "coordinates": [ [ 1077032.541581087512895, 1739852.721856198273599 ], [ 1078032.541581087512895, 1739852.721856198273599 ] ] } },
{ "type": "Feature", "properties": { "road_id": 11, "shade_9h": 0, "shade_12h": 0, "shade_15h": 0, "shade_18h": 12 }, "geometry": { "type": "LineString", "coordinates": [ [ 1077032.541581087512895, 1739852.721856198273599 ], [ 1077032.541581087512895, 1740852.721856198273599 ] ] } },
{ "type": "Feature", "properties": { "road_id": 12, "shade_9h": 0, "shade_12h": 0, "shade_15h": 0, "shade_18h": 15 }, "geometry": { "type": "LineString", "coordinates": [ [ 1077032.541581087512895, 1740852.721856198273599 ], [ 1078032.541581087512895, 1740852.721856198273599 ] ] } },
{ "type": "Feature", "properties": { "road_id": 13, "shade_9h": 6, "shade_12h": 0, "shade_15h": 6, "shade_18h": 23 }, "geometry": { "type": "LineString", "coordinates": [ [ 1077032.541581087512895, 1740852.721856198273599 ], [ 1077032.541581087512895, 1741852.721856198273599 ] ] } },
{ "type": "Feature", "properties": { "road_id": 14, "shade_9h": 0, "shade_12h": 0, "shade_15h": 0, "shade_18h": 0 }, "geometry": { "type": "LineString", "coordinates": [ [ 1077032.541581087512895, 1741852.721856198273599 ], [ 1078032.541581087512895, 1741852.721856198273599 ] ] } },
{ "type": "Feature", "properties": { "road_id": 15, "shade_9h": 0, "shade_12h": 0, "shade_15h": 0, "shade_18h": 0 }, "geometry": { "type": "LineString", "coordinates": [ [ 1077032.541581087512895, 1741852.721856198273599 ], [ 1077032.541581087512895, 1742852.721856198273599 ] ] } },
{ "type": "Feature", "properties": { "road_id": 16, "shade_9h": 1, "shade_12h": 1, "shade_15h": 1, "shade_18h": 1 }, "geometry": { "type": "LineString", "coordinates": [ [ 1077032.541581087512895, 1742852.721856198273599 ], [ 1078032.541581087512895, 1742852.721856198273599 ] ] } },
{ "type": "Feature", "properties": { "road_id": 17, "shade_9h": 0, "shade_12h": 0, "shade_15h": 0, "shade_18h": 0 }, "geometry": { "type": "LineString", "coordinates": [ [ 1077032.541581087512895, 1742852.721856198273599 ], [ 1077032.541581087512895, 1743852.721856198273599 ] ] } },
{ "type": "Feature", "properties": { "road_id": 18, "shade_9h": 1, "shade_12h": 1, "shade_15h": 1, "shade_18h": 1 }, "geometry": { "type": "LineString", "coordinates": [ [ 1077032.541581087512895, 1743852.721856198273599 ], [ 1078032.541581087512895, 1743852.721856198273599 ] ] } },
{ "type": "Feature", "properties": { "road_id": 19, "shade_9h": 0, "shade_12h": 0, "shade_15h": 0, "shade_18h": 9 }, "geometry": { "type": "LineString", "coordinates": [ [ 1077032.541581087512895, 1743852.721856198273599 ], [ 1077032.541581087512895, 1744852.721856198273599 ] ] } },
{ "type": "Feature", "properties": { "road_id": 20, "shade_9h": 0, "shade_12h": 0, "shade_15h": 0, "shade_18h": 0 }, "geometry": { "type": "LineString", "coordinates": [ [ 1077032.541581087512895, 1744852.721856198273599 ], [ 1078032.541581087512895, 1744852.721856198273599 ] ] } },
{ "type": "Feature", "properties": { "road_id": 21, "shade_9h": 0, "shade_12h": 0, "shade_15h": 0, "shade_18h": 27 }, "geometry": { "type": "LineString", "coordinates": [ [ 1077032.541581087512895, 1744852.721856198273599 ], [ 1077032.541581087512895, 1745852.721856198273599 ] ] } },
{ "type": "Feature", "properties": { "road_id": 22, "shade_9h": 1, "shade_12h": 1, "shade_15h": 1, "shade_18h": 1 }, "geometry": { "type": "LineString", "coordinates": [ [ 1077032.541581087512895, 1745852.721856198273599 ], [ 1078032.541581087512895, 1745852.721856198273599 ] ] } },
{ "type": "Feature", "properties": { "road_id": 23, "shade_9h": 0, "shade_12h": 0, "shade_15h": 0, "shade_18h": 11 }, "geometry": { "type": "LineString", "coordinates": [ [ 1077032.541581087512895, 1745852.721856198273599 ], [ 1077032.541581087512895, 1746852.721856198273599 ] ] } },
{ "type": "Feature", "properties": { "road_id": 24, "shade_9h": 8, "shade_12h": 4, "shade_15h": 7, "shade_18h": 37 }, "geometry": { "type": "LineString", "coordinates": [ [ 1077032.541581087512895, 1746852.721856198273599 ], [ 1078032.541581087512895, 1746852.721856198273599 ] ] } },
{ "type": "Feature", "properties": { "road_id": 25, "shade_9h": 0, "shade_12h": 0, "shade_15h": 0, "shade_18h": 13 }, "geometry": { "type": "LineString", "coordinates": [ [ 1077032.541581087512895, 1746852.721856198273599 ], [ 1077032.541581087512895, 1747852.721856198273599 ] ] } },
{ "type": "Feature", "properties": { "road_id": 26, "shade_9h": 0, "shade_12h": 0, "shade_15h": 0, "shade_18h": 0 }, "geometry": { "type": "LineString", "coordinates": [ [ 1077032.541581087512895, 1747852.721856198273599 ], [ 1078032.541581087512895, 1747852.721856198273599 ] ] } },
{ "type": "Feature", "properties": { "road_id": 27, "shade_9h": 0, "shade_12h": 0, "shade_15h": 0, "shade_18h": 0 }, "geometry": { "type": "LineString", "coordinates": [ [ 1077032.541581087512895, 1747852.721856198273599 ], [ 1077032.541581087512895, 1748852.721856198273599 ] ] } },
{ "type": "Feature", "properties": { "road_id": 28, "shade_9h": 0, "shade_12h": 0, "shade_15h": 0, "shade_18h": 0 }, "geometry": { "type": "LineString", "coordinates": [ [ 1077032.541581087512895, 1748852.721856198273599 ], [ 1078032.541581087512895, 1748852.721856198273599 ] ] } },
{ "type": "Feature", "properties": { "road_id": 29, "shade_9h": 0, "shade_12h": 0, "shade_15h": 0, "shade_18h": 0 }, "geometry": { "type": "LineString", "coordinates": [ [ 1077032.541581087512895, 1748852.721856198273599 ], [ 1077032.541581087512895, 1749852.721856198273599 ] ] } },
{ "type": "Feature", "properties": { "road_id": 30, "shade_9h": 0, "shade_12h": 0, "shade_15h": 0, "shade_18h": 0 }, "geometry": { "type": "LineString", "coordinates": [ [ 1077032.541581087512895, 1749852.721856198273599 ], [ 1078032.541581087512895, 1749852.721856198273599 ] ] } },
{ "type": "Feature", "properties": { "road_id": 31, "shade_9h": 0, "shade_12h": 0, "shade_15h": 0, "shade_18h": 0 }, "geometry": { "type": "LineString", "coordinates": [ [ 1077032.541581087512895, 1749852.721856198273599 ], [ 1077032.541581087512895, 1750852.721856198273599 ] ] } },
{ "type": "Feature", "properties": { "road_id": 32, "shade_9h": 0, "shade_12h": 0, "shade_15h": 0, "shade_18h": 0 }, "geometry": { "type": "LineString", "coordinates": [ [ 1077032.541581087512895, 1750852.721856198273599 ], [ 1078032.541581087512895, 1750852.721856198273599 ] ] } },
{ "type": "Feature", "properties": { "road_id": 33, "shade_9h": 0, "shade_12h": 0, "shade_15h": 0, "shade_18h": 0 }, "geometry": { "type": "LineString", "coordinates": [ [ 1077032.541581087512895, 1750852.721856198273599 ], [ 1077032.541581087512895, 1751852.721856198273599 ] ] } },
{ "type": "Feature", "properties": { "road_id": 34, "shade_9h": 0, "shade_12h": 0, "shade_15h": 0, "shade_18h": 0 }, "geometry": { "type": "LineString", "coordinates": [ [ 1077032.541581087512895, 1751852.721856198273599 ], [ 1078032.541581087512895, 1751852.721856198273599 ] ] } },
{ "type": "Feature", "properties": { "road_id": 35, "shade_9h": 0, "shade_12h": 0, "shade_15h": 0, "shade_18h": 0 }, "geometry": { "type": "LineString", "coordinates": [ [ 1077032.541581087512895, 1751852.721856198273599 ], [ 1077032.541581087512895, 1752852.721856198273599 ] ] } },
{ "type": "Feature", "properties": { "road_id": 36, "shade_9h": 0, "shade_12h": 0, "shade_15h": 0, "shade_18h": 0 }, "geometry": { "type": "LineString", "coordinates": [ [ 1077032.541581087512895, 1752852.721856198273599 ], [ 1078032.541581087512895, 1752852.721856198273599 ] ] } },
{ "type": "Feature", "properties": { "road_id": 37, "shade_9h": 0, "shade_12h": 0, "shade_15h": 0, "shade_18h": 0 }, "geometry": { "type": "LineString", "coordinates": [ [ 1077032.541581087512895, 1752852.721856198273599 ], [ 1077032.541581087512895, 1753852.721856198273599 ] ] } },
{ "type": "Feature", "properties": { "road_id": 38, "shade_9h": 0, "shade_12h": 0, "shade_15h": 0, "shade_18h": 36 }, "geometry": { "type": "LineString", "coordinates": [ [ 1077032.541581087512895, 1753852.721856198273599 ], [ 1078032.541581087512895, 1753852.721856198273599 ] ] } },
{ "type": "Feature", "properties": { "road_id": 39, "shade_9h": 0, "shade_12h": 0, "shade_15h": 0, "shade_18h": 0 }, "geometry": { "type": "LineString", "coordinates": [ [ 1077032.541581087512895, 1753852.721856198273599 ], [ 1077032.541581087512895, 1754852.721856198273599 ] ] } },
{ "type": "Feature", "properties": { "road_id": 40, "shade_9h": 0, "shade_12h": 0, "shade_15h": 0, "shade_18h": 0 }, "geometry": { "type": "LineString", "coordinates": [ [ 1077032.541581087512895, 1754852.721856198273599 ], [ 1078032.541581087512895, 1754852.721856198273599 ] ] } },
{ "type": "Feature", "properties": { "road_id": 41, "shade_9h": 0, "shade_12h": 0, "shade_15h": 0, "shade_18h": 0 }, "geometry": { "type": "LineString", "coordinates": [ [ 1077032.541581087512895, 1754852.721856198273599 ], [ 1077032.541581087512895, 1755852.721856198273599 ] ] } },
{ "type": "Feature", "properties": { "road_id": 42, "shade_9h": 0, "shade_12h": 0, "shade_15h": 0, "shade_18h": 0 }, "geometry": { "type": "LineString", "coordinates": [ [ 1077032.541581087512895, 1755852.721856198273599 ], [ 1078032.541581087512895, 1755852.721856198273599 ] ] } },
{ "type": "Feature", "properties": { "road_id": 43, "shade_9h": 0, "shade_12h": 0, "shade_15h": 0, "shade_18h": 0 }, "geometry": { "type": "LineString", "coordinates": [ [ 1077032.541581087512895, 1755852.721856198273599 ], [ 1077032.541581087512895, 1756852.721856198273599 ] ] } },
{ "type": "Feature", "properties": { "road_id": 44, "shade_9h": 0, "shade_12h": 0, "shade_15h": 0, "shade_18h": 0 }, "geometry": { "type": "LineString", "coordinates": [ [ 1077032.541581087512895, 1756852.721856198273599 ], [ 1078032.541581087512895, 1756852.721856198273599 ] ] } },
{ "type": "Feature", "properties": { "road_id": 45, "shade_9h": 0, "shade_12h": 0, "shade_15h": 0, "shade_18h": 0 }, "geometry": { "type": "LineString", "coordinates": [ [ 1077032.541581087512895, 1756852.721856198273599 ], [ 1077032.541581087512895, 1757852.721856198273599 ] ] } },
{ "type": "Feature", "properties": { "road_id": 46, "shade_9h": 0, "shade_12h": 0, "shade_15h": 0, "shade_18h": 0 }, "geometry": { "type": "LineString", "coordinates": [ [ 1077032.541581087512895, 1757852.721856198273599 ], [ 1078032.541581087512895, 1757852.721856198273599 ] ] } },
{ "type": "Feature", "properties": { "road_id": 47, "shade_9h": 0, "shade_12h": 0, "shade_15h": 0, "shade_18h": 0 }, "geometry": { "type": "LineString", "coordinates": [ [ 1077032.541581087512895, 1757852.721856198273599 ], [ 1077032.541581087512895, 1758852.721856198273599 ] ] } },
{ "type": "Feature", "properties": { "road_id": 48, "shade_9h": 0, "shade_12h": 0, "shade_15h": 0, "shade_18h": 0 }, "geometry": { "type": "LineString", "coordinates": [ [ 1077032.541581087512895, 1758852.721856198273599 ], [ 1078032.541581087512895, 1758852.721856198273599 ] ] } },
{ "type": "Feature", "properties": { "road_id": 49, "shade_9h": 0, "shade_12h": 0, "shade_15h": 0, "shade_18h": 0 }, "geometry": { "type": "LineString", "coordinates": [ [ 1077032.541581087512895, 1758852.721856198273599 ], [ 1077032.541581087512895, 1759852.721856198273599 ] ] } },
{ "type": "Feature", "properties": { "road_id": 50, "shade_9h": 0, "shade_12h": 0, "shade_15h": 0, "shade_18h": 0 }, "geometry": { "type": "LineString", "coordinates": [ [ 1077032.541581087512895, 1759852.721856198273599 ], [ 1078032.541581087512895, 1759852.721856198273599 ] ] } },
{ "type": "Feature", "properties": { "road_id": 51, "shade_9h": 0, "shade_12h": 0, "shade_15h": 0, "shade_18h": 0 }, "geometry": { "type": "LineString", "coordinates": [ [ 1077032.541581087512895, 1759852.721856198273599 ], [ 1077032.541581087512895, 1760852.721856198273599 ] ] } },
{ "type": "Feature", "properties": { "road_id": 52, "shade_9h": 0, "shade_12h": 0, "shade_15h": 0, "shade_18h": 0 }, "geometry": { "type": "LineString", "coordinates": [ [ 1077032.541581087512895, 1760852.721856198273599 ], [ 1078032.541581087512895, 1760852.721856198273599 ] ] } },
{ "type": "Feature", "properties": { "road_id": 53, "shade_9h": 0, "shade_12h": 0, "shade_15h": 0, "shade_18h": 0 }, "geometry": { "type": "LineString", "coordinates": [ [ 1077032.541581087512895, 1760852.721856198273599 ], [ 1077032.541581087512895, 1761852.721856198273599 ] ] } },
{ "type": "Feature", "properties": { "road_id": 54, "shade_9h": 0, "shade_12h": 0, "shade_15h": 0, "shade_18h": 0 }, "geometry": { "type": "LineString", "coordinates": [ [ 1077032.541581087512895, 1761852.721856198273599 ], [ 1078032.541581087512895, 1761852.721856198273599 ] ] } },
{ "type": "Feature", "properties": { "road_id": 55, "shade_9h": 0, "shade_12h": 0, "shade_15h": 0, "shade_18h": 0 }, "geometry": { "type": "LineString", "coordinates": [ [ 1077032.541581087512895, 1761852.721856198273599 ], [ 1077032.541581087512895, 1762852.721856198273599 ] ] } },
{ "type": "Feature", "properties": { "road_id": 56, "shade_9h": 0, "shade_12h": 0, "shade_15h": 0, "shade_18h": 0 }, "geometry": { "type": "LineString", "coordinates": [ [ 1077032.541581087512895, 1762852.721856198273599 ], [ 1078032.541581087512895, 1762852.721856198273599 ] ] } },
{ "type": "Feature", "properties": { "road_id": 57, "shade_9h": 9, "shade_12h": 4, "shade_15h": 9, "shade_18h": 51 }, "geometry": { "type": "LineString", "coordinates": [ [ 1077032.541581087512895, 1762852.721856198273599 ], [ 1077032.541581087512895, 1763852.721856198273599 ] ] } },
{ "type": "Feature", "properties": { "road_id": 58, "shade_9h": 0, "shade_12h": 0, "shade_15h": 0, "shade_18h": 0 }, "geometry": { "type": "LineString", "coordinates": [ [ 1077032.541581087512895, 1763852.721856198273599 ], [ 1078032.541581087512895, 1763852.721856198273599 ] ] } },
{ "type": "Feature", "properties": { "road_id": 59, "shade_9h": 1, "shade_12h": 1, "shade_15h": 1, "shade_18h": 1 }, "geometry": { "type": "LineString", "coordinates": [ [ 1077032.541581087512895, 1763852.721856198273599 ], [ 1077032.541581087512895, 1764852.721856198273599 ] ] } },
{ "type": "Feature", "properties": { "road_id": 60, "shade_9h": 0, "shade_12h": 0, "shade_15h": 0, "shade_18h": 6 }, "geometry": { "type": "LineString", "coordinates": [ [ 1077032.541581087512895, 1764852.721856198273599 ], [ 1078032.541581087512895, 1764852.721856198273599 ] ] } },
{ "type": "Feature", "properties": { "road_id": 61, "shade_9h": 0, "shade_12h": 0, "shade_15h": 0, "shade_18h": 0 }, "geometry": { "type": "LineString", "coordinates": [ [ 1077032.541581087512895, 1764852.721856198273599 ], [ 1077032.541581087512895, 1765852.721856198273599 ] ] } },
{ "type": "Feature", "properties": { "road_id": 62, "shade_9h": 0, "shade_12h": 0, "shade_15h": 0, "shade_18h": 25 }, "geometry": { "type": "LineString", "coordinates": [ [ 1077032.541581087512895, 1765852.721856198273599 ], [ 1078032.541581087512895, 1765852.721856198273599 ] ] } },
{ "type": "Feature", "properties": { "road_id": 63, "shade_9h": 0, "shade_12h": 0, "shade_15h": 0, "shade_18h": 0 }, "geometry": { "type": "LineString", "coordinates": [ [ 1077032.541581087512895, 1765852.721856198273599 ], [ 1077032.541581087512895, 1766852.721856198273599 ] ] } },
{ "type": "Feature", "properties": { "road_id": 64, "shade_9h": 0, "shade_12h": 0, "shade_15h": 0, "shade_18h": 0 }, "geometry": { "type": "LineString", "coordinates": [ [ 1077032.541581087512895, 1766852.721856198273599 ], [ 1078032.541581087512895, 1766852.721856198273599 ] ] } },
{ "type": "Feature", "properties": { "road_id": 65, "shade_9h": 0, "shade_12h": 0, "shade_15h": 0, "shade_18h": 0 }, "geometry": { "type": "LineString", "coordinates": [ [ 1077032.541581087512895, 1766852.721856198273599 ], [ 1077032.541581087512895, 1767852.721856198273599 ] ] } },
{ "type": "Feature", "properties": { "road_id": 66, "shade_9h": 0, "shade_12h": 0, "shade_15h": 0, "shade_18h": 0 }, "geometry": { "type": "LineString", "coordinates": [ [ 1077032.541581087512895, 1767852.721856198273599 ], [ 1078032.541581087512895, 1767852.721856198273599 ] ] } },
{ "type": "Feature", "properties": { "road_id": 67, "shade_9h": 0, "shade_12h": 0, "shade_15h": 0, "shade_18h": 16 }, "geometry": { "type": "LineString", "coordinates": [ [ 1077032.541581087512895, 1767852.721856198273599 ], [ 1077032.541581087512895, 1768852.721856198273599 ] ] } },
{ "type": "Feature", "properties": { "road_id": 68, "shade_9h": 0, "shade_12h": 0, "shade_15h": 0, "shade_18h": 0 }, "geometry": { "type": "LineString", "coordinates": [ [ 1077032.541581087512895, 1768852.721856198273599 ], [ 1078032.541581087512895, 1768852.721856198273599 ] ] } },
{ "type": "Feature", "properties": { "road_id": 69, "shade_9h": 0, "shade_12h": 0, "shade_15h": 0, "shade_18h": 0 }, "geometry": { "type": "LineString", "coordinates": [ [ 1077032.541581087512895, 1768852.721856198273599 ], [ 1077032.541581087512895, 1769852.721856198273599 ] ] } },
{ "type": "Feature", "properties": { "road_id": 70, "shade_9h": 0, "shade_12h": 0, "shade_15h": 0, "shade_18h": 25 }, "geometry": { "type": "LineString", "coordinates": [ [ 1077032.541581087512895, 1769852.721856198273599 ], [ 1078032.541581087512895, 1769852.721856198273599 ] ] } },
{ "type": "Feature", "properties": { "road_id": 71, "shade_9h": 0, "shade_12h": 0, "shade_15h": 0, "shade_18h": 9 }, "geometry": { "type": "LineString", "coordinates": [ [ 1077032.541581087512895, 1769852.721856198273599 ], [ 1077032.541581087512895, 1770852.721856198273599 ] ] } },
{ "type": "Feature", "properties": { "road_id": 72, "shade_9h": 8, "shade_12h": 3, "shade_15h": 8, "shade_18h": 44 }, "geometry": { "type": "LineString", "coordinates": [ [ 1077032.541581087512895, 1770852.721856198273599 ], [ 1078032.541581087512895, 1770852.721856198273599 ] ] } },
{ "type": "Feature", "properties": { "road_id": 73, "shade_9h": 0, "shade_12h": 0, "shade_15h": 0, "shade_18h": 0 }, "geometry": { "type": "LineString", "coordinates": [ [ 1077032.541581087512895, 1770852.721856198273599 ], [ 1077032.541581087512895, 1771852.721856198273599 ] ] } },
{ "type": "Feature", "properties": { "road_id": 74, "shade_9h": 0, "shade_12h": 0, "shade_15h": 0, "shade_18h": 0 }, "geometry": { "type": "LineString", "coordinates": [ [ 1077032.541581087512895, 1771852.721856198273599 ], [ 1078032.541581087512895, 1771852.721856198273599 ] ] } },
{ "type": "Feature", "properties": { "road_id": 75, "shade_9h": 0, "shade_12h": 0, "shade_15h": 0, "shade_18h": 35 }, "geometry": { "type": "LineString", "coordinates": [ [ 1077032.541581087512895, 1771852.721856198273599 ], [ 1077032.541581087512895, 1772852.721856198273599 ] ] } },
{ "type": "Feature", "properties": { "road_id": 76, "shade_9h": 0, "shade_12h": 0, "shade_15h": 0, "shade_18h": 0 }, "geometry": { "type": "LineString", "coordinates": [ [ 1077032.541581087512895, 1772852.721856198273599 ], [ 1078032.541581087512895, 1772852.721856198273599 ] ] } },
{ "type": "Feature", "properties": { "road_id": 77, "shade_9h": 0, "shade_12h": 0, "shade_15h": 0, "shade_18h": 0 }, "geometry": { "type": "LineString", "coordinates": [ [ 1077032.541581087512895, 1772852.721856198273599 ], [ 1077032.541581087512895, 1773852.721856198273599 ] ] } },
{ "type": "Feature", "properties": { "road_id": 78, "shade_9h": 0, "shade_12h": 0, "shade_15h": 0, "shade_18h": 0 }, "geometry": { "type": "LineString", "coordinates": [ [ 1077032.541581087512895, 1773852.721856198273599 ], [ 1078032.541581087512895, 1773852.721856198273599 ] ] } },
{ "type": "Feature", "properties": { "road_id": 79, "shade_9h": 0, "shade_12h": 0, "shade_15h": 0, "shade_18h": 0 }, "geometry": { "type": "LineString", "coordinates": [ [ 1077032.541581087512895, 1773852.721856198273599 ], [ 1077032.541581087512895, 1774852.721856198273599 ] ] } },
{ "type": "Feature", "properties": { "road_id": 80, "shade_9h": 0, "shade_12h": 0, "shade_15h": 0, "shade_18h": 0 }, "geometry": { "type": "LineString", "coordinates": [ [ 1077032.541581087512895, 1774852.721856198273599 ], [ 1078032.541581087512895, 1774852.721856198273599 ] ] } },
{ "type": "Feature", "properties": { "road_id": 81, "shade_9h": 4, "shade_12h": 3, "shade_15h": 4, "shade_18h": 11 }, "geometry": { "type": "LineString", "coordinates": [ [ 1077032.541581087512895, 1774852.721856198273599 ], [ 1077032.541581087512895, 1775852.721856198273599 ] ] } },
{ "type": "Feature", "properties": { "road_id": 82, "shade_9h": 0, "shade_12h": 0, "shade_15h": 0, "shade_18h": 0 }, "geometry": { "type": "LineString", "coordinates": [ [ 1077032.541581087512895, 1775852.721856198273599 ], [ 1078032.541581087512895, 1775852.721856198273599 ] ] } },
{ "type": "Feature", "properties": { "road_id": 83, "shade_9h": 7, "shade_12h": 3, "shade_15h": 7, "shade_18h": 39 }, "geometry": { "type": "LineString", "coordinates": [ [ 1077032.541581087512895, 1775852.721856198273599 ], [ 1077032.541581087512895, 1776852.721856198273599 ] ] } },
{ "type": "Feature", "properties": { "road_id": 84, "shade_9h": 0, "shade_12h": 0, "shade_15h": 0, "shade_18h": 0 }, "geometry": { "type": "LineString", "coordinates": [ [ 1077032.541581087512895, 1776852.721856198273599 ], [ 1078032.541581087512895, 1776852.721856198273599 ] ] } },
{ "type": "Feature", "properties": { "road_id": 85, "shade_9h": 0, "shade_12h": 0, "shade_15h": 0, "shade_18h": 0 }, "geometry": { "type": "LineString", "coordinates": [ [ 1077032.541581087512895, 1776852.721856198273599 ], [ 1077032.541581087512895, 1777852.721856198273599 ] ] } },
{ "type": "Feature", "properties": { "road_id": 86, "shade_9h": 2, "shade_12h": 0, "shade_15h": 2, "shade_18h": 19 }, "geometry": { "type": "LineString", "coordinates": [ [ 1077032.541581087512895, 1777852.721856198273599 ], [ 1078032.541581087512895, 1777852.721856198273599 ] ] } },
{ "type": "Feature", "properties": { "road_id": 87, "shade_9h": 0, "shade_12h": 0, "shade_15h": 0, "shade_18h": 0 }, "geometry": { "type": "LineString", "coordinates": [ [ 1077032.541581087512895, 1777852.721856198273599 ], [ 1077032.541581087512895, 1778852.721856198273599 ] ] } },
{ "type": "Feature", "properties": { "road_id": 88, "shade_9h": 0, "shade_12h": 0, "shade_15h": 0, "shade_18h": 0 }, "geometry": { "type": "LineString", "coordinates": [ [ 1077032.541581087512895, 1778852.721856198273599 ], [ 1078032.541581087512895, 1778852.721856198273599 ] ] } },
{ "type": "Feature", "properties": { "road_id": 89, "shade_9h": 0, "shade_12h": 0, "shade_15h": 0, "shade_18h": 0 }, "geometry": { "type": "LineString", "coordinates": [ [ 1077032.541581087512895, 1778852.721856198273599 ], [ 1077032.541581087512895, 1779852.721856198273599 ] ] } },
{ "type": "Feature", "properties": { "road_id": 90, "shade_9h": 0, "shade_12h": 0, "shade_15h": 0, "shade_18h": 0 }, "geometry": { "type": "LineString", "coordinates": [ [ 1077032.541581087512895, 1779852.721856198273599 ], [ 1078032.541581087512895, 1779852.721856198273599 ] ] } },
{ "type": "Feature", "properties": { "road_id": 91, "shade_9h": 0, "shade_12h": 0, "shade_15h": 0, "shade_18h": 0 }, "geometry": { "type": "LineString", "coordinates": [ [ 1078032.541581087512895, 1734852.721856198273599 ], [ 1079032.541581087512895, 1734852.721856198273599 ] ] } },
{ "type": "Feature", "properties": { "road_id": 92, "shade_9h": 0, "shade_12h": 0, "shade_15h": 0, "shade_18h": 0 }, "geometry": { "type": "LineString", "coordinates": [ [ 1078032.541581087512895, 1734852.721856198273599 ], [ 1078032.541581087512895, 1735852.721856198273599 ] ] } },
{ "type": "Feature", "properties": { "road_id": 93, "shade_9h": 0, "shade_12h": 0, "shade_15h": 0, "shade_18h": 0 }, "geometry": { "type": "LineString", "coordinates": [ [ 1078032.541581087512895, 1735852.721856198273599 ], [ 1079032.541581087512895, 1735852.721856198273599 ] ] } },
{ "type": "Feature", "properties": { "road_id": 94, "shade_9h": 0, "shade_12h": 0, "shade_15h": 0, "shade_18h": 0 }, "geometry": { "type": "LineString", "coordinates": [ [ 1078032.541581087512895, 1735852.721856198273599 ], [ 1078032.541581087512895, 1736852.721856198273599 ] ] } },
{ "type": "Feature", "properties": { "road_id": 95, "shade_9h": 0, "shade_12h": 0, "shade_15h": 0, "shade_18h": 0 }, "geometry": { "type": "LineString", "coordinates": [ [ 1078032.541581087512895, 1736852.721856198273599 ], [ 1079032.541581087512895, 1736852.721856198273599 ] ] } },
{ "type": "Feature", "properties": { "road_id": 96, "shade_9h": 0, "shade_12h": 0, "shade_15h": 0, "shade_18h": 0 }, "geometry": { "type": "LineString", "coordinates": [ [ 1078032.541581087512895, 1736852.721856198273599 ], [ 1078032.541581087512895, 1737852.721856198273599 ] ] } },
{ "type": "Feature", "properties": { "road_id": 97, "shade_9h": 0, "shade_12h": 0, "shade_15h": 0, "shade_18h": 0 }, "geometry": { "type": "LineString", "coordinates": [ [ 1078032.541581087512895, 1737852.721856198273599 ], [ 1079032.541581087512895, 1737852.721856198273599 ] ] } },
{ "type": "Feature", "properties": { "road_id": 98, "shade_9h": 0, "shade_12h": 0, "shade_15h": 0, "shade_18h": 0 }, "geometry": { "type": "LineString", "coordinates": [ [ 1078032.541581087512895, 1737852.721856198273599 ], [ 1078032.541581087512895, 1738852.721856198273599 ] ] } },
{ "type": "Feature", "properties": { "road_id": 99, "shade_9h": 0, "shade_12h": 0, "shade_15h": 0, "shade_18h": 0 }, "geometry": { "type": "LineString", "coordinates": [ [ 1078032.541581087512895, 1738852.721856198273599 ], [ 1079032.541581087512895, 1738852.721856198273599 ] ] } },
{ "type": "Feature", "properties": { "road_id": 100, "shade_9h": 1, "shade_12h": 1, "shade_15h": 1, "shade_18h": 1 }, "geometry": { "type": "LineString", "coordinates": [ [ 1078032.541581087512895, 1738852.721856198273599 ], [ 1078032.541581087512895, 1739852.721856198273599 ] ] } },
{ "type": "Feature", "properties": { "road_id": 101, "shade_9h": 9, "shade_12h": 5, "shade_15h": 9, "shade_18h": 44 }, "geometry": { "type": "LineString", "coordinates": [ [ 1078032.541581087512895, 1739852.721856198273599 ], [ 1079032.541581087512895, 1739852.721856198273599 ] ] } },
{ "type": "Feature", "properties": { "road_id": 102, "shade_9h": 0, "shade_12h": 0, "shade_15h": 0, "shade_18h": 0 }, "geometry": { "type": "LineString", "coordinates": [ [ 1078032.541581087512895, 1739852.721856198273599 ], [ 1078032.541581087512895, 1740852.721856198273599 ] ] } },
{ "type": "Feature", "properties": { "road_id": 103, "shade_9h": 0, "shade_12h": 0, "shade_15h": 0, "shade_18h": 0 }, "geometry": { "type": "LineString", "coordinates": [ [ 1078032.541581087512895, 1740852.721856198273599 ], [ 1079032.541581087512895, 1740852.721856198273599 ] ] } },
{ "type": "Feature", "properties": { "road_id": 104, "shade_9h": 0, "shade_12h": 0, "shade_15h": 0, "shade_18h": 0 }, "geometry": { "type": "LineString", "coordinates": [ [ 1078032.541581087512895, 1740852.721856198273599 ], [ 1078032.541581087512895, 1741852.721856198273599 ] ] } },
{ "type": "Feature", "properties": { "road_id": 105, "shade_9h": 0, "shade_12h": 0, "shade_15h": 0, "shade_18h": 0 }, "geometry": { "type": "LineString", "coordinates": [ [ 1078032.541581087512895, 1741852.721856198273599 ], [ 1079032.541581087512895, 1741852.721856198273599 ] ] } },
{ "type": "Feature", "properties": { "road_id": 106, "shade_9h": 0, "shade_12h": 0, "shade_15h": 0, "shade_18h": 0 }, "geometry": { "type": "LineString", "coordinates": [ [ 1078032.541581087512895, 1741852.721856198273599 ], [ 1078032.541581087512895, 1742852.721856198273599 ] ] } },
{ "type": "Feature", "properties": { "road_id": 107, "shade_9h": 0, "shade_12h": 0, "shade_15h": 0, "shade_18h": 0 }, "geometry": { "type": "LineString", "coordinates": [ [ 1078032.541581087512895, 1742852.721856198273599 ], [ 1079032.541581087512895, 1742852.721856198273599 ] ] } },
{ "type": "Feature", "properties": { "road_id": 108, "shade_9h": 0, "shade_12h": 0, "shade_15h": 0, "shade_18h": 0 }, "geometry": { "type": "LineString", "coordinates": [ [ 1078032.541581087512895, 1742852.721856198273599 ], [ 1078032.541581087512895, 1743852.721856198273599 ] ] } },
{ "type": "Feature", "properties": { "road_id": 109, "shade_9h": 0, "shade_12h": 0, "shade_15h": 0, "shade_18h": 0 }, "geometry": { "type": "LineString", "coordinates": [ [ 1078032.541581087512895, 1743852.721856198273599 ], [ 1079032.541581087512895, 1743852.721856198273599 ] ] } },
{ "type": "Feature", "properties": { "road_id": 110, "shade_9h": 0, "shade_12h": 0, "shade_15h": 0, "shade_18h": 0 }, "geometry": { "type": "LineString", "coordinates": [ [ 1078032.541581087512895, 1743852.721856198273599 ], [ 1078032.541581087512895, 1744852.721856198273599 ] ] } },
{ "type": "Feature", "properties": { "road_id": 111, "shade_9h": 0, "shade_12h": 0, "shade_15h": 0, "shade_18h": 16 }, "geometry": { "type": "LineString", "coordinates": [ [ 1078032.541581087512895, 1744852.721856198273599 ], [ 1079032.541581087512895, 1744852.721856198273599 ] ] } },
{ "type": "Feature", "properties": { "road_id": 112, "shade_9h": 0, "shade_12h": 0, "shade_15h": 0, "shade_18h": 0 }, "geometry": { "type": "LineString", "coordinates": [ [ 1078032.541581087512895, 1744852.721856198273599 ], [ 1078032.541581087512895, 1745852.721856198273599 ] ] } },
{ "type": "Feature", "properties": { "road_id": 113, "shade_9h": 0, "shade_12h": 0, "shade_15h": 0, "shade_18h": 0 }, "geometry": { "type": "LineString", "coordinates": [ [ 1078032.541581087512895, 1745852.721856198273599 ], [ 1079032.541581087512895, 1745852.721856198273599 ] ] } },
{ "type": "Feature", "properties": { "road_id": 114, "shade_9h": 0, "shade_12h": 0, "shade_15h": 0, "shade_18h": 0 }, "geometry": { "type": "LineString", "coordinates": [ [ 1078032.541581087512895, 1745852.721856198273599 ], [ 1078032.541581087512895, 1746852.721856198273599 ] ] } },
{ "type": "Feature", "properties": { "road_id": 115, "shade_9h": 0, "shade_12h": 0, "shade_15h": 0, "shade_18h": 0 }, "geometry": { "type": "LineString", "coordinates": [ [ 1078032.541581087512895, 1746852.721856198273599 ], [ 1079032.541581087512895, 1746852.721856198273599 ] ] } },
{ "type": "Feature", "properties": { "road_id": 116, "shade_9h": 0, "shade_12h": 0, "shade_15h": 0, "shade_18h": 0 }, "geometry": { "type": "LineString", "coordinates": [ [ 1078032.541581087512895, 1746852.721856198273599 ], [ 1078032.541581087512895, 1747852.721856198273599 ] ] } },
{ "type": "Feature", "properties": { "road_id": 117, "shade_9h": 0, "shade_12h": 0, "shade_15h": 0, "shade_18h": 0 }, "geometry": { "type": "LineString", "coordinates": [ [ 1078032.541581087512895, 1747852.721856198273599 ], [ 1079032.541581087512895, 1747852.721856198273599 ] ] } },
{ "type": "Feature", "properties": { "road_id": 118, "shade_9h": 0, "shade_12h": 0, "shade_15h": 0, "shade_18h": 0 }, "geometry": { "type": "LineString", "coordinates": [ [ 1078032.541581087512895, 1747852.721856198273599 ], [ 1078032.541581087512895, 1748852.721856198273599 ] ] } },
{ "type": "Feature", "properties": { "road_id": 119, "shade_9h": 0, "shade_12h": 0, "shade_15h": 0, "shade_18h": 0 }, "geometry": { "type": "LineString", "coordinates": [ [ 1078032.541581087512895, 1748852.721856198273599 ], [ 1079032.541581087512895, 1748852.721856198273599 ] ] } },
{ "type": "Feature", "properties": { "road_id": 120, "shade_9h": 0, "shade_12h": 0, "shade_15h": 0, "shade_18h": 0 }, "geometry": { "type": "LineString", "coordinates": [ [ 1078032.541581087512895, 1748852.721856198273599 ], [ 1078032.541581087512895, 1749852.721856198273599 ] ] } },
{ "type": "Feature", "properties": { "road_id": 121, "shade_9h": 1, "shade_12h": 1, "shade_15h": 1, "shade_18h": 1 }, "geometry": { "type": "LineString", "coordinates": [ [ 1078032.541581087512895, 1749852.721856198273599 ], [ 1079032.541581087512895, 1749852.721856198273599 ] ] } },
{ "type": "Feature", "properties": { "road_id": 122, "shade_9h": 0, "shade_12h": 0, "shade_15h": 0, "shade_18h": 0 }, "geometry": { "type": "LineString", "coordinates": [ [ 1078032.541581087512895, 1749852.721856198273599 ], [ 1078032.541581087512895, 1750852.721856198273599 ] ] } },
{ "type": "Feature", "properties": { "road_id": 123, "shade_9h": 4, "shade_12h": 2, "shade_15h": 3, "shade_18h": 16 }, "geometry": { "type": "LineString", "coordinates": [ [ 1078032.541581087512895, 1750852.721856198273599 ], [ 1079032.541581087512895, 1750852.721856198273599 ] ] } },
{ "type": "Feature", "properties": { "road_id": 124, "shade_9h": 0, "shade_12h": 0, "shade_15h": 0, "shade_18h": 0 }, "geometry": { "type": "LineString", "coordinates": [ [ 1078032.541581087512895, 1750852.721856198273599 ], [ 1078032.541581087512895, 1751852.721856198273599 ] ] } },
{ "type": "Feature", "properties": { "road_id": 125, "shade_9h": 0, "shade_12h": 0, "shade_15h": 0, "shade_18h": 0 }, "geometry": { "type": "LineString", "coordinates": [ [ 1078032.541581087512895, 1751852.721856198273599 ], [ 1079032.541581087512895, 1751852.721856198273599 ] ] } },
{ "type": "Feature", "properties": { "road_id": 126, "shade_9h": 0, "shade_12h": 0, "shade_15h": 0, "shade_18h": 0 }, "geometry": { "type": "LineString", "coordinates": [ [ 1078032.541581087512895, 1751852.721856198273599 ], [ 1078032.541581087512895, 1752852.721856198273599 ] ] } },
{ "type": "Feature", "properties": { "road_id": 127, "shade_9h": 8, "shade_12h": 0, "shade_15h": 7, "shade_18h": 49 }, "geometry": { "type": "LineString", "coordinates": [ [ 1078032.541581087512895, 1752852.721856198273599 ], [ 1079032.541581087512895, 1752852.721856198273599 ] ] } },
{ "type": "Feature", "properties": { "road_id": 128, "shade_9h": 0, "shade_12h": 0, "shade_15h": 0, "shade_18h": 0 }, "geometry": { "type": "LineString", "coordinates": [ [ 1078032.541581087512895, 1752852.721856198273599 ], [ 1078032.541581087512895, 1753852.721856198273599 ] ] } },
{ "type": "Feature", "properties": { "road_id": 129, "shade_9h": 0, "shade_12h": 0, "shade_15h": 0, "shade_18h": 0 }, "geometry": { "type": "LineString", "coordinates": [ [ 1078032.541581087512895, 1753852.721856198273599 ], [ 1079032.541581087512895, 1753852.721856198273599 ] ] } },
{ "type": "Feature", "properties": { "road_id": 130, "shade_9h": 0, "shade_12h": 0, "shade_15h": 0, "shade_18h": 0 }, "geometry": { "type": "LineString", "coordinates": [ [ 1078032.541581087512895, 1753852.721856198273599 ], [ 1078032.541581087512895, 1754852.721856198273599 ] ] } },
{ "type": "Feature", "properties": { "road_id": 131, "shade_9h": 3, "shade_12h": 0, "shade_15h": 3, "shade_18h": 24 }, "geometry": { "type": "LineString", "coordinates": [ [ 1078032.541581087512895, 1754852.721856198273599 ], [ 1079032.541581087512895, 1754852.721856198273599 ] ] } },
{ "type": "Feature", "properties": { "road_id": 132, "shade_9h": 0, "shade_12h": 0, "shade_15h": 0, "shade_18h": 0 }, "geometry": { "type": "LineString", "coordinates": [ [ 1078032.541581087512895, 1754852.721856198273599 ], [ 1078032.541581087512895, 1755852.721856198273599 ] ] } },
{ "type": "Feature", "properties": { "road_id": 133, "shade_9h": 7, "shade_12h": 4, "shade_15h": 7, "shade_18h": 32 }, "geometry": { "type": "LineString", "coordinates": [ [ 1078032.541581087512895, 1755852.721856198273599 ], [ 1079032.541581087512895, 1755852.721856198273599 ] ] } },
{ "type": "Feature", "properties": { "road_id": 134, "shade_9h": 0, "shade_12h": 0, "shade_15h": 0, "shade_18h": 0 }, "geometry": { "type": "LineString", "coordinates": [ [ 1078032.541581087512895, 1755852.721856198273599 ], [ 1078032.541581087512895, 1756852.721856198273599 ] ] } },
{ "type": "Feature", "properties": { "road_id": 135, "shade_9h": 0, "shade_12h": 0, "shade_15h": 0, "shade_18h": 0 }, "geometry": { "type": "LineString", "coordinates": [ [ 1078032.541581087512895, 1756852.721856198273599 ], [ 1079032.541581087512895, 1756852.721856198273599 ] ] } },
{ "type": "Feature", "properties": { "road_id": 136, "shade_9h": 0, "shade_12h": 0, "shade_15h": 0, "shade_18h": 0 }, "geometry": { "type": "LineString", "coordinates": [ [ 1078032.541581087512895, 1756852.721856198273599 ], [ 1078032.541581087512895, 1757852.721856198273599 ] ] } },
{ "type": "Feature", "properties": { "road_id": 137, "shade_9h": 0, "shade_12h": 0, "shade_15h": 0, "shade_18h": 0 }, "geometry": { "type": "LineString", "coordinates": [ [ 1078032.541581087512895, 1757852.721856198273599 ], [ 1079032.541581087512895, 1757852.721856198273599 ] ] } },
{ "type": "Feature", "properties": { "road_id": 138, "shade_9h": 0, "shade_12h": 0, "shade_15h": 0, "shade_18h": 0 }, "geometry": { "type": "LineString", "coordinates": [ [ 1078032.541581087512895, 1757852.721856198273599 ], [ 1078032.541581087512895, 1758852.721856198273599 ] ] } },
{ "type": "Feature", "properties": { "road_id": 139, "shade_9h": 0, "shade_12h": 0, "shade_15h": 0, "shade_18h": 0 }, "geometry": { "type": "LineString", "coordinates": [ [ 1078032.541581087512895, 1758852.721856198273599 ], [ 1079032.541581087512895, 1758852.721856198273599 ] ] } },
{ "type": "Feature", "properties": { "road_id": 140, "shade_9h": 0, "shade_12h": 0, "shade_15h": 0, "shade_18h": 0 }, "geometry": { "type": "LineString", "coordinates": [ [ 1078032.541581087512895, 1758852.721856198273599 ], [ 1078032.541581087512895, 1759852.721856198273599 ] ] } },
{ "type": "Feature", "properties": { "road_id": 141, "shade_9h": 0, "shade_12h": 0, "shade_15h": 0, "shade_18h": 0 }, "geometry": { "type": "LineString", "coordinates": [ [ 1078032.541581087512895, 1759852.721856198273599 ], [ 1079032.541581087512895, 1759852.721856198273599 ] ] } },
{ "type": "Feature", "properties": { "road_id": 142, "shade_9h": 0, "shade_12h": 0, "shade_15h": 0, "shade_18h": 0 }, "geometry": { "type": "LineString", "coordinates": [ [ 1078032.541581087512895, 1759852.721856198273599 ], [ 1078032.541581087512895, 1760852.721856198273599 ] ] } },
{ "type": "Feature", "properties": { "road_id": 143, "shade_9h": 0, "shade_12h": 0, "shade_15h": 0, "shade_18h": 0 }, "geometry": { "type": "LineString", "coordinates": [ [ 1078032.541581087512895, 1760852.721856198273599 ], [ 1079032.541581087512895, 1760852.721856198273599 ] ] } },
{ "type": "Feature", "properties": { "road_id": 144, "shade_9h": 0, "shade_12h": 0, "shade_15h": 0, "shade_18h": 0 }, "geometry": { "type": "LineString", "coordinates": [ [ 1078032.541581087512895, 1760852.721856198273599 ], [ 1078032.541581087512895, 1761852.721856198273599 ] ] } },
{ "type": "Feature", "properties": { "road_id": 145, "shade_9h": 0, "shade_12h": 0, "shade_15h": 0, "shade_18h": 0 }, "geometry": { "type": "LineString", "coordinates": [ [ 1078032.541581087512895, 1761852.721856198273599 ], [ 1079032.541581087512895, 1761852.721856198273599 ] ] } },
{ "type": "Feature", "properties": { "road_id": 146, "shade_9h": 0, "shade_12h": 0, "shade_15h": 0, "shade_18h": 0 }, "geometry": { "type": "LineString", "coordinates": [ [ 1078032.541581087512895, 1761852.721856198273599 ], [ 1078032.541581087512895, 1762852.721856198273599 ] ] } },
{ "type": "Feature", "properties": { "road_id": 147, "shade_9h": 0, "shade_12h": 0, "shade_15h": 0, "shade_18h": 16 }, "geometry": { "type": "LineString", "coordinates": [ [ 1078032.541581087512895, 1762852.721856198273599 ], [ 1079032.541581087512895, 1762852.721856198273599 ] ] } },
{ "type": "Feature", "properties": { "road_id": 148, "shade_9h": 0, "shade_12h": 0, "shade_15h": 0, "shade_18h": 0 }, "geometry": { "type": "LineString", "coordinates": [ [ 1078032.541581087512895, 1762852.721856198273599 ], [ 1078032.541581087512895, 1763852.721856198273599 ] ] } },
{ "type": "Feature", "properties": { "road_id": 149, "shade_9h": 0, "shade_12h": 0, "shade_15h": 0, "shade_18h": 0 }, "geometry": { "type": "LineString", "coordinates": [ [ 1078032.541581087512895, 1763852.721856198273599 ], [ 1079032.541581087512895, 1763852.721856198273599 ] ] } },
{ "type": "Feature", "properties": { "road_id": 150, "shade_9h": 0, "shade_12h": 0, "shade_15h": 0, "shade_18h": 0 }, "geometry": { "type": "LineString", "coordinates": [ [ 1078032.541581087512895, 1763852.721856198273599 ], [ 1078032.541581087512895, 1764852.721856198273599 ] ] } },
{ "type": "Feature", "properties": { "road_id": 151, "shade_9h": 1, "shade_12h": 1, "shade_15h": 1, "shade_18h": 1 }, "geometry": { "type": "LineString", "coordinates": [ [ 1078032.541581087512895, 1764852.721856198273599 ], [ 1079032.541581087512895, 1764852.721856198273599 ] ] } },
{ "type": "Feature", "properties": { "road_id": 152, "shade_9h": 0, "shade_12h": 0, "shade_15h": 0, "shade_18h": 0 }, "geometry": { "type": "LineString", "coordinates": [ [ 1078032.541581087512895, 1764852.721856198273599 ], [ 1078032.541581087512895, 1765852.721856198273599 ] ] } },
{ "type": "Feature", "properties": { "road_id": 153, "shade_9h": 0, "shade_12h": 0, "shade_15h": 0, "shade_18h": 0 }, "geometry": { "type": "LineString", "coordinates": [ [ 1078032.541581087512895, 1765852.721856198273599 ], [ 1079032.541581087512895, 1765852.721856198273599 ] ] } },
{ "type": "Feature", "properties": { "road_id": 154, "shade_9h": 0, "shade_12h": 0, "shade_15h": 0, "shade_18h": 0 }, "geometry": { "type": "LineString", "coordinates": [ [ 1078032.541581087512895, 1765852.721856198273599 ], [ 1078032.541581087512895, 1766852.721856198273599 ] ] } },
{ "type": "Feature", "properties": { "road_id": 155, "shade_9h": 0, "shade_12h": 0, "shade_15h": 0, "shade_18h": 0 }, "geometry": { "type": "LineString", "coordinates": [ [ 1078032.541581087512895, 1766852.721856198273599 ], [ 1079032.541581087512895, 1766852.721856198273599 ] ] } },
{ "type": "Feature", "properties": { "road_id": 156, "shade_9h": 0, "shade_12h": 0, "shade_15h": 0, "shade_18h": 0 }, "geometry": { "type": "LineString", "coordinates": [ [ 1078032.541581087512895, 1766852.721856198273599 ], [ 1078032.541581087512895, 1767852.721856198273599 ] ] } },
{ "type": "Feature", "properties": { "road_id": 157, "shade_9h": 0, "shade_12h": 0, "shade_15h": 0, "shade_18h": 0 }, "geometry": { "type": "LineString", "coordinates": [ [ 1078032.541581087512895, 1767852.721856198273599 ], [ 1079032.541581087512895, 1767852.721856198273599 ] ] } },
{ "type": "Feature", "properties": { "road_id": 158, "shade_9h": 0, "shade_12h": 0, "shade_15h": 0, "shade_18h": 0 }, "geometry": { "type": "LineString", "coordinates": [ [ 1078032.541581087512895, 1767852.721856198273599 ], [ 1078032.541581087512895, 1768852.721856198273599 ] ] } },
{ "type": "Feature", "properties": { "road_id": 159, "shade_9h": 0, "shade_12h": 0, "shade_15h": 0, "shade_18h": 0 }, "geometry": { "type": "LineString", "coordinates": [ [ 1078032.541581087512895, 1768852.721856198273599 ], [ 1079032.541581087512895, 1768852.721856198273599 ] ] } },
{ "type": "Feature", "properties": { "road_id": 160, "shade_9h": 1, "shade_12h": 1, "shade_15h": 1, "shade_18h": 1 }, "geometry": { "type": "LineString", "coordinates": [ [ 1078032.541581087512895, 1768852.721856198273599 ], [ 1078032.541581087512895, 1769852.721856198273599 ] ] } },
{ "type": "Feature", "properties": { "road_id": 161, "shade_9h": 0, "shade_12h": 0, "shade_15h": 0, "shade_18h": 5 }, "geometry": { "type": "LineString", "coordinates": [ [ 1078032.541581087512895, 1769852.721856198273599 ], [ 1079032.541581087512895, 1769852.721856198273599 ] ] } },
{ "type": "Feature", "properties": { "road_id": 162, "shade_9h": 0, "shade_12h": 0, "shade_15h": 0, "shade_18h": 0 }, "geometry": { "type": "LineString", "coordinates": [ [ 1078032.541581087512895, 1769852.721856198273599 ], [ 1078032.541581087512895, 1770852.721856198273599 ] ] } },
{ "type": "Feature", "properties": { "road_id": 163, "shade_9h": 0, "shade_12h": 0, "shade_15h": 0, "shade_18h": 28 }, "geometry": { "type": "LineString", "coordinates": [ [ 1078032.541581087512895, 1770852.721856198273599 ], [ 1079032.541581087512895, 1770852.721856198273599 ] ] } },
{ "type": "Feature", "properties": { "road_id": 164, "shade_9h": 0, "shade_12h": 0, "shade_15h": 0, "shade_18h": 0 }, "geometry": { "type": "LineString", "coordinates": [ [ 1078032.541581087512895, 1770852.721856198273599 ], [ 1078032.541581087512895, 1771852.721856198273599 ] ] } },
{ "type": "Feature", "properties": { "road_id": 165, "shade_9h": 0, "shade_12h": 0, "shade_15h": 0, "shade_18h": 0 }, "geometry": { "type": "LineString", "coordinates": [ [ 1078032.541581087512895, 1771852.721856198273599 ], [ 1079032.541581087512895, 1771852.721856198273599 ] ] } },
{ "type": "Feature", "properties": { "road_id": 166, "shade_9h": 0, "shade_12h": 0, "shade_15h": 0, "shade_18h": 0 }, "geometry": { "type": "LineString", "coordinates": [ [ 1078032.541581087512895, 1771852.721856198273599 ], [ 1078032.541581087512895, 1772852.721856198273599 ] ] } },
{ "type": "Feature", "properties": { "road_id": 167, "shade_9h": 0, "shade_12h": 0, "shade_15h": 0, "shade_18h": 0 }, "geometry": { "type": "LineString", "coordinates": [ [ 1078032.541581087512895, 1772852.721856198273599 ], [ 1079032.541581087512895, 1772852.721856198273599 ] ] } },
{ "type": "Feature", "properties": { "road_id": 168, "shade_9h": 0, "shade_12h": 0, "shade_15h": 0, "shade_18h": 0 }, "geometry": { "type": "LineString", "coordinates": [ [ 1078032.541581087512895, 1772852.721856198273599 ], [ 1078032.541581087512895, 1773852.721856198273599 ] ] } },
{ "type": "Feature", "properties": { "road_id": 169, "shade_9h": 0, "shade_12h": 0, "shade_15h": 0, "shade_18h": 0 }, "geometry": { "type": "LineString", "coordinates": [ [ 1078032.541581087512895, 1773852.721856198273599 ], [ 1079032.541581087512895, 1773852.721856198273599 ] ] } },
{ "type": "Feature", "properties": { "road_id": 170, "shade_9h": 0, "shade_12h": 0, "shade_15h": 0, "shade_18h": 0 }, "geometry": { "type": "LineString", "coordinates": [ [ 1078032.541581087512895, 1773852.721856198273599 ], [ 1078032.541581087512895, 1774852.721856198273599 ] ] } },
{ "type": "Feature", "properties": { "road_id": 171, "shade_9h": 0, "shade_12h": 0, "shade_15h": 0, "shade_18h": 0 }, "geometry": { "type": "LineString", "coordinates": [ [ 1078032.541581087512895, 1774852.721856198273599 ], [ 1079032.541581087512895, 1774852.721856198273599 ] ] } },
{ "type": "Feature", "properties": { "road_id": 172, "shade_9h": 0, "shade_12h": 0, "shade_15h": 0, "shade_18h": 0 }, "geometry": { "type": "LineString", "coordinates": [ [ 1078032.541581087512895, 1774852.721856198273599 ], [ 1078032.541581087512895, 1775852.721856198273599 ] ] } },
{ "type": "Feature", "properties": { "road_id": 173, "shade_9h": 0, "shade_12h": 0, "shade_15h": 0, "shade_18h": 0 }, "geometry": { "type": "LineString", "coordinates": [ [ 1078032.541581087512895, 1775852.721856198273599 ], [ 1079032.541581087512895, 1775852.721856198273599 ] ] } },
{ "type": "Feature", "properties": { "road_id": 174, "shade_9h": 0, "shade_12h": 0, "shade_15h": 0, "shade_18h": 0 }, "geometry": { "type": "LineString", "coordinates": [ [ 1078032.541581087512895, 1775852.721856198273599 ], [ 1078032.541581087512895, 1776852.721856198273599 ] ] } },
{ "type": "Feature", "properties": { "road_id": 175, "shade_9h": 0, "shade_12h": 0, "shade_15h": 0, "shade_18h": 0 }, "geometry": { "type": "LineString", "coordinates": [ [ 1078032.541581087512895, 1776852.721856198273599 ], [ 1079032.541581087512895, 1776852.721856198273599 ] ] } },
{ "type": "Feature", "properties": { "road_id": 176, "shade_9h": 0, "shade_12h": 0, "shade_15h": 0, "shade_18h": 0 }, "geometry": { "type": "LineString", "coordinates": [ [ 1078032.541581087512895, 1776852.721856198273599 ], [ 1078032.541581087512895, 1777852.721856198273599 ] ] } },
{ "type": "Feature", "properties": { "road_id": 177, "shade_9h": 0, "shade_12h": 0, "shade_15h": 0, "shade_18h": 0 }, "geometry": { "type": "LineString", "coordinates": [ [ 1078032.541581087512895, 1777852.721856198273599 ], [ 1079032.541581087512895, 1777852.721856198273599 ] ] } },
{ "type": "Feature", "properties": { "road_id": 178, "shade_9h": 0, "shade_12h": 0, "shade_15h": 0, "shade_18h": 0 }, "geometry": { "type": "LineString", "coordinates": [ [ 1078032.541581087512895, 1777852.721856198273599 ], [ 1078032.541581087512895, 1778852.721856198273599 ] ] } },
{ "type": "Feature", "properties": { "road_id": 179, "shade_9h": 0, "shade_12h": 0, "shade_15h": 0, "shade_18h": 0 }, "geometry": { "type": "LineString", "coordinates": [ [ 1078032.541581087512895, 1778852.721856198273599 ], [ 1079032.541581087512895, 1778852.721856198273599 ] ] } },
{ "type": "Feature", "properties": { "road_id": 180, "shade_9h": 0, "shade_12h": 0, "shade_15h": 0, "shade_18h": 0 }, "geometry": { "type": "LineString", "coordinates": [ [ 1078032.541581087512895, 1778852.721856198273599 ], [ 1078032.541581087512895, 1779852.721856198273599 ] ] } },
{ "type": "Feature", "properties": { "road_id": 181, "shade_9h": 0, "shade_12h": 0, "shade_15h": 0, "shade_18h": 0 }, "geometry": { "type": "LineString", "coordinates": [ [ 1078032.541581087512895, 1779852.721856198273599 ], [ 1079032.541581087512895, 1779852.721856198273599 ] ] } },
{ "type": "Feature", "properties": { "road_id": 182, "shade_9h": 9, "shade_12h": 4, "shade_15h": 9, "shade_18h": 40 }, "geometry": { "type": "LineString", "coordinates": [ [ 1079032.541581087512895, 1734852.721856198273599 ], [ 1080032.541581087512895, 1734852.721856198273599 ] ] } },
{ "type": "Feature", "properties": { "road_id": 183, "shade_9h": 0, "shade_12h": 0, "shade_15h": 0, "shade_18h": 0 }, "geometry": { "type": "LineString", "coordinates": [ [ 1079032.541581087512895, 1734852.721856198273599 ], [ 1079032.541581087512895, 1735852.721856198273599 ] ] } },
{ "type": "Feature", "properties": { "road_id": 184, "shade_9h": 0, "shade_12h": 0, "shade_15h": 0, "shade_18h": 0 }, "geometry": { "type": "LineString", "coordinates": [ [ 1079032.541581087512895, 1735852.721856198273599 ], [ 1080032.541581087512895, 1735852.721856198273599 ] ] } },
{ "type": "Feature", "properties": { "road_id": 185, "shade_9h": 0, "shade_12h": 0, "shade_15h": 0, "shade_18h": 0 }, "geometry": { "type": "LineString", "coordinates": [ [ 1079032.541581087512895, 1735852.721856198273599 ], [ 1079032.541581087512895, 1736852.721856198273599 ] ] } },
{ "type": "Feature", "properties": { "road_id": 186, "shade_9h": 1, "shade_12h": 0, "shade_15h": 1, "shade_18h": 7 }, "geometry": { "type": "LineString", "coordinates": [ [ 1079032.541581087512895, 1736852.721856198273599 ], [ 1080032.541581087512895, 1736852.721856198273599 ] ] } },
{ "type": "Feature", "properties": { "road_id": 187, "shade_9h": 0, "shade_12h": 0, "shade_15h": 0, "shade_18h": 0 }, "geometry": { "type": "LineString", "coordinates": [ [ 1079032.541581087512895, 1736852.721856198273599 ], [ 1079032.541581087512895, 1737852.721856198273599 ] ] } },
{ "type": "Feature", "properties": { "road_id": 188, "shade_9h": 0, "shade_12h": 0, "shade_15h": 0, "shade_18h": 0 }, "geometry": { "type": "LineString", "coordinates": [ [ 1079032.541581087512895, 1737852.721856198273599 ], [ 1080032.541581087512895, 1737852.721856198273599 ] ] } },
{ "type": "Feature", "properties": { "road_id": 189, "shade_9h": 0, "shade_12h": 0, "shade_15h": 0, "shade_18h": 0 }, "geometry": { "type": "LineString", "coordinates": [ [ 1079032.541581087512895, 1737852.721856198273599 ], [ 1079032.541581087512895, 1738852.721856198273599 ] ] } },
{ "type": "Feature", "properties": { "road_id": 190, "shade_9h": 0, "shade_12h": 0, "shade_15h": 0, "shade_18h": 2 }, "geometry": { "type": "LineString", "coordinates": [ [ 1079032.541581087512895, 1738852.721856198273599 ], [ 1080032.541581087512895, 1738852.721856198273599 ] ] } },
{ "type": "Feature", "properties": { "road_id": 191, "shade_9h": 0, "shade_12h": 0, "shade_15h": 0, "shade_18h": 0 }, "geometry": { "type": "LineString", "coordinates": [ [ 1079032.541581087512895, 1738852.721856198273599 ], [ 1079032.541581087512895, 1739852.721856198273599 ] ] } },
{ "type": "Feature", "properties": { "road_id": 192, "shade_9h": 5, "shade_12h": 3, "shade_15h": 5, "shade_18h": 17 }, "geometry": { "type": "LineString", "coordinates": [ [ 1079032.541581087512895, 1739852.721856198273599 ], [ 1080032.541581087512895, 1739852.721856198273599 ] ] } },
{ "type": "Feature", "properties": { "road_id": 193, "shade_9h": 0, "shade_12h": 0, "shade_15h": 0, "shade_18h": 0 }, "geometry": { "type": "LineString", "coordinates": [ [ 1079032.541581087512895, 1739852.721856198273599 ], [ 1079032.541581087512895, 1740852.721856198273599 ] ] } },
{ "type": "Feature", "properties": { "road_id": 194, "shade_9h": 0, "shade_12h": 0, "shade_15h": 0, "shade_18h": 0 }, "geometry": { "type": "LineString", "coordinates": [ [ 1079032.541581087512895, 1740852.721856198273599 ], [ 1080032.541581087512895, 1740852.721856198273599 ] ] } },
{ "type": "Feature", "properties": { "road_id": 195, "shade_9h": 0, "shade_12h": 0, "shade_15h": 0, "shade_18h": 0 }, "geometry": { "type": "LineString", "coordinates": [ [ 1079032.541581087512895, 1740852.721856198273599 ], [ 1079032.541581087512895, 1741852.721856198273599 ] ] } },
{ "type": "Feature", "properties": { "road_id": 196, "shade_9h": 0, "shade_12h": 0, "shade_15h": 0, "shade_18h": 12 }, "geometry": { "type": "LineString", "coordinates": [ [ 1079032.541581087512895, 1741852.721856198273599 ], [ 1080032.541581087512895, 1741852.721856198273599 ] ] } },
{ "type": "Feature", "properties": { "road_id": 197, "shade_9h": 0, "shade_12h": 0, "shade_15h": 0, "shade_18h": 0 }, "geometry": { "type": "LineString", "coordinates": [ [ 1079032.541581087512895, 1741852.721856198273599 ], [ 1079032.541581087512895, 1742852.721856198273599 ] ] } },
{ "type": "Feature", "properties": { "road_id": 198, "shade_9h": 0, "shade_12h": 0, "shade_15h": 0, "shade_18h": 0 }, "geometry": { "type": "LineString", "coordinates": [ [ 1079032.541581087512895, 1742852.721856198273599 ], [ 1080032.541581087512895, 1742852.721856198273599 ] ] } },
{ "type": "Feature", "properties": { "road_id": 199, "shade_9h": 0, "shade_12h": 0, "shade_15h": 0, "shade_18h": 0 }, "geometry": { "type": "LineString", "coordinates": [ [ 1079032.541581087512895, 1742852.721856198273599 ], [ 1079032.541581087512895, 1743852.721856198273599 ] ] } },
{ "type": "Feature", "properties": { "road_id": 200, "shade_9h": 0, "shade_12h": 0, "shade_15h": 0, "shade_18h": 0 }, "geometry": { "type": "LineString", "coordinates": [ [ 1079032.541581087512895, 1743852.721856198273599 ], [ 1080032.541581087512895, 1743852.721856198273599 ] ] } },
{ "type": "Feature", "properties": { "road_id": 201, "shade_9h": 6, "shade_12h": 2, "shade_15h": 6, "shade_18h": 22 }, "geometry": { "type": "LineString", "coordinates": [ [ 1079032.541581087512895, 1743852.721856198273599 ], [ 1079032.541581087512895, 1744852.721856198273599 ] ] } },
{ "type": "Feature", "properties": { "road_id": 202, "shade_9h": 0, "shade_12h": 0, "shade_15h": 0, "shade_18h": 12 }, "geometry": { "type": "LineString", "coordinates": [ [ 1079032.541581087512895, 1744852.721856198273599 ], [ 1080032.541581087512895, 1744852.721856198273599 ] ] } },
{ "type": "Feature", "properties": { "road_id": 203, "shade_9h": 0, "shade_12h": 0, "shade_15h": 0, "shade_18h": 8 }, "geometry": { "type": "LineString", "coordinates": [ [ 1079032.541581087512895, 1744852.721856198273599 ], [ 1079032.541581087512895, 1745852.721856198273599 ] ] } },
{ "type": "Feature", "properties": { "road_id": 204, "shade_9h": 0, "shade_12h": 0, "shade_15h": 0, "shade_18h": 0 }, "geometry": { "type": "LineString", "coordinates": [ [ 1079032.541581087512895, 1745852.721856198273599 ], [ 1080032.541581087512895, 1745852.721856198273599 ] ] } },
{ "type": "Feature", "properties": { "road_id": 205, "shade_9h": 0, "shade_12h": 0, "shade_15h": 0, "shade_18h": 0 }, "geometry": { "type": "LineString", "coordinates": [ [ 1079032.541581087512895, 1745852.721856198273599 ], [ 1079032.541581087512895, 1746852.721856198273599 ] ] } },
{ "type": "Feature", "properties": { "road_id": 206, "shade_9h": 0, "shade_12h": 0, "shade_15h": 0, "shade_18h": 0 }, "geometry": { "type": "LineString", "coordinates": [ [ 1079032.541581087512895, 1746852.721856198273599 ], [ 1080032.541581087512895, 1746852.721856198273599 ] ] } },
{ "type": "Feature", "properties": { "road_id": 207, "shade_9h": 0, "shade_12h": 0, "shade_15h": 0, "shade_18h": 0 }, "geometry": { "type": "LineString", "coordinates": [ [ 1079032.541581087512895, 1746852.721856198273599 ], [ 1079032.541581087512895, 1747852.721856198273599 ] ] } },
{ "type": "Feature", "properties": { "road_id": 208, "shade_9h": 0, "shade_12h": 0, "shade_15h": 0, "shade_18h": 0 }, "geometry": { "type": "LineString", "coordinates": [ [ 1079032.541581087512895, 1747852.721856198273599 ], [ 1080032.541581087512895, 1747852.721856198273599 ] ] } },
{ "type": "Feature", "properties": { "road_id": 209, "shade_9h": 0, "shade_12h": 0, "shade_15h": 0, "shade_18h": 0 }, "geometry": { "type": "LineString", "coordinates": [ [ 1079032.541581087512895, 1747852.721856198273599 ], [ 1079032.541581087512895, 1748852.721856198273599 ] ] } },
{ "type": "Feature", "properties": { "road_id": 210, "shade_9h": 0, "shade_12h": 0, "shade_15h": 0, "shade_18h": 0 }, "geometry": { "type": "LineString", "coordinates": [ [ 1079032.541581087512895, 1748852.721856198273599 ], [ 1080032.541581087512895, 1748852.721856198273599 ] ] } },
{ "type": "Feature", "properties": { "road_id": 211, "shade_9h": 0, "shade_12h": 0, "shade_15h": 0, "shade_18h": 0 }, "geometry": { "type": "LineString", "coordinates": [ [ 1079032.541581087512895, 1748852.721856198273599 ], [ 1079032.541581087512895, 1749852.721856198273599 ] ] } },
{ "type": "Feature", "properties": { "road_id": 212, "shade_9h": 0, "shade_12h": 0, "shade_15h": 0, "shade_18h": 0 }, "geometry": { "type": "LineString", "coordinates": [ [ 1079032.541581087512895, 1749852.721856198273599 ], [ 1080032.541581087512895, 1749852.721856198273599 ] ] } },
{ "type": "Feature", "properties": { "road_id": 213, "shade_9h": 0, "shade_12h": 0, "shade_15h": 0, "shade_18h": 0 }, "geometry": { "type": "LineString", "coordinates": [ [ 1079032.541581087512895, 1749852.721856198273599 ], [ 1079032.541581087512895, 1750852.721856198273599 ] ] } },
{ "type": "Feature", "properties": { "road_id": 214, "shade_9h": 0, "shade_12h": 0, "shade_15h": 0, "shade_18h": 0 }, "geometry": { "type": "LineString", "coordinates": [ [ 1079032.541581087512895, 1750852.721856198273599 ], [ 1080032.541581087512895, 1750852.721856198273599 ] ] } },
{ "type": "Feature", "properties": { "road_id": 215, "shade_9h": 0, "shade_12h": 0, "shade_15h": 0, "shade_18h": 0 }, "geometry": { "type": "LineString", "coordinates": [ [ 1079032.541581087512895, 1750852.721856198273599 ], [ 1079032.541581087512895, 1751852.721856198273599 ] ] } },
{ "type": "Feature", "properties": { "road_id": 216, "shade_9h": 0, "shade_12h": 0, "shade_15h": 0, "shade_18h": 27 }, "geometry": { "type": "LineString", "coordinates": [ [ 1079032.541581087512895, 1751852.721856198273599 ], [ 1080032.541581087512895, 1751852.721856198273599 ] ] } },
{ "type": "Feature", "properties": { "road_id": 217, "shade_9h": 0, "shade_12h": 0, "shade_15h": 0, "shade_18h": 0 }, "geometry": { "type": "LineString", "coordinates": [ [ 1079032.541581087512895, 1751852.721856198273599 ], [ 1079032.541581087512895, 1752852.721856198273599 ] ] } },
{ "type": "Feature", "properties": { "road_id": 218, "shade_9h": 0, "shade_12h": 0, "shade_15h": 0, "shade_18h": 0 }, "geometry": { "type": "LineString", "coordinates": [ [ 1079032.541581087512895, 1752852.721856198273599 ], [ 1080032.541581087512895, 1752852.721856198273599 ] ] } },
{ "type": "Feature", "properties": { "road_id": 219, "shade_9h": 0, "shade_12h": 0, "shade_15h": 0, "shade_18h": 0 }, "geometry": { "type": "LineString", "coordinates": [ [ 1079032.541581087512895, 1752852.721856198273599 ], [ 1079032.541581087512895, 1753852.721856198273599 ] ] } },
{ "type": "Feature", "properties": { "road_id": 220, "shade_9h": 0, "shade_12h": 0, "shade_15h": 0, "shade_18h": 0 }, "geometry": { "type": "LineString", "coordinates": [ [ 1079032.541581087512895, 1753852.721856198273599 ], [ 1080032.541581087512895, 1753852.721856198273599 ] ] } },
{ "type": "Feature", "properties": { "road_id": 221, "shade_9h": 0, "shade_12h": 0, "shade_15h": 0, "shade_18h": 0 }, "geometry": { "type": "LineString", "coordinates": [ [ 1079032.541581087512895, 1753852.721856198273599 ], [ 1079032.541581087512895, 1754852.721856198273599 ] ] } },
{ "type": "Feature", "properties": { "road_id": 222, "shade_9h": 0, "shade_12h": 0, "shade_15h": 0, "shade_18h": 15 }, "geometry": { "type": "LineString", "coordinates": [ [ 1079032.541581087512895, 1754852.721856198273599 ], [ 1080032.541581087512895, 1754852.721856198273599 ] ] } },
{ "type": "Feature", "properties": { "road_id": 223, "shade_9h": 0, "shade_12h": 0, "shade_15h": 0, "shade_18h": 0 }, "geometry": { "type": "LineString", "coordinates": [ [ 1079032.541581087512895, 1754852.721856198273599 ], [ 1079032.541581087512895, 1755852.721856198273599 ] ] } },
{ "type": "Feature", "properties": { "road_id": 224, "shade_9h": 1, "shade_12h": 1, "shade_15h": 1, "shade_18h": 1 }, "geometry": { "type": "LineString", "coordinates": [ [ 1079032.541581087512895, 1755852.721856198273599 ], [ 1080032.541581087512895, 1755852.721856198273599 ] ] } },
{ "type": "Feature", "properties": { "road_id": 225, "shade_9h": 0, "shade_12h": 0, "shade_15h": 0, "shade_18h": 0 }, "geometry": { "type": "LineString", "coordinates": [ [ 1079032.541581087512895, 1755852.721856198273599 ], [ 1079032.541581087512895, 1756852.721856198273599 ] ] } },
{ "type": "Feature", "properties": { "road_id": 226, "shade_9h": 0, "shade_12h": 0, "shade_15h": 0, "shade_18h": 0 }, "geometry": { "type": "LineString", "coordinates": [ [ 1079032.541581087512895, 1756852.721856198273599 ], [ 1080032.541581087512895, 1756852.721856198273599 ] ] } },
{ "type": "Feature", "properties": { "road_id": 227, "shade_9h": 0, "shade_12h": 0, "shade_15h": 0, "shade_18h": 0 }, "geometry": { "type": "LineString", "coordinates": [ [ 1079032.541581087512895, 1756852.721856198273599 ], [ 1079032.541581087512895, 1757852.721856198273599 ] ] } },
{ "type": "Feature", "properties": { "road_id": 228, "shade_9h": 0, "shade_12h": 0, "shade_15h": 0, "shade_18h": 2 }, "geometry": { "type": "LineString", "coordinates": [ [ 1079032.541581087512895, 1757852.721856198273599 ], [ 1080032.541581087512895, 1757852.721856198273599 ] ] } },
{ "type": "Feature", "properties": { "road_id": 229, "shade_9h": 0, "shade_12h": 0, "shade_15h": 0, "shade_18h": 0 }, "geometry": { "type": "LineString", "coordinates": [ [ 1079032.541581087512895, 1757852.721856198273599 ], [ 1079032.541581087512895, 1758852.721856198273599 ] ] } },
{ "type": "Feature", "properties": { "road_id": 230, "shade_9h": 0, "shade_12h": 0, "shade_15h": 0, "shade_18h": 0 }, "geometry": { "type": "LineString", "coordinates": [ [ 1079032.541581087512895, 1758852.721856198273599 ], [ 1080032.541581087512895, 1758852.721856198273599 ] ] } },
{ "type": "Feature", "properties": { "road_id": 231, "shade_9h": 1, "shade_12h": 1, "shade_15h": 1, "shade_18h": 1 }, "geometry": { "type": "LineString", "coordinates": [ [ 1079032.541581087512895, 1758852.721856198273599 ], [ 1079032.541581087512895, 1759852.721856198273599 ] ] } },
{ "type": "Feature", "properties": { "road_id": 232, "shade_9h": 0, "shade_12h": 0, "shade_15h": 0, "shade_18h": 0 }, "geometry": { "type": "LineString", "coordinates": [ [ 1079032.541581087512895, 1759852.721856198273599 ], [ 1080032.541581087512895, 1759852.721856198273599 ] ] } },
{ "type": "Feature", "properties": { "road_id": 233, "shade_9h": 0, "shade_12h": 0, "shade_15h": 0, "shade_18h": 0 }, "geometry": { "type": "LineString", "coordinates": [ [ 1079032.541581087512895, 1759852.721856198273599 ], [ 1079032.541581087512895, 1760852.721856198273599 ] ] } },
{ "type": "Feature", "properties": { "road_id": 234, "shade_9h": 10, "shade_12h": 5, "shade_15h": 9, "shade_18h": 50 }, "geometry": { "type": "LineString", "coordinates": [ [ 1079032.541581087512895, 1760852.721856198273599 ], [ 1080032.541581087512895, 1760852.721856198273599 ] ] } },
{ "type": "Feature", "properties": { "road_id": 235, "shade_9h": 0, "shade_12h": 0, "shade_15h": 0, "shade_18h": 0 }, "geometry": { "type": "LineString", "coordinates": [ [ 1079032.541581087512895, 1760852.721856198273599 ], [ 1079032.541581087512895, 1761852.721856198273599 ] ] } },
{ "type": "Feature", "properties": { "road_id": 236, "shade_9h": 0, "shade_12h": 0, "shade_15h": 0, "shade_18h": 0 }, "geometry": { "type": "LineString", "coordinates": [ [ 1079032.541581087512895, 1761852.721856198273599 ], [ 1080032.541581087512895, 1761852.721856198273599 ] ] } },
{ "type": "Feature", "properties": { "road_id": 237, "shade_9h": 0, "shade_12h": 0, "shade_15h": 0, "shade_18h": 23 }, "geometry": { "type": "LineString", "coordinates": [ [ 1079032.541581087512895, 1761852.721856198273599 ], [ 1079032.541581087512895, 1762852.721856198273599 ] ] } },
{ "type": "Feature", "properties": { "road_id": 238, "shade_9h": 9, "shade_12h": 4, "shade_15h": 9, "shade_18h": 34 }, "geometry": { "type": "LineString", "coordinates": [ [ 1079032.541581087512895, 1762852.721856198273599 ], [ 1080032.541581087512895, 1762852.721856198273599 ] ] } },
{ "type": "Feature", "properties": { "road_id": 239, "shade_9h": 0, "shade_12h": 0, "shade_15h": 0, "shade_18h": 25 }, "geometry": { "type": "LineString", "coordinates": [ [ 1079032.541581087512895, 1762852.721856198273599 ], [ 1079032.541581087512895, 1763852.721856198273599 ] ] } },
{ "type": "Feature", "properties": { "road_id": 240, "shade_9h": 0, "shade_12h": 0, "shade_15h": 0, "shade_18h": 0 }, "geometry": { "type": "LineString", "coordinates": [ [ 1079032.541581087512895, 1763852.721856198273599 ], [ 1080032.541581087512895, 1763852.721856198273599 ] ] } },
{ "type": "Feature", "properties": { "road_id": 241, "shade_9h": 0, "shade_12h": 0, "shade_15h": 0, "shade_18h": 0 }, "geometry": { "type": "LineString", "coordinates": [ [ 1079032.541581087512895, 1763852.721856198273599 ], [ 1079032.541581087512895, 1764852.721856198273599 ] ] } },
{ "type": "Feature", "properties": { "road_id": 242, "shade_9h": 0, "shade_12h": 0, "shade_15h": 0, "shade_18h": 0 }, "geometry": { "type": "LineString", "coordinates": [ [ 1079032.541581087512895, 1764852.721856198273599 ], [ 1080032.541581087512895, 1764852.721856198273599 ] ] } },
{ "type": "Feature", "properties": { "road_id": 243, "shade_9h": 0, "shade_12h": 0, "shade_15h": 0, "shade_18h": 0 }, "geometry": { "type": "LineString", "coordinates": [ [ 1079032.541581087512895, 1764852.721856198273599 ], [ 1079032.541581087512895, 1765852.721856198273599 ] ] } },
{ "type": "Feature", "properties": { "road_id": 244, "shade_9h": 0, "shade_12h": 0, "shade_15h": 0, "shade_18h": 2 }, "geometry": { "type": "LineString", "coordinates": [ [ 1079032.541581087512895, 1765852.721856198273599 ], [ 1080032.541581087512895, 1765852.721856198273599 ] ] } },
{ "type": "Feature", "properties": { "road_id": 245, "shade_9h": 0, "shade_12h": 0, "shade_15h": 0, "shade_18h": 0 }, "geometry": { "type": "LineString", "coordinates": [ [ 1079032.541581087512895, 1765852.721856198273599 ], [ 1079032.541581087512895, 1766852.721856198273599 ] ] } },
{ "type": "Feature", "properties": { "road_id": 246, "shade_9h": 0, "shade_12h": 0, "shade_15h": 0, "shade_18h": 0 }, "geometry": { "type": "LineString", "coordinates": [ [ 1079032.541581087512895, 1766852.721856198273599 ], [ 1080032.541581087512895, 1766852.721856198273599 ] ] } },
{ "type": "Feature", "properties": { "road_id": 247, "shade_9h": 0, "shade_12h": 0, "shade_15h": 0, "shade_18h": 0 }, "geometry": { "type": "LineString", "coordinates": [ [ 1079032.541581087512895, 1766852.721856198273599 ], [ 1079032.541581087512895, 1767852.721856198273599 ] ] } },
{ "type": "Feature", "properties": { "road_id": 248, "shade_9h": 0, "shade_12h": 0, "shade_15h": 0, "shade_18h": 0 }, "geometry": { "type": "LineString", "coordinates": [ [ 1079032.541581087512895, 1767852.721856198273599 ], [ 1080032.541581087512895, 1767852.721856198273599 ] ] } },
{ "type": "Feature", "properties": { "road_id": 249, "shade_9h": 0, "shade_12h": 0, "shade_15h": 0, "shade_18h": 0 }, "geometry": { "type": "LineString", "coordinates": [ [ 1079032.541581087512895, 1767852.721856198273599 ], [ 1079032.541581087512895, 1768852.721856198273599 ] ] } },
{ "type": "Feature", "properties": { "road_id": 250, "shade_9h": 1, "shade_12h": 1, "shade_15h": 1, "shade_18h": 3 }, "geometry": { "type": "LineString", "coordinates": [ [ 1079032.541581087512895, 1768852.721856198273599 ], [ 1080032.541581087512895, 1768852.721856198273599 ] ] } },
{ "type": "Feature", "properties": { "road_id": 251, "shade_9h": 0, "shade_12h": 0, "shade_15h": 0, "shade_18h": 9 }, "geometry": { "type": "LineString", "coordinates": [ [ 1079032.541581087512895, 1768852.721856198273599 ], [ 1079032.541581087512895, 1769852.721856198273599 ] ] } },
{ "type": "Feature", "properties": { "road_id": 252, "shade_9h": 4, "shade_12h": 2, "shade_15h": 4, "shade_18h": 15 }, "geometry": { "type": "LineString", "coordinates": [ [ 1079032.541581087512895, 1769852.721856198273599 ], [ 1080032.541581087512895, 1769852.721856198273599 ] ] } },
{ "type": "Feature", "properties": { "road_id": 253, "shade_9h": 0, "shade_12h": 0, "shade_15h": 0, "shade_18h": 9 }, "geometry": { "type": "LineString", "coordinates": [ [ 1079032.541581087512895, 1769852.721856198273599 ], [ 1079032.541581087512895, 1770852.721856198273599 ] ] } },
{ "type": "Feature", "properties": { "road_id": 254, "shade_9h": 0, "shade_12h": 0, "shade_15h": 0, "shade_18h": 0 }, "geometry": { "type": "LineString", "coordinates": [ [ 1079032.541581087512895, 1770852.721856198273599 ], [ 1080032.541581087512895, 1770852.721856198273599 ] ] } },
{ "type": "Feature", "properties": { "road_id": 255, "shade_9h": 0, "shade_12h": 0, "shade_15h": 0, "shade_18h": 10 }, "geometry": { "type": "LineString", "coordinates": [ [ 1079032.541581087512895, 1770852.721856198273599 ], [ 1079032.541581087512895, 1771852.721856198273599 ] ] } },
{ "type": "Feature", "properties": { "road_id": 256, "shade_9h": 5, "shade_12h": 3, "shade_15h": 5, "shade_18h": 21 }, "geometry": { "type": "LineString", "coordinates": [ [ 1079032.541581087512895, 1771852.721856198273599 ], [ 1080032.541581087512895, 1771852.721856198273599 ] ] } },
{ "type": "Feature", "properties": { "road_id": 257, "shade_9h": 0, "shade_12h": 0, "shade_15h": 0, "shade_18h": 0 }, "geometry": { "type": "LineString", "coordinates": [ [ 1079032.541581087512895, 1771852.721856198273599 ], [ 1079032.541581087512895, 1772852.721856198273599 ] ] } },
{ "type": "Feature", "properties": { "road_id": 258, "shade_9h": 1, "shade_12h": 1, "shade_15h": 1, "shade_18h": 1 }, "geometry": { "type": "LineString", "coordinates": [ [ 1079032.541581087512895, 1772852.721856198273599 ], [ 1080032.541581087512895, 1772852.721856198273599 ] ] } },
{ "type": "Feature", "properties": { "road_id": 259, "shade_9h": 0, "shade_12h": 0, "shade_15h": 0, "shade_18h": 0 }, "geometry": { "type": "LineString", "coordinates": [ [ 1079032.541581087512895, 1772852.721856198273599 ], [ 1079032.541581087512895, 1773852.721856198273599 ] ] } },
{ "type": "Feature", "properties": { "road_id": 260, "shade_9h": 0, "shade_12h": 0, "shade_15h": 0, "shade_18h": 0 }, "geometry": { "type": "LineString", "coordinates": [ [ 1079032.541581087512895, 1773852.721856198273599 ], [ 1080032.541581087512895, 1773852.721856198273599 ] ] } },
{ "type": "Feature", "properties": { "road_id": 261, "shade_9h": 0, "shade_12h": 0, "shade_15h": 0, "shade_18h": 0 }, "geometry": { "type": "LineString", "coordinates": [ [ 1079032.541581087512895, 1773852.721856198273599 ], [ 1079032.541581087512895, 1774852.721856198273599 ] ] } },
{ "type": "Feature", "properties": { "road_id": 262, "shade_9h": 9, "shade_12h": 4, "shade_15h": 9, "shade_18h": 51 }, "geometry": { "type": "LineString", "coordinates": [ [ 1079032.541581087512895, 1774852.721856198273599 ], [ 1080032.541581087512895, 1774852.721856198273599 ] ] } },
{ "type": "Feature", "properties": { "road_id": 263, "shade_9h": 0, "shade_12h": 0, "shade_15h": 0, "shade_18h": 0 }, "geometry": { "type": "LineString", "coordinates": [ [ 1079032.541581087512895, 1774852.721856198273599 ], [ 1079032.541581087512895, 1775852.721856198273599 ] ] } },
{ "type": "Feature", "properties": { "road_id": 264, "shade_9h": 0, "shade_12h": 0, "shade_15h": 0, "shade_18h": 8 }, "geometry": { "type": "LineString", "coordinates": [ [ 1079032.541581087512895, 1775852.721856198273599 ], [ 1080032.541581087512895, 1775852.721856198273599 ] ] } },
{ "type": "Feature", "properties": { "road_id": 265, "shade_9h": 0, "shade_12h": 0, "shade_15h": 0, "shade_18h": 0 }, "geometry": { "type": "LineString", "coordinates": [ [ 1079032.541581087512895, 1775852.721856198273599 ], [ 1079032.541581087512895, 1776852.721856198273599 ] ] } },
{ "type": "Feature", "properties": { "road_id": 266, "shade_9h": 1, "shade_12h": 1, "shade_15h": 1, "shade_18h": 1 }, "geometry": { "type": "LineString", "coordinates": [ [ 1079032.541581087512895, 1776852.721856198273599 ], [ 1080032.541581087512895, 1776852.721856198273599 ] ] } },
{ "type": "Feature", "properties": { "road_id": 267, "shade_9h": 0, "shade_12h": 0, "shade_15h": 0, "shade_18h": 0 }, "geometry": { "type": "LineString", "coordinates": [ [ 1079032.541581087512895, 1776852.721856198273599 ], [ 1079032.541581087512895, 1777852.721856198273599 ] ] } },
{ "type": "Feature", "properties": { "road_id": 268, "shade_9h": 1, "shade_12h": 1, "shade_15h": 1, "shade_18h": 1 }, "geometry": { "type": "LineString", "coordinates": [ [ 1079032.541581087512895, 1777852.721856198273599 ], [ 1080032.541581087512895, 1777852.721856198273599 ] ] } },
{ "type": "Feature", "properties": { "road_id": 269, "shade_9h": 5, "shade_12h": 0, "shade_15h": 4, "shade_18h": 20 }, "geometry": { "type": "LineString", "coordinates": [ [ 1079032.541581087512895, 1777852.721856198273599 ], [ 1079032.541581087512895, 1778852.721856198273599 ] ] } },
{ "type": "Feature", "properties": { "road_id": 270, "shade_9h": 0, "shade_12h": 0, "shade_15h": 0, "shade_18h": 0 }, "geometry": { "type": "LineString", "coordinates": [ [ 1079032.541581087512895, 1778852.721856198273599 ], [ 1080032.541581087512895, 1778852.721856198273599 ] ] } },
{ "type": "Feature", "properties": { "road_id": 271, "shade_9h": 0, "shade_12h": 0, "shade_15h": 0, "shade_18h": 0 }, "geometry": { "type": "LineString", "coordinates": [ [ 1079032.541581087512895, 1778852.721856198273599 ], [ 1079032.541581087512895, 1779852.721856198273599 ] ] } },
{ "type": "Feature", "properties": { "road_id": 272, "shade_9h": 0, "shade_12h": 0, "shade_15h": 0, "shade_18h": 0 }, "geometry": { "type": "LineString", "coordinates": [ [ 1079032.541581087512895, 1779852.721856198273599 ], [ 1080032.541581087512895, 1779852.721856198273599 ] ] } },
{ "type": "Feature", "properties": { "road_id": 273, "shade_9h": 7, "shade_12h": 2, "shade_15h": 6, "shade_18h": 38 }, "geometry": { "type": "LineString", "coordinates": [ [ 1080032.541581087512895, 1734852.721856198273599 ], [ 1081032.541581087512895, 1734852.721856198273599 ] ] } },
{ "type": "Feature", "properties": { "road_id": 274, "shade_9h": 0, "shade_12h": 0, "shade_15h": 0, "shade_18h": 17 }, "geometry": { "type": "LineString", "coordinates": [ [ 1080032.541581087512895, 1734852.721856198273599 ], [ 1080032.541581087512895, 1735852.721856198273599 ] ] } },
{ "type": "Feature", "properties": { "road_id": 275, "shade_9h": 0, "shade_12h": 0, "shade_15h": 0, "shade_18h": 0 }, "geometry": { "type": "LineString", "coordinates": [ [ 1080032.541581087512895, 1735852.721856198273599 ], [ 1081032.541581087512895, 1735852.721856198273599 ] ] } },
{ "type": "Feature", "properties": { "road_id": 276, "shade_9h": 0, "shade_12h": 0, "shade_15h": 0, "shade_18h": 0 }, "geometry": { "type": "LineString", "coordinates": [ [ 1080032.541581087512895, 1735852.721856198273599 ], [ 1080032.541581087512895, 1736852.721856198273599 ] ] } },
{ "type": "Feature", "properties": { "road_id": 277, "shade_9h": 0, "shade_12h": 0, "shade_15h": 0, "shade_18h": 0 }, "geometry": { "type": "LineString", "coordinates": [ [ 1080032.541581087512895, 1736852.721856198273599 ], [ 1081032.541581087512895, 1736852.721856198273599 ] ] } },
{ "type": "Feature", "properties": { "road_id": 278, "shade_9h": 0, "shade_12h": 0, "shade_15h": 0, "shade_18h": 0 }, "geometry": { "type": "LineString", "coordinates": [ [ 1080032.541581087512895, 1736852.721856198273599 ], [ 1080032.541581087512895, 1737852.721856198273599 ] ] } },
{ "type": "Feature", "properties": { "road_id": 279, "shade_9h": 0, "shade_12h": 0, "shade_15h": 0, "shade_18h": 0 }, "geometry": { "type": "LineString", "coordinates": [ [ 1080032.541581087512895, 1737852.721856198273599 ], [ 1081032.541581087512895, 1737852.721856198273599 ] ] } },
{ "type": "Feature", "properties": { "road_id": 280, "shade_9h": 0, "shade_12h": 0, "shade_15h": 0, "shade_18h": 6 }, "geometry": { "type": "LineString", "coordinates": [ [ 1080032.541581087512895, 1737852.721856198273599 ], [ 1080032.541581087512895, 1738852.721856198273599 ] ] } },
{ "type": "Feature", "properties": { "road_id": 281, "shade_9h": 0, "shade_12h": 0, "shade_15h": 0, "shade_18h": 8 }, "geometry": { "type": "LineString", "coordinates": [ [ 1080032.541581087512895, 1738852.721856198273599 ], [ 1081032.541581087512895, 1738852.721856198273599 ] ] } },
{ "type": "Feature", "properties": { "road_id": 282, "shade_9h": 4, "shade_12h": 2, "shade_15h": 4, "shade_18h": 22 }, "geometry": { "type": "LineString", "coordinates": [ [ 1080032.541581087512895, 1738852.721856198273599 ], [ 1080032.541581087512895, 1739852.721856198273599 ] ] } },
{ "type": "Feature", "properties": { "road_id": 283, "shade_9h": 2, "shade_12h": 1, "shade_15h": 1, "shade_18h": 14 }, "geometry": { "type": "LineString", "coordinates": [ [ 1080032.541581087512895, 1739852.721856198273599 ], [ 1081032.541581087512895, 1739852.721856198273599 ] ] } },
{ "type": "Feature", "properties": { "road_id": 284, "shade_9h": 2, "shade_12h": 1, "shade_15h": 2, "shade_18h": 15 }, "geometry": { "type": "LineString", "coordinates": [ [ 1080032.541581087512895, 1739852.721856198273599 ], [ 1080032.541581087512895, 1740852.721856198273599 ] ] } },
{ "type": "Feature", "properties": { "road_id": 285, "shade_9h": 0, "shade_12h": 0, "shade_15h": 0, "shade_18h": 0 }, "geometry": { "type": "LineString", "coordinates": [ [ 1080032.541581087512895, 1740852.721856198273599 ], [ 1081032.541581087512895, 1740852.721856198273599 ] ] } },
{ "type": "Feature", "properties": { "road_id": 286, "shade_9h": 0, "shade_12h": 0, "shade_15h": 0, "shade_18h": 4 }, "geometry": { "type": "LineString", "coordinates": [ [ 1080032.541581087512895, 1740852.721856198273599 ], [ 1080032.541581087512895, 1741852.721856198273599 ] ] } },
{ "type": "Feature", "properties": { "road_id": 287, "shade_9h": 0, "shade_12h": 0, "shade_15h": 0, "shade_18h": 11 }, "geometry": { "type": "LineString", "coordinates": [ [ 1080032.541581087512895, 1741852.721856198273599 ], [ 1081032.541581087512895, 1741852.721856198273599 ] ] } },
{ "type": "Feature", "properties": { "road_id": 288, "shade_9h": 6, "shade_12h": 2, "shade_15h": 6, "shade_18h": 32 }, "geometry": { "type": "LineString", "coordinates": [ [ 1080032.541581087512895, 1741852.721856198273599 ], [ 1080032.541581087512895, 1742852.721856198273599 ] ] } },
{ "type": "Feature", "properties": { "road_id": 289, "shade_9h": 0, "shade_12h": 0, "shade_15h": 0, "shade_18h": 0 }, "geometry": { "type": "LineString", "coordinates": [ [ 1080032.541581087512895, 1742852.721856198273599 ], [ 1081032.541581087512895, 1742852.721856198273599 ] ] } },
{ "type": "Feature", "properties": { "road_id": 290, "shade_9h": 0, "shade_12h": 0, "shade_15h": 0, "shade_18h": 0 }, "geometry": { "type": "LineString", "coordinates": [ [ 1080032.541581087512895, 1742852.721856198273599 ], [ 1080032.541581087512895, 1743852.721856198273599 ] ] } },
{ "type": "Feature", "properties": { "road_id": 291, "shade_9h": 0, "shade_12h": 0, "shade_15h": 0, "shade_18h": 0 }, "geometry": { "type": "LineString", "coordinates": [ [ 1080032.541581087512895, 1743852.721856198273599 ], [ 1081032.541581087512895, 1743852.721856198273599 ] ] } },
{ "type": "Feature", "properties": { "road_id": 292, "shade_9h": 1, "shade_12h": 1, "shade_15h": 1, "shade_18h": 1 }, "geometry": { "type": "LineString", "coordinates": [ [ 1080032.541581087512895, 1743852.721856198273599 ], [ 1080032.541581087512895, 1744852.721856198273599 ] ] } },
{ "type": "Feature", "properties": { "road_id": 293, "shade_9h": 0, "shade_12h": 0, "shade_15h": 0, "shade_18h": 0 }, "geometry": { "type": "LineString", "coordinates": [ [ 1080032.541581087512895, 1744852.721856198273599 ], [ 1081032.541581087512895, 1744852.721856198273599 ] ] } },
{ "type": "Feature", "properties": { "road_id": 294, "shade_9h": 0, "shade_12h": 0, "shade_15h": 0, "shade_18h": 0 }, "geometry": { "type": "LineString", "coordinates": [ [ 1080032.541581087512895, 1744852.721856198273599 ], [ 1080032.541581087512895, 1745852.721856198273599 ] ] } },
{ "type": "Feature", "properties": { "road_id": 295, "shade_9h": 1, "shade_12h": 1, "shade_15h": 1, "shade_18h": 1 }, "geometry": { "type": "LineString", "coordinates": [ [ 1080032.541581087512895, 1745852.721856198273599 ], [ 1081032.541581087512895, 1745852.721856198273599 ] ] } },
{ "type": "Feature", "properties": { "road_id": 296, "shade_9h": 0, "shade_12h": 0, "shade_15h": 0, "shade_18h": 0 }, "geometry": { "type": "LineString", "coordinates": [ [ 1080032.541581087512895, 1745852.721856198273599 ], [ 1080032.541581087512895, 1746852.721856198273599 ] ] } },
{ "type": "Feature", "properties": { "road_id": 297, "shade_9h": 0, "shade_12h": 0, "shade_15h": 0, "shade_18h": 0 }, "geometry": { "type": "LineString", "coordinates": [ [ 1080032.541581087512895, 1746852.721856198273599 ], [ 1081032.541581087512895, 1746852.721856198273599 ] ] } },
{ "type": "Feature", "properties": { "road_id": 298, "shade_9h": 0, "shade_12h": 0, "shade_15h": 0, "shade_18h": 0 }, "geometry": { "type": "LineString", "coordinates": [ [ 1080032.541581087512895, 1746852.721856198273599 ], [ 1080032.541581087512895, 1747852.721856198273599 ] ] } },
{ "type": "Feature", "properties": { "road_id": 299, "shade_9h": 0, "shade_12h": 0, "shade_15h": 0, "shade_18h": 0 }, "geometry": { "type": "LineString", "coordinates": [ [ 1080032.541581087512895, 1747852.721856198273599 ], [ 1081032.541581087512895, 1747852.721856198273599 ] ] } },
{ "type": "Feature", "properties": { "road_id": 300, "shade_9h": 0, "shade_12h": 0, "shade_15h": 0, "shade_18h": 0 }, "geometry": { "type": "LineString", "coordinates": [ [ 1080032.541581087512895, 1747852.721856198273599 ], [ 1080032.541581087512895, 1748852.721856198273599 ] ] } },
{ "type": "Feature", "properties": { "road_id": 301, "shade_9h": 0, "shade_12h": 0, "shade_15h": 0, "shade_18h": 0 }, "geometry": { "type": "LineString", "coordinates": [ [ 1080032.541581087512895, 1748852.721856198273599 ], [ 1081032.541581087512895, 1748852.721856198273599 ] ] } },
{ "type": "Feature", "properties": { "road_id": 302, "shade_9h": 0, "shade_12h": 0, "shade_15h": 0, "shade_18h": 0 }, "geometry": { "type": "LineString", "coordinates": [ [ 1080032.541581087512895, 1748852.721856198273599 ], [ 1080032.541581087512895, 1749852.721856198273599 ] ] } },
{ "type": "Feature", "properties": { "road_id": 303, "shade_9h": 0, "shade_12h": 0, "shade_15h": 0, "shade_18h": 0 }, "geometry": { "type": "LineString", "coordinates": [ [ 1080032.541581087512895, 1749852.721856198273599 ], [ 1081032.541581087512895, 1749852.721856198273599 ] ] } },
{ "type": "Feature", "properties": { "road_id": 304, "shade_9h": 0, "shade_12h": 0, "shade_15h": 0, "shade_18h": 0 }, "geometry": { "type": "LineString", "coordinates": [ [ 1080032.541581087512895, 1749852.721856198273599 ], [ 1080032.541581087512895, 1750852.721856198273599 ] ] } },
{ "type": "Feature", "properties": { "road_id": 305, "shade_9h": 0, "shade_12h": 0, "shade_15h": 0, "shade_18h": 22 }, "geometry": { "type": "LineString", "coordinates": [ [ 1080032.541581087512895, 1750852.721856198273599 ], [ 1081032.541581087512895, 1750852.721856198273599 ] ] } },
{ "type": "Feature", "properties": { "road_id": 306, "shade_9h": 0, "shade_12h": 0, "shade_15h": 0, "shade_18h": 0 }, "geometry": { "type": "LineString", "coordinates": [ [ 1080032.541581087512895, 1750852.721856198273599 ], [ 1080032.541581087512895, 1751852.721856198273599 ] ] } },
{ "type": "Feature", "properties": { "road_id": 307, "shade_9h": 0, "shade_12h": 0, "shade_15h": 0, "shade_18h": 0 }, "geometry": { "type": "LineString", "coordinates": [ [ 1080032.541581087512895, 1751852.721856198273599 ], [ 1081032.541581087512895, 1751852.721856198273599 ] ] } },
{ "type": "Feature", "properties": { "road_id": 308, "shade_9h": 1, "shade_12h": 1, "shade_15h": 1, "shade_18h": 1 }, "geometry": { "type": "LineString", "coordinates": [ [ 1080032.541581087512895, 1751852.721856198273599 ], [ 1080032.541581087512895, 1752852.721856198273599 ] ] } },
{ "type": "Feature", "properties": { "road_id": 309, "shade_9h": 0, "shade_12h": 0, "shade_15h": 0, "shade_18h": 0 }, "geometry": { "type": "LineString", "coordinates": [ [ 1080032.541581087512895, 1752852.721856198273599 ], [ 1081032.541581087512895, 1752852.721856198273599 ] ] } },
{ "type": "Feature", "properties": { "road_id": 310, "shade_9h": 9, "shade_12h": 4, "shade_15h": 9, "shade_18h": 49 }, "geometry": { "type": "LineString", "coordinates": [ [ 1080032.541581087512895, 1752852.721856198273599 ], [ 1080032.541581087512895, 1753852.721856198273599 ] ] } },
{ "type": "Feature", "properties": { "road_id": 311, "shade_9h": 0, "shade_12h": 0, "shade_15h": 0, "shade_18h": 6 }, "geometry": { "type": "LineString", "coordinates": [ [ 1080032.541581087512895, 1753852.721856198273599 ], [ 1081032.541581087512895, 1753852.721856198273599 ] ] } },
{ "type": "Feature", "properties": { "road_id": 312, "shade_9h": 2, "shade_12h": 0, "shade_15h": 1, "shade_18h": 18 }, "geometry": { "type": "LineString", "coordinates": [ [ 1080032.541581087512895, 1753852.721856198273599 ], [ 1080032.541581087512895, 1754852.721856198273599 ] ] } },
{ "type": "Feature", "properties": { "road_id": 313, "shade_9h": 7, "shade_12h": 4, "shade_15h": 7, "shade_18h": 22 }, "geometry": { "type": "LineString", "coordinates": [ [ 1080032.541581087512895, 1754852.721856198273599 ], [ 1081032.541581087512895, 1754852.721856198273599 ] ] } },
{ "type": "Feature", "properties": { "road_id": 314, "shade_9h": 4, "shade_12h": 0, "shade_15h": 3, "shade_18h": 20 }, "geometry": { "type": "LineString", "coordinates": [ [ 1080032.541581087512895, 1754852.721856198273599 ], [ 1080032.541581087512895, 1755852.721856198273599 ] ] } },
{ "type": "Feature", "properties": { "road_id": 315, "shade_9h": 0, "shade_12h": 0, "shade_15h": 0, "shade_18h": 0 }, "geometry": { "type": "LineString", "coordinates": [ [ 1080032.541581087512895, 1755852.721856198273599 ], [ 1081032.541581087512895, 1755852.721856198273599 ] ] } },
{ "type": "Feature", "properties": { "road_id": 316, "shade_9h": 1, "shade_12h": 1, "shade_15h": 1, "shade_18h": 1 }, "geometry": { "type": "LineString", "coordinates": [ [ 1080032.541581087512895, 1755852.721856198273599 ], [ 1080032.541581087512895, 1756852.721856198273599 ] ] } },
{ "type": "Feature", "properties": { "road_id": 317, "shade_9h": 0, "shade_12h": 0, "shade_15h": 0, "shade_18h": 0 }, "geometry": { "type": "LineString", "coordinates": [ [ 1080032.541581087512895, 1756852.721856198273599 ], [ 1081032.541581087512895, 1756852.721856198273599 ] ] } },
{ "type": "Feature", "properties": { "road_id": 318, "shade_9h": 0, "shade_12h": 0, "shade_15h": 0, "shade_18h": 2 }, "geometry": { "type": "LineString", "coordinates": [ [ 1080032.541581087512895, 1756852.721856198273599 ], [ 1080032.541581087512895, 1757852.721856198273599 ] ] } },
{ "type": "Feature", "properties": { "road_id": 319, "shade_9h": 0, "shade_12h": 0, "shade_15h": 0, "shade_18h": 6 }, "geometry": { "type": "LineString", "coordinates": [ [ 1080032.541581087512895, 1757852.721856198273599 ], [ 1081032.541581087512895, 1757852.721856198273599 ] ] } },
{ "type": "Feature", "properties": { "road_id": 320, "shade_9h": 0, "shade_12h": 0, "shade_15h": 0, "shade_18h": 6 }, "geometry": { "type": "LineString", "coordinates": [ [ 1080032.541581087512895, 1757852.721856198273599 ], [ 1080032.541581087512895, 1758852.721856198273599 ] ] } },
{ "type": "Feature", "properties": { "road_id": 321, "shade_9h": 7, "shade_12h": 4, "shade_15h": 6, "shade_18h": 27 }, "geometry": { "type": "LineString", "coordinates": [ [ 1080032.541581087512895, 1758852.721856198273599 ], [ 1081032.541581087512895, 1758852.721856198273599 ] ] } },
{ "type": "Feature", "properties": { "road_id": 322, "shade_9h": 0, "shade_12h": 0, "shade_15h": 0, "shade_18h": 0 }, "geometry": { "type": "LineString", "coordinates": [ [ 1080032.541581087512895, 1758852.721856198273599 ], [ 1080032.541581087512895, 1759852.721856198273599 ] ] } },
{ "type": "Feature", "properties": { "road_id": 323, "shade_9h": 6, "shade_12h": 3, "shade_15h": 6, "shade_18h": 21 }, "geometry": { "type": "LineString", "coordinates": [ [ 1080032.541581087512895, 1759852.721856198273599 ], [ 1081032.541581087512895, 1759852.721856198273599 ] ] } },
{ "type": "Feature", "properties": { "road_id": 324, "shade_9h": 0, "shade_12h": 0, "shade_15h": 0, "shade_18h": 0 }, "geometry": { "type": "LineString", "coordinates": [ [ 1080032.541581087512895, 1759852.721856198273599 ], [ 1080032.541581087512895, 1760852.721856198273599 ] ] } },
{ "type": "Feature", "properties": { "road_id": 325, "shade_9h": 0, "shade_12h": 0, "shade_15h": 0, "shade_18h": 0 }, "geometry": { "type": "LineString", "coordinates": [ [ 1080032.541581087512895, 1760852.721856198273599 ], [ 1081032.541581087512895, 1760852.721856198273599 ] ] } },
{ "type": "Feature", "properties": { "road_id": 326, "shade_9h": 0, "shade_12h": 0, "shade_15h": 0, "shade_18h": 0 }, "geometry": { "type": "LineString", "coordinates": [ [ 1080032.541581087512895, 1760852.721856198273599 ], [ 1080032.541581087512895, 1761852.721856198273599 ] ] } },
{ "type": "Feature", "properties": { "road_id": 327, "shade_9h": 0, "shade_12h": 0, "shade_15h": 0, "shade_18h": 0 }, "geometry": { "type": "LineString", "coordinates": [ [ 1080032.541581087512895, 1761852.721856198273599 ], [ 1081032.541581087512895, 1761852.721856198273599 ] ] } },
{ "type": "Feature", "properties": { "road_id": 328, "shade_9h": 0, "shade_12h": 0, "shade_15h": 0, "shade_18h": 21 }, "geometry": { "type": "LineString", "coordinates": [ [ 1080032.541581087512895, 1761852.721856198273599 ], [ 1080032.541581087512895, 1762852.721856198273599 ] ] } },
{ "type": "Feature", "properties": { "road_id": 329, "shade_9h": 7, "shade_12h": 0, "shade_15h": 6, "shade_18h": 24 }, "geometry": { "type": "LineString", "coordinates": [ [ 1080032.541581087512895, 1762852.721856198273599 ], [ 1081032.541581087512895, 1762852.721856198273599 ] ] } },
{ "type": "Feature", "properties": { "road_id": 330, "shade_9h": 0, "shade_12h": 0, "shade_15h": 0, "shade_18h": 15 }, "geometry": { "type": "LineString", "coordinates": [ [ 1080032.541581087512895, 1762852.721856198273599 ], [ 1080032.541581087512895, 1763852.721856198273599 ] ] } },
{ "type": "Feature", "properties": { "road_id": 331, "shade_9h": 0, "shade_12h": 0, "shade_15h": 0, "shade_18h": 0 }, "geometry": { "type": "LineString", "coordinates": [ [ 1080032.541581087512895, 1763852.721856198273599 ], [ 1081032.541581087512895, 1763852.721856198273599 ] ] } },
{ "type": "Feature", "properties": { "road_id": 332, "shade_9h": 0, "shade_12h": 0, "shade_15h": 0, "shade_18h": 0 }, "geometry": { "type": "LineString", "coordinates": [ [ 1080032.541581087512895, 1763852.721856198273599 ], [ 1080032.541581087512895, 1764852.721856198273599 ] ] } },
{ "type": "Feature", "properties": { "road_id": 333, "shade_9h": 0, "shade_12h": 0, "shade_15h": 0, "shade_18h": 0 }, "geometry": { "type": "LineString", "coordinates": [ [ 1080032.541581087512895, 1764852.721856198273599 ], [ 1081032.541581087512895, 1764852.721856198273599 ] ] } },
{ "type": "Feature", "properties": { "road_id": 334, "shade_9h": 8, "shade_12h": 3, "shade_15h": 8, "shade_18h": 43 }, "geometry": { "type": "LineString", "coordinates": [ [ 1080032.541581087512895, 1764852.721856198273599 ], [ 1080032.541581087512895, 1765852.721856198273599 ] ] } },
{ "type": "Feature", "properties": { "road_id": 335, "shade_9h": 9, "shade_12h": 4, "shade_15h": 8, "shade_18h": 41 }, "geometry": { "type": "LineString", "coordinates": [ [ 1080032.541581087512895, 1765852.721856198273599 ], [ 1081032.541581087512895, 1765852.721856198273599 ] ] } },
{ "type": "Feature", "properties": { "road_id": 336, "shade_9h": 0, "shade_12h": 0, "shade_15h": 0, "shade_18h": 8 }, "geometry": { "type": "LineString", "coordinates": [ [ 1080032.541581087512895, 1765852.721856198273599 ], [ 1080032.541581087512895, 1766852.721856198273599 ] ] } },
{ "type": "Feature", "properties": { "road_id": 337, "shade_9h": 0, "shade_12h": 0, "shade_15h": 0, "shade_18h": 0 }, "geometry": { "type": "LineString", "coordinates": [ [ 1080032.541581087512895, 1766852.721856198273599 ], [ 1081032.541581087512895, 1766852.721856198273599 ] ] } },
{ "type": "Feature", "properties": { "road_id": 338, "shade_9h": 0, "shade_12h": 0, "shade_15h": 0, "shade_18h": 0 }, "geometry": { "type": "LineString", "coordinates": [ [ 1080032.541581087512895, 1766852.721856198273599 ], [ 1080032.541581087512895, 1767852.721856198273599 ] ] } },
{ "type": "Feature", "properties": { "road_id": 339, "shade_9h": 1, "shade_12h": 1, "shade_15h": 1, "shade_18h": 1 }, "geometry": { "type": "LineString", "coordinates": [ [ 1080032.541581087512895, 1767852.721856198273599 ], [ 1081032.541581087512895, 1767852.721856198273599 ] ] } },
{ "type": "Feature", "properties": { "road_id": 340, "shade_9h": 4, "shade_12h": 2, "shade_15h": 4, "shade_18h": 15 }, "geometry": { "type": "LineString", "coordinates": [ [ 1080032.541581087512895, 1767852.721856198273599 ], [ 1080032.541581087512895, 1768852.721856198273599 ] ] } },
{ "type": "Feature", "properties": { "road_id": 341, "shade_9h": 6, "shade_12h": 0, "shade_15h": 5, "shade_18h": 31 }, "geometry": { "type": "LineString", "coordinates": [ [ 1080032.541581087512895, 1768852.721856198273599 ], [ 1081032.541581087512895, 1768852.721856198273599 ] ] } },
{ "type": "Feature", "properties": { "road_id": 342, "shade_9h": 0, "shade_12h": 0, "shade_15h": 0, "shade_18h": 13 }, "geometry": { "type": "LineString", "coordinates": [ [ 1080032.541581087512895, 1768852.721856198273599 ], [ 1080032.541581087512895, 1769852.721856198273599 ] ] } },
{ "type": "Feature", "properties": { "road_id": 343, "shade_9h": 0, "shade_12h": 0, "shade_15h": 0, "shade_18h": 0 }, "geometry": { "type": "LineString", "coordinates": [ [ 1080032.541581087512895, 1769852.721856198273599 ], [ 1081032.541581087512895, 1769852.721856198273599 ] ] } },
{ "type": "Feature", "properties": { "road_id": 344, "shade_9h": 0, "shade_12h": 0, "shade_15h": 0, "shade_18h": 0 }, "geometry": { "type": "LineString", "coordinates": [ [ 1080032.541581087512895, 1769852.721856198273599 ], [ 1080032.541581087512895, 1770852.721856198273599 ] ] } },
{ "type": "Feature", "properties": { "road_id": 345, "shade_9h": 0, "shade_12h": 0, "shade_15h": 0, "shade_18h": 0 }, "geometry": { "type": "LineString", "coordinates": [ [ 1080032.541581087512895, 1770852.721856198273599 ], [ 1081032.541581087512895, 1770852.721856198273599 ] ] } },
{ "type": "Feature", "properties": { "road_id": 346, "shade_9h": 0, "shade_12h": 0, "shade_15h": 0, "shade_18h": 0 }, "geometry": { "type": "LineString", "coordinates": [ [ 1080032.541581087512895, 1770852.721856198273599 ], [ 1080032.541581087512895, 1771852.721856198273599 ] ] } },
{ "type": "Feature", "properties": { "road_id": 347, "shade_9h": 0, "shade_12h": 0, "shade_15h": 0, "shade_18h": 0 }, "geometry": { "type": "LineString", "coordinates": [ [ 1080032.541581087512895, 1771852.721856198273599 ], [ 1081032.541581087512895, 1771852.721856198273599 ] ] } },
{ "type": "Feature", "properties": { "road_id": 348, "shade_9h": 0, "shade_12h": 0, "shade_15h": 0, "shade_18h": 0 }, "geometry": { "type": "LineString", "coordinates": [ [ 1080032.541581087512895, 1771852.721856198273599 ], [ 1080032.541581087512895, 1772852.721856198273599 ] ] } },
{ "type": "Feature", "properties": { "road_id": 349, "shade_9h": 0, "shade_12h": 0, "shade_15h": 0, "shade_18h": 0 }, "geometry": { "type": "LineString", "coordinates": [ [ 1080032.541581087512895, 1772852.721856198273599 ], [ 1081032.541581087512895, 1772852.721856198273599 ] ] } },
{ "type": "Feature", "properties": { "road_id": 350, "shade_9h": 0, "shade_12h": 0, "shade_15h": 0, "shade_18h": 0 }, "geometry": { "type": "LineString", "coordinates": [ [ 1080032.541581087512895, 1772852.721856198273599 ], [ 1080032.541581087512895, 1773852.721856198273599 ] ] } },
{ "type": "Feature", "properties": { "road_id": 351, "shade_9h": 0, "shade_12h": 0, "shade_15h": 0, "shade_18h": 0 }, "geometry": { "type": "LineString", "coordinates": [ [ 1080032.541581087512895, 1773852.721856198273599 ], [ 1081032.541581087512895, 1773852.721856198273599 ] ] } },
{ "type": "Feature", "properties": { "road_id": 352, "shade_9h": 0, "shade_12h": 0, "shade_15h": 0, "shade_18h": 0 }, "geometry": { "type": "LineString", "coordinates": [ [ 1080032.541581087512895, 1773852.721856198273599 ], [ 1080032.541581087512895, 1774852.721856198273599 ] ] } },
{ "type": "Feature", "properties": { "road_id": 353, "shade_9h": 0, "shade_12h": 0, "shade_15h": 0, "shade_18h": 18 }, "geometry": { "type": "LineString", "coordinates": [ [ 1080032.541581087512895, 1774852.721856198273599 ], [ 1081032.541581087512895, 1774852.721856198273599 ] ] } },
{ "type": "Feature", "properties": { "road_id": 354, "shade_9h": 0, "shade_12h": 0, "shade_15h": 0, "shade_18h": 14 }, "geometry": { "type": "LineString", "coordinates": [ [ 1080032.541581087512895, 1774852.721856198273599 ], [ 1080032.541581087512895, 1775852.721856198273599 ] ] } },
{ "type": "Feature", "properties": { "road_id": 355, "shade_9h": 5, "shade_12h": 2, "shade_15h": 5, "shade_18h": 21 }, "geometry": { "type": "LineString", "coordinates": [ [ 1080032.541581087512895, 1775852.721856198273599 ], [ 1081032.541581087512895, 1775852.721856198273599 ] ] } },
{ "type": "Feature", "properties": { "road_id": 356, "shade_9h": 1, "shade_12h": 0, "shade_15h": 1, "shade_18h": 12 }, "geometry": { "type": "LineString", "coordinates": [ [ 1080032.541581087512895, 1775852.721856198273599 ], [ 1080032.541581087512895, 1776852.721856198273599 ] ] } },
{ "type": "Feature", "properties": { "road_id": 357, "shade_9h": 5, "shade_12h": 1, "shade_15h": 5, "shade_18h": 25 }, "geometry": { "type": "LineString", "coordinates": [ [ 1080032.541581087512895, 1776852.721856198273599 ], [ 1081032.541581087512895, 1776852.721856198273599 ] ] } },
{ "type": "Feature", "properties": { "road_id": 358, "shade_9h": 0, "shade_12h": 0, "shade_15h": 0, "shade_18h": 0 }, "geometry": { "type": "LineString", "coordinates": [ [ 1080032.541581087512895, 1776852.721856198273599 ], [ 1080032.541581087512895, 1777852.721856198273599 ] ] } },
{ "type": "Feature", "properties": { "road_id": 359, "shade_9h": 0, "shade_12h": 0, "shade_15h": 0, "shade_18h": 0 }, "geometry": { "type": "LineString", "coordinates": [ [ 1080032.541581087512895, 1777852.721856198273599 ], [ 1081032.541581087512895, 1777852.721856198273599 ] ] } },
{ "type": "Feature", "properties": { "road_id": 360, "shade_9h": 0, "shade_12h": 0, "shade_15h": 0, "shade_18h": 0 }, "geometry": { "type": "LineString", "coordinates": [ [ 1080032.541581087512895, 1777852.721856198273599 ], [ 1080032.541581087512895, 1778852.721856198273599 ] ] } },
{ "type": "Feature", "properties": { "road_id": 361, "shade_9h": 0, "shade_12h": 0, "shade_15h": 0, "shade_18h": 0 }, "geometry": { "type": "LineString", "coordinates": [ [ 1080032.541581087512895, 1778852.721856198273599 ], [ 1081032.541581087512895, 1778852.721856198273599 ] ] } },
{ "type": "Feature", "properties": { "road_id": 362, "shade_9h": 0, "shade_12h": 0, "shade_15h": 0, "shade_18h": 0 }, "geometry": { "type": "LineString", "coordinates": [ [ 1080032.541581087512895, 1778852.721856198273599 ], [ 1080032.541581087512895, 1779852.721856198273599 ] ] } },
{ "type": "Feature", "properties": { "road_id": 363, "shade_9h": 0, "shade_12h": 0, "shade_15h": 0, "shade_18h": 0 }, "geometry": { "type": "LineString", "coordinates": [ [ 1080032.541581087512895, 1779852.721856198273599 ], [ 1081032.541581087512895, 1779852.721856198273599 ] ] } },
{ "type": "Feature", "properties": { "road_id": 364, "shade_9h": 7, "shade_12h": 4, "shade_15h": 7, "shade_18h": 40 }, "geometry": { "type": "LineString", "coordinates": [ [ 1081032.541581087512895, 1734852.721856198273599 ], [ 1082032.541581087512895, 1734852.721856198273599 ] ] } },
{ "type": "Feature", "properties": { "road_id": 365, "shade_9h": 0, "shade_12h": 0, "shade_15h": 0, "shade_18h": 16 }, "geometry": { "type": "LineString", "coordinates": [ [ 1081032.541581087512895, 1734852.721856198273599 ], [ 1081032.541581087512895, 1735852.721856198273599 ] ] } },
{ "type": "Feature", "properties": { "road_id": 366, "shade_9h": 0, "shade_12h": 0, "shade_15h": 0, "shade_18h": 0 }, "geometry": { "type": "LineString", "coordinates": [ [ 1081032.541581087512895, 1735852.721856198273599 ], [ 1082032.541581087512895, 1735852.721856198273599 ] ] } },
{ "type": "Feature", "properties": { "road_id": 367, "shade_9h": 0, "shade_12h": 0, "shade_15h": 0, "shade_18h": 0 }, "geometry": { "type": "LineString", "coordinates": [ [ 1081032.541581087512895, 1735852.721856198273599 ], [ 1081032.541581087512895, 1736852.721856198273599 ] ] } },
{ "type": "Feature", "properties": { "road_id": 368, "shade_9h": 0, "shade_12h": 0, "shade_15h": 0, "shade_18h": 0 }, "geometry": { "type": "LineString", "coordinates": [ [ 1081032.541581087512895, 1736852.721856198273599 ], [ 1082032.541581087512895, 1736852.721856198273599 ] ] } },
{ "type": "Feature", "properties": { "road_id": 369, "shade_9h": 0, "shade_12h": 0, "shade_15h": 0, "shade_18h": 0 }, "geometry": { "type": "LineString", "coordinates": [ [ 1081032.541581087512895, 1736852.721856198273599 ], [ 1081032.541581087512895, 1737852.721856198273599 ] ] } },
{ "type": "Feature", "properties": { "road_id": 370, "shade_9h": 0, "shade_12h": 0, "shade_15h": 0, "shade_18h": 14 }, "geometry": { "type": "LineString", "coordinates": [ [ 1081032.541581087512895, 1737852.721856198273599 ], [ 1082032.541581087512895, 1737852.721856198273599 ] ] } },
{ "type": "Feature", "properties": { "road_id": 371, "shade_9h": 0, "shade_12h": 0, "shade_15h": 0, "shade_18h": 0 }, "geometry": { "type": "LineString", "coordinates": [ [ 1081032.541581087512895, 1737852.721856198273599 ], [ 1081032.541581087512895, 1738852.721856198273599 ] ] } },
{ "type": "Feature", "properties": { "road_id": 372, "shade_9h": 0, "shade_12h": 0, "shade_15h": 0, "shade_18h": 0 }, "geometry": { "type": "LineString", "coordinates": [ [ 1081032.541581087512895, 1738852.721856198273599 ], [ 1082032.541581087512895, 1738852.721856198273599 ] ] } },
{ "type": "Feature", "properties": { "road_id": 373, "shade_9h": 0, "shade_12h": 0, "shade_15h": 0, "shade_18h": 0 }, "geometry": { "type": "LineString", "coordinates": [ [ 1081032.541581087512895, 1738852.721856198273599 ], [ 1081032.541581087512895, 1739852.721856198273599 ] ] } },
{ "type": "Feature", "properties": { "road_id": 374, "shade_9h": 0, "shade_12h": 0, "shade_15h": 0, "shade_18h": 0 }, "geometry": { "type": "LineString", "coordinates": [ [ 1081032.541581087512895, 1739852.721856198273599 ], [ 1082032.541581087512895, 1739852.721856198273599 ] ] } },
{ "type": "Feature", "properties": { "road_id": 375, "shade_9h": 1, "shade_12h": 1, "shade_15h": 1, "shade_18h": 1 }, "geometry": { "type": "LineString", "coordinates": [ [ 1081032.541581087512895, 1739852.721856198273599 ], [ 1081032.541581087512895, 1740852.721856198273599 ] ] } },
{ "type": "Feature", "properties": { "road_id": 376, "shade_9h": 0, "shade_12h": 0, "shade_15h": 0, "shade_18h": 0 }, "geometry": { "type": "LineString", "coordinates": [ [ 1081032.541581087512895, 1740852.721856198273599 ], [ 1082032.541581087512895, 1740852.721856198273599 ] ] } },
{ "type": "Feature", "properties": { "road_id": 377, "shade_9h": 0, "shade_12h": 0, "shade_15h": 0, "shade_18h": 0 }, "geometry": { "type": "LineString", "coordinates": [ [ 1081032.541581087512895, 1740852.721856198273599 ], [ 1081032.541581087512895, 1741852.721856198273599 ] ] } },
{ "type": "Feature", "properties": { "road_id": 378, "shade_9h": 0, "shade_12h": 0, "shade_15h": 0, "shade_18h": 0 }, "geometry": { "type": "LineString", "coordinates": [ [ 1081032.541581087512895, 1741852.721856198273599 ], [ 1082032.541581087512895, 1741852.721856198273599 ] ] } },
{ "type": "Feature", "properties": { "road_id": 379, "shade_9h": 0, "shade_12h": 0, "shade_15h": 0, "shade_18h": 0 }, "geometry": { "type": "LineString", "coordinates": [ [ 1081032.541581087512895, 1741852.721856198273599 ], [ 1081032.541581087512895, 1742852.721856198273599 ] ] } },
{ "type": "Feature", "properties": { "road_id": 380, "shade_9h": 0, "shade_12h": 0, "shade_15h": 0, "shade_18h": 0 }, "geometry": { "type": "LineString", "coordinates": [ [ 1081032.541581087512895, 1742852.721856198273599 ], [ 1082032.541581087512895, 1742852.721856198273599 ] ] } },
{ "type": "Feature", "properties": { "road_id": 381, "shade_9h": 0, "shade_12h": 0, "shade_15h": 0, "shade_18h": 0 }, "geometry": { "type": "LineString", "coordinates": [ [ 1081032.541581087512895, 1742852.721856198273599 ], [ 1081032.541581087512895, 1743852.721856198273599 ] ] } },
{ "type": "Feature", "properties": { "road_id": 382, "shade_9h": 0, "shade_12h": 0, "shade_15h": 0, "shade_18h": 0 }, "geometry": { "type": "LineString", "coordinates": [ [ 1081032.541581087512895, 1743852.721856198273599 ], [ 1082032.541581087512895, 1743852.721856198273599 ] ] } },
{ "type": "Feature", "properties": { "road_id": 383, "shade_9h": 0, "shade_12h": 0, "shade_15h": 0, "shade_18h": 0 }, "geometry": { "type": "LineString", "coordinates": [ [ 1081032.541581087512895, 1743852.721856198273599 ], [ 1081032.541581087512895, 1744852.721856198273599 ] ] } },
{ "type": "Feature", "properties": { "road_id": 384, "shade_9h": 0, "shade_12h": 0, "shade_15h": 0, "shade_18h": 0 }, "geometry": { "type": "LineString", "coordinates": [ [ 1081032.541581087512895, 1744852.721856198273599 ], [ 1082032.541581087512895, 1744852.721856198273599 ] ] } },
{ "type": "Feature", "properties": { "road_id": 385, "shade_9h": 0, "shade_12h": 0, "shade_15h": 0, "shade_18h": 0 }, "geometry": { "type": "LineString", "coordinates": [ [ 1081032.541581087512895, 1744852.721856198273599 ], [ 1081032.541581087512895, 1745852.721856198273599 ] ] } },
{ "type": "Feature", "properties": { "road_id": 386, "shade_9h": 0, "shade_12h": 0, "shade_15h": 0, "shade_18h": 0 }, "geometry": { "type": "LineString", "coordinates": [ [ 1081032.541581087512895, 1745852.721856198273599 ], [ 1082032.541581087512895, 1745852.721856198273599 ] ] } },
{ "type": "Feature", "properties": { "road_id": 387, "shade_9h": 0, "shade_12h": 0, "shade_15h": 0, "shade_18h": 0 }, "geometry": { "type": "LineString", "coordinates": [ [ 1081032.541581087512895, 1745852.721856198273599 ], [ 1081032.541581087512895, 1746852.721856198273599 ] ] } },
{ "type": "Feature", "properties": { "road_id": 388, "shade_9h": 0, "shade_12h": 0, "shade_15h": 0, "shade_18h": 0 }, "geometry": { "type": "LineString", "coordinates": [ [ 1081032.541581087512895, 1746852.721856198273599 ], [ 1082032.541581087512895, 1746852.721856198273599 ] ] } },
{ "type": "Feature", "properties": { "road_id": 389, "shade_9h": 0, "shade_12h": 0, "shade_15h": 0, "shade_18h": 0 }, "geometry": { "type": "LineString", "coordinates": [ [ 1081032.541581087512895, 1746852.721856198273599 ], [ 1081032.541581087512895, 1747852.721856198273599 ] ] } },
{ "type": "Feature", "properties": { "road_id": 390, "shade_9h": 0, "shade_12h": 0, "shade_15h": 0, "shade_18h": 0 }, "geometry": { "type": "LineString", "coordinates": [ [ 1081032.541581087512895, 1747852.721856198273599 ], [ 1082032.541581087512895, 1747852.721856198273599 ] ] } },
{ "type": "Feature", "properties": { "road_id": 391, "shade_9h": 0, "shade_12h": 0, "shade_15h": 0, "shade_18h": 0 }, "geometry": { "type": "LineString", "coordinates": [ [ 1081032.541581087512895, 1747852.721856198273599 ], [ 1081032.541581087512895, 1748852.721856198273599 ] ] } },
{ "type": "Feature", "properties": { "road_id": 392, "shade_9h": 0, "shade_12h": 0, "shade_15h": 0, "shade_18h": 0 }, "geometry": { "type": "LineString", "coordinates": [ [ 1081032.541581087512895, 1748852.721856198273599 ], [ 1082032.541581087512895, 1748852.721856198273599 ] ] } },
{ "type": "Feature", "properties": { "road_id": 393, "shade_9h": 0, "shade_12h": 0, "shade_15h": 0, "shade_18h": 0 }, "geometry": { "type": "LineString", "coordinates": [ [ 1081032.541581087512895, 1748852.721856198273599 ], [ 1081032.541581087512895, 1749852.721856198273599 ] ] } },
{ "type": "Feature", "properties": { "road_id": 394, "shade_9h": 0, "shade_12h": 0, "shade_15h": 0, "shade_18h": 0 }, "geometry": { "type": "LineString", "coordinates": [ [ 1081032.541581087512895, 1749852.721856198273599 ], [ 1082032.541581087512895, 1749852.721856198273599 ] ] } },
{ "type": "Feature", "properties": { "road_id": 395, "shade_9h": 0, "shade_12h": 0, "shade_15h": 0, "shade_18h": 0 }, "geometry": { "type": "LineString", "coordinates": [ [ 1081032.541581087512895, 1749852.721856198273599 ], [ 1081032.541581087512895, 1750852.721856198273599 ] ] } },
{ "type": "Feature", "properties": { "road_id": 396, "shade_9h": 0, "shade_12h": 0, "shade_15h": 0, "shade_18h": 0 }, "geometry": { "type": "LineString", "coordinates": [ [ 1081032.541581087512895, 1750852.721856198273599 ], [ 1082032.541581087512895, 1750852.721856198273599 ] ] } },
{ "type": "Feature", "properties": { "road_id": 397, "shade_9h": 0, "shade_12h": 0, "shade_15h": 0, "shade_18h": 6 }, "geometry": { "type": "LineString", "coordinates": [ [ 1081032.541581087512895, 1750852.721856198273599 ], [ 1081032.541581087512895, 1751852.721856198273599 ] ] } },
{ "type": "Feature", "properties": { "road_id": 398, "shade_9h": 0, "shade_12h": 0, "shade_15h": 0, "shade_18h": 0 }, "geometry": { "type": "LineString", "coordinates": [ [ 1081032.541581087512895, 1751852.721856198273599 ], [ 1082032.541581087512895, 1751852.721856198273599 ] ] } },
{ "type": "Feature", "properties": { "road_id": 399, "shade_9h": 0, "shade_12h": 0, "shade_15h": 0, "shade_18h": 0 }, "geometry": { "type": "LineString", "coordinates": [ [ 1081032.541581087512895, 1751852.721856198273599 ], [ 1081032.541581087512895, 1752852.721856198273599 ] ] } },
{ "type": "Feature", "properties": { "road_id": 400, "shade_9h": 8, "shade_12h": 4, "shade_15h": 8, "shade_18h": 43 }, "geometry": { "type": "LineString", "coordinates": [ [ 1081032.541581087512895, 1752852.721856198273599 ], [ 1082032.541581087512895, 1752852.721856198273599 ] ] } },
{ "type": "Feature", "properties": { "road_id": 401, "shade_9h": 0, "shade_12h": 0, "shade_15h": 0, "shade_18h": 0 }, "geometry": { "type": "LineString", "coordinates": [ [ 1081032.541581087512895, 1752852.721856198273599 ], [ 1081032.541581087512895, 1753852.721856198273599 ] ] } },
{ "type": "Feature", "properties": { "road_id": 402, "shade_9h": 0, "shade_12h": 0, "shade_15h": 0, "shade_18h": 1 }, "geometry": { "type": "LineString", "coordinates": [ [ 1081032.541581087512895, 1753852.721856198273599 ], [ 1082032.541581087512895, 1753852.721856198273599 ] ] } },
{ "type": "Feature", "properties": { "road_id": 403, "shade_9h": 0, "shade_12h": 0, "shade_15h": 0, "shade_18h": 24 }, "geometry": { "type": "LineString", "coordinates": [ [ 1081032.541581087512895, 1753852.721856198273599 ], [ 1081032.541581087512895, 1754852.721856198273599 ] ] } },
{ "type": "Feature", "properties": { "road_id": 404, "shade_9h": 6, "shade_12h": 3, "shade_15h": 6, "shade_18h": 33 }, "geometry": { "type": "LineString", "coordinates": [ [ 1081032.541581087512895, 1754852.721856198273599 ], [ 1082032.541581087512895, 1754852.721856198273599 ] ] } },
{ "type": "Feature", "properties": { "road_id": 405, "shade_9h": 0, "shade_12h": 0, "shade_15h": 0, "shade_18h": 0 }, "geometry": { "type": "LineString", "coordinates": [ [ 1081032.541581087512895, 1754852.721856198273599 ], [ 1081032.541581087512895, 1755852.721856198273599 ] ] } },
{ "type": "Feature", "properties": { "road_id": 406, "shade_9h": 8, "shade_12h": 0, "shade_15h": 7, "shade_18h": 48 }, "geometry": { "type": "LineString", "coordinates": [ [ 1081032.541581087512895, 1755852.721856198273599 ], [ 1082032.541581087512895, 1755852.721856198273599 ] ] } },
{ "type": "Feature", "properties": { "road_id": 407, "shade_9h": 4, "shade_12h": 2, "shade_15h": 4, "shade_18h": 20 }, "geometry": { "type": "LineString", "coordinates": [ [ 1081032.541581087512895, 1755852.721856198273599 ], [ 1081032.541581087512895, 1756852.721856198273599 ] ] } },
{ "type": "Feature", "properties": { "road_id": 408, "shade_9h": 0, "shade_12h": 0, "shade_15h": 0, "shade_18h": 0 }, "geometry": { "type": "LineString", "coordinates": [ [ 1081032.541581087512895, 1756852.721856198273599 ], [ 1082032.541581087512895, 1756852.721856198273599 ] ] } },
{ "type": "Feature", "properties": { "road_id": 409, "shade_9h": 0, "shade_12h": 0, "shade_15h": 0, "shade_18h": 0 }, "geometry": { "type": "LineString", "coordinates": [ [ 1081032.541581087512895, 1756852.721856198273599 ], [ 1081032.541581087512895, 1757852.721856198273599 ] ] } },
{ "type": "Feature", "properties": { "road_id": 410, "shade_9h": 0, "shade_12h": 0, "shade_15h": 0, "shade_18h": 0 }, "geometry": { "type": "LineString", "coordinates": [ [ 1081032.541581087512895, 1757852.721856198273599 ], [ 1082032.541581087512895, 1757852.721856198273599 ] ] } },
{ "type": "Feature", "properties": { "road_id": 411, "shade_9h": 4, "shade_12h": 1, "shade_15h": 4, "shade_18h": 31 }, "geometry": { "type": "LineString", "coordinates": [ [ 1081032.541581087512895, 1757852.721856198273599 ], [ 1081032.541581087512895, 1758852.721856198273599 ] ] } },
{ "type": "Feature", "properties": { "road_id": 412, "shade_9h": 3, "shade_12h": 1, "shade_15h": 3, "shade_18h": 23 }, "geometry": { "type": "LineString", "coordinates": [ [ 1081032.541581087512895, 1758852.721856198273599 ], [ 1082032.541581087512895, 1758852.721856198273599 ] ] } },
{ "type": "Feature", "properties": { "road_id": 413, "shade_9h": 6, "shade_12h": 3, "shade_15h": 5, "shade_18h": 26 }, "geometry": { "type": "LineString", "coordinates": [ [ 1081032.541581087512895, 1758852.721856198273599 ], [ 1081032.541581087512895, 1759852.721856198273599 ] ] } },
{ "type": "Feature", "properties": { "road_id": 414, "shade_9h": 0, "shade_12h": 0, "shade_15h": 0, "shade_18h": 10 }, "geometry": { "type": "LineString", "coordinates": [ [ 1081032.541581087512895, 1759852.721856198273599 ], [ 1082032.541581087512895, 1759852.721856198273599 ] ] } },
{ "type": "Feature", "properties": { "road_id": 415, "shade_9h": 0, "shade_12h": 0, "shade_15h": 0, "shade_18h": 16 }, "geometry": { "type": "LineString", "coordinates": [ [ 1081032.541581087512895, 1759852.721856198273599 ], [ 1081032.541581087512895, 1760852.721856198273599 ] ] } },
{ "type": "Feature", "properties": { "road_id": 416, "shade_9h": 0, "shade_12h": 0, "shade_15h": 0, "shade_18h": 0 }, "geometry": { "type": "LineString", "coordinates": [ [ 1081032.541581087512895, 1760852.721856198273599 ], [ 1082032.541581087512895, 1760852.721856198273599 ] ] } },
{ "type": "Feature", "properties": { "road_id": 417, "shade_9h": 0, "shade_12h": 0, "shade_15h": 0, "shade_18h": 0 }, "geometry": { "type": "LineString", "coordinates": [ [ 1081032.541581087512895, 1760852.721856198273599 ], [ 1081032.541581087512895, 1761852.721856198273599 ] ] } },
{ "type": "Feature", "properties": { "road_id": 418, "shade_9h": 0, "shade_12h": 0, "shade_15h": 0, "shade_18h": 0 }, "geometry": { "type": "LineString", "coordinates": [ [ 1081032.541581087512895, 1761852.721856198273599 ], [ 1082032.541581087512895, 1761852.721856198273599 ] ] } },
{ "type": "Feature", "properties": { "road_id": 419, "shade_9h": 4, "shade_12h": 0, "shade_15h": 3, "shade_18h": 26 }, "geometry": { "type": "LineString", "coordinates": [ [ 1081032.541581087512895, 1761852.721856198273599 ], [ 1081032.541581087512895, 1762852.721856198273599 ] ] } },
{ "type": "Feature", "properties": { "road_id": 420, "shade_9h": 0, "shade_12h": 0, "shade_15h": 0, "shade_18h": 0 }, "geometry": { "type": "LineString", "coordinates": [ [ 1081032.541581087512895, 1762852.721856198273599 ], [ 1082032.541581087512895, 1762852.721856198273599 ] ] } },
{ "type": "Feature", "properties": { "road_id": 421, "shade_9h": 0, "shade_12h": 0, "shade_15h": 0, "shade_18h": 0 }, "geometry": { "type": "LineString", "coordinates": [ [ 1081032.541581087512895, 1762852.721856198273599 ], [ 1081032.541581087512895, 1763852.721856198273599 ] ] } },
{ "type": "Feature", "properties": { "road_id": 422, "shade_9h": 0, "shade_12h": 0, "shade_15h": 0, "shade_18h": 0 }, "geometry": { "type": "LineString", "coordinates": [ [ 1081032.541581087512895, 1763852.721856198273599 ], [ 1082032.541581087512895, 1763852.721856198273599 ] ] } },
{ "type": "Feature", "properties": { "road_id": 423, "shade_9h": 0, "shade_12h": 0, "shade_15h": 0, "shade_18h": 0 }, "geometry": { "type": "LineString", "coordinates": [ [ 1081032.541581087512895, 1763852.721856198273599 ], [ 1081032.541581087512895, 1764852.721856198273599 ] ] } },
{ "type": "Feature", "properties": { "road_id": 424, "shade_9h": 0, "shade_12h": 0, "shade_15h": 0, "shade_18h": 0 }, "geometry": { "type": "LineString", "coordinates": [ [ 1081032.541581087512895, 1764852.721856198273599 ], [ 1082032.541581087512895, 1764852.721856198273599 ] ] } },
{ "type": "Feature", "properties": { "road_id": 425, "shade_9h": 0, "shade_12h": 0, "shade_15h": 0, "shade_18h": 0 }, "geometry": { "type": "LineString", "coordinates": [ [ 1081032.541581087512895, 1764852.721856198273599 ], [ 1081032.541581087512895, 1765852.721856198273599 ] ] } },
{ "type": "Feature", "properties": { "road_id": 426, "shade_9h": 0, "shade_12h": 0, "shade_15h": 0, "shade_18h": 0 }, "geometry": { "type": "LineString", "coordinates": [ [ 1081032.541581087512895, 1765852.721856198273599 ], [ 1082032.541581087512895, 1765852.721856198273599 ] ] } },
{ "type": "Feature", "properties": { "road_id": 427, "shade_9h": 0, "shade_12h": 0, "shade_15h": 0, "shade_18h": 0 }, "geometry": { "type": "LineString", "coordinates": [ [ 1081032.541581087512895, 1765852.721856198273599 ], [ 1081032.541581087512895, 1766852.721856198273599 ] ] } },
{ "type": "Feature", "properties": { "road_id": 428, "shade_9h": 0, "shade_12h": 0, "shade_15h": 0, "shade_18h": 0 }, "geometry": { "type": "LineString", "coordinates": [ [ 1081032.541581087512895, 1766852.721856198273599 ], [ 1082032.541581087512895, 1766852.721856198273599 ] ] } },
{ "type": "Feature", "properties": { "road_id": 429, "shade_9h": 0, "shade_12h": 0, "shade_15h": 0, "shade_18h": 0 }, "geometry": { "type": "LineString", "coordinates": [ [ 1081032.541581087512895, 1766852.721856198273599 ], [ 1081032.541581087512895, 1767852.721856198273599 ] ] } },
{ "type": "Feature", "properties": { "road_id": 430, "shade_9h": 1, "shade_12h": 1, "shade_15h": 1, "shade_18h": 1 }, "geometry": { "type": "LineString", "coordinates": [ [ 1081032.541581087512895, 1767852.721856198273599 ], [ 1082032.541581087512895, 1767852.721856198273599 ] ] } },
{ "type": "Feature", "properties": { "road_id": 431, "shade_9h": 0, "shade_12h": 0, "shade_15h": 0, "shade_18h": 0 }, "geometry": { "type": "LineString", "coordinates": [ [ 1081032.541581087512895, 1767852.721856198273599 ], [ 1081032.541581087512895, 1768852.721856198273599 ] ] } },
{ "type": "Feature", "properties": { "road_id": 432, "shade_9h": 0, "shade_12h": 0, "shade_15h": 0, "shade_18h": 0 }, "geometry": { "type": "LineString", "coordinates": [ [ 1081032.541581087512895, 1768852.721856198273599 ], [ 1082032.541581087512895, 1768852.721856198273599 ] ] } },
{ "type": "Feature", "properties": { "road_id": 433, "shade_9h": 0, "shade_12h": 0, "shade_15h": 0, "shade_18h": 0 }, "geometry": { "type": "LineString", "coordinates": [ [ 1081032.541581087512895, 1768852.721856198273599 ], [ 1081032.541581087512895, 1769852.721856198273599 ] ] } },
{ "type": "Feature", "properties": { "road_id": 434, "shade_9h": 0, "shade_12h": 0, "shade_15h": 0, "shade_18h": 0 }, "geometry": { "type": "LineString", "coordinates": [ [ 1081032.541581087512895, 1769852.721856198273599 ], [ 1082032.541581087512895, 1769852.721856198273599 ] ] } },
{ "type": "Feature", "properties": { "road_id": 435, "shade_9h": 5, "shade_12h": 0, "shade_15h": 4, "shade_18h": 31 }, "geometry": { "type": "LineString", "coordinates": [ [ 1081032.541581087512895, 1769852.721856198273599 ], [ 1081032.541581087512895, 1770852.721856198273599 ] ] } },
{ "type": "Feature", "properties": { "road_id": 436, "shade_9h": 0, "shade_12h": 0, "shade_15h": 0, "shade_18h": 0 }, "geometry": { "type": "LineString", "coordinates": [ [ 1081032.541581087512895, 1770852.721856198273599 ], [ 1082032.541581087512895, 1770852.721856198273599 ] ] } },
{ "type": "Feature", "properties": { "road_id": 437, "shade_9h": 4, "shade_12h": 3, "shade_15h": 4, "shade_18h": 13 }, "geometry": { "type": "LineString", "coordinates": [ [ 1081032.541581087512895, 1770852.721856198273599 ], [ 1081032.541581087512895, 1771852.721856198273599 ] ] } },
{ "type": "Feature", "properties": { "road_id": 438, "shade_9h": 1, "shade_12h": 1, "shade_15h": 1, "shade_18h": 12 }, "geometry": { "type": "LineString", "coordinates": [ [ 1081032.541581087512895, 1771852.721856198273599 ], [ 1082032.541581087512895, 1771852.721856198273599 ] ] } },
{ "type": "Feature", "properties": { "road_id": 439, "shade_9h": 0, "shade_12h": 0, "shade_15h": 0, "shade_18h": 0 }, "geometry": { "type": "LineString", "coordinates": [ [ 1081032.541581087512895, 1771852.721856198273599 ], [ 1081032.541581087512895, 1772852.721856198273599 ] ] } },
{ "type": "Feature", "properties": { "road_id": 440, "shade_9h": 0, "shade_12h": 0, "shade_15h": 0, "shade_18h": 0 }, "geometry": { "type": "LineString", "coordinates": [ [ 1081032.541581087512895, 1772852.721856198273599 ], [ 1082032.541581087512895, 1772852.721856198273599 ] ] } },
{ "type": "Feature", "properties": { "road_id": 441, "shade_9h": 0, "shade_12h": 0, "shade_15h": 0, "shade_18h": 0 }, "geometry": { "type": "LineString", "coordinates": [ [ 1081032.541581087512895, 1772852.721856198273599 ], [ 1081032.541581087512895, 1773852.721856198273599 ] ] } },
{ "type": "Feature", "properties": { "road_id": 442, "shade_9h": 0, "shade_12h": 0, "shade_15h": 0, "shade_18h": 0 }, "geometry": { "type": "LineString", "coordinates": [ [ 1081032.541581087512895, 1773852.721856198273599 ], [ 1082032.541581087512895, 1773852.721856198273599 ] ] } },
{ "type": "Feature", "properties": { "road_id": 443, "shade_9h": 1, "shade_12h": 1, "shade_15h": 1, "shade_18h": 22 }, "geometry": { "type": "LineString", "coordinates": [ [ 1081032.541581087512895, 1773852.721856198273599 ], [ 1081032.541581087512895, 1774852.721856198273599 ] ] } },
{ "type": "Feature", "properties": { "road_id": 444, "shade_9h": 8, "shade_12h": 3, "shade_15h": 8, "shade_18h": 31 }, "geometry": { "type": "LineString", "coordinates": [ [ 1081032.541581087512895, 1774852.721856198273599 ], [ 1082032.541581087512895, 1774852.721856198273599 ] ] } },
{ "type": "Feature", "properties": { "road_id": 445, "shade_9h": 0, "shade_12h": 0, "shade_15h": 0, "shade_18h": 25 }, "geometry": { "type": "LineString", "coordinates": [ [ 1081032.541581087512895, 1774852.721856198273599 ], [ 1081032.541581087512895, 1775852.721856198273599 ] ] } },
{ "type": "Feature", "properties": { "road_id": 446, "shade_9h": 5, "shade_12h": 0, "shade_15h": 4, "shade_18h": 35 }, "geometry": { "type": "LineString", "coordinates": [ [ 1081032.541581087512895, 1775852.721856198273599 ], [ 1082032.541581087512895, 1775852.721856198273599 ] ] } },
{ "type": "Feature", "properties": { "road_id": 447, "shade_9h": 0, "shade_12h": 0, "shade_15h": 0, "shade_18h": 0 }, "geometry": { "type": "LineString", "coordinates": [ [ 1081032.541581087512895, 1775852.721856198273599 ], [ 1081032.541581087512895, 1776852.721856198273599 ] ] } },
{ "type": "Feature", "properties": { "road_id": 448, "shade_9h": 0, "shade_12h": 0, "shade_15h": 0, "shade_18h": 0 }, "geometry": { "type": "LineString", "coordinates": [ [ 1081032.541581087512895, 1776852.721856198273599 ], [ 1082032.541581087512895, 1776852.721856198273599 ] ] } },
{ "type": "Feature", "properties": { "road_id": 449, "shade_9h": 0, "shade_12h": 0, "shade_15h": 0, "shade_18h": 0 }, "geometry": { "type": "LineString", "coordinates": [ [ 1081032.541581087512895, 1776852.721856198273599 ], [ 1081032.541581087512895, 1777852.721856198273599 ] ] } },
{ "type": "Feature", "properties": { "road_id": 450, "shade_9h": 0, "shade_12h": 0, "shade_15h": 0, "shade_18h": 0 }, "geometry": { "type": "LineString", "coordinates": [ [ 1081032.541581087512895, 1777852.721856198273599 ], [ 1082032.541581087512895, 1777852.721856198273599 ] ] } },
{ "type": "Feature", "properties": { "road_id": 451, "shade_9h": 0, "shade_12h": 0, "shade_15h": 0, "shade_18h": 0 }, "geometry": { "type": "LineString", "coordinates": [ [ 1081032.541581087512895, 1777852.721856198273599 ], [ 1081032.541581087512895, 1778852.721856198273599 ] ] } },
{ "type": "Feature", "properties": { "road_id": 452, "shade_9h": 9, "shade_12h": 4, "shade_15h": 9, "shade_18h": 32 }, "geometry": { "type": "LineString", "coordinates": [ [ 1081032.541581087512895, 1778852.721856198273599 ], [ 1082032.541581087512895, 1778852.721856198273599 ] ] } },
{ "type": "Feature", "properties": { "road_id": 453, "shade_9h": 0, "shade_12h": 0, "shade_15h": 0, "shade_18h": 0 }, "geometry": { "type": "LineString", "coordinates": [ [ 1081032.541581087512895, 1778852.721856198273599 ], [ 1081032.541581087512895, 1779852.721856198273599 ] ] } },
{ "type": "Feature", "properties": { "road_id": 454, "shade_9h": 0, "shade_12h": 0, "shade_15h": 0, "shade_18h": 10 }, "geometry": { "type": "LineString", "coordinates": [ [ 1081032.541581087512895, 1779852.721856198273599 ], [ 1082032.541581087512895, 1779852.721856198273599 ] ] } },
{ "type": "Feature", "properties": { "road_id": 455, "shade_9h": 0, "shade_12h": 0, "shade_15h": 0, "shade_18h": 9 }, "geometry": { "type": "LineString", "coordinates": [ [ 1082032.541581087512895, 1734852.721856198273599 ], [ 1083032.541581087512895, 1734852.721856198273599 ] ] } },
{ "type": "Feature", "properties": { "road_id": 456, "shade_9h": 1, "shade_12h": 1, "shade_15h": 1, "shade_18h": 1 }, "geometry": { "type": "LineString", "coordinates": [ [ 1082032.541581087512895, 1734852.721856198273599 ], [ 1082032.541581087512895, 1735852.721856198273599 ] ] } },
{ "type": "Feature", "properties": { "road_id": 457, "shade_9h": 0, "shade_12h": 0, "shade_15h": 0, "shade_18h": 0 }, "geometry": { "type": "LineString", "coordinates": [ [ 1082032.541581087512895, 1735852.721856198273599 ], [ 1083032.541581087512895, 1735852.721856198273599 ] ] } },
{ "type": "Feature", "properties": { "road_id": 458, "shade_9h": 1, "shade_12h": 1, "shade_15h": 1, "shade_18h": 1 }, "geometry": { "type": "LineString", "coordinates": [ [ 1082032.541581087512895, 1735852.721856198273599 ], [ 1082032.541581087512895, 1736852.721856198273599 ] ] } },
{ "type": "Feature", "properties": { "road_id": 459, "shade_9h": 6, "shade_12h": 0, "shade_15h": 5, "shade_18h": 47 }, "geometry": { "type": "LineString", "coordinates": [ [ 1082032.541581087512895, 1736852.721856198273599 ], [ 1083032.541581087512895, 1736852.721856198273599 ] ] } },
{ "type": "Feature", "properties": { "road_id": 460, "shade_9h": 8, "shade_12h": 2, "shade_15h": 8, "shade_18h": 37 }, "geometry": { "type": "LineString", "coordinates": [ [ 1082032.541581087512895, 1736852.721856198273599 ], [ 1082032.541581087512895, 1737852.721856198273599 ] ] } },
{ "type": "Feature", "properties": { "road_id": 461, "shade_9h": 0, "shade_12h": 0, "shade_15h": 0, "shade_18h": 19 }, "geometry": { "type": "LineString", "coordinates": [ [ 1082032.541581087512895, 1737852.721856198273599 ], [ 1083032.541581087512895, 1737852.721856198273599 ] ] } },
{ "type": "Feature", "properties": { "road_id": 462, "shade_9h": 0, "shade_12h": 0, "shade_15h": 0, "shade_18h": 7 }, "geometry": { "type": "LineString", "coordinates": [ [ 1082032.541581087512895, 1737852.721856198273599 ], [ 1082032.541581087512895, 1738852.721856198273599 ] ] } },
{ "type": "Feature", "properties": { "road_id": 463, "shade_9h": 0, "shade_12h": 0, "shade_15h": 0, "shade_18h": 0 }, "geometry": { "type": "LineString", "coordinates": [ [ 1082032.541581087512895, 1738852.721856198273599 ], [ 1083032.541581087512895, 1738852.721856198273599 ] ] } },
{ "type": "Feature", "properties": { "road_id": 464, "shade_9h": 0, "shade_12h": 0, "shade_15h": 0, "shade_18h": 0 }, "geometry": { "type": "LineString", "coordinates": [ [ 1082032.541581087512895, 1738852.721856198273599 ], [ 1082032.541581087512895, 1739852.721856198273599 ] ] } },
{ "type": "Feature", "properties": { "road_id": 465, "shade_9h": 0, "shade_12h": 0, "shade_15h": 0, "shade_18h": 0 }, "geometry": { "type": "LineString", "coordinates": [ [ 1082032.541581087512895, 1739852.721856198273599 ], [ 1083032.541581087512895, 1739852.721856198273599 ] ] } },
{ "type": "Feature", "properties": { "road_id": 466, "shade_9h": 0, "shade_12h": 0, "shade_15h": 0, "shade_18h": 0 }, "geometry": { "type": "LineString", "coordinates": [ [ 1082032.541581087512895, 1739852.721856198273599 ], [ 1082032.541581087512895, 1740852.721856198273599 ] ] } },
{ "type": "Feature", "properties": { "road_id": 467, "shade_9h": 0, "shade_12h": 0, "shade_15h": 0, "shade_18h": 0 }, "geometry": { "type": "LineString", "coordinates": [ [ 1082032.541581087512895, 1740852.721856198273599 ], [ 1083032.541581087512895, 1740852.721856198273599 ] ] } },
{ "type": "Feature", "properties": { "road_id": 468, "shade_9h": 0, "shade_12h": 0, "shade_15h": 0, "shade_18h": 0 }, "geometry": { "type": "LineString", "coordinates": [ [ 1082032.541581087512895, 1740852.721856198273599 ], [ 1082032.541581087512895, 1741852.721856198273599 ] ] } },
{ "type": "Feature", "properties": { "road_id": 469, "shade_9h": 1, "shade_12h": 1, "shade_15h": 1, "shade_18h": 1 }, "geometry": { "type": "LineString", "coordinates": [ [ 1082032.541581087512895, 1741852.721856198273599 ], [ 1083032.541581087512895, 1741852.721856198273599 ] ] } },
{ "type": "Feature", "properties": { "road_id": 470, "shade_9h": 0, "shade_12h": 0, "shade_15h": 0, "shade_18h": 14 }, "geometry": { "type": "LineString", "coordinates": [ [ 1082032.541581087512895, 1741852.721856198273599 ], [ 1082032.541581087512895, 1742852.721856198273599 ] ] } },
{ "type": "Feature", "properties": { "road_id": 471, "shade_9h": 0, "shade_12h": 0, "shade_15h": 0, "shade_18h": 0 }, "geometry": { "type": "LineString", "coordinates": [ [ 1082032.541581087512895, 1742852.721856198273599 ], [ 1083032.541581087512895, 1742852.721856198273599 ] ] } },
{ "type": "Feature", "properties": { "road_id": 472, "shade_9h": 0, "shade_12h": 0, "shade_15h": 0, "shade_18h": 0 }, "geometry": { "type": "LineString", "coordinates": [ [ 1082032.541581087512895, 1742852.721856198273599 ], [ 1082032.541581087512895, 1743852.721856198273599 ] ] } },
{ "type": "Feature", "properties": { "road_id": 473, "shade_9h": 0, "shade_12h": 0, "shade_15h": 0, "shade_18h": 0 }, "geometry": { "type": "LineString", "coordinates": [ [ 1082032.541581087512895, 1743852.721856198273599 ], [ 1083032.541581087512895, 1743852.721856198273599 ] ] } },
{ "type": "Feature", "properties": { "road_id": 474, "shade_9h": 2, "shade_12h": 0, "shade_15h": 2, "shade_18h": 11 }, "geometry": { "type": "LineString", "coordinates": [ [ 1082032.541581087512895, 1743852.721856198273599 ], [ 1082032.541581087512895, 1744852.721856198273599 ] ] } },
{ "type": "Feature", "properties": { "road_id": 475, "shade_9h": 0, "shade_12h": 0, "shade_15h": 0, "shade_18h": 0 }, "geometry": { "type": "LineString", "coordinates": [ [ 1082032.541581087512895, 1744852.721856198273599 ], [ 1083032.541581087512895, 1744852.721856198273599 ] ] } },
{ "type": "Feature", "properties": { "road_id": 476, "shade_9h": 0, "shade_12h": 0, "shade_15h": 0, "shade_18h": 0 }, "geometry": { "type": "LineString", "coordinates": [ [ 1082032.541581087512895, 1744852.721856198273599 ], [ 1082032.541581087512895, 1745852.721856198273599 ] ] } },
{ "type": "Feature", "properties": { "road_id": 477, "shade_9h": 0, "shade_12h": 0, "shade_15h": 0, "shade_18h": 0 }, "geometry": { "type": "LineString", "coordinates": [ [ 1082032.541581087512895, 1745852.721856198273599 ], [ 1083032.541581087512895, 1745852.721856198273599 ] ] } },
{ "type": "Feature", "properties": { "road_id": 478, "shade_9h": 0, "shade_12h": 0, "shade_15h": 0, "shade_18h": 0 }, "geometry": { "type": "LineString", "coordinates": [ [ 1082032.541581087512895, 1745852.721856198273599 ], [ 1082032.541581087512895, 1746852.721856198273599 ] ] } },
{ "type": "Feature", "properties": { "road_id": 479, "shade_9h": 0, "shade_12h": 0, "shade_15h": 0, "shade_18h": 0 }, "geometry": { "type": "LineString", "coordinates": [ [ 1082032.541581087512895, 1746852.721856198273599 ], [ 1083032.541581087512895, 1746852.721856198273599 ] ] } },
{ "type": "Feature", "properties": { "road_id": 480, "shade_9h": 0, "shade_12h": 0, "shade_15h": 0, "shade_18h": 0 }, "geometry": { "type": "LineString", "coordinates": [ [ 1082032.541581087512895, 1746852.721856198273599 ], [ 1082032.541581087512895, 1747852.721856198273599 ] ] } },
{ "type": "Feature", "properties": { "road_id": 481, "shade_9h": 0, "shade_12h": 0, "shade_15h": 0, "shade_18h": 0 }, "geometry": { "type": "LineString", "coordinates": [ [ 1082032.541581087512895, 1747852.721856198273599 ], [ 1083032.541581087512895, 1747852.721856198273599 ] ] } },
{ "type": "Feature", "properties": { "road_id": 482, "shade_9h": 0, "shade_12h": 0, "shade_15h": 0, "shade_18h": 0 }, "geometry": { "type": "LineString", "coordinates": [ [ 1082032.541581087512895, 1747852.721856198273599 ], [ 1082032.541581087512895, 1748852.721856198273599 ] ] } },
{ "type": "Feature", "properties": { "road_id": 483, "shade_9h": 0, "shade_12h": 0, "shade_15h": 0, "shade_18h": 0 }, "geometry": { "type": "LineString", "coordinates": [ [ 1082032.541581087512895, 1748852.721856198273599 ], [ 1083032.541581087512895, 1748852.721856198273599 ] ] } },
{ "type": "Feature", "properties": { "road_id": 484, "shade_9h": 0, "shade_12h": 0, "shade_15h": 0, "shade_18h": 0 }, "geometry": { "type": "LineString", "coordinates": [ [ 1082032.541581087512895, 1748852.721856198273599 ], [ 1082032.541581087512895, 1749852.721856198273599 ] ] } },
{ "type": "Feature", "properties": { "road_id": 485, "shade_9h": 0, "shade_12h": 0, "shade_15h": 0, "shade_18h": 0 }, "geometry": { "type": "LineString", "coordinates": [ [ 1082032.541581087512895, 1749852.721856198273599 ], [ 1083032.541581087512895, 1749852.721856198273599 ] ] } },
{ "type": "Feature", "properties": { "road_id": 486, "shade_9h": 0, "shade_12h": 0, "shade_15h": 0, "shade_18h": 0 }, "geometry": { "type": "LineString", "coordinates": [ [ 1082032.541581087512895, 1749852.721856198273599 ], [ 1082032.541581087512895, 1750852.721856198273599 ] ] } },
{ "type": "Feature", "properties": { "road_id": 487, "shade_9h": 0, "shade_12h": 0, "shade_15h": 0, "shade_18h": 23 }, "geometry": { "type": "LineString", "coordinates": [ [ 1082032.541581087512895, 1750852.721856198273599 ], [ 1083032.541581087512895, 1750852.721856198273599 ] ] } },
{ "type": "Feature", "properties": { "road_id": 488, "shade_9h": 0, "shade_12h": 0, "shade_15h": 0, "shade_18h": 0 }, "geometry": { "type": "LineString", "coordinates": [ [ 1082032.541581087512895, 1750852.721856198273599 ], [ 1082032.541581087512895, 1751852.721856198273599 ] ] } },
{ "type": "Feature", "properties": { "road_id": 489, "shade_9h": 8, "shade_12h": 4, "shade_15h": 8, "shade_18h": 46 }, "geometry": { "type": "LineString", "coordinates": [ [ 1082032.541581087512895, 1751852.721856198273599 ], [ 1083032.541581087512895, 1751852.721856198273599 ] ] } },
{ "type": "Feature", "properties": { "road_id": 490, "shade_9h": 0, "shade_12h": 0, "shade_15h": 0, "shade_18h": 0 }, "geometry": { "type": "LineString", "coordinates": [ [ 1082032.541581087512895, 1751852.721856198273599 ], [ 1082032.541581087512895, 1752852.721856198273599 ] ] } },
{ "type": "Feature", "properties": { "road_id": 491, "shade_9h": 0, "shade_12h": 0, "shade_15h": 0, "shade_18h": 0 }, "geometry": { "type": "LineString", "coordinates": [ [ 1082032.541581087512895, 1752852.721856198273599 ], [ 1083032.541581087512895, 1752852.721856198273599 ] ] } },
{ "type": "Feature", "properties": { "road_id": 492, "shade_9h": 5, "shade_12h": 0, "shade_15h": 4, "shade_18h": 25 }, "geometry": { "type": "LineString", "coordinates": [ [ 1082032.541581087512895, 1752852.721856198273599 ], [ 1082032.541581087512895, 1753852.721856198273599 ] ] } },
{ "type": "Feature", "properties": { "road_id": 493, "shade_9h": 0, "shade_12h": 0, "shade_15h": 0, "shade_18h": 0 }, "geometry": { "type": "LineString", "coordinates": [ [ 1082032.541581087512895, 1753852.721856198273599 ], [ 1083032.541581087512895, 1753852.721856198273599 ] ] } },
{ "type": "Feature", "properties": { "road_id": 494, "shade_9h": 0, "shade_12h": 0, "shade_15h": 0, "shade_18h": 0 }, "geometry": { "type": "LineString", "coordinates": [ [ 1082032.541581087512895, 1753852.721856198273599 ], [ 1082032.541581087512895, 1754852.721856198273599 ] ] } },
{ "type": "Feature", "properties": { "road_id": 495, "shade_9h": 0, "shade_12h": 0, "shade_15h": 0, "shade_18h": 0 }, "geometry": { "type": "LineString", "coordinates": [ [ 1082032.541581087512895, 1754852.721856198273599 ], [ 1083032.541581087512895, 1754852.721856198273599 ] ] } },
{ "type": "Feature", "properties": { "road_id": 496, "shade_9h": 2, "shade_12h": 1, "shade_15h": 2, "shade_18h": 12 }, "geometry": { "type": "LineString", "coordinates": [ [ 1082032.541581087512895, 1754852.721856198273599 ], [ 1082032.541581087512895, 1755852.721856198273599 ] ] } },
{ "type": "Feature", "properties": { "road_id": 497, "shade_9h": 0, "shade_12h": 0, "shade_15h": 0, "shade_18h": 0 }, "geometry": { "type": "LineString", "coordinates": [ [ 1082032.541581087512895, 1755852.721856198273599 ], [ 1083032.541581087512895, 1755852.721856198273599 ] ] } },
{ "type": "Feature", "properties": { "road_id": 498, "shade_9h": 0, "shade_12h": 0, "shade_15h": 0, "shade_18h": 0 }, "geometry": { "type": "LineString", "coordinates": [ [ 1082032.541581087512895, 1755852.721856198273599 ], [ 1082032.541581087512895, 1756852.721856198273599 ] ] } },
{ "type": "Feature", "properties": { "road_id": 499, "shade_9h": 0, "shade_12h": 0, "shade_15h": 0, "shade_18h": 0 }, "geometry": { "type": "LineString", "coordinates": [ [ 1082032.541581087512895, 1756852.721856198273599 ], [ 1083032.541581087512895, 1756852.721856198273599 ] ] } },
{ "type": "Feature", "properties": { "road_id": 500, "shade_9h": 0, "shade_12h": 0, "shade_15h": 0, "shade_18h": 0 }, "geometry": { "type": "LineString", "coordinates": [ [ 1082032.541581087512895, 1756852.721856198273599 ], [ 1082032.541581087512895, 1757852.721856198273599 ] ] } },
{ "type": "Feature", "properties": { "road_id": 501, "shade_9h": 0, "shade_12h": 0, "shade_15h": 0, "shade_18h": 0 }, "geometry": { "type": "LineString", "coordinates": [ [ 1082032.541581087512895, 1757852.721856198273599 ], [ 1083032.541581087512895, 1757852.721856198273599 ] ] } },
{ "type": "Feature", "properties": { "road_id": 502, "shade_9h": 0, "shade_12h": 0, "shade_15h": 0, "shade_18h": 0 }, "geometry": { "type": "LineString", "coordinates": [ [ 1082032.541581087512895, 1757852.721856198273599 ], [ 1082032.541581087512895, 1758852.721856198273599 ] ] } },
{ "type": "Feature", "properties": { "road_id": 503, "shade_9h": 0, "shade_12h": 0, "shade_15h": 0, "shade_18h": 0 }, "geometry": { "type": "LineString", "coordinates": [ [ 1082032.541581087512895, 1758852.721856198273599 ], [ 1083032.541581087512895, 1758852.721856198273599 ] ] } },
{ "type": "Feature", "properties": { "road_id": 504, "shade_9h": 0, "shade_12h": 0, "shade_15h": 0, "shade_18h": 0 }, "geometry": { "type": "LineString", "coordinates": [ [ 1082032.541581087512895, 1758852.721856198273599 ], [ 1082032.541581087512895, 1759852.721856198273599 ] ] } },
{ "type": "Feature", "properties": { "road_id": 505, "shade_9h": 0, "shade_12h": 0, "shade_15h": 0, "shade_18h": 0 }, "geometry": { "type": "LineString", "coordinates": [ [ 1082032.541581087512895, 1759852.721856198273599 ], [ 1083032.541581087512895, 1759852.721856198273599 ] ] } },
{ "type": "Feature", "properties": { "road_id": 506, "shade_9h": 0, "shade_12h": 0, "shade_15h": 0, "shade_18h": 0 }, "geometry": { "type": "LineString", "coordinates": [ [ 1082032.541581087512895, 1759852.721856198273599 ], [ 1082032.541581087512895, 1760852.721856198273599 ] ] } },
{ "type": "Feature", "properties": { "road_id": 507, "shade_9h": 0, "shade_12h": 0, "shade_15h": 0, "shade_18h": 0 }, "geometry": { "type": "LineString", "coordinates": [ [ 1082032.541581087512895, 1760852.721856198273599 ], [ 1083032.541581087512895, 1760852.721856198273599 ] ] } },
{ "type": "Feature", "properties": { "road_id": 508, "shade_9h": 1, "shade_12h": 1, "shade_15h": 1, "shade_18h": 1 }, "geometry": { "type": "LineString", "coordinates": [ [ 1082032.541581087512895, 1760852.721856198273599 ], [ 1082032.541581087512895, 1761852.721856198273599 ] ] } },
{ "type": "Feature", "properties": { "road_id": 509, "shade_9h": 1, "shade_12h": 1, "shade_15h": 1, "shade_18h": 1 }, "geometry": { "type": "LineString", "coordinates": [ [ 1082032.541581087512895, 1761852.721856198273599 ], [ 1083032.541581087512895, 1761852.721856198273599 ] ] } },
{ "type": "Feature", "properties": { "road_id": 510, "shade_9h": 0, "shade_12h": 0, "shade_15h": 0, "shade_18h": 0 }, "geometry": { "type": "LineString", "coordinates": [ [ 1082032.541581087512895, 1761852.721856198273599 ], [ 1082032.541581087512895, 1762852.721856198273599 ] ] } },
{ "type": "Feature", "properties": { "road_id": 511, "shade_9h": 1, "shade_12h": 1, "shade_15h": 1, "shade_18h": 1 }, "geometry": { "type": "LineString", "coordinates": [ [ 1082032.541581087512895, 1762852.721856198273599 ], [ 1083032.541581087512895, 1762852.721856198273599 ] ] } },
{ "type": "Feature", "properties": { "road_id": 512, "shade_9h": 0, "shade_12h": 0, "shade_15h": 0, "shade_18h": 0 }, "geometry": { "type": "LineString", "coordinates": [ [ 1082032.541581087512895, 1762852.721856198273599 ], [ 1082032.541581087512895, 1763852.721856198273599 ] ] } },
{ "type": "Feature", "properties": { "road_id": 513, "shade_9h": 5, "shade_12h": 0, "shade_15h": 5, "shade_18h": 25 }, "geometry": { "type": "LineString", "coordinates": [ [ 1082032.541581087512895, 1763852.721856198273599 ], [ 1083032.541581087512895, 1763852.721856198273599 ] ] } },
{ "type": "Feature", "properties": { "road_id": 514, "shade_9h": 0, "shade_12h": 0, "shade_15h": 0, "shade_18h": 0 }, "geometry": { "type": "LineString", "coordinates": [ [ 1082032.541581087512895, 1763852.721856198273599 ], [ 1082032.541581087512895, 1764852.721856198273599 ] ] } },
{ "type": "Feature", "properties": { "road_id": 515, "shade_9h": 0, "shade_12h": 0, "shade_15h": 0, "shade_18h": 0 }, "geometry": { "type": "LineString", "coordinates": [ [ 1082032.541581087512895, 1764852.721856198273599 ], [ 1083032.541581087512895, 1764852.721856198273599 ] ] } },
{ "type": "Feature", "properties": { "road_id": 516, "shade_9h": 0, "shade_12h": 0, "shade_15h": 0, "shade_18h": 0 }, "geometry": { "type": "LineString", "coordinates": [ [ 1082032.541581087512895, 1764852.721856198273599 ], [ 1082032.541581087512895, 1765852.721856198273599 ] ] } },
{ "type": "Feature", "properties": { "road_id": 517, "shade_9h": 8, "shade_12h": 4, "shade_15h": 8, "shade_18h": 42 }, "geometry": { "type": "LineString", "coordinates": [ [ 1082032.541581087512895, 1765852.721856198273599 ], [ 1083032.541581087512895, 1765852.721856198273599 ] ] } },
{ "type": "Feature", "properties": { "road_id": 518, "shade_9h": 0, "shade_12h": 0, "shade_15h": 0, "shade_18h": 0 }, "geometry": { "type": "LineString", "coordinates": [ [ 1082032.541581087512895, 1765852.721856198273599 ], [ 1082032.541581087512895, 1766852.721856198273599 ] ] } },
{ "type": "Feature", "properties": { "road_id": 519, "shade_9h": 0, "shade_12h": 0, "shade_15h": 0, "shade_18h": 26 }, "geometry": { "type": "LineString", "coordinates": [ [ 1082032.541581087512895, 1766852.721856198273599 ], [ 1083032.541581087512895, 1766852.721856198273599 ] ] } },
{ "type": "Feature", "properties": { "road_id": 520, "shade_9h": 0, "shade_12h": 0, "shade_15h": 0, "shade_18h": 0 }, "geometry": { "type": "LineString", "coordinates": [ [ 1082032.541581087512895, 1766852.721856198273599 ], [ 1082032.541581087512895, 1767852.721856198273599 ] ] } },
{ "type": "Feature", "properties": { "road_id": 521, "shade_9h": 0, "shade_12h": 0, "shade_15h": 0, "shade_18h": 0 }, "geometry": { "type": "LineString", "coordinates": [ [ 1082032.541581087512895, 1767852.721856198273599 ], [ 1083032.541581087512895, 1767852.721856198273599 ] ] } },
{ "type": "Feature", "properties": { "road_id": 522, "shade_9h": 0, "shade_12h": 0, "shade_15h": 0, "shade_18h": 0 }, "geometry": { "type": "LineString", "coordinates": [ [ 1082032.541581087512895, 1767852.721856198273599 ], [ 1082032.541581087512895, 1768852.721856198273599 ] ] } },
{ "type": "Feature", "properties": { "road_id": 523, "shade_9h": 0, "shade_12h": 0, "shade_15h": 0, "shade_18h": 0 }, "geometry": { "type": "LineString", "coordinates": [ [ 1082032.541581087512895, 1768852.721856198273599 ], [ 1083032.541581087512895, 1768852.721856198273599 ] ] } },
{ "type": "Feature", "properties": { "road_id": 524, "shade_9h": 0, "shade_12h": 0, "shade_15h": 0, "shade_18h": 0 }, "geometry": { "type": "LineString", "coordinates": [ [ 1082032.541581087512895, 1768852.721856198273599 ], [ 1082032.541581087512895, 1769852.721856198273599 ] ] } },
{ "type": "Feature", "properties": { "road_id": 525, "shade_9h": 1, "shade_12h": 1, "shade_15h": 1, "shade_18h": 1 }, "geometry": { "type": "LineString", "coordinates": [ [ 1082032.541581087512895, 1769852.721856198273599 ], [ 1083032.541581087512895, 1769852.721856198273599 ] ] } },
{ "type": "Feature", "properties": { "road_id": 526, "shade_9h": 0, "shade_12h": 0, "shade_15h": 0, "shade_18h": 0 }, "geometry": { "type": "LineString", "coordinates": [ [ 1082032.541581087512895, 1769852.721856198273599 ], [ 1082032.541581087512895, 1770852.721856198273599 ] ] } },
{ "type": "Feature", "properties": { "road_id": 527, "shade_9h": 0, "shade_12h": 0, "shade_15h": 0, "shade_18h": 0 }, "geometry": { "type": "LineString", "coordinates": [ [ 1082032.541581087512895, 1770852.721856198273599 ], [ 1083032.541581087512895, 1770852.721856198273599 ] ] } },
{ "type": "Feature", "properties": { "road_id": 528, "shade_9h": 7, "shade_12h": 0, "shade_15h": 6, "shade_18h": 32 }, "geometry": { "type": "LineString", "coordinates": [ [ 1082032.541581087512895, 1770852.721856198273599 ], [ 1082032.541581087512895, 1771852.721856198273599 ] ] } },
{ "type": "Feature", "properties": { "road_id": 529, "shade_9h": 0, "shade_12h": 0, "shade_15h": 0, "shade_18h": 17 }, "geometry": { "type": "LineString", "coordinates": [ [ 1082032.541581087512895, 1771852.721856198273599 ], [ 1083032.541581087512895, 1771852.721856198273599 ] ] } },
{ "type": "Feature", "properties": { "road_id": 530, "shade_9h": 0, "shade_12h": 0, "shade_15h": 0, "shade_18h": 6 }, "geometry": { "type": "LineString", "coordinates": [ [ 1082032.541581087512895, 1771852.721856198273599 ], [ 1082032.541581087512895, 1772852.721856198273599 ] ] } },
{ "type": "Feature", "properties": { "road_id": 531, "shade_9h": 8, "shade_12h": 3, "shade_15h": 8, "shade_18h": 46 }, "geometry": { "type": "LineString", "coordinates": [ [ 1082032.541581087512895, 1772852.721856198273599 ], [ 1083032.541581087512895, 1772852.721856198273599 ] ] } },
{ "type": "Feature", "properties": { "road_id": 532, "shade_9h": 7, "shade_12h": 0, "shade_15h": 6, "shade_18h": 49 }, "geometry": { "type": "LineString", "coordinates": [ [ 1082032.541581087512895, 1772852.721856198273599 ], [ 1082032.541581087512895, 1773852.721856198273599 ] ] } },
{ "type": "Feature", "properties": { "road_id": 533, "shade_9h": 0, "shade_12h": 0, "shade_15h": 0, "shade_18h": 0 }, "geometry": { "type": "LineString", "coordinates": [ [ 1082032.541581087512895, 1773852.721856198273599 ], [ 1083032.541581087512895, 1773852.721856198273599 ] ] } },
{ "type": "Feature", "properties": { "road_id": 534, "shade_9h": 0, "shade_12h": 0, "shade_15h": 0, "shade_18h": 0 }, "geometry": { "type": "LineString", "coordinates": [ [ 1082032.541581087512895, 1773852.721856198273599 ], [ 1082032.541581087512895, 1774852.721856198273599 ] ] } },
{ "type": "Feature", "properties": { "road_id": 535, "shade_9h": 0, "shade_12h": 0, "shade_15h": 0, "shade_18h": 0 }, "geometry": { "type": "LineString", "coordinates": [ [ 1082032.541581087512895, 1774852.721856198273599 ], [ 1083032.541581087512895, 1774852.721856198273599 ] ] } },
{ "type": "Feature", "properties": { "road_id": 536, "shade_9h": 0, "shade_12h": 0, "shade_15h": 0, "shade_18h": 0 }, "geometry": { "type": "LineString", "coordinates": [ [ 1082032.541581087512895, 1774852.721856198273599 ], [ 1082032.541581087512895, 1775852.721856198273599 ] ] } },
{ "type": "Feature", "properties": { "road_id": 537, "shade_9h": 0, "shade_12h": 0, "shade_15h": 0, "shade_18h": 0 }, "geometry": { "type": "LineString", "coordinates": [ [ 1082032.541581087512895, 1775852.721856198273599 ], [ 1083032.541581087512895, 1775852.721856198273599 ] ] } },
{ "type": "Feature", "properties": { "road_id": 538, "shade_9h": 0, "shade_12h": 0, "shade_15h": 0, "shade_18h": 0 }, "geometry": { "type": "LineString", "coordinates": [ [ 1082032.541581087512895, 1775852.721856198273599 ], [ 1082032.541581087512895, 1776852.721856198273599 ] ] } },
{ "type": "Feature", "properties": { "road_id": 539, "shade_9h": 0, "shade_12h": 0, "shade_15h": 0, "shade_18h": 0 }, "geometry": { "type": "LineString", "coordinates": [ [ 1082032.541581087512895, 1776852.721856198273599 ], [ 1083032.541581087512895, 1776852.721856198273599 ] ] } },
{ "type": "Feature", "properties": { "road_id": 540, "shade_9h": 0, "shade_12h": 0, "shade_15h": 0, "shade_18h": 0 }, "geometry": { "type": "LineString", "coordinates": [ [ 1082032.541581087512895, 1776852.721856198273599 ], [ 1082032.541581087512895, 1777852.721856198273599 ] ] } },
{ "type": "Feature", "properties": { "road_id": 541, "shade_9h": 0, "shade_12h": 0, "shade_15h": 0, "shade_18h": 0 }, "geometry": { "type": "LineString", "coordinates": [ [ 1082032.541581087512895, 1777852.721856198273599 ], [ 1083032.541581087512895, 1777852.721856198273599 ] ] } },
{ "type": "Feature", "properties": { "road_id": 542, "shade_9h": 0, "shade_12h": 0, "shade_15h": 0, "shade_18h": 23 }, "geometry": { "type": "LineString", "coordinates": [ [ 1082032.541581087512895, 1777852.721856198273599 ], [ 1082032.541581087512895, 1778852.721856198273599 ] ] } },
{ "type": "Feature", "properties": { "road_id": 543, "shade_9h": 0, "shade_12h": 0, "shade_15h": 0, "shade_18h": 13 }, "geometry": { "type": "LineString", "coordinates": [ [ 1082032.541581087512895, 1778852.721856198273599 ], [ 1083032.541581087512895, 1778852.721856198273599 ] ] } },
{ "type": "Feature", "properties": { "road_id": 544, "shade_9h": 1, "shade_12h": 1, "shade_15h": 1, "shade_18h": 19 }, "geometry": { "type": "LineString", "coordinates": [ [ 1082032.541581087512895, 1778852.721856198273599 ], [ 1082032.541581087512895, 1779852.721856198273599 ] ] } },
{ "type": "Feature", "properties": { "road_id": 545, "shade_9h": 0, "shade_12h": 0, "shade_15h": 0, "shade_18h": 0 }, "geometry": { "type": "LineString", "coordinates": [ [ 1082032.541581087512895, 1779852.721856198273599 ], [ 1083032.541581087512895, 1779852.721856198273599 ] ] } },
{ "type": "Feature", "properties": { "road_id": 546, "shade_9h": 0, "shade_12h": 0, "shade_15h": 0, "shade_18h": 8 }, "geometry": { "type": "LineString", "coordinates": [ [ 1083032.541581087512895, 1734852.721856198273599 ], [ 1084032.541581087512895, 1734852.721856198273599 ] ] } },
{ "type": "Feature", "properties": { "road_id": 547, "shade_9h": 4, "shade_12h": 2, "shade_15h": 3, "shade_18h": 11 }, "geometry": { "type": "LineString", "coordinates": [ [ 1083032.541581087512895, 1734852.721856198273599 ], [ 1083032.541581087512895, 1735852.721856198273599 ] ] } },
{ "type": "Feature", "properties": { "road_id": 548, "shade_9h": 0, "shade_12h": 0, "shade_15h": 0, "shade_18h": 0 }, "geometry": { "type": "LineString", "coordinates": [ [ 1083032.541581087512895, 1735852.721856198273599 ], [ 1084032.541581087512895, 1735852.721856198273599 ] ] } },
{ "type": "Feature", "properties": { "road_id": 549, "shade_9h": 0, "shade_12h": 0, "shade_15h": 0, "shade_18h": 0 }, "geometry": { "type": "LineString", "coordinates": [ [ 1083032.541581087512895, 1735852.721856198273599 ], [ 1083032.541581087512895, 1736852.721856198273599 ] ] } },
{ "type": "Feature", "properties": { "road_id": 550, "shade_9h": 1, "shade_12h": 1, "shade_15h": 1, "shade_18h": 1 }, "geometry": { "type": "LineString", "coordinates": [ [ 1083032.541581087512895, 1736852.721856198273599 ], [ 1084032.541581087512895, 1736852.721856198273599 ] ] } },
{ "type": "Feature", "properties": { "road_id": 551, "shade_9h": 0, "shade_12h": 0, "shade_15h": 0, "shade_18h": 0 }, "geometry": { "type": "LineString", "coordinates": [ [ 1083032.541581087512895, 1736852.721856198273599 ], [ 1083032.541581087512895, 1737852.721856198273599 ] ] } },
{ "type": "Feature", "properties": { "road_id": 552, "shade_9h": 0, "shade_12h": 0, "shade_15h": 0, "shade_18h": 0 }, "geometry": { "type": "LineString", "coordinates": [ [ 1083032.541581087512895, 1737852.721856198273599 ], [ 1084032.541581087512895, 1737852.721856198273599 ] ] } },
{ "type": "Feature", "properties": { "road_id": 553, "shade_9h": 0, "shade_12h": 0, "shade_15h": 0, "shade_18h": 0 }, "geometry": { "type": "LineString", "coordinates": [ [ 1083032.541581087512895, 1737852.721856198273599 ], [ 1083032.541581087512895, 1738852.721856198273599 ] ] } },
{ "type": "Feature", "properties": { "road_id": 554, "shade_9h": 0, "shade_12h": 0, "shade_15h": 0, "shade_18h": 0 }, "geometry": { "type": "LineString", "coordinates": [ [ 1083032.541581087512895, 1738852.721856198273599 ], [ 1084032.541581087512895, 1738852.721856198273599 ] ] } },
{ "type": "Feature", "properties": { "road_id": 555, "shade_9h": 0, "shade_12h": 0, "shade_15h": 0, "shade_18h": 0 }, "geometry": { "type": "LineString", "coordinates": [ [ 1083032.541581087512895, 1738852.721856198273599 ], [ 1083032.541581087512895, 1739852.721856198273599 ] ] } },
{ "type": "Feature", "properties": { "road_id": 556, "shade_9h": 5, "shade_12h": 3, "shade_15h": 5, "shade_18h": 25 }, "geometry": { "type": "LineString", "coordinates": [ [ 1083032.541581087512895, 1739852.721856198273599 ], [ 1084032.541581087512895, 1739852.721856198273599 ] ] } },
{ "type": "Feature", "properties": { "road_id": 557, "shade_9h": 0, "shade_12h": 0, "shade_15h": 0, "shade_18h": 0 }, "geometry": { "type": "LineString", "coordinates": [ [ 1083032.541581087512895, 1739852.721856198273599 ], [ 1083032.541581087512895, 1740852.721856198273599 ] ] } },
{ "type": "Feature", "properties": { "road_id": 558, "shade_9h": 5, "shade_12h": 2, "shade_15h": 5, "shade_18h": 28 }, "geometry": { "type": "LineString", "coordinates": [ [ 1083032.541581087512895, 1740852.721856198273599 ], [ 1084032.541581087512895, 1740852.721856198273599 ] ] } },
{ "type": "Feature", "properties": { "road_id": 559, "shade_9h": 1, "shade_12h": 1, "shade_15h": 1, "shade_18h": 1 }, "geometry": { "type": "LineString", "coordinates": [ [ 1083032.541581087512895, 1740852.721856198273599 ], [ 1083032.541581087512895, 1741852.721856198273599 ] ] } },
{ "type": "Feature", "properties": { "road_id": 560, "shade_9h": 0, "shade_12h": 0, "shade_15h": 0, "shade_18h": 0 }, "geometry": { "type": "LineString", "coordinates": [ [ 1083032.541581087512895, 1741852.721856198273599 ], [ 1084032.541581087512895, 1741852.721856198273599 ] ] } },
{ "type": "Feature", "properties": { "road_id": 561, "shade_9h": 1, "shade_12h": 1, "shade_15h": 1, "shade_18h": 1 }, "geometry": { "type": "LineString", "coordinates": [ [ 1083032.541581087512895, 1741852.721856198273599 ], [ 1083032.541581087512895, 1742852.721856198273599 ] ] } },
{ "type": "Feature", "properties": { "road_id": 562, "shade_9h": 4, "shade_12h": 2, "shade_15h": 4, "shade_18h": 15 }, "geometry": { "type": "LineString", "coordinates": [ [ 1083032.541581087512895, 1742852.721856198273599 ], [ 1084032.541581087512895, 1742852.721856198273599 ] ] } },
{ "type": "Feature", "properties": { "road_id": 563, "shade_9h": 0, "shade_12h": 0, "shade_15h": 0, "shade_18h": 0 }, "geometry": { "type": "LineString", "coordinates": [ [ 1083032.541581087512895, 1742852.721856198273599 ], [ 1083032.541581087512895, 1743852.721856198273599 ] ] } },
{ "type": "Feature", "properties": { "road_id": 564, "shade_9h": 0, "shade_12h": 0, "shade_15h": 0, "shade_18h": 0 }, "geometry": { "type": "LineString", "coordinates": [ [ 1083032.541581087512895, 1743852.721856198273599 ], [ 1084032.541581087512895, 1743852.721856198273599 ] ] } },
{ "type": "Feature", "properties": { "road_id": 565, "shade_9h": 0, "shade_12h": 0, "shade_15h": 0, "shade_18h": 0 }, "geometry": { "type": "LineString", "coordinates": [ [ 1083032.541581087512895, 1743852.721856198273599 ], [ 1083032.541581087512895, 1744852.721856198273599 ] ] } },
{ "type": "Feature", "properties": { "road_id": 566, "shade_9h": 0, "shade_12h": 0, "shade_15h": 0, "shade_18h": 0 }, "geometry": { "type": "LineString", "coordinates": [ [ 1083032.541581087512895, 1744852.721856198273599 ], [ 1084032.541581087512895, 1744852.721856198273599 ] ] } },
{ "type": "Feature", "properties": { "road_id": 567, "shade_9h": 0, "shade_12h": 0, "shade_15h": 0, "shade_18h": 0 }, "geometry": { "type": "LineString", "coordinates": [ [ 1083032.541581087512895, 1744852.721856198273599 ], [ 1083032.541581087512895, 1745852.721856198273599 ] ] } },
{ "type": "Feature", "properties": { "road_id": 568, "shade_9h": 0, "shade_12h": 0, "shade_15h": 0, "shade_18h": 0 }, "geometry": { "type": "LineString", "coordinates": [ [ 1083032.541581087512895, 1745852.721856198273599 ], [ 1084032.541581087512895, 1745852.721856198273599 ] ] } },
{ "type": "Feature", "properties": { "road_id": 569, "shade_9h": 5, "shade_12h": 3, "shade_15h": 4, "shade_18h": 15 }, "geometry": { "type": "LineString", "coordinates": [ [ 1083032.541581087512895, 1745852.721856198273599 ], [ 1083032.541581087512895, 1746852.721856198273599 ] ] } },
{ "type": "Feature", "properties": { "road_id": 570, "shade_9h": 0, "shade_12h": 0, "shade_15h": 0, "shade_18h": 0 }, "geometry": { "type": "LineString", "coordinates": [ [ 1083032.541581087512895, 1746852.721856198273599 ], [ 1084032.541581087512895, 1746852.721856198273599 ] ] } },
{ "type": "Feature", "properties": { "road_id": 571, "shade_9h": 0, "shade_12h": 0, "shade_15h": 0, "shade_18h": 0 }, "geometry": { "type": "LineString", "coordinates": [ [ 1083032.541581087512895, 1746852.721856198273599 ], [ 1083032.541581087512895, 1747852.721856198273599 ] ] } },
{ "type": "Feature", "properties": { "road_id": 572, "shade_9h": 0, "shade_12h": 0, "shade_15h": 0, "shade_18h": 0 }, "geometry": { "type": "LineString", "coordinates": [ [ 1083032.541581087512895, 1747852.721856198273599 ], [ 1084032.541581087512895, 1747852.721856198273599 ] ] } },
{ "type": "Feature", "properties": { "road_id": 573, "shade_9h": 0, "shade_12h": 0, "shade_15h": 0, "shade_18h": 0 }, "geometry": { "type": "LineString", "coordinates": [ [ 1083032.541581087512895, 1747852.721856198273599 ], [ 1083032.541581087512895, 1748852.721856198273599 ] ] } },
{ "type": "Feature", "properties": { "road_id": 574, "shade_9h": 0, "shade_12h": 0, "shade_15h": 0, "shade_18h": 0 }, "geometry": { "type": "LineString", "coordinates": [ [ 1083032.541581087512895, 1748852.721856198273599 ], [ 1084032.541581087512895, 1748852.721856198273599 ] ] } },
{ "type": "Feature", "properties": { "road_id": 575, "shade_9h": 0, "shade_12h": 0, "shade_15h": 0, "shade_18h": 0 }, "geometry": { "type": "LineString", "coordinates": [ [ 1083032.541581087512895, 1748852.721856198273599 ], [ 1083032.541581087512895, 1749852.721856198273599 ] ] } },
{ "type": "Feature", "properties": { "road_id": 576, "shade_9h": 0, "shade_12h": 0, "shade_15h": 0, "shade_18h": 5 }, "geometry": { "type": "LineString", "coordinates": [ [ 1083032.541581087512895, 1749852.721856198273599 ], [ 1084032.541581087512895, 1749852.721856198273599 ] ] } },
{ "type": "Feature", "properties": { "road_id": 577, "shade_9h": 0, "shade_12h": 0, "shade_15h": 0, "shade_18h": 11 }, "geometry": { "type": "LineString", "coordinates": [ [ 1083032.541581087512895, 1749852.721856198273599 ], [ 1083032.541581087512895, 1750852.721856198273599 ] ] } },
{ "type": "Feature", "properties": { "road_id": 578, "shade_9h": 0, "shade_12h": 0, "shade_15h": 0, "shade_18h": 15 }, "geometry": { "type": "LineString", "coordinates": [ [ 1083032.541581087512895, 1750852.721856198273599 ], [ 1084032.541581087512895, 1750852.721856198273599 ] ] } },
{ "type": "Feature", "properties": { "road_id": 579, "shade_9h": 0, "shade_12h": 0, "shade_15h": 0, "shade_18h": 21 }, "geometry": { "type": "LineString", "coordinates": [ [ 1083032.541581087512895, 1750852.721856198273599 ], [ 1083032.541581087512895, 1751852.721856198273599 ] ] } },
{ "type": "Feature", "properties": { "road_id": 580, "shade_9h": 6, "shade_12h": 3, "shade_15h": 6, "shade_18h": 30 }, "geometry": { "type": "LineString", "coordinates": [ [ 1083032.541581087512895, 1751852.721856198273599 ], [ 1084032.541581087512895, 1751852.721856198273599 ] ] } },
{ "type": "Feature", "properties": { "road_id": 581, "shade_9h": 0, "shade_12h": 0, "shade_15h": 0, "shade_18h": 0 }, "geometry": { "type": "LineString", "coordinates": [ [ 1083032.541581087512895, 1751852.721856198273599 ], [ 1083032.541581087512895, 1752852.721856198273599 ] ] } },
{ "type": "Feature", "properties": { "road_id": 582, "shade_9h": 0, "shade_12h": 0, "shade_15h": 0, "shade_18h": 0 }, "geometry": { "type": "LineString", "coordinates": [ [ 1083032.541581087512895, 1752852.721856198273599 ], [ 1084032.541581087512895, 1752852.721856198273599 ] ] } },
{ "type": "Feature", "properties": { "road_id": 583, "shade_9h": 0, "shade_12h": 0, "shade_15h": 0, "shade_18h": 0 }, "geometry": { "type": "LineString", "coordinates": [ [ 1083032.541581087512895, 1752852.721856198273599 ], [ 1083032.541581087512895, 1753852.721856198273599 ] ] } },
{ "type": "Feature", "properties": { "road_id": 584, "shade_9h": 0, "shade_12h": 0, "shade_15h": 0, "shade_18h": 0 }, "geometry": { "type": "LineString", "coordinates": [ [ 1083032.541581087512895, 1753852.721856198273599 ], [ 1084032.541581087512895, 1753852.721856198273599 ] ] } },
{ "type": "Feature", "properties": { "road_id": 585, "shade_9h": 0, "shade_12h": 0, "shade_15h": 0, "shade_18h": 0 }, "geometry": { "type": "LineString", "coordinates": [ [ 1083032.541581087512895, 1753852.721856198273599 ], [ 1083032.541581087512895, 1754852.721856198273599 ] ] } },
{ "type": "Feature", "properties": { "road_id": 586, "shade_9h": 0, "shade_12h": 0, "shade_15h": 0, "shade_18h": 0 }, "geometry": { "type": "LineString", "coordinates": [ [ 1083032.541581087512895, 1754852.721856198273599 ], [ 1084032.541581087512895, 1754852.721856198273599 ] ] } },
{ "type": "Feature", "properties": { "road_id": 587, "shade_9h": 0, "shade_12h": 0, "shade_15h": 0, "shade_18h": 0 }, "geometry": { "type": "LineString", "coordinates": [ [ 1083032.541581087512895, 1754852.721856198273599 ], [ 1083032.541581087512895, 1755852.721856198273599 ] ] } },
{ "type": "Feature", "properties": { "road_id": 588, "shade_9h": 6, "shade_12h": 3, "shade_15h": 6, "shade_18h": 32 }, "geometry": { "type": "LineString", "coordinates": [ [ 1083032.541581087512895, 1755852.721856198273599 ], [ 1084032.541581087512895, 1755852.721856198273599 ] ] } },
{ "type": "Feature", "properties": { "road_id": 589, "shade_9h": 0, "shade_12h": 0, "shade_15h": 0, "shade_18h": 0 }, "geometry": { "type": "LineString", "coordinates": [ [ 1083032.541581087512895, 1755852.721856198273599 ], [ 1083032.541581087512895, 1756852.721856198273599 ] ] } },
{ "type": "Feature", "properties": { "road_id": 590, "shade_9h": 0, "shade_12h": 0, "shade_15h": 0, "shade_18h": 0 }, "geometry": { "type": "LineString", "coordinates": [ [ 1083032.541581087512895, 1756852.721856198273599 ], [ 1084032.541581087512895, 1756852.721856198273599 ] ] } },
{ "type": "Feature", "properties": { "road_id": 591, "shade_9h": 0, "shade_12h": 0, "shade_15h": 0, "shade_18h": 0 }, "geometry": { "type": "LineString", "coordinates": [ [ 1083032.541581087512895, 1756852.721856198273599 ], [ 1083032.541581087512895, 1757852.721856198273599 ] ] } },
{ "type": "Feature", "properties": { "road_id": 592, "shade_9h": 0, "shade_12h": 0, "shade_15h": 0, "shade_18h": 19 }, "geometry": { "type": "LineString", "coordinates": [ [ 1083032.541581087512895, 1757852.721856198273599 ], [ 1084032.541581087512895, 1757852.721856198273599 ] ] } },
{ "type": "Feature", "properties": { "road_id": 593, "shade_9h": 0, "shade_12h": 0, "shade_15h": 0, "shade_18h": 0 }, "geometry": { "type": "LineString", "coordinates": [ [ 1083032.541581087512895, 1757852.721856198273599 ], [ 1083032.541581087512895, 1758852.721856198273599 ] ] } },
{ "type": "Feature", "properties": { "road_id": 594, "shade_9h": 0, "shade_12h": 0, "shade_15h": 0, "shade_18h": 0 }, "geometry": { "type": "LineString", "coordinates": [ [ 1083032.541581087512895, 1758852.721856198273599 ], [ 1084032.541581087512895, 1758852.721856198273599 ] ] } },
{ "type": "Feature", "properties": { "road_id": 595, "shade_9h": 0, "shade_12h": 0, "shade_15h": 0, "shade_18h": 0 }, "geometry": { "type": "LineString", "coordinates": [ [ 1083032.541581087512895, 1758852.721856198273599 ], [ 1083032.541581087512895, 1759852.721856198273599 ] ] } },
{ "type": "Feature", "properties": { "road_id": 596, "shade_9h": 1, "shade_12h": 1, "shade_15h": 1, "shade_18h": 22 }, "geometry": { "type": "LineString", "coordinates": [ [ 1083032.541581087512895, 1759852.721856198273599 ], [ 1084032.541581087512895, 1759852.721856198273599 ] ] } },
{ "type": "Feature", "properties": { "road_id": 597, "shade_9h": 0, "shade_12h": 0, "shade_15h": 0, "shade_18h": 0 }, "geometry": { "type": "LineString", "coordinates": [ [ 1083032.541581087512895, 1759852.721856198273599 ], [ 1083032.541581087512895, 1760852.721856198273599 ] ] } },
{ "type": "Feature", "properties": { "road_id": 598, "shade_9h": 0, "shade_12h": 0, "shade_15h": 0, "shade_18h": 0 }, "geometry": { "type": "LineString", "coordinates": [ [ 1083032.541581087512895, 1760852.721856198273599 ], [ 1084032.541581087512895, 1760852.721856198273599 ] ] } },
{ "type": "Feature", "properties": { "road_id": 599, "shade_9h": 1, "shade_12h": 1, "shade_15h": 1, "shade_18h": 1 }, "geometry": { "type": "LineString", "coordinates": [ [ 1083032.541581087512895, 1760852.721856198273599 ], [ 1083032.541581087512895, 1761852.721856198273599 ] ] } },
{ "type": "Feature", "properties": { "road_id": 600, "shade_9h": 0, "shade_12h": 0, "shade_15h": 0, "shade_18h": 0 }, "geometry": { "type": "LineString", "coordinates": [ [ 1083032.541581087512895, 1761852.721856198273599 ], [ 1084032.541581087512895, 1761852.721856198273599 ] ] } },
{ "type": "Feature", "properties": { "road_id": 601, "shade_9h": 0, "shade_12h": 0, "shade_15h": 0, "shade_18h": 0 }, "geometry": { "type": "LineString", "coordinates": [ [ 1083032.541581087512895, 1761852.721856198273599 ], [ 1083032.541581087512895, 1762852.721856198273599 ] ] } },
{ "type": "Feature", "properties": { "road_id": 602, "shade_9h": 0, "shade_12h": 0, "shade_15h": 0, "shade_18h": 0 }, "geometry": { "type": "LineString", "coordinates": [ [ 1083032.541581087512895, 1762852.721856198273599 ], [ 1084032.541581087512895, 1762852.721856198273599 ] ] } },
{ "type": "Feature", "properties": { "road_id": 603, "shade_9h": 4, "shade_12h": 2, "shade_15h": 4, "shade_18h": 17 }, "geometry": { "type": "LineString", "coordinates": [ [ 1083032.541581087512895, 1762852.721856198273599 ], [ 1083032.541581087512895, 1763852.721856198273599 ] ] } },
{ "type": "Feature", "properties": { "road_id": 604, "shade_9h": 0, "shade_12h": 0, "shade_15h": 0, "shade_18h": 8 }, "geometry": { "type": "LineString", "coordinates": [ [ 1083032.541581087512895, 1763852.721856198273599 ], [ 1084032.541581087512895, 1763852.721856198273599 ] ] } },
{ "type": "Feature", "properties": { "road_id": 605, "shade_9h": 0, "shade_12h": 0, "shade_15h": 0, "shade_18h": 12 }, "geometry": { "type": "LineString", "coordinates": [ [ 1083032.541581087512895, 1763852.721856198273599 ], [ 1083032.541581087512895, 1764852.721856198273599 ] ] } },
{ "type": "Feature", "properties": { "road_id": 606, "shade_9h": 0, "shade_12h": 0, "shade_15h": 0, "shade_18h": 0 }, "geometry": { "type": "LineString", "coordinates": [ [ 1083032.541581087512895, 1764852.721856198273599 ], [ 1084032.541581087512895, 1764852.721856198273599 ] ] } },
{ "type": "Feature", "properties": { "road_id": 607, "shade_9h": 0, "shade_12h": 0, "shade_15h": 0, "shade_18h": 14 }, "geometry": { "type": "LineString", "coordinates": [ [ 1083032.541581087512895, 1764852.721856198273599 ], [ 1083032.541581087512895, 1765852.721856198273599 ] ] } },
{ "type": "Feature", "properties": { "road_id": 608, "shade_9h": 8, "shade_12h": 4, "shade_15h": 7, "shade_18h": 32 }, "geometry": { "type": "LineString", "coordinates": [ [ 1083032.541581087512895, 1765852.721856198273599 ], [ 1084032.541581087512895, 1765852.721856198273599 ] ] } },
{ "type": "Feature", "properties": { "road_id": 609, "shade_9h": 0, "shade_12h": 0, "shade_15h": 0, "shade_18h": 13 }, "geometry": { "type": "LineString", "coordinates": [ [ 1083032.541581087512895, 1765852.721856198273599 ], [ 1083032.541581087512895, 1766852.721856198273599 ] ] } },
{ "type": "Feature", "properties": { "road_id": 610, "shade_9h": 0, "shade_12h": 0, "shade_15h": 0, "shade_18h": 0 }, "geometry": { "type": "LineString", "coordinates": [ [ 1083032.541581087512895, 1766852.721856198273599 ], [ 1084032.541581087512895, 1766852.721856198273599 ] ] } },
{ "type": "Feature", "properties": { "road_id": 611, "shade_9h": 0, "shade_12h": 0, "shade_15h": 0, "shade_18h": 0 }, "geometry": { "type": "LineString", "coordinates": [ [ 1083032.541581087512895, 1766852.721856198273599 ], [ 1083032.541581087512895, 1767852.721856198273599 ] ] } },
{ "type": "Feature", "properties": { "road_id": 612, "shade_9h": 0, "shade_12h": 0, "shade_15h": 0, "shade_18h": 0 }, "geometry": { "type": "LineString", "coordinates": [ [ 1083032.541581087512895, 1767852.721856198273599 ], [ 1084032.541581087512895, 1767852.721856198273599 ] ] } },
{ "type": "Feature", "properties": { "road_id": 613, "shade_9h": 0, "shade_12h": 0, "shade_15h": 0, "shade_18h": 0 }, "geometry": { "type": "LineString", "coordinates": [ [ 1083032.541581087512895, 1767852.721856198273599 ], [ 1083032.541581087512895, 1768852.721856198273599 ] ] } },
{ "type": "Feature", "properties": { "road_id": 614, "shade_9h": 0, "shade_12h": 0, "shade_15h": 0, "shade_18h": 0 }, "geometry": { "type": "LineString", "coordinates": [ [ 1083032.541581087512895, 1768852.721856198273599 ], [ 1084032.541581087512895, 1768852.721856198273599 ] ] } },
{ "type": "Feature", "properties": { "road_id": 615, "shade_9h": 0, "shade_12h": 0, "shade_15h": 0, "shade_18h": 0 }, "geometry": { "type": "LineString", "coordinates": [ [ 1083032.541581087512895, 1768852.721856198273599 ], [ 1083032.541581087512895, 1769852.721856198273599 ] ] } },
{ "type": "Feature", "properties": { "road_id": 616, "shade_9h": 0, "shade_12h": 0, "shade_15h": 0, "shade_18h": 0 }, "geometry": { "type": "LineString", "coordinates": [ [ 1083032.541581087512895, 1769852.721856198273599 ], [ 1084032.541581087512895, 1769852.721856198273599 ] ] } },
{ "type": "Feature", "properties": { "road_id": 617, "shade_9h": 1, "shade_12h": 1, "shade_15h": 1, "shade_18h": 1 }, "geometry": { "type": "LineString", "coordinates": [ [ 1083032.541581087512895, 1769852.721856198273599 ], [ 1083032.541581087512895, 1770852.721856198273599 ] ] } },
{ "type": "Feature", "properties": { "road_id": 618, "shade_9h": 0, "shade_12h": 0, "shade_15h": 0, "shade_18h": 0 }, "geometry": { "type": "LineString", "coordinates": [ [ 1083032.541581087512895, 1770852.721856198273599 ], [ 1084032.541581087512895, 1770852.721856198273599 ] ] } },
{ "type": "Feature", "properties": { "road_id": 619, "shade_9h": 0, "shade_12h": 0, "shade_15h": 0, "shade_18h": 34 }, "geometry": { "type": "LineString", "coordinates": [ [ 1083032.541581087512895, 1770852.721856198273599 ], [ 1083032.541581087512895, 1771852.721856198273599 ] ] } },
{ "type": "Feature", "properties": { "road_id": 620, "shade_9h": 0, "shade_12h": 0, "shade_15h": 0, "shade_18h": 4 }, "geometry": { "type": "LineString", "coordinates": [ [ 1083032.541581087512895, 1771852.721856198273599 ], [ 1084032.541581087512895, 1771852.721856198273599 ] ] } },
{ "type": "Feature", "properties": { "road_id": 621, "shade_9h": 0, "shade_12h": 0, "shade_15h": 0, "shade_18h": 1 }, "geometry": { "type": "LineString", "coordinates": [ [ 1083032.541581087512895, 1771852.721856198273599 ], [ 1083032.541581087512895, 1772852.721856198273599 ] ] } },
{ "type": "Feature", "properties": { "road_id": 622, "shade_9h": 0, "shade_12h": 0, "shade_15h": 0, "shade_18h": 0 }, "geometry": { "type": "LineString", "coordinates": [ [ 1083032.541581087512895, 1772852.721856198273599 ], [ 1084032.541581087512895, 1772852.721856198273599 ] ] } },
{ "type": "Feature", "properties": { "road_id": 623, "shade_9h": 0, "shade_12h": 0, "shade_15h": 0, "shade_18h": 0 }, "geometry": { "type": "LineString", "coordinates": [ [ 1083032.541581087512895, 1772852.721856198273599 ], [ 1083032.541581087512895, 1773852.721856198273599 ] ] } },
{ "type": "Feature", "properties": { "road_id": 624, "shade_9h": 1, "shade_12h": 1, "shade_15h": 1, "shade_18h": 1 }, "geometry": { "type": "LineString", "coordinates": [ [ 1083032.541581087512895, 1773852.721856198273599 ], [ 1084032.541581087512895, 1773852.721856198273599 ] ] } },
{ "type": "Feature", "properties": { "road_id": 625, "shade_9h": 0, "shade_12h": 0, "shade_15h": 0, "shade_18h": 0 }, "geometry": { "type": "LineString", "coordinates": [ [ 1083032.541581087512895, 1773852.721856198273599 ], [ 1083032.541581087512895, 1774852.721856198273599 ] ] } },
{ "type": "Feature", "properties": { "road_id": 626, "shade_9h": 0, "shade_12h": 0, "shade_15h": 0, "shade_18h": 0 }, "geometry": { "type": "LineString", "coordinates": [ [ 1083032.541581087512895, 1774852.721856198273599 ], [ 1084032.541581087512895, 1774852.721856198273599 ] ] } },
{ "type": "Feature", "properties": { "road_id": 627, "shade_9h": 0, "shade_12h": 0, "shade_15h": 0, "shade_18h": 0 }, "geometry": { "type": "LineString", "coordinates": [ [ 1083032.541581087512895, 1774852.721856198273599 ], [ 1083032.541581087512895, 1775852.721856198273599 ] ] } },
{ "type": "Feature", "properties": { "road_id": 628, "shade_9h": 0, "shade_12h": 0, "shade_15h": 0, "shade_18h": 0 }, "geometry": { "type": "LineString", "coordinates": [ [ 1083032.541581087512895, 1775852.721856198273599 ], [ 1084032.541581087512895, 1775852.721856198273599 ] ] } },
{ "type": "Feature", "properties": { "road_id": 629, "shade_9h": 0, "shade_12h": 0, "shade_15h": 0, "shade_18h": 0 }, "geometry": { "type": "LineString", "coordinates": [ [ 1083032.541581087512895, 1775852.721856198273599 ], [ 1083032.541581087512895, 1776852.721856198273599 ] ] } },
{ "type": "Feature", "properties": { "road_id": 630, "shade_9h": 7, "shade_12h": 0, "shade_15h": 7, "shade_18h": 42 }, "geometry": { "type": "LineString", "coordinates": [ [ 1083032.541581087512895, 1776852.721856198273599 ], [ 1084032.541581087512895, 1776852.721856198273599 ] ] } },
{ "type": "Feature", "properties": { "road_id": 631, "shade_9h": 0, "shade_12h": 0, "shade_15h": 0, "shade_18h": 0 }, "geometry": { "type": "LineString", "coordinates": [ [ 1083032.541581087512895, 1776852.721856198273599 ], [ 1083032.541581087512895, 1777852.721856198273599 ] ] } },
{ "type": "Feature", "properties": { "road_id": 632, "shade_9h": 0, "shade_12h": 0, "shade_15h": 0, "shade_18h": 0 }, "geometry": { "type": "LineString", "coordinates": [ [ 1083032.541581087512895, 1777852.721856198273599 ], [ 1084032.541581087512895, 1777852.721856198273599 ] ] } },
{ "type": "Feature", "properties": { "road_id": 633, "shade_9h": 0, "shade_12h": 0, "shade_15h": 0, "shade_18h": 0 }, "geometry": { "type": "LineString", "coordinates": [ [ 1083032.541581087512895, 1777852.721856198273599 ], [ 1083032.541581087512895, 1778852.721856198273599 ] ] } },
{ "type": "Feature", "properties": { "road_id": 634, "shade_9h": 0, "shade_12h": 0, "shade_15h": 0, "shade_18h": 0 }, "geometry": { "type": "LineString", "coordinates": [ [ 1083032.541581087512895, 1778852.721856198273599 ], [ 1084032.541581087512895, 1778852.721856198273599 ] ] } },
{ "type": "Feature", "properties": { "road_id": 635, "shade_9h": 0, "shade_12h": 0, "shade_15h": 0, "shade_18h": 0 }, "geometry": { "type": "LineString", "coordinates": [ [ 1083032.541581087512895, 1778852.721856198273599 ], [ 1083032.541581087512895, 1779852.721856198273599 ] ] } },
{ "type": "Feature", "properties": { "road_id": 636, "shade_9h": 0, "shade_12h": 0, "shade_15h": 0, "shade_18h": 0 }, "geometry": { "type": "LineString", "coordinates": [ [ 1083032.541581087512895, 1779852.721856198273599 ], [ 1084032.541581087512895, 1779852.721856198273599 ] ] } },
{ "type": "Feature", "properties": { "road_id": 637, "shade_9h": 0, "shade_12h": 0, "shade_15h": 0, "shade_18h": 0 }, "geometry": { "type": "LineString", "coordinates": [ [ 1084032.541581087512895, 1734852.721856198273599 ], [ 1085032.541581087512895, 1734852.721856198273599 ] ] } },
{ "type": "Feature", "properties": { "road_id": 638, "shade_9h": 0, "shade_12h": 0, "shade_15h": 0, "shade_18h": 0 }, "geometry": { "type": "LineString", "coordinates": [ [ 1084032.541581087512895, 1734852.721856198273599 ], [ 1084032.541581087512895, 1735852.721856198273599 ] ] } },
{ "type": "Feature", "properties": { "road_id": 639, "shade_9h": 0, "shade_12h": 0, "shade_15h": 0, "shade_18h": 0 }, "geometry": { "type": "LineString", "coordinates": [ [ 1084032.541581087512895, 1735852.721856198273599 ], [ 1085032.541581087512895, 1735852.721856198273599 ] ] } },
{ "type": "Feature", "properties": { "road_id": 640, "shade_9h": 0, "shade_12h": 0, "shade_15h": 0, "shade_18h": 0 }, "geometry": { "type": "LineString", "coordinates": [ [ 1084032.541581087512895, 1735852.721856198273599 ], [ 1084032.541581087512895, 1736852.721856198273599 ] ] } },
{ "type": "Feature", "properties": { "road_id": 641, "shade_9h": 0, "shade_12h": 0, "shade_15h": 0, "shade_18h": 0 }, "geometry": { "type": "LineString", "coordinates": [ [ 1084032.541581087512895, 1736852.721856198273599 ], [ 1085032.541581087512895, 1736852.721856198273599 ] ] } },
{ "type": "Feature", "properties": { "road_id": 642, "shade_9h": 0, "shade_12h": 0, "shade_15h": 0, "shade_18h": 0 }, "geometry": { "type": "LineString", "coordinates": [ [ 1084032.541581087512895, 1736852.721856198273599 ], [ 1084032.541581087512895, 1737852.721856198273599 ] ] } },
{ "type": "Feature", "properties": { "road_id": 643, "shade_9h": 1, "shade_12h": 1, "shade_15h": 1, "shade_18h": 1 }, "geometry": { "type": "LineString", "coordinates": [ [ 1084032.541581087512895, 1737852.721856198273599 ], [ 1085032.541581087512895, 1737852.721856198273599 ] ] } },
{ "type": "Feature", "properties": { "road_id": 644, "shade_9h": 0, "shade_12h": 0, "shade_15h": 0, "shade_18h": 0 }, "geometry": { "type": "LineString", "coordinates": [ [ 1084032.541581087512895, 1737852.721856198273599 ], [ 1084032.541581087512895, 1738852.721856198273599 ] ] } },
{ "type": "Feature", "properties": { "road_id": 645, "shade_9h": 0, "shade_12h": 0, "shade_15h": 0, "shade_18h": 0 }, "geometry": { "type": "LineString", "coordinates": [ [ 1084032.541581087512895, 1738852.721856198273599 ], [ 1085032.541581087512895, 1738852.721856198273599 ] ] } },
{ "type": "Feature", "properties": { "road_id": 646, "shade_9h": 0, "shade_12h": 0, "shade_15h": 0, "shade_18h": 0 }, "geometry": { "type": "LineString", "coordinates": [ [ 1084032.541581087512895, 1738852.721856198273599 ], [ 1084032.541581087512895, 1739852.721856198273599 ] ] } },
{ "type": "Feature", "properties": { "road_id": 647, "shade_9h": 0, "shade_12h": 0, "shade_15h": 0, "shade_18h": 21 }, "geometry": { "type": "LineString", "coordinates": [ [ 1084032.541581087512895, 1739852.721856198273599 ], [ 1085032.541581087512895, 1739852.721856198273599 ] ] } },
{ "type": "Feature", "properties": { "road_id": 648, "shade_9h": 1, "shade_12h": 1, "shade_15h": 1, "shade_18h": 1 }, "geometry": { "type": "LineString", "coordinates": [ [ 1084032.541581087512895, 1739852.721856198273599 ], [ 1084032.541581087512895, 1740852.721856198273599 ] ] } },
{ "type": "Feature", "properties": { "road_id": 649, "shade_9h": 1, "shade_12h": 1, "shade_15h": 1, "shade_18h": 1 }, "geometry": { "type": "LineString", "coordinates": [ [ 1084032.541581087512895, 1740852.721856198273599 ], [ 1085032.541581087512895, 1740852.721856198273599 ] ] } },
{ "type": "Feature", "properties": { "road_id": 650, "shade_9h": 0, "shade_12h": 0, "shade_15h": 0, "shade_18h": 0 }, "geometry": { "type": "LineString", "coordinates": [ [ 1084032.541581087512895, 1740852.721856198273599 ], [ 1084032.541581087512895, 1741852.721856198273599 ] ] } },
{ "type": "Feature", "properties": { "road_id": 651, "shade_9h": 0, "shade_12h": 0, "shade_15h": 0, "shade_18h": 0 }, "geometry": { "type": "LineString", "coordinates": [ [ 1084032.541581087512895, 1741852.721856198273599 ], [ 1085032.541581087512895, 1741852.721856198273599 ] ] } },
{ "type": "Feature", "properties": { "road_id": 652, "shade_9h": 6, "shade_12h": 2, "shade_15h": 6, "shade_18h": 35 }, "geometry": { "type": "LineString", "coordinates": [ [ 1084032.541581087512895, 1741852.721856198273599 ], [ 1084032.541581087512895, 1742852.721856198273599 ] ] } },
{ "type": "Feature", "properties": { "road_id": 653, "shade_9h": 0, "shade_12h": 0, "shade_15h": 0, "shade_18h": 0 }, "geometry": { "type": "LineString", "coordinates": [ [ 1084032.541581087512895, 1742852.721856198273599 ], [ 1085032.541581087512895, 1742852.721856198273599 ] ] } },
{ "type": "Feature", "properties": { "road_id": 654, "shade_9h": 0, "shade_12h": 0, "shade_15h": 0, "shade_18h": 0 }, "geometry": { "type": "LineString", "coordinates": [ [ 1084032.541581087512895, 1742852.721856198273599 ], [ 1084032.541581087512895, 1743852.721856198273599 ] ] } },
{ "type": "Feature", "properties": { "road_id": 655, "shade_9h": 0, "shade_12h": 0, "shade_15h": 0, "shade_18h": 0 }, "geometry": { "type": "LineString", "coordinates": [ [ 1084032.541581087512895, 1743852.721856198273599 ], [ 1085032.541581087512895, 1743852.721856198273599 ] ] } },
{ "type": "Feature", "properties": { "road_id": 656, "shade_9h": 0, "shade_12h": 0, "shade_15h": 0, "shade_18h": 0 }, "geometry": { "type": "LineString", "coordinates": [ [ 1084032.541581087512895, 1743852.721856198273599 ], [ 1084032.541581087512895, 1744852.721856198273599 ] ] } },
{ "type": "Feature", "properties": { "road_id": 657, "shade_9h": 0, "shade_12h": 0, "shade_15h": 0, "shade_18h": 0 }, "geometry": { "type": "LineString", "coordinates": [ [ 1084032.541581087512895, 1744852.721856198273599 ], [ 1085032.541581087512895, 1744852.721856198273599 ] ] } },
{ "type": "Feature", "properties": { "road_id": 658, "shade_9h": 0, "shade_12h": 0, "shade_15h": 0, "shade_18h": 0 }, "geometry": { "type": "LineString", "coordinates": [ [ 1084032.541581087512895, 1744852.721856198273599 ], [ 1084032.541581087512895, 1745852.721856198273599 ] ] } },
{ "type": "Feature", "properties": { "road_id": 659, "shade_9h": 0, "shade_12h": 0, "shade_15h": 0, "shade_18h": 0 }, "geometry": { "type": "LineString", "coordinates": [ [ 1084032.541581087512895, 1745852.721856198273599 ], [ 1085032.541581087512895, 1745852.721856198273599 ] ] } },
{ "type": "Feature", "properties": { "road_id": 660, "shade_9h": 0, "shade_12h": 0, "shade_15h": 0, "shade_18h": 0 }, "geometry": { "type": "LineString", "coordinates": [ [ 1084032.541581087512895, 1745852.721856198273599 ], [ 1084032.541581087512895, 1746852.721856198273599 ] ] } },
{ "type": "Feature", "properties": { "road_id": 661, "shade_9h": 3, "shade_12h": 0, "shade_15h": 2, "shade_18h": 20 }, "geometry": { "type": "LineString", "coordinates": [ [ 1084032.541581087512895, 1746852.721856198273599 ], [ 1085032.541581087512895, 1746852.721856198273599 ] ] } },
{ "type": "Feature", "properties": { "road_id": 662, "shade_9h": 0, "shade_12h": 0, "shade_15h": 0, "shade_18h": 0 }, "geometry": { "type": "LineString", "coordinates": [ [ 1084032.541581087512895, 1746852.721856198273599 ], [ 1084032.541581087512895, 1747852.721856198273599 ] ] } },
{ "type": "Feature", "properties": { "road_id": 663, "shade_9h": 0, "shade_12h": 0, "shade_15h": 0, "shade_18h": 0 }, "geometry": { "type": "LineString", "coordinates": [ [ 1084032.541581087512895, 1747852.721856198273599 ], [ 1085032.541581087512895, 1747852.721856198273599 ] ] } },
{ "type": "Feature", "properties": { "road_id": 664, "shade_9h": 0, "shade_12h": 0, "shade_15h": 0, "shade_18h": 0 }, "geometry": { "type": "LineString", "coordinates": [ [ 1084032.541581087512895, 1747852.721856198273599 ], [ 1084032.541581087512895, 1748852.721856198273599 ] ] } },
{ "type": "Feature", "properties": { "road_id": 665, "shade_9h": 0, "shade_12h": 0, "shade_15h": 0, "shade_18h": 0 }, "geometry": { "type": "LineString", "coordinates": [ [ 1084032.541581087512895, 1748852.721856198273599 ], [ 1085032.541581087512895, 1748852.721856198273599 ] ] } },
{ "type": "Feature", "properties": { "road_id": 666, "shade_9h": 0, "shade_12h": 0, "shade_15h": 0, "shade_18h": 12 }, "geometry": { "type": "LineString", "coordinates": [ [ 1084032.541581087512895, 1748852.721856198273599 ], [ 1084032.541581087512895, 1749852.721856198273599 ] ] } },
{ "type": "Feature", "properties": { "road_id": 667, "shade_9h": 8, "shade_12h": 4, "shade_15h": 7, "shade_18h": 28 }, "geometry": { "type": "LineString", "coordinates": [ [ 1084032.541581087512895, 1749852.721856198273599 ], [ 1085032.541581087512895, 1749852.721856198273599 ] ] } },
{ "type": "Feature", "properties": { "road_id": 668, "shade_9h": 7, "shade_12h": 3, "shade_15h": 7, "shade_18h": 24 }, "geometry": { "type": "LineString", "coordinates": [ [ 1084032.541581087512895, 1749852.721856198273599 ], [ 1084032.541581087512895, 1750852.721856198273599 ] ] } },
{ "type": "Feature", "properties": { "road_id": 669, "shade_9h": 0, "shade_12h": 0, "shade_15h": 0, "shade_18h": 18 }, "geometry": { "type": "LineString", "coordinates": [ [ 1084032.541581087512895, 1750852.721856198273599 ], [ 1085032.541581087512895, 1750852.721856198273599 ] ] } },
{ "type": "Feature", "properties": { "road_id": 670, "shade_9h": 0, "shade_12h": 0, "shade_15h": 0, "shade_18h": 11 }, "geometry": { "type": "LineString", "coordinates": [ [ 1084032.541581087512895, 1750852.721856198273599 ], [ 1084032.541581087512895, 1751852.721856198273599 ] ] } },
{ "type": "Feature", "properties": { "road_id": 671, "shade_9h": 0, "shade_12h": 0, "shade_15h": 0, "shade_18h": 0 }, "geometry": { "type": "LineString", "coordinates": [ [ 1084032.541581087512895, 1751852.721856198273599 ], [ 1085032.541581087512895, 1751852.721856198273599 ] ] } },
{ "type": "Feature", "properties": { "road_id": 672, "shade_9h": 0, "shade_12h": 0, "shade_15h": 0, "shade_18h": 0 }, "geometry": { "type": "LineString", "coordinates": [ [ 1084032.541581087512895, 1751852.721856198273599 ], [ 1084032.541581087512895, 1752852.721856198273599 ] ] } },
{ "type": "Feature", "properties": { "road_id": 673, "shade_9h": 0, "shade_12h": 0, "shade_15h": 0, "shade_18h": 0 }, "geometry": { "type": "LineString", "coordinates": [ [ 1084032.541581087512895, 1752852.721856198273599 ], [ 1085032.541581087512895, 1752852.721856198273599 ] ] } },
{ "type": "Feature", "properties": { "road_id": 674, "shade_9h": 7, "shade_12h": 0, "shade_15h": 6, "shade_18h": 39 }, "geometry": { "type": "LineString", "coordinates": [ [ 1084032.541581087512895, 1752852.721856198273599 ], [ 1084032.541581087512895, 1753852.721856198273599 ] ] } },
{ "type": "Feature", "properties": { "road_id": 675, "shade_9h": 0, "shade_12h": 0, "shade_15h": 0, "shade_18h": 0 }, "geometry": { "type": "LineString", "coordinates": [ [ 1084032.541581087512895, 1753852.721856198273599 ], [ 1085032.541581087512895, 1753852.721856198273599 ] ] } },
{ "type": "Feature", "properties": { "road_id": 676, "shade_9h": 1, "shade_12h": 1, "shade_15h": 1, "shade_18h": 1 }, "geometry": { "type": "LineString", "coordinates": [ [ 1084032.541581087512895, 1753852.721856198273599 ], [ 1084032.541581087512895, 1754852.721856198273599 ] ] } },
{ "type": "Feature", "properties": { "road_id": 677, "shade_9h": 0, "shade_12h": 0, "shade_15h": 0, "shade_18h": 0 }, "geometry": { "type": "LineString", "coordinates": [ [ 1084032.541581087512895, 1754852.721856198273599 ], [ 1085032.541581087512895, 1754852.721856198273599 ] ] } },
{ "type": "Feature", "properties": { "road_id": 678, "shade_9h": 0, "shade_12h": 0, "shade_15h": 0, "shade_18h": 0 }, "geometry": { "type": "LineString", "coordinates": [ [ 1084032.541581087512895, 1754852.721856198273599 ], [ 1084032.541581087512895, 1755852.721856198273599 ] ] } },
{ "type": "Feature", "properties": { "road_id": 679, "shade_9h": 0, "shade_12h": 0, "shade_15h": 0, "shade_18h": 0 }, "geometry": { "type": "LineString", "coordinates": [ [ 1084032.541581087512895, 1755852.721856198273599 ], [ 1085032.541581087512895, 1755852.721856198273599 ] ] } },
{ "type": "Feature", "properties": { "road_id": 680, "shade_9h": 2, "shade_12h": 0, "shade_15h": 2, "shade_18h": 12 }, "geometry": { "type": "LineString", "coordinates": [ [ 1084032.541581087512895, 1755852.721856198273599 ], [ 1084032.541581087512895, 1756852.721856198273599 ] ] } },
{ "type": "Feature", "properties": { "road_id": 681, "shade_9h": 0, "shade_12h": 0, "shade_15h": 0, "shade_18h": 0 }, "geometry": { "type": "LineString", "coordinates": [ [ 1084032.541581087512895, 1756852.721856198273599 ], [ 1085032.541581087512895, 1756852.721856198273599 ] ] } },
{ "type": "Feature", "properties": { "road_id": 682, "shade_9h": 0, "shade_12h": 0, "shade_15h": 0, "shade_18h": 14 }, "geometry": { "type": "LineString", "coordinates": [ [ 1084032.541581087512895, 1756852.721856198273599 ], [ 1084032.541581087512895, 1757852.721856198273599 ] ] } },
{ "type": "Feature", "properties": { "road_id": 683, "shade_9h": 0, "shade_12h": 0, "shade_15h": 0, "shade_18h": 17 }, "geometry": { "type": "LineString", "coordinates": [ [ 1084032.541581087512895, 1757852.721856198273599 ], [ 1085032.541581087512895, 1757852.721856198273599 ] ] } },
{ "type": "Feature", "properties": { "road_id": 684, "shade_9h": 9, "shade_12h": 2, "shade_15h": 9, "shade_18h": 48 }, "geometry": { "type": "LineString", "coordinates": [ [ 1084032.541581087512895, 1757852.721856198273599 ], [ 1084032.541581087512895, 1758852.721856198273599 ] ] } },
{ "type": "Feature", "properties": { "road_id": 685, "shade_9h": 0, "shade_12h": 0, "shade_15h": 0, "shade_18h": 19 }, "geometry": { "type": "LineString", "coordinates": [ [ 1084032.541581087512895, 1758852.721856198273599 ], [ 1085032.541581087512895, 1758852.721856198273599 ] ] } },
{ "type": "Feature", "properties": { "road_id": 686, "shade_9h": 0, "shade_12h": 0, "shade_15h": 0, "shade_18h": 0 }, "geometry": { "type": "LineString", "coordinates": [ [ 1084032.541581087512895, 1758852.721856198273599 ], [ 1084032.541581087512895, 1759852.721856198273599 ] ] } },
{ "type": "Feature", "properties": { "road_id": 687, "shade_9h": 4, "shade_12h": 0, "shade_15h": 2, "shade_18h": 26 }, "geometry": { "type": "LineString", "coordinates": [ [ 1084032.541581087512895, 1759852.721856198273599 ], [ 1085032.541581087512895, 1759852.721856198273599 ] ] } },
{ "type": "Feature", "properties": { "road_id": 688, "shade_9h": 0, "shade_12h": 0, "shade_15h": 0, "shade_18h": 0 }, "geometry": { "type": "LineString", "coordinates": [ [ 1084032.541581087512895, 1759852.721856198273599 ], [ 1084032.541581087512895, 1760852.721856198273599 ] ] } },
{ "type": "Feature", "properties": { "road_id": 689, "shade_9h": 0, "shade_12h": 0, "shade_15h": 0, "shade_18h": 0 }, "geometry": { "type": "LineString", "coordinates": [ [ 1084032.541581087512895, 1760852.721856198273599 ], [ 1085032.541581087512895, 1760852.721856198273599 ] ] } },
{ "type": "Feature", "properties": { "road_id": 690, "shade_9h": 0, "shade_12h": 0, "shade_15h": 0, "shade_18h": 0 }, "geometry": { "type": "LineString", "coordinates": [ [ 1084032.541581087512895, 1760852.721856198273599 ], [ 1084032.541581087512895, 1761852.721856198273599 ] ] } },
{ "type": "Feature", "properties": { "road_id": 691, "shade_9h": 1, "shade_12h": 1, "shade_15h": 1, "shade_18h": 1 }, "geometry": { "type": "LineString", "coordinates": [ [ 1084032.541581087512895, 1761852.721856198273599 ], [ 1085032.541581087512895, 1761852.721856198273599 ] ] } },
{ "type": "Feature", "properties": { "road_id": 692, "shade_9h": 0, "shade_12h": 0, "shade_15h": 0, "shade_18h": 0 }, "geometry": { "type": "LineString", "coordinates": [ [ 1084032.541581087512895, 1761852.721856198273599 ], [ 1084032.541581087512895, 1762852.721856198273599 ] ] } },
{ "type": "Feature", "properties": { "road_id": 693, "shade_9h": 1, "shade_12h": 1, "shade_15h": 1, "shade_18h": 1 }, "geometry": { "type": "LineString", "coordinates": [ [ 1084032.541581087512895, 1762852.721856198273599 ], [ 1085032.541581087512895, 1762852.721856198273599 ] ] } },
{ "type": "Feature", "properties": { "road_id": 694, "shade_9h": 0, "shade_12h": 0, "shade_15h": 0, "shade_18h": 0 }, "geometry": { "type": "LineString", "coordinates": [ [ 1084032.541581087512895, 1762852.721856198273599 ], [ 1084032.541581087512895, 1763852.721856198273599 ] ] } },
{ "type": "Feature", "properties": { "road_id": 695, "shade_9h": 0, "shade_12h": 0, "shade_15h": 0, "shade_18h": 0 }, "geometry": { "type": "LineString", "coordinates": [ [ 1084032.541581087512895, 1763852.721856198273599 ], [ 1085032.541581087512895, 1763852.721856198273599 ] ] } },
{ "type": "Feature", "properties": { "road_id": 696, "shade_9h": 0, "shade_12h": 0, "shade_15h": 0, "shade_18h": 0 }, "geometry": { "type": "LineString", "coordinates": [ [ 1084032.541581087512895, 1763852.721856198273599 ], [ 1084032.541581087512895, 1764852.721856198273599 ] ] } },
{ "type": "Feature", "properties": { "road_id": 697, "shade_9h": 0, "shade_12h": 0, "shade_15h": 0, "shade_18h": 0 }, "geometry": { "type": "LineString", "coordinates": [ [ 1084032.541581087512895, 1764852.721856198273599 ], [ 1085032.541581087512895, 1764852.721856198273599 ] ] } },
{ "type": "Feature", "properties": { "road_id": 698, "shade_9h": 5, "shade_12h": 0, "shade_15h": 5, "shade_18h": 35 }, "geometry": { "type": "LineString", "coordinates": [ [ 1084032.541581087512895, 1764852.721856198273599 ], [ 1084032.541581087512895, 1765852.721856198273599 ] ] } },
{ "type": "Feature", "properties": { "road_id": 699, "shade_9h": 0, "shade_12h": 0, "shade_15h": 0, "shade_18h": 0 }, "geometry": { "type": "LineString", "coordinates": [ [ 1084032.541581087512895, 1765852.721856198273599 ], [ 1085032.541581087512895, 1765852.721856198273599 ] ] } },
{ "type": "Feature", "properties": { "road_id": 700, "shade_9h": 0, "shade_12h": 0, "shade_15h": 0, "shade_18h": 0 }, "geometry": { "type": "LineString", "coordinates": [ [ 1084032.541581087512895, 1765852.721856198273599 ], [ 1084032.541581087512895, 1766852.721856198273599 ] ] } },
{ "type": "Feature", "properties": { "road_id": 701, "shade_9h": 0, "shade_12h": 0, "shade_15h": 0, "shade_18h": 0 }, "geometry": { "type": "LineString", "coordinates": [ [ 1084032.541581087512895, 1766852.721856198273599 ], [ 1085032.541581087512895, 1766852.721856198273599 ] ] } },
{ "type": "Feature", "properties": { "road_id": 702, "shade_9h": 0, "shade_12h": 0, "shade_15h": 0, "shade_18h": 0 }, "geometry": { "type": "LineString", "coordinates": [ [ 1084032.541581087512895, 1766852.721856198273599 ], [ 1084032.541581087512895, 1767852.721856198273599 ] ] } },
{ "type": "Feature", "properties": { "road_id": 703, "shade_9h": 10, "shade_12h": 5, "shade_15h": 10, "shade_18h": 49 }, "geometry": { "type": "LineString", "coordinates": [ [ 1084032.541581087512895, 1767852.721856198273599 ], [ 1085032.541581087512895, 1767852.721856198273599 ] ] } },
{ "type": "Feature", "properties": { "road_id": 704, "shade_9h": 0, "shade_12h": 0, "shade_15h": 0, "shade_18h": 0 }, "geometry": { "type": "LineString", "coordinates": [ [ 1084032.541581087512895, 1767852.721856198273599 ], [ 1084032.541581087512895, 1768852.721856198273599 ] ] } },
{ "type": "Feature", "properties": { "road_id": 705, "shade_9h": 0, "shade_12h": 0, "shade_15h": 0, "shade_18h": 0 }, "geometry": { "type": "LineString", "coordinates": [ [ 1084032.541581087512895, 1768852.721856198273599 ], [ 1085032.541581087512895, 1768852.721856198273599 ] ] } },
{ "type": "Feature", "properties": { "road_id": 706, "shade_9h": 1, "shade_12h": 1, "shade_15h": 1, "shade_18h": 1 }, "geometry": { "type": "LineString", "coordinates": [ [ 1084032.541581087512895, 1768852.721856198273599 ], [ 1084032.541581087512895, 1769852.721856198273599 ] ] } },
{ "type": "Feature", "properties": { "road_id": 707, "shade_9h": 0, "shade_12h": 0, "shade_15h": 0, "shade_18h": 0 }, "geometry": { "type": "LineString", "coordinates": [ [ 1084032.541581087512895, 1769852.721856198273599 ], [ 1085032.541581087512895, 1769852.721856198273599 ] ] } },
{ "type": "Feature", "properties": { "road_id": 708, "shade_9h": 0, "shade_12h": 0, "shade_15h": 0, "shade_18h": 0 }, "geometry": { "type": "LineString", "coordinates": [ [ 1084032.541581087512895, 1769852.721856198273599 ], [ 1084032.541581087512895, 1770852.721856198273599 ] ] } },
{ "type": "Feature", "properties": { "road_id": 709, "shade_9h": 0, "shade_12h": 0, "shade_15h": 0, "shade_18h": 0 }, "geometry": { "type": "LineString", "coordinates": [ [ 1084032.541581087512895, 1770852.721856198273599 ], [ 1085032.541581087512895, 1770852.721856198273599 ] ] } },
{ "type": "Feature", "properties": { "road_id": 710, "shade_9h": 0, "shade_12h": 0, "shade_15h": 0, "shade_18h": 0 }, "geometry": { "type": "LineString", "coordinates": [ [ 1084032.541581087512895, 1770852.721856198273599 ], [ 1084032.541581087512895, 1771852.721856198273599 ] ] } },
{ "type": "Feature", "properties": { "road_id": 711, "shade_9h": 0, "shade_12h": 0, "shade_15h": 0, "shade_18h": 30 }, "geometry": { "type": "LineString", "coordinates": [ [ 1084032.541581087512895, 1771852.721856198273599 ], [ 1085032.541581087512895, 1771852.721856198273599 ] ] } },
{ "type": "Feature", "properties": { "road_id": 712, "shade_9h": 0, "shade_12h": 0, "shade_15h": 0, "shade_18h": 0 }, "geometry": { "type": "LineString", "coordinates": [ [ 1084032.541581087512895, 1771852.721856198273599 ], [ 1084032.541581087512895, 1772852.721856198273599 ] ] } },
{ "type": "Feature", "properties": { "road_id": 713, "shade_9h": 8, "shade_12h": 2, "shade_15h": 7, "shade_18h": 46 }, "geometry": { "type": "LineString", "coordinates": [ [ 1084032.541581087512895, 1772852.721856198273599 ], [ 1085032.541581087512895, 1772852.721856198273599 ] ] } },
{ "type": "Feature", "properties": { "road_id": 714, "shade_9h": 0, "shade_12h": 0, "shade_15h": 0, "shade_18h": 0 }, "geometry": { "type": "LineString", "coordinates": [ [ 1084032.541581087512895, 1772852.721856198273599 ], [ 1084032.541581087512895, 1773852.721856198273599 ] ] } },
{ "type": "Feature", "properties": { "road_id": 715, "shade_9h": 0, "shade_12h": 0, "shade_15h": 0, "shade_18h": 26 }, "geometry": { "type": "LineString", "coordinates": [ [ 1084032.541581087512895, 1773852.721856198273599 ], [ 1085032.541581087512895, 1773852.721856198273599 ] ] } },
{ "type": "Feature", "properties": { "road_id": 716, "shade_9h": 0, "shade_12h": 0, "shade_15h": 0, "shade_18h": 0 }, "geometry": { "type": "LineString", "coordinates": [ [ 1084032.541581087512895, 1773852.721856198273599 ], [ 1084032.541581087512895, 1774852.721856198273599 ] ] } },
{ "type": "Feature", "properties": { "road_id": 717, "shade_9h": 0, "shade_12h": 0, "shade_15h": 0, "shade_18h": 0 }, "geometry": { "type": "LineString", "coordinates": [ [ 1084032.541581087512895, 1774852.721856198273599 ], [ 1085032.541581087512895, 1774852.721856198273599 ] ] } },
{ "type": "Feature", "properties": { "road_id": 718, "shade_9h": 0, "shade_12h": 0, "shade_15h": 0, "shade_18h": 0 }, "geometry": { "type": "LineString", "coordinates": [ [ 1084032.541581087512895, 1774852.721856198273599 ], [ 1084032.541581087512895, 1775852.721856198273599 ] ] } },
{ "type": "Feature", "properties": { "road_id": 719, "shade_9h": 0, "shade_12h": 0, "shade_15h": 0, "shade_18h": 26 }, "geometry": { "type": "LineString", "coordinates": [ [ 1084032.541581087512895, 1775852.721856198273599 ], [ 1085032.541581087512895, 1775852.721856198273599 ] ] } },
{ "type": "Feature", "properties": { "road_id": 720, "shade_9h": 0, "shade_12h": 0, "shade_15h": 0, "shade_18h": 0 }, "geometry": { "type": "LineString", "coordinates": [ [ 1084032.541581087512895, 1775852.721856198273599 ], [ 1084032.541581087512895, 1776852.721856198273599 ] ] } },
{ "type": "Feature", "properties": { "road_id": 721, "shade_9h": 0, "shade_12h": 0, "shade_15h": 0, "shade_18h": 0 }, "geometry": { "type": "LineString", "coordinates": [ [ 1084032.541581087512895, 1776852.721856198273599 ], [ 1085032.541581087512895, 1776852.721856198273599 ] ] } },
{ "type": "Feature", "properties": { "road_id": 722, "shade_9h": 6, "shade_12h": 2, "shade_15h": 6, "shade_18h": 32 }, "geometry": { "type": "LineString", "coordinates": [ [ 1084032.541581087512895, 1776852.721856198273599 ], [ 1084032.541581087512895, 1777852.721856198273599 ] ] } },
{ "type": "Feature", "properties": { "road_id": 723, "shade_9h": 0, "shade_12h": 0, "shade_15h": 0, "shade_18h": 0 }, "geometry": { "type": "LineString", "coordinates": [ [ 1084032.541581087512895, 1777852.721856198273599 ], [ 1085032.541581087512895, 1777852.721856198273599 ] ] } },
{ "type": "Feature", "properties": { "road_id": 724, "shade_9h": 0, "shade_12h": 0, "shade_15h": 0, "shade_18h": 0 }, "geometry": { "type": "LineString", "coordinates": [ [ 1084032.541581087512895, 1777852.721856198273599 ], [ 1084032.541581087512895, 1778852.721856198273599 ] ] } },
{ "type": "Feature", "properties": { "road_id": 725, "shade_9h": 0, "shade_12h": 0, "shade_15h": 0, "shade_18h": 0 }, "geometry": { "type": "LineString", "coordinates": [ [ 1084032.541581087512895, 1778852.721856198273599 ], [ 1085032.541581087512895, 1778852.721856198273599 ] ] } },
{ "type": "Feature", "properties": { "road_id": 726, "shade_9h": 0, "shade_12h": 0, "shade_15h": 0, "shade_18h": 0 }, "geometry": { "type": "LineString", "coordinates": [ [ 1084032.541581087512895, 1778852.721856198273599 ], [ 1084032.541581087512895, 1779852.721856198273599 ] ] } },
{ "type": "Feature", "properties": { "road_id": 727, "shade_9h": 1, "shade_12h": 1, "shade_15h": 1, "shade_18h": 1 }, "geometry": { "type": "LineString", "coordinates": [ [ 1084032.541581087512895, 1779852.721856198273599 ], [ 1085032.541581087512895, 1779852.721856198273599 ] ] } },
{ "type": "Feature", "properties": { "road_id": 728, "shade_9h": 0, "shade_12h": 0, "shade_15h": 0, "shade_18h": 0 }, "geometry": { "type": "LineString", "coordinates": [ [ 1085032.541581087512895, 1734852.721856198273599 ], [ 1086032.541581087512895, 1734852.721856198273599 ] ] } },
{ "type": "Feature", "properties": { "road_id": 729, "shade_9h": 0, "shade_12h": 0, "shade_15h": 0, "shade_18h": 0 }, "geometry": { "type": "LineString", "coordinates": [ [ 1085032.541581087512895, 1734852.721856198273599 ], [ 1085032.541581087512895, 1735852.721856198273599 ] ] } },
{ "type": "Feature", "properties": { "road_id": 730, "shade_9h": 0, "shade_12h": 0, "shade_15h": 0, "shade_18h": 15 }, "geometry": { "type": "LineString", "coordinates": [ [ 1085032.541581087512895, 1735852.721856198273599 ], [ 1086032.541581087512895, 1735852.721856198273599 ] ] } },
{ "type": "Feature", "properties": { "road_id": 731, "shade_9h": 0, "shade_12h": 0, "shade_15h": 0, "shade_18h": 0 }, "geometry": { "type": "LineString", "coordinates": [ [ 1085032.541581087512895, 1735852.721856198273599 ], [ 1085032.541581087512895, 1736852.721856198273599 ] ] } },
{ "type": "Feature", "properties": { "road_id": 732, "shade_9h": 0, "shade_12h": 0, "shade_15h": 0, "shade_18h": 0 }, "geometry": { "type": "LineString", "coordinates": [ [ 1085032.541581087512895, 1736852.721856198273599 ], [ 1086032.541581087512895, 1736852.721856198273599 ] ] } },
{ "type": "Feature", "properties": { "road_id": 733, "shade_9h": 0, "shade_12h": 0, "shade_15h": 0, "shade_18h": 0 }, "geometry": { "type": "LineString", "coordinates": [ [ 1085032.541581087512895, 1736852.721856198273599 ], [ 1085032.541581087512895, 1737852.721856198273599 ] ] } },
{ "type": "Feature", "properties": { "road_id": 734, "shade_9h": 0, "shade_12h": 0, "shade_15h": 0, "shade_18h": 0 }, "geometry": { "type": "LineString", "coordinates": [ [ 1085032.541581087512895, 1737852.721856198273599 ], [ 1086032.541581087512895, 1737852.721856198273599 ] ] } },
{ "type": "Feature", "properties": { "road_id": 735, "shade_9h": 0, "shade_12h": 0, "shade_15h": 0, "shade_18h": 0 }, "geometry": { "type": "LineString", "coordinates": [ [ 1085032.541581087512895, 1737852.721856198273599 ], [ 1085032.541581087512895, 1738852.721856198273599 ] ] } },
{ "type": "Feature", "properties": { "road_id": 736, "shade_9h": 0, "shade_12h": 0, "shade_15h": 0, "shade_18h": 0 }, "geometry": { "type": "LineString", "coordinates": [ [ 1085032.541581087512895, 1738852.721856198273599 ], [ 1086032.541581087512895, 1738852.721856198273599 ] ] } },
{ "type": "Feature", "properties": { "road_id": 737, "shade_9h": 1, "shade_12h": 1, "shade_15h": 1, "shade_18h": 13 }, "geometry": { "type": "LineString", "coordinates": [ [ 1085032.541581087512895, 1738852.721856198273599 ], [ 1085032.541581087512895, 1739852.721856198273599 ] ] } },
{ "type": "Feature", "properties": { "road_id": 738, "shade_9h": 0, "shade_12h": 0, "shade_15h": 0, "shade_18h": 19 }, "geometry": { "type": "LineString", "coordinates": [ [ 1085032.541581087512895, 1739852.721856198273599 ], [ 1086032.541581087512895, 1739852.721856198273599 ] ] } },
{ "type": "Feature", "properties": { "road_id": 739, "shade_9h": 9, "shade_12h": 5, "shade_15h": 8, "shade_18h": 29 }, "geometry": { "type": "LineString", "coordinates": [ [ 1085032.541581087512895, 1739852.721856198273599 ], [ 1085032.541581087512895, 1740852.721856198273599 ] ] } },
{ "type": "Feature", "properties": { "road_id": 740, "shade_9h": 0, "shade_12h": 0, "shade_15h": 0, "shade_18h": 8 }, "geometry": { "type": "LineString", "coordinates": [ [ 1085032.541581087512895, 1740852.721856198273599 ], [ 1086032.541581087512895, 1740852.721856198273599 ] ] } },
{ "type": "Feature", "properties": { "road_id": 741, "shade_9h": 0, "shade_12h": 0, "shade_15h": 0, "shade_18h": 0 }, "geometry": { "type": "LineString", "coordinates": [ [ 1085032.541581087512895, 1740852.721856198273599 ], [ 1085032.541581087512895, 1741852.721856198273599 ] ] } },
{ "type": "Feature", "properties": { "road_id": 742, "shade_9h": 0, "shade_12h": 0, "shade_15h": 0, "shade_18h": 0 }, "geometry": { "type": "LineString", "coordinates": [ [ 1085032.541581087512895, 1741852.721856198273599 ], [ 1086032.541581087512895, 1741852.721856198273599 ] ] } },
{ "type": "Feature", "properties": { "road_id": 743, "shade_9h": 0, "shade_12h": 0, "shade_15h": 0, "shade_18h": 0 }, "geometry": { "type": "LineString", "coordinates": [ [ 1085032.541581087512895, 1741852.721856198273599 ], [ 1085032.541581087512895, 1742852.721856198273599 ] ] } },
{ "type": "Feature", "properties": { "road_id": 744, "shade_9h": 0, "shade_12h": 0, "shade_15h": 0, "shade_18h": 13 }, "geometry": { "type": "LineString", "coordinates": [ [ 1085032.541581087512895, 1742852.721856198273599 ], [ 1086032.541581087512895, 1742852.721856198273599 ] ] } },
{ "type": "Feature", "properties": { "road_id": 745, "shade_9h": 8, "shade_12h": 0, "shade_15h": 7, "shade_18h": 45 }, "geometry": { "type": "LineString", "coordinates": [ [ 1085032.541581087512895, 1742852.721856198273599 ], [ 1085032.541581087512895, 1743852.721856198273599 ] ] } },
{ "type": "Feature", "properties": { "road_id": 746, "shade_9h": 0, "shade_12h": 0, "shade_15h": 0, "shade_18h": 0 }, "geometry": { "type": "LineString", "coordinates": [ [ 1085032.541581087512895, 1743852.721856198273599 ], [ 1086032.541581087512895, 1743852.721856198273599 ] ] } },
{ "type": "Feature", "properties": { "road_id": 747, "shade_9h": 1, "shade_12h": 1, "shade_15h": 1, "shade_18h": 1 }, "geometry": { "type": "LineString", "coordinates": [ [ 1085032.541581087512895, 1743852.721856198273599 ], [ 1085032.541581087512895, 1744852.721856198273599 ] ] } },
{ "type": "Feature", "properties": { "road_id": 748, "shade_9h": 0, "shade_12h": 0, "shade_15h": 0, "shade_18h": 0 }, "geometry": { "type": "LineString", "coordinates": [ [ 1085032.541581087512895, 1744852.721856198273599 ], [ 1086032.541581087512895, 1744852.721856198273599 ] ] } },
{ "type": "Feature", "properties": { "road_id": 749, "shade_9h": 0, "shade_12h": 0, "shade_15h": 0, "shade_18h": 11 }, "geometry": { "type": "LineString", "coordinates": [ [ 1085032.541581087512895, 1744852.721856198273599 ], [ 1085032.541581087512895, 1745852.721856198273599 ] ] } },
{ "type": "Feature", "properties": { "road_id": 750, "shade_9h": 0, "shade_12h": 0, "shade_15h": 0, "shade_18h": 0 }, "geometry": { "type": "LineString", "coordinates": [ [ 1085032.541581087512895, 1745852.721856198273599 ], [ 1086032.541581087512895, 1745852.721856198273599 ] ] } },
{ "type": "Feature", "properties": { "road_id": 751, "shade_9h": 6, "shade_12h": 0, "shade_15h": 5, "shade_18h": 21 }, "geometry": { "type": "LineString", "coordinates": [ [ 1085032.541581087512895, 1745852.721856198273599 ], [ 1085032.541581087512895, 1746852.721856198273599 ] ] } },
{ "type": "Feature", "properties": { "road_id": 752, "shade_9h": 0, "shade_12h": 0, "shade_15h": 0, "shade_18h": 16 }, "geometry": { "type": "LineString", "coordinates": [ [ 1085032.541581087512895, 1746852.721856198273599 ], [ 1086032.541581087512895, 1746852.721856198273599 ] ] } },
{ "type": "Feature", "properties": { "road_id": 753, "shade_9h": 0, "shade_12h": 0, "shade_15h": 0, "shade_18h": 15 }, "geometry": { "type": "LineString", "coordinates": [ [ 1085032.541581087512895, 1746852.721856198273599 ], [ 1085032.541581087512895, 1747852.721856198273599 ] ] } },
{ "type": "Feature", "properties": { "road_id": 754, "shade_9h": 0, "shade_12h": 0, "shade_15h": 0, "shade_18h": 0 }, "geometry": { "type": "LineString", "coordinates": [ [ 1085032.541581087512895, 1747852.721856198273599 ], [ 1086032.541581087512895, 1747852.721856198273599 ] ] } },
{ "type": "Feature", "properties": { "road_id": 755, "shade_9h": 1, "shade_12h": 1, "shade_15h": 1, "shade_18h": 1 }, "geometry": { "type": "LineString", "coordinates": [ [ 1085032.541581087512895, 1747852.721856198273599 ], [ 1085032.541581087512895, 1748852.721856198273599 ] ] } },
{ "type": "Feature", "properties": { "road_id": 756, "shade_9h": 0, "shade_12h": 0, "shade_15h": 0, "shade_18h": 0 }, "geometry": { "type": "LineString", "coordinates": [ [ 1085032.541581087512895, 1748852.721856198273599 ], [ 1086032.541581087512895, 1748852.721856198273599 ] ] } },
{ "type": "Feature", "properties": { "road_id": 757, "shade_9h": 0, "shade_12h": 0, "shade_15h": 0, "shade_18h": 0 }, "geometry": { "type": "LineString", "coordinates": [ [ 1085032.541581087512895, 1748852.721856198273599 ], [ 1085032.541581087512895, 1749852.721856198273599 ] ] } },
{ "type": "Feature", "properties": { "road_id": 758, "shade_9h": 0, "shade_12h": 0, "shade_15h": 0, "shade_18h": 0 }, "geometry": { "type": "LineString", "coordinates": [ [ 1085032.541581087512895, 1749852.721856198273599 ], [ 1086032.541581087512895, 1749852.721856198273599 ] ] } },
{ "type": "Feature", "properties": { "road_id": 759, "shade_9h": 0, "shade_12h": 0, "shade_15h": 0, "shade_18h": 0 }, "geometry": { "type": "LineString", "coordinates": [ [ 1085032.541581087512895, 1749852.721856198273599 ], [ 1085032.541581087512895, 1750852.721856198273599 ] ] } },
{ "type": "Feature", "properties": { "road_id": 760, "shade_9h": 0, "shade_12h": 0, "shade_15h": 0, "shade_18h": 0 }, "geometry": { "type": "LineString", "coordinates": [ [ 1085032.541581087512895, 1750852.721856198273599 ], [ 1086032.541581087512895, 1750852.721856198273599 ] ] } },
{ "type": "Feature", "properties": { "road_id": 761, "shade_9h": 0, "shade_12h": 0, "shade_15h": 0, "shade_18h": 0 }, "geometry": { "type": "LineString", "coordinates": [ [ 1085032.541581087512895, 1750852.721856198273599 ], [ 1085032.541581087512895, 1751852.721856198273599 ] ] } },
{ "type": "Feature", "properties": { "road_id": 762, "shade_9h": 0, "shade_12h": 0, "shade_15h": 0, "shade_18h": 0 }, "geometry": { "type": "LineString", "coordinates": [ [ 1085032.541581087512895, 1751852.721856198273599 ], [ 1086032.541581087512895, 1751852.721856198273599 ] ] } },
{ "type": "Feature", "properties": { "road_id": 763, "shade_9h": 0, "shade_12h": 0, "shade_15h": 0, "shade_18h": 0 }, "geometry": { "type": "LineString", "coordinates": [ [ 1085032.541581087512895, 1751852.721856198273599 ], [ 1085032.541581087512895, 1752852.721856198273599 ] ] } },
{ "type": "Feature", "properties": { "road_id": 764, "shade_9h": 0, "shade_12h": 0, "shade_15h": 0, "shade_18h": 0 }, "geometry": { "type": "LineString", "coordinates": [ [ 1085032.541581087512895, 1752852.721856198273599 ], [ 1086032.541581087512895, 1752852.721856198273599 ] ] } },
{ "type": "Feature", "properties": { "road_id": 765, "shade_9h": 0, "shade_12h": 0, "shade_15h": 0, "shade_18h": 0 }, "geometry": { "type": "LineString", "coordinates": [ [ 1085032.541581087512895, 1752852.721856198273599 ], [ 1085032.541581087512895, 1753852.721856198273599 ] ] } },
{ "type": "Feature", "properties": { "road_id": 766, "shade_9h": 0, "shade_12h": 0, "shade_15h": 0, "shade_18h": 0 }, "geometry": { "type": "LineString", "coordinates": [ [ 1085032.541581087512895, 1753852.721856198273599 ], [ 1086032.541581087512895, 1753852.721856198273599 ] ] } },
{ "type": "Feature", "properties": { "road_id": 767, "shade_9h": 0, "shade_12h": 0, "shade_15h": 0, "shade_18h": 0 }, "geometry": { "type": "LineString", "coordinates": [ [ 1085032.541581087512895, 1753852.721856198273599 ], [ 1085032.541581087512895, 1754852.721856198273599 ] ] } },
{ "type": "Feature", "properties": { "road_id": 768, "shade_9h": 6, "shade_12h": 3, "shade_15h": 6, "shade_18h": 30 }, "geometry": { "type": "LineString", "coordinates": [ [ 1085032.541581087512895, 1754852.721856198273599 ], [ 1086032.541581087512895, 1754852.721856198273599 ] ] } },
{ "type": "Feature", "properties": { "road_id": 769, "shade_9h": 0, "shade_12h": 0, "shade_15h": 0, "shade_18h": 0 }, "geometry": { "type": "LineString", "coordinates": [ [ 1085032.541581087512895, 1754852.721856198273599 ], [ 1085032.541581087512895, 1755852.721856198273599 ] ] } },
{ "type": "Feature", "properties": { "road_id": 770, "shade_9h": 0, "shade_12h": 0, "shade_15h": 0, "shade_18h": 0 }, "geometry": { "type": "LineString", "coordinates": [ [ 1085032.541581087512895, 1755852.721856198273599 ], [ 1086032.541581087512895, 1755852.721856198273599 ] ] } },
{ "type": "Feature", "properties": { "road_id": 771, "shade_9h": 0, "shade_12h": 0, "shade_15h": 0, "shade_18h": 0 }, "geometry": { "type": "LineString", "coordinates": [ [ 1085032.541581087512895, 1755852.721856198273599 ], [ 1085032.541581087512895, 1756852.721856198273599 ] ] } },
{ "type": "Feature", "properties": { "road_id": 772, "shade_9h": 0, "shade_12h": 0, "shade_15h": 0, "shade_18h": 0 }, "geometry": { "type": "LineString", "coordinates": [ [ 1085032.541581087512895, 1756852.721856198273599 ], [ 1086032.541581087512895, 1756852.721856198273599 ] ] } },
{ "type": "Feature", "properties": { "road_id": 773, "shade_9h": 0, "shade_12h": 0, "shade_15h": 0, "shade_18h": 0 }, "geometry": { "type": "LineString", "coordinates": [ [ 1085032.541581087512895, 1756852.721856198273599 ], [ 1085032.541581087512895, 1757852.721856198273599 ] ] } },
{ "type": "Feature", "properties": { "road_id": 774, "shade_9h": 0, "shade_12h": 0, "shade_15h": 0, "shade_18h": 0 }, "geometry": { "type": "LineString", "coordinates": [ [ 1085032.541581087512895, 1757852.721856198273599 ], [ 1086032.541581087512895, 1757852.721856198273599 ] ] } },
{ "type": "Feature", "properties": { "road_id": 775, "shade_9h": 9, "shade_12h": 4, "shade_15h": 8, "shade_18h": 35 }, "geometry": { "type": "LineString", "coordinates": [ [ 1085032.541581087512895, 1757852.721856198273599 ], [ 1085032.541581087512895, 1758852.721856198273599 ] ] } },
{ "type": "Feature", "properties": { "road_id": 776, "shade_9h": 0, "shade_12h": 0, "shade_15h": 0, "shade_18h": 22 }, "geometry": { "type": "LineString", "coordinates": [ [ 1085032.541581087512895, 1758852.721856198273599 ], [ 1086032.541581087512895, 1758852.721856198273599 ] ] } },
{ "type": "Feature", "properties": { "road_id": 777, "shade_9h": 0, "shade_12h": 0, "shade_15h": 0, "shade_18h": 11 }, "geometry": { "type": "LineString", "coordinates": [ [ 1085032.541581087512895, 1758852.721856198273599 ], [ 1085032.541581087512895, 1759852.721856198273599 ] ] } },
{ "type": "Feature", "properties": { "road_id": 778, "shade_9h": 0, "shade_12h": 0, "shade_15h": 0, "shade_18h": 0 }, "geometry": { "type": "LineString", "coordinates": [ [ 1085032.541581087512895, 1759852.721856198273599 ], [ 1086032.541581087512895, 1759852.721856198273599 ] ] } },
{ "type": "Feature", "properties": { "road_id": 779, "shade_9h": 1, "shade_12h": 1, "shade_15h": 1, "shade_18h": 1 }, "geometry": { "type": "LineString", "coordinates": [ [ 1085032.541581087512895, 1759852.721856198273599 ], [ 1085032.541581087512895, 1760852.721856198273599 ] ] } },
{ "type": "Feature", "properties": { "road_id": 780, "shade_9h": 0, "shade_12h": 0, "shade_15h": 0, "shade_18h": 0 }, "geometry": { "type": "LineString", "coordinates": [ [ 1085032.541581087512895, 1760852.721856198273599 ], [ 1086032.541581087512895, 1760852.721856198273599 ] ] } },
{ "type": "Feature", "properties": { "road_id": 781, "shade_9h": 0, "shade_12h": 0, "shade_15h": 0, "shade_18h": 0 }, "geometry": { "type": "LineString", "coordinates": [ [ 1085032.541581087512895, 1760852.721856198273599 ], [ 1085032.541581087512895, 1761852.721856198273599 ] ] } },
{ "type": "Feature", "properties": { "road_id": 782, "shade_9h": 0, "shade_12h": 0, "shade_15h": 0, "shade_18h": 0 }, "geometry": { "type": "LineString", "coordinates": [ [ 1085032.541581087512895, 1761852.721856198273599 ], [ 1086032.541581087512895, 1761852.721856198273599 ] ] } },
{ "type": "Feature", "properties": { "road_id": 783, "shade_9h": 0, "shade_12h": 0, "shade_15h": 0, "shade_18h": 0 }, "geometry": { "type": "LineString", "coordinates": [ [ 1085032.541581087512895, 1761852.721856198273599 ], [ 1085032.541581087512895, 1762852.721856198273599 ] ] } },
{ "type": "Feature", "properties": { "road_id": 784, "shade_9h": 0, "shade_12h": 0, "shade_15h": 0, "shade_18h": 0 }, "geometry": { "type": "LineString", "coordinates": [ [ 1085032.541581087512895, 1762852.721856198273599 ], [ 1086032.541581087512895, 1762852.721856198273599 ] ] } },
{ "type": "Feature", "properties": { "road_id": 785, "shade_9h": 0, "shade_12h": 0, "shade_15h": 0, "shade_18h": 0 }, "geometry": { "type": "LineString", "coordinates": [ [ 1085032.541581087512895, 1762852.721856198273599 ], [ 1085032.541581087512895, 1763852.721856198273599 ] ] } },
{ "type": "Feature", "properties": { "road_id": 786, "shade_9h": 0, "shade_12h": 0, "shade_15h": 0, "shade_18h": 0 }, "geometry": { "type": "LineString", "coordinates": [ [ 1085032.541581087512895, 1763852.721856198273599 ], [ 1086032.541581087512895, 1763852.721856198273599 ] ] } },
{ "type": "Feature", "properties": { "road_id": 787, "shade_9h": 0, "shade_12h": 0, "shade_15h": 0, "shade_18h": 0 }, "geometry": { "type": "LineString", "coordinates": [ [ 1085032.541581087512895, 1763852.721856198273599 ], [ 1085032.541581087512895, 1764852.721856198273599 ] ] } },
{ "type": "Feature", "properties": { "road_id": 788, "shade_9h": 0, "shade_12h": 0, "shade_15h": 0, "shade_18h": 0 }, "geometry": { "type": "LineString", "coordinates": [ [ 1085032.541581087512895, 1764852.721856198273599 ], [ 1086032.541581087512895, 1764852.721856198273599 ] ] } },
{ "type": "Feature", "properties": { "road_id": 789, "shade_9h": 0, "shade_12h": 0, "shade_15h": 0, "shade_18h": 0 }, "geometry": { "type": "LineString", "coordinates": [ [ 1085032.541581087512895, 1764852.721856198273599 ], [ 1085032.541581087512895, 1765852.721856198273599 ] ] } },
{ "type": "Feature", "properties": { "road_id": 790, "shade_9h": 0, "shade_12h": 0, "shade_15h": 0, "shade_18h": 0 }, "geometry": { "type": "LineString", "coordinates": [ [ 1085032.541581087512895, 1765852.721856198273599 ], [ 1086032.541581087512895, 1765852.721856198273599 ] ] } },
{ "type": "Feature", "properties": { "road_id": 791, "shade_9h": 0, "shade_12h": 0, "shade_15h": 0, "shade_18h": 0 }, "geometry": { "type": "LineString", "coordinates": [ [ 1085032.541581087512895, 1765852.721856198273599 ], [ 1085032.541581087512895, 1766852.721856198273599 ] ] } },
{ "type": "Feature", "properties": { "road_id": 792, "shade_9h": 0, "shade_12h": 0, "shade_15h": 0, "shade_18h": 5 }, "geometry": { "type": "LineString", "coordinates": [ [ 1085032.541581087512895, 1766852.721856198273599 ], [ 1086032.541581087512895, 1766852.721856198273599 ] ] } },
{ "type": "Feature", "properties": { "road_id": 793, "shade_9h": 0, "shade_12h": 0, "shade_15h": 0, "shade_18h": 0 }, "geometry": { "type": "LineString", "coordinates": [ [ 1085032.541581087512895, 1766852.721856198273599 ], [ 1085032.541581087512895, 1767852.721856198273599 ] ] } },
{ "type": "Feature", "properties": { "road_id": 794, "shade_9h": 0, "shade_12h": 0, "shade_15h": 0, "shade_18h": 0 }, "geometry": { "type": "LineString", "coordinates": [ [ 1085032.541581087512895, 1767852.721856198273599 ], [ 1086032.541581087512895, 1767852.721856198273599 ] ] } },
{ "type": "Feature", "properties": { "road_id": 795, "shade_9h": 0, "shade_12h": 0, "shade_15h": 0, "shade_18h": 0 }, "geometry": { "type": "LineString", "coordinates": [ [ 1085032.541581087512895, 1767852.721856198273599 ], [ 1085032.541581087512895, 1768852.721856198273599 ] ] } },
{ "type": "Feature", "properties": { "road_id": 796, "shade_9h": 0, "shade_12h": 0, "shade_15h": 0, "shade_18h": 0 }, "geometry": { "type": "LineString", "coordinates": [ [ 1085032.541581087512895, 1768852.721856198273599 ], [ 1086032.541581087512895, 1768852.721856198273599 ] ] } },
{ "type": "Feature", "properties": { "road_id": 797, "shade_9h": 5, "shade_12h": 3, "shade_15h": 5, "shade_18h": 21 }, "geometry": { "type": "LineString", "coordinates": [ [ 1085032.541581087512895, 1768852.721856198273599 ], [ 1085032.541581087512895, 1769852.721856198273599 ] ] } },
{ "type": "Feature", "properties": { "road_id": 798, "shade_9h": 0, "shade_12h": 0, "shade_15h": 0, "shade_18h": 0 }, "geometry": { "type": "LineString", "coordinates": [ [ 1085032.541581087512895, 1769852.721856198273599 ], [ 1086032.541581087512895, 1769852.721856198273599 ] ] } },
{ "type": "Feature", "properties": { "road_id": 799, "shade_9h": 0, "shade_12h": 0, "shade_15h": 0, "shade_18h": 0 }, "geometry": { "type": "LineString", "coordinates": [ [ 1085032.541581087512895, 1769852.721856198273599 ], [ 1085032.541581087512895, 1770852.721856198273599 ] ] } },
{ "type": "Feature", "properties": { "road_id": 800, "shade_9h": 0, "shade_12h": 0, "shade_15h": 0, "shade_18h": 0 }, "geometry": { "type": "LineString", "coordinates": [ [ 1085032.541581087512895, 1770852.721856198273599 ], [ 1086032.541581087512895, 1770852.721856198273599 ] ] } },
{ "type": "Feature", "properties": { "road_id": 801, "shade_9h": 1, "shade_12h": 1, "shade_15h": 1, "shade_18h": 1 }, "geometry": { "type": "LineString", "coordinates": [ [ 1085032.541581087512895, 1770852.721856198273599 ], [ 1085032.541581087512895, 1771852.721856198273599 ] ] } },
{ "type": "Feature", "properties": { "road_id": 802, "shade_9h": 0, "shade_12h": 0, "shade_15h": 0, "shade_18h": 0 }, "geometry": { "type": "LineString", "coordinates": [ [ 1085032.541581087512895, 1771852.721856198273599 ], [ 1086032.541581087512895, 1771852.721856198273599 ] ] } },
{ "type": "Feature", "properties": { "road_id": 803, "shade_9h": 0, "shade_12h": 0, "shade_15h": 0, "shade_18h": 0 }, "geometry": { "type": "LineString", "coordinates": [ [ 1085032.541581087512895, 1771852.721856198273599 ], [ 1085032.541581087512895, 1772852.721856198273599 ] ] } },
{ "type": "Feature", "properties": { "road_id": 804, "shade_9h": 0, "shade_12h": 0, "shade_15h": 0, "shade_18h": 0 }, "geometry": { "type": "LineString", "coordinates": [ [ 1085032.541581087512895, 1772852.721856198273599 ], [ 1086032.541581087512895, 1772852.721856198273599 ] ] } },
{ "type": "Feature", "properties": { "road_id": 805, "shade_9h": 0, "shade_12h": 0, "shade_15h": 0, "shade_18h": 12 }, "geometry": { "type": "LineString", "coordinates": [ [ 1085032.541581087512895, 1772852.721856198273599 ], [ 1085032.541581087512895, 1773852.721856198273599 ] ] } },
{ "type": "Feature", "properties": { "road_id": 806, "shade_9h": 1, "shade_12h": 1, "shade_15h": 1, "shade_18h": 8 }, "geometry": { "type": "LineString", "coordinates": [ [ 1085032.541581087512895, 1773852.721856198273599 ], [ 1086032.541581087512895, 1773852.721856198273599 ] ] } },
{ "type": "Feature", "properties": { "road_id": 807, "shade_9h": 0, "shade_12h": 0, "shade_15h": 0, "shade_18h": 5 }, "geometry": { "type": "LineString", "coordinates": [ [ 1085032.541581087512895, 1773852.721856198273599 ], [ 1085032.541581087512895, 1774852.721856198273599 ] ] } },
{ "type": "Feature", "properties": { "road_id": 808, "shade_9h": 0, "shade_12h": 0, "shade_15h": 0, "shade_18h": 0 }, "geometry": { "type": "LineString", "coordinates": [ [ 1085032.541581087512895, 1774852.721856198273599 ], [ 1086032.541581087512895, 1774852.721856198273599 ] ] } },
{ "type": "Feature", "properties": { "road_id": 809, "shade_9h": 0, "shade_12h": 0, "shade_15h": 0, "shade_18h": 0 }, "geometry": { "type": "LineString", "coordinates": [ [ 1085032.541581087512895, 1774852.721856198273599 ], [ 1085032.541581087512895, 1775852.721856198273599 ] ] } },
{ "type": "Feature", "properties": { "road_id": 810, "shade_9h": 0, "shade_12h": 0, "shade_15h": 0, "shade_18h": 0 }, "geometry": { "type": "LineString", "coordinates": [ [ 1085032.541581087512895, 1775852.721856198273599 ], [ 1086032.541581087512895, 1775852.721856198273599 ] ] } },
{ "type": "Feature", "properties": { "road_id": 811, "shade_9h": 0, "shade_12h": 0, "shade_15h": 0, "shade_18h": 0 }, "geometry": { "type": "LineString", "coordinates": [ [ 1085032.541581087512895, 1775852.721856198273599 ], [ 1085032.541581087512895, 1776852.721856198273599 ] ] } },
{ "type": "Feature", "properties": { "road_id": 812, "shade_9h": 0, "shade_12h": 0, "shade_15h": 0, "shade_18h": 0 }, "geometry": { "type": "LineString", "coordinates": [ [ 1085032.541581087512895, 1776852.721856198273599 ], [ 1086032.541581087512895, 1776852.721856198273599 ] ] } },
{ "type": "Feature", "properties": { "road_id": 813, "shade_9h": 0, "shade_12h": 0, "shade_15h": 0, "shade_18h": 0 }, "geometry": { "type": "LineString", "coordinates": [ [ 1085032.541581087512895, 1776852.721856198273599 ], [ 1085032.541581087512895, 1777852.721856198273599 ] ] } },
{ "type": "Feature", "properties": { "road_id": 814, "shade_9h": 0, "shade_12h": 0, "shade_15h": 0, "shade_18h": 0 }, "geometry": { "type": "LineString", "coordinates": [ [ 1085032.541581087512895, 1777852.721856198273599 ], [ 1086032.541581087512895, 1777852.721856198273599 ] ] } },
{ "type": "Feature", "properties": { "road_id": 815, "shade_9h": 0, "shade_12h": 0, "shade_15h": 0, "shade_18h": 0 }, "geometry": { "type": "LineString", "coordinates": [ [ 1085032.541581087512895, 1777852.721856198273599 ], [ 1085032.541581087512895, 1778852.721856198273599 ] ] } },
{ "type": "Feature", "properties": { "road_id": 816, "shade_9h": 0, "shade_12h": 0, "shade_15h": 0, "shade_18h": 0 }, "geometry": { "type": "LineString", "coordinates": [ [ 1085032.541581087512895, 1778852.721856198273599 ], [ 1086032.541581087512895, 1778852.721856198273599 ] ] } },
{ "type": "Feature", "properties": { "road_id": 817, "shade_9h": 0, "shade_12h": 0, "shade_15h": 0, "shade_18h": 0 }, "geometry": { "type": "LineString", "coordinates": [ [ 1085032.541581087512895, 1778852.721856198273599 ], [ 1085032.541581087512895, 1779852.721856198273599 ] ] } },
{ "type": "Feature", "properties": { "road_id": 818, "shade_9h": 0, "shade_12h": 0, "shade_15h": 0, "shade_18h": 0 }, "geometry": { "type": "LineString", "coordinates": [ [ 1085032.541581087512895, 1779852.721856198273599 ], [ 1086032.541581087512895, 1779852.721856198273599 ] ] } },
{ "type": "Feature", "properties": { "road_id": 819, "shade_9h": 0, "shade_12h": 0, "shade_15h": 0, "shade_18h": 0 }, "geometry": { "type": "LineString", "coordinates": [ [ 1086032.541581087512895, 1734852.721856198273599 ], [ 1087032.541581087512895, 1734852.721856198273599 ] ] } },
{ "type": "Feature", "properties": { "road_id": 820, "shade_9h": 6, "shade_12h": 0, "shade_15h": 5, "shade_18h": 30 }, "geometry": { "type": "LineString", "coordinates": [ [ 1086032.541581087512895, 1734852.721856198273599 ], [ 1086032.541581087512895, 1735852.721856198273599 ] ] } },
{ "type": "Feature", "properties": { "road_id": 821, "shade_9h": 6, "shade_12h": 3, "shade_15h": 6, "shade_18h": 22 }, "geometry": { "type": "LineString", "coordinates": [ [ 1086032.541581087512895, 1735852.721856198273599 ], [ 1087032.541581087512895, 1735852.721856198273599 ] ] } },
{ "type": "Feature", "properties": { "road_id": 822, "shade_9h": 1, "shade_12h": 0, "shade_15h": 1, "shade_18h": 16 }, "geometry": { "type": "LineString", "coordinates": [ [ 1086032.541581087512895, 1735852.721856198273599 ], [ 1086032.541581087512895, 1736852.721856198273599 ] ] } },
{ "type": "Feature", "properties": { "road_id": 823, "shade_9h": 0, "shade_12h": 0, "shade_15h": 0, "shade_18h": 0 }, "geometry": { "type": "LineString", "coordinates": [ [ 1086032.541581087512895, 1736852.721856198273599 ], [ 1087032.541581087512895, 1736852.721856198273599 ] ] } },
{ "type": "Feature", "properties": { "road_id": 824, "shade_9h": 0, "shade_12h": 0, "shade_15h": 0, "shade_18h": 0 }, "geometry": { "type": "LineString", "coordinates": [ [ 1086032.541581087512895, 1736852.721856198273599 ], [ 1086032.541581087512895, 1737852.721856198273599 ] ] } },
{ "type": "Feature", "properties": { "road_id": 825, "shade_9h": 0, "shade_12h": 0, "shade_15h": 0, "shade_18h": 0 }, "geometry": { "type": "LineString", "coordinates": [ [ 1086032.541581087512895, 1737852.721856198273599 ], [ 1087032.541581087512895, 1737852.721856198273599 ] ] } },
{ "type": "Feature", "properties": { "road_id": 826, "shade_9h": 0, "shade_12h": 0, "shade_15h": 0, "shade_18h": 0 }, "geometry": { "type": "LineString", "coordinates": [ [ 1086032.541581087512895, 1737852.721856198273599 ], [ 1086032.541581087512895, 1738852.721856198273599 ] ] } },
{ "type": "Feature", "properties": { "road_id": 827, "shade_9h": 0, "shade_12h": 0, "shade_15h": 0, "shade_18h": 0 }, "geometry": { "type": "LineString", "coordinates": [ [ 1086032.541581087512895, 1738852.721856198273599 ], [ 1087032.541581087512895, 1738852.721856198273599 ] ] } },
{ "type": "Feature", "properties": { "road_id": 828, "shade_9h": 0, "shade_12h": 0, "shade_15h": 0, "shade_18h": 0 }, "geometry": { "type": "LineString", "coordinates": [ [ 1086032.541581087512895, 1738852.721856198273599 ], [ 1086032.541581087512895, 1739852.721856198273599 ] ] } },
{ "type": "Feature", "properties": { "road_id": 829, "shade_9h": 0, "shade_12h": 0, "shade_15h": 0, "shade_18h": 9 }, "geometry": { "type": "LineString", "coordinates": [ [ 1086032.541581087512895, 1739852.721856198273599 ], [ 1087032.541581087512895, 1739852.721856198273599 ] ] } },
{ "type": "Feature", "properties": { "road_id": 830, "shade_9h": 10, "shade_12h": 5, "shade_15h": 9, "shade_18h": 46 }, "geometry": { "type": "LineString", "coordinates": [ [ 1086032.541581087512895, 1739852.721856198273599 ], [ 1086032.541581087512895, 1740852.721856198273599 ] ] } },
{ "type": "Feature", "properties": { "road_id": 831, "shade_9h": 0, "shade_12h": 0, "shade_15h": 0, "shade_18h": 12 }, "geometry": { "type": "LineString", "coordinates": [ [ 1086032.541581087512895, 1740852.721856198273599 ], [ 1087032.541581087512895, 1740852.721856198273599 ] ] } },
{ "type": "Feature", "properties": { "road_id": 832, "shade_9h": 4, "shade_12h": 0, "shade_15h": 4, "shade_18h": 24 }, "geometry": { "type": "LineString", "coordinates": [ [ 1086032.541581087512895, 1740852.721856198273599 ], [ 1086032.541581087512895, 1741852.721856198273599 ] ] } },
{ "type": "Feature", "properties": { "road_id": 833, "shade_9h": 5, "shade_12h": 3, "shade_15h": 4, "shade_18h": 20 }, "geometry": { "type": "LineString", "coordinates": [ [ 1086032.541581087512895, 1741852.721856198273599 ], [ 1087032.541581087512895, 1741852.721856198273599 ] ] } },
{ "type": "Feature", "properties": { "road_id": 834, "shade_9h": 0, "shade_12h": 0, "shade_15h": 0, "shade_18h": 0 }, "geometry": { "type": "LineString", "coordinates": [ [ 1086032.541581087512895, 1741852.721856198273599 ], [ 1086032.541581087512895, 1742852.721856198273599 ] ] } },
{ "type": "Feature", "properties": { "road_id": 835, "shade_9h": 0, "shade_12h": 0, "shade_15h": 0, "shade_18h": 0 }, "geometry": { "type": "LineString", "coordinates": [ [ 1086032.541581087512895, 1742852.721856198273599 ], [ 1087032.541581087512895, 1742852.721856198273599 ] ] } },
{ "type": "Feature", "properties": { "road_id": 836, "shade_9h": 0, "shade_12h": 0, "shade_15h": 0, "shade_18h": 0 }, "geometry": { "type": "LineString", "coordinates": [ [ 1086032.541581087512895, 1742852.721856198273599 ], [ 1086032.541581087512895, 1743852.721856198273599 ] ] } },
{ "type": "Feature", "properties": { "road_id": 837, "shade_9h": 0, "shade_12h": 0, "shade_15h": 0, "shade_18h": 0 }, "geometry": { "type": "LineString", "coordinates": [ [ 1086032.541581087512895, 1743852.721856198273599 ], [ 1087032.541581087512895, 1743852.721856198273599 ] ] } },
{ "type": "Feature", "properties": { "road_id": 838, "shade_9h": 0, "shade_12h": 0, "shade_15h": 0, "shade_18h": 0 }, "geometry": { "type": "LineString", "coordinates": [ [ 1086032.541581087512895, 1743852.721856198273599 ], [ 1086032.541581087512895, 1744852.721856198273599 ] ] } },
{ "type": "Feature", "properties": { "road_id": 839, "shade_9h": 1, "shade_12h": 1, "shade_15h": 1, "shade_18h": 1 }, "geometry": { "type": "LineString", "coordinates": [ [ 1086032.541581087512895, 1744852.721856198273599 ], [ 1087032.541581087512895, 1744852.721856198273599 ] ] } },
{ "type": "Feature", "properties": { "road_id": 840, "shade_9h": 0, "shade_12h": 0, "shade_15h": 0, "shade_18h": 0 }, "geometry": { "type": "LineString", "coordinates": [ [ 1086032.541581087512895, 1744852.721856198273599 ], [ 1086032.541581087512895, 1745852.721856198273599 ] ] } },
{ "type": "Feature", "properties": { "road_id": 841, "shade_9h": 0, "shade_12h": 0, "shade_15h": 0, "shade_18h": 0 }, "geometry": { "type": "LineString", "coordinates": [ [ 1086032.541581087512895, 1745852.721856198273599 ], [ 1087032.541581087512895, 1745852.721856198273599 ] ] } },
{ "type": "Feature", "properties": { "road_id": 842, "shade_9h": 0, "shade_12h": 0, "shade_15h": 0, "shade_18h": 0 }, "geometry": { "type": "LineString", "coordinates": [ [ 1086032.541581087512895, 1745852.721856198273599 ], [ 1086032.541581087512895, 1746852.721856198273599 ] ] } },
{ "type": "Feature", "properties": { "road_id": 843, "shade_9h": 0, "shade_12h": 0, "shade_15h": 0, "shade_18h": 0 }, "geometry": { "type": "LineString", "coordinates": [ [ 1086032.541581087512895, 1746852.721856198273599 ], [ 1087032.541581087512895, 1746852.721856198273599 ] ] } },
{ "type": "Feature", "properties": { "road_id": 844, "shade_9h": 0, "shade_12h": 0, "shade_15h": 0, "shade_18h": 0 }, "geometry": { "type": "LineString", "coordinates": [ [ 1086032.541581087512895, 1746852.721856198273599 ], [ 1086032.541581087512895, 1747852.721856198273599 ] ] } },
{ "type": "Feature", "properties": { "road_id": 845, "shade_9h": 0, "shade_12h": 0, "shade_15h": 0, "shade_18h": 0 }, "geometry": { "type": "LineString", "coordinates": [ [ 1086032.541581087512895, 1747852.721856198273599 ], [ 1087032.541581087512895, 1747852.721856198273599 ] ] } },
{ "type": "Feature", "properties": { "road_id": 846, "shade_9h": 0, "shade_12h": 0, "shade_15h": 0, "shade_18h": 0 }, "geometry": { "type": "LineString", "coordinates": [ [ 1086032.541581087512895, 1747852.721856198273599 ], [ 1086032.541581087512895, 1748852.721856198273599 ] ] } },
{ "type": "Feature", "properties": { "road_id": 847, "shade_9h": 0, "shade_12h": 0, "shade_15h": 0, "shade_18h": 0 }, "geometry": { "type": "LineString", "coordinates": [ [ 1086032.541581087512895, 1748852.721856198273599 ], [ 1087032.541581087512895, 1748852.721856198273599 ] ] } },
{ "type": "Feature", "properties": { "road_id": 848, "shade_9h": 0, "shade_12h": 0, "shade_15h": 0, "shade_18h": 0 }, "geometry": { "type": "LineString", "coordinates": [ [ 1086032.541581087512895, 1748852.721856198273599 ], [ 1086032.541581087512895, 1749852.721856198273599 ] ] } },
{ "type": "Feature", "properties": { "road_id": 849, "shade_9h": 0, "shade_12h": 0, "shade_15h": 0, "shade_18h": 0 }, "geometry": { "type": "LineString", "coordinates": [ [ 1086032.541581087512895, 1749852.721856198273599 ], [ 1087032.541581087512895, 1749852.721856198273599 ] ] } },
{ "type": "Feature", "properties": { "road_id": 850, "shade_9h": 0, "shade_12h": 0, "shade_15h": 0, "shade_18h": 0 }, "geometry": { "type": "LineString", "coordinates": [ [ 1086032.541581087512895, 1749852.721856198273599 ], [ 1086032.541581087512895, 1750852.721856198273599 ] ] } },
{ "type": "Feature", "properties": { "road_id": 851, "shade_9h": 0, "shade_12h": 0, "shade_15h": 0, "shade_18h": 0 }, "geometry": { "type": "LineString", "coordinates": [ [ 1086032.541581087512895, 1750852.721856198273599 ], [ 1087032.541581087512895, 1750852.721856198273599 ] ] } },
{ "type": "Feature", "properties": { "road_id": 852, "shade_9h": 1, "shade_12h": 1, "shade_15h": 1, "shade_18h": 1 }, "geometry": { "type": "LineString", "coordinates": [ [ 1086032.541581087512895, 1750852.721856198273599 ], [ 1086032.541581087512895, 1751852.721856198273599 ] ] } },
{ "type": "Feature", "properties": { "road_id": 853, "shade_9h": 1, "shade_12h": 1, "shade_15h": 1, "shade_18h": 1 }, "geometry": { "type": "LineString", "coordinates": [ [ 1086032.541581087512895, 1751852.721856198273599 ], [ 1087032.541581087512895, 1751852.721856198273599 ] ] } },
{ "type": "Feature", "properties": { "road_id": 854, "shade_9h": 0, "shade_12h": 0, "shade_15h": 0, "shade_18h": 0 }, "geometry": { "type": "LineString", "coordinates": [ [ 1086032.541581087512895, 1751852.721856198273599 ], [ 1086032.541581087512895, 1752852.721856198273599 ] ] } },
{ "type": "Feature", "properties": { "road_id": 855, "shade_9h": 0, "shade_12h": 0, "shade_15h": 0, "shade_18h": 0 }, "geometry": { "type": "LineString", "coordinates": [ [ 1086032.541581087512895, 1752852.721856198273599 ], [ 1087032.541581087512895, 1752852.721856198273599 ] ] } },
{ "type": "Feature", "properties": { "road_id": 856, "shade_9h": 0, "shade_12h": 0, "shade_15h": 0, "shade_18h": 0 }, "geometry": { "type": "LineString", "coordinates": [ [ 1086032.541581087512895, 1752852.721856198273599 ], [ 1086032.541581087512895, 1753852.721856198273599 ] ] } },
{ "type": "Feature", "properties": { "road_id": 857, "shade_9h": 0, "shade_12h": 0, "shade_15h": 0, "shade_18h": 0 }, "geometry": { "type": "LineString", "coordinates": [ [ 1086032.541581087512895, 1753852.721856198273599 ], [ 1087032.541581087512895, 1753852.721856198273599 ] ] } },
{ "type": "Feature", "properties": { "road_id": 858, "shade_9h": 0, "shade_12h": 0, "shade_15h": 0, "shade_18h": 0 }, "geometry": { "type": "LineString", "coordinates": [ [ 1086032.541581087512895, 1753852.721856198273599 ], [ 1086032.541581087512895, 1754852.721856198273599 ] ] } },
{ "type": "Feature", "properties": { "road_id": 859, "shade_9h": 0, "shade_12h": 0, "shade_15h": 0, "shade_18h": 0 }, "geometry": { "type": "LineString", "coordinates": [ [ 1086032.541581087512895, 1754852.721856198273599 ], [ 1087032.541581087512895, 1754852.721856198273599 ] ] } },
{ "type": "Feature", "properties": { "road_id": 860, "shade_9h": 0, "shade_12h": 0, "shade_15h": 0, "shade_18h": 0 }, "geometry": { "type": "LineString", "coordinates": [ [ 1086032.541581087512895, 1754852.721856198273599 ], [ 1086032.541581087512895, 1755852.721856198273599 ] ] } },
{ "type": "Feature", "properties": { "road_id": 861, "shade_9h": 0, "shade_12h": 0, "shade_15h": 0, "shade_18h": 0 }, "geometry": { "type": "LineString", "coordinates": [ [ 1086032.541581087512895, 1755852.721856198273599 ], [ 1087032.541581087512895, 1755852.721856198273599 ] ] } },
{ "type": "Feature", "properties": { "road_id": 862, "shade_9h": 0, "shade_12h": 0, "shade_15h": 0, "shade_18h": 0 }, "geometry": { "type": "LineString", "coordinates": [ [ 1086032.541581087512895, 1755852.721856198273599 ], [ 1086032.541581087512895, 1756852.721856198273599 ] ] } },
{ "type": "Feature", "properties": { "road_id": 863, "shade_9h": 0, "shade_12h": 0, "shade_15h": 0, "shade_18h": 0 }, "geometry": { "type": "LineString", "coordinates": [ [ 1086032.541581087512895, 1756852.721856198273599 ], [ 1087032.541581087512895, 1756852.721856198273599 ] ] } },
{ "type": "Feature", "properties": { "road_id": 864, "shade_9h": 0, "shade_12h": 0, "shade_15h": 0, "shade_18h": 0 }, "geometry": { "type": "LineString", "coordinates": [ [ 1086032.541581087512895, 1756852.721856198273599 ], [ 1086032.541581087512895, 1757852.721856198273599 ] ] } },
{ "type": "Feature", "properties": { "road_id": 865, "shade_9h": 0, "shade_12h": 0, "shade_15h": 0, "shade_18h": 0 }, "geometry": { "type": "LineString", "coordinates": [ [ 1086032.541581087512895, 1757852.721856198273599 ], [ 1087032.541581087512895, 1757852.721856198273599 ] ] } },
{ "type": "Feature", "properties": { "road_id": 866, "shade_9h": 0, "shade_12h": 0, "shade_15h": 0, "shade_18h": 0 }, "geometry": { "type": "LineString", "coordinates": [ [ 1086032.541581087512895, 1757852.721856198273599 ], [ 1086032.541581087512895, 1758852.721856198273599 ] ] } },
{ "type": "Feature", "properties": { "road_id": 867, "shade_9h": 0, "shade_12h": 0, "shade_15h": 0, "shade_18h": 0 }, "geometry": { "type": "LineString", "coordinates": [ [ 1086032.541581087512895, 1758852.721856198273599 ], [ 1087032.541581087512895, 1758852.721856198273599 ] ] } },
{ "type": "Feature", "properties": { "road_id": 868, "shade_9h": 0, "shade_12h": 0, "shade_15h": 0, "shade_18h": 0 }, "geometry": { "type": "LineString", "coordinates": [ [ 1086032.541581087512895, 1758852.721856198273599 ], [ 1086032.541581087512895, 1759852.721856198273599 ] ] } },
{ "type": "Feature", "properties": { "road_id": 869, "shade_9h": 0, "shade_12h": 0, "shade_15h": 0, "shade_18h": 0 }, "geometry": { "type": "LineString", "coordinates": [ [ 1086032.541581087512895, 1759852.721856198273599 ], [ 1087032.541581087512895, 1759852.721856198273599 ] ] } },
{ "type": "Feature", "properties": { "road_id": 870, "shade_9h": 0, "shade_12h": 0, "shade_15h": 0, "shade_18h": 0 }, "geometry": { "type": "LineString", "coordinates": [ [ 1086032.541581087512895, 1759852.721856198273599 ], [ 1086032.541581087512895, 1760852.721856198273599 ] ] } },
{ "type": "Feature", "properties": { "road_id": 871, "shade_9h": 0, "shade_12h": 0, "shade_15h": 0, "shade_18h": 0 }, "geometry": { "type": "LineString", "coordinates": [ [ 1086032.541581087512895, 1760852.721856198273599 ], [ 1087032.541581087512895, 1760852.721856198273599 ] ] } },
{ "type": "Feature", "properties": { "road_id": 872, "shade_9h": 1, "shade_12h": 1, "shade_15h": 1, "shade_18h": 1 }, "geometry": { "type": "LineString", "coordinates": [ [ 1086032.541581087512895, 1760852.721856198273599 ], [ 1086032.541581087512895, 1761852.721856198273599 ] ] } },
{ "type": "Feature", "properties": { "road_id": 873, "shade_9h": 0, "shade_12h": 0, "shade_15h": 0, "shade_18h": 0 }, "geometry": { "type": "LineString", "coordinates": [ [ 1086032.541581087512895, 1761852.721856198273599 ], [ 1087032.541581087512895, 1761852.721856198273599 ] ] } },
{ "type": "Feature", "properties": { "road_id": 874, "shade_9h": 0, "shade_12h": 0, "shade_15h": 0, "shade_18h": 0 }, "geometry": { "type": "LineString", "coordinates": [ [ 1086032.541581087512895, 1761852.721856198273599 ], [ 1086032.541581087512895, 1762852.721856198273599 ] ] } },
{ "type": "Feature", "properties": { "road_id": 875, "shade_9h": 0, "shade_12h": 0, "shade_15h": 0, "shade_18h": 0 }, "geometry": { "type": "LineString", "coordinates": [ [ 1086032.541581087512895, 1762852.721856198273599 ], [ 1087032.541581087512895, 1762852.721856198273599 ] ] } },
{ "type": "Feature", "properties": { "road_id": 876, "shade_9h": 2, "shade_12h": 0, "shade_15h": 2, "shade_18h": 17 }, "geometry": { "type": "LineString", "coordinates": [ [ 1086032.541581087512895, 1762852.721856198273599 ], [ 1086032.541581087512895, 1763852.721856198273599 ] ] } },
{ "type": "Feature", "properties": { "road_id": 877, "shade_9h": 1, "shade_12h": 1, "shade_15h": 1, "shade_18h": 1 }, "geometry": { "type": "LineString", "coordinates": [ [ 1086032.541581087512895, 1763852.721856198273599 ], [ 1087032.541581087512895, 1763852.721856198273599 ] ] } },
{ "type": "Feature", "properties": { "road_id": 878, "shade_9h": 0, "shade_12h": 0, "shade_15h": 0, "shade_18h": 0 }, "geometry": { "type": "LineString", "coordinates": [ [ 1086032.541581087512895, 1763852.721856198273599 ], [ 1086032.541581087512895, 1764852.721856198273599 ] ] } },
{ "type": "Feature", "properties": { "road_id": 879, "shade_9h": 0, "shade_12h": 0, "shade_15h": 0, "shade_18h": 0 }, "geometry": { "type": "LineString", "coordinates": [ [ 1086032.541581087512895, 1764852.721856198273599 ], [ 1087032.541581087512895, 1764852.721856198273599 ] ] } },
{ "type": "Feature", "properties": { "road_id": 880, "shade_9h": 0, "shade_12h": 0, "shade_15h": 0, "shade_18h": 0 }, "geometry": { "type": "LineString", "coordinates": [ [ 1086032.541581087512895, 1764852.721856198273599 ], [ 1086032.541581087512895, 1765852.721856198273599 ] ] } },
{ "type": "Feature", "properties": { "road_id": 881, "shade_9h": 0, "shade_12h": 0, "shade_15h": 0, "shade_18h": 0 }, "geometry": { "type": "LineString", "coordinates": [ [ 1086032.541581087512895, 1765852.721856198273599 ], [ 1087032.541581087512895, 1765852.721856198273599 ] ] } },
{ "type": "Feature", "properties": { "road_id": 882, "shade_9h": 5, "shade_12h": 0, "shade_15h": 4, "shade_18h": 50 }, "geometry": { "type": "LineString", "coordinates": [ [ 1086032.541581087512895, 1765852.721856198273599 ], [ 1086032.541581087512895, 1766852.721856198273599 ] ] } },
{ "type": "Feature", "properties": { "road_id": 883, "shade_9h": 0, "shade_12h": 0, "shade_15h": 0, "shade_18h": 0 }, "geometry": { "type": "LineString", "coordinates": [ [ 1086032.541581087512895, 1766852.721856198273599 ], [ 1087032.541581087512895, 1766852.721856198273599 ] ] } },
{ "type": "Feature", "properties": { "road_id": 884, "shade_9h": 0, "shade_12h": 0, "shade_15h": 0, "shade_18h": 0 }, "geometry": { "type": "LineString", "coordinates": [ [ 1086032.541581087512895, 1766852.721856198273599 ], [ 1086032.541581087512895, 1767852.721856198273599 ] ] } },
{ "type": "Feature", "properties": { "road_id": 885, "shade_9h": 0, "shade_12h": 0, "shade_15h": 0, "shade_18h": 0 }, "geometry": { "type": "LineString", "coordinates": [ [ 1086032.541581087512895, 1767852.721856198273599 ], [ 1087032.541581087512895, 1767852.721856198273599 ] ] } },
{ "type": "Feature", "properties": { "road_id": 886, "shade_9h": 0, "shade_12h": 0, "shade_15h": 0, "shade_18h": 0 }, "geometry": { "type": "LineString", "coordinates": [ [ 1086032.541581087512895, 1767852.721856198273599 ], [ 1086032.541581087512895, 1768852.721856198273599 ] ] } },
{ "type": "Feature", "properties": { "road_id": 887, "shade_9h": 3, "shade_12h": 2, "shade_15h": 3, "shade_18h": 11 }, "geometry": { "type": "LineString", "coordinates": [ [ 1086032.541581087512895, 1768852.721856198273599 ], [ 1087032.541581087512895, 1768852.721856198273599 ] ] } },
{ "type": "Feature", "properties": { "road_id": 888, "shade_9h": 0, "shade_12h": 0, "shade_15h": 0, "shade_18h": 0 }, "geometry": { "type": "LineString", "coordinates": [ [ 1086032.541581087512895, 1768852.721856198273599 ], [ 1086032.541581087512895, 1769852.721856198273599 ] ] } },
{ "type": "Feature", "properties": { "road_id": 889, "shade_9h": 0, "shade_12h": 0, "shade_15h": 0, "shade_18h": 0 }, "geometry": { "type": "LineString", "coordinates": [ [ 1086032.541581087512895, 1769852.721856198273599 ], [ 1087032.541581087512895, 1769852.721856198273599 ] ] } },
{ "type": "Feature", "properties": { "road_id": 890, "shade_9h": 0, "shade_12h": 0, "shade_15h": 0, "shade_18h": 0 }, "geometry": { "type": "LineString", "coordinates": [ [ 1086032.541581087512895, 1769852.721856198273599 ], [ 1086032.541581087512895, 1770852.721856198273599 ] ] } },
{ "type": "Feature", "properties": { "road_id": 891, "shade_9h": 0, "shade_12h": 0, "shade_15h": 0, "shade_18h": 0 }, "geometry": { "type": "LineString", "coordinates": [ [ 1086032.541581087512895, 1770852.721856198273599 ], [ 1087032.541581087512895, 1770852.721856198273599 ] ] } },
{ "type": "Feature", "properties": { "road_id": 892, "shade_9h": 0, "shade_12h": 0, "shade_15h": 0, "shade_18h": 0 }, "geometry": { "type": "LineString", "coordinates": [ [ 1086032.541581087512895, 1770852.721856198273599 ], [ 1086032.541581087512895, 1771852.721856198273599 ] ] } },
{ "type": "Feature", "properties": { "road_id": 893, "shade_9h": 0, "shade_12h": 0, "shade_15h": 0, "shade_18h": 0 }, "geometry": { "type": "LineString", "coordinates": [ [ 1086032.541581087512895, 1771852.721856198273599 ], [ 1087032.541581087512895, 1771852.721856198273599 ] ] } },
{ "type": "Feature", "properties": { "road_id": 894, "shade_9h": 0, "shade_12h": 0, "shade_15h": 0, "shade_18h": 0 }, "geometry": { "type": "LineString", "coordinates": [ [ 1086032.541581087512895, 1771852.721856198273599 ], [ 1086032.541581087512895, 1772852.721856198273599 ] ] } },
{ "type": "Feature", "properties": { "road_id": 895, "shade_9h": 1, "shade_12h": 1, "shade_15h": 1, "shade_18h": 1 }, "geometry": { "type": "LineString", "coordinates": [ [ 1086032.541581087512895, 1772852.721856198273599 ], [ 1087032.541581087512895, 1772852.721856198273599 ] ] } },
{ "type": "Feature", "properties": { "road_id": 896, "shade_9h": 3, "shade_12h": 2, "shade_15h": 3, "shade_18h": 10 }, "geometry": { "type": "LineString", "coordinates": [ [ 1086032.541581087512895, 1772852.721856198273599 ], [ 1086032.541581087512895, 1773852.721856198273599 ] ] } },
{ "type": "Feature", "properties": { "road_id": 897, "shade_9h": 3, "shade_12h": 2, "shade_15h": 3, "shade_18h": 16 }, "geometry": { "type": "LineString", "coordinates": [ [ 1086032.541581087512895, 1773852.721856198273599 ], [ 1087032.541581087512895, 1773852.721856198273599 ] ] } },
{ "type": "Feature", "properties": { "road_id": 898, "shade_9h": 1, "shade_12h": 0, "shade_15h": 1, "shade_18h": 7 }, "geometry": { "type": "LineString", "coordinates": [ [ 1086032.541581087512895, 1773852.721856198273599 ], [ 1086032.541581087512895, 1774852.721856198273599 ] ] } },
{ "type": "Feature", "properties": { "road_id": 899, "shade_9h": 0, "shade_12h": 0, "shade_15h": 0, "shade_18h": 0 }, "geometry": { "type": "LineString", "coordinates": [ [ 1086032.541581087512895, 1774852.721856198273599 ], [ 1087032.541581087512895, 1774852.721856198273599 ] ] } },
{ "type": "Feature", "properties": { "road_id": 900, "shade_9h": 0, "shade_12h": 0, "shade_15h": 0, "shade_18h": 0 }, "geometry": { "type": "LineString", "coordinates": [ [ 1086032.541581087512895, 1774852.721856198273599 ], [ 1086032.541581087512895, 1775852.721856198273599 ] ] } },
{ "type": "Feature", "properties": { "road_id": 901, "shade_9h": 0, "shade_12h": 0, "shade_15h": 0, "shade_18h": 0 }, "geometry": { "type": "LineString", "coordinates": [ [ 1086032.541581087512895, 1775852.721856198273599 ], [ 1087032.541581087512895, 1775852.721856198273599 ] ] } },
{ "type": "Feature", "properties": { "road_id": 902, "shade_9h": 0, "shade_12h": 0, "shade_15h": 0, "shade_18h": 0 }, "geometry": { "type": "LineString", "coordinates": [ [ 1086032.541581087512895, 1775852.721856198273599 ], [ 1086032.541581087512895, 1776852.721856198273599 ] ] } },
{ "type": "Feature", "properties": { "road_id": 903, "shade_9h": 0, "shade_12h": 0, "shade_15h": 0, "shade_18h": 0 }, "geometry": { "type": "LineString", "coordinates": [ [ 1086032.541581087512895, 1776852.721856198273599 ], [ 1087032.541581087512895, 1776852.721856198273599 ] ] } },
{ "type": "Feature", "properties": { "road_id": 904, "shade_9h": 0, "shade_12h": 0, "shade_15h": 0, "shade_18h": 0 }, "geometry": { "type": "LineString", "coordinates": [ [ 1086032.541581087512895, 1776852.721856198273599 ], [ 1086032.541581087512895, 1777852.721856198273599 ] ] } },
{ "type": "Feature", "properties": { "road_id": 905, "shade_9h": 0, "shade_12h": 0, "shade_15h": 0, "shade_18h": 0 }, "geometry": { "type": "LineString", "coordinates": [ [ 1086032.541581087512895, 1777852.721856198273599 ], [ 1087032.541581087512895, 1777852.721856198273599 ] ] } },
{ "type": "Feature", "properties": { "road_id": 906, "shade_9h": 1, "shade_12h": 1, "shade_15h": 1, "shade_18h": 1 }, "geometry": { "type": "LineString", "coordinates": [ [ 1086032.541581087512895, 1777852.721856198273599 ], [ 1086032.541581087512895, 1778852.721856198273599 ] ] } },
{ "type": "Feature", "properties": { "road_id": 907, "shade_9h": 0, "shade_12h": 0, "shade_15h": 0, "shade_18h": 0 }, "geometry": { "type": "LineString", "coordinates": [ [ 1086032.541581087512895, 1778852.721856198273599 ], [ 1087032.541581087512895, 1778852.721856198273599 ] ] } },
{ "type": "Feature", "properties": { "road_id": 908, "shade_9h": 0, "shade_12h": 0, "shade_15h": 0, "shade_18h": 0 }, "geometry": { "type": "LineString", "coordinates": [ [ 1086032.541581087512895, 1778852.721856198273599 ], [ 1086032.541581087512895, 1779852.721856198273599 ] ] } },
{ "type": "Feature", "properties": { "road_id": 909, "shade_9h": 6, "shade_12h": 2, "shade_15h": 6, "shade_18h": 35 }, "geometry": { "type": "LineString", "coordinates": [ [ 1086032.541581087512895, 1779852.721856198273599 ], [ 1087032.541581087512895, 1779852.721856198273599 ] ] } },
{ "type": "Feature", "properties": { "road_id": 910, "shade_9h": 0, "shade_12h": 0, "shade_15h": 0, "shade_18h": 0 }, "geometry": { "type": "LineString", "coordinates": [ [ 1087032.541581087512895, 1734852.721856198273599 ], [ 1088032.541581087512895, 1734852.721856198273599 ] ] } },
{ "type": "Feature", "properties": { "road_id": 911, "shade_9h": 0, "shade_12h": 0, "shade_15h": 0, "shade_18h": 0 }, "geometry": { "type": "LineString", "coordinates": [ [ 1087032.541581087512895, 1734852.721856198273599 ], [ 1087032.541581087512895, 1735852.721856198273599 ] ] } },
{ "type": "Feature", "properties": { "road_id": 912, "shade_9h": 1, "shade_12h": 1, "shade_15h": 1, "shade_18h": 1 }, "geometry": { "type": "LineString", "coordinates": [ [ 1087032.541581087512895, 1735852.721856198273599 ], [ 1088032.541581087512895, 1735852.721856198273599 ] ] } },
{ "type": "Feature", "properties": { "road_id": 913, "shade_9h": 0, "shade_12h": 0, "shade_15h": 0, "shade_18h": 0 }, "geometry": { "type": "LineString", "coordinates": [ [ 1087032.541581087512895, 1735852.721856198273599 ], [ 1087032.541581087512895, 1736852.721856198273599 ] ] } },
{ "type": "Feature", "properties": { "road_id": 914, "shade_9h": 0, "shade_12h": 0, "shade_15h": 0, "shade_18h": 0 }, "geometry": { "type": "LineString", "coordinates": [ [ 1087032.541581087512895, 1736852.721856198273599 ], [ 1088032.541581087512895, 1736852.721856198273599 ] ] } },
{ "type": "Feature", "properties": { "road_id": 915, "shade_9h": 0, "shade_12h": 0, "shade_15h": 0, "shade_18h": 0 }, "geometry": { "type": "LineString", "coordinates": [ [ 1087032.541581087512895, 1736852.721856198273599 ], [ 1087032.541581087512895, 1737852.721856198273599 ] ] } },
{ "type": "Feature", "properties": { "road_id": 916, "shade_9h": 0, "shade_12h": 0, "shade_15h": 0, "shade_18h": 0 }, "geometry": { "type": "LineString", "coordinates": [ [ 1087032.541581087512895, 1737852.721856198273599 ], [ 1088032.541581087512895, 1737852.721856198273599 ] ] } },
{ "type": "Feature", "properties": { "road_id": 917, "shade_9h": 0, "shade_12h": 0, "shade_15h": 0, "shade_18h": 0 }, "geometry": { "type": "LineString", "coordinates": [ [ 1087032.541581087512895, 1737852.721856198273599 ], [ 1087032.541581087512895, 1738852.721856198273599 ] ] } },
{ "type": "Feature", "properties": { "road_id": 918, "shade_9h": 0, "shade_12h": 0, "shade_15h": 0, "shade_18h": 0 }, "geometry": { "type": "LineString", "coordinates": [ [ 1087032.541581087512895, 1738852.721856198273599 ], [ 1088032.541581087512895, 1738852.721856198273599 ] ] } },
{ "type": "Feature", "properties": { "road_id": 919, "shade_9h": 0, "shade_12h": 0, "shade_15h": 0, "shade_18h": 0 }, "geometry": { "type": "LineString", "coordinates": [ [ 1087032.541581087512895, 1738852.721856198273599 ], [ 1087032.541581087512895, 1739852.721856198273599 ] ] } },
{ "type": "Feature", "properties": { "road_id": 920, "shade_9h": 8, "shade_12h": 4, "shade_15h": 7, "shade_18h": 25 }, "geometry": { "type": "LineString", "coordinates": [ [ 1087032.541581087512895, 1739852.721856198273599 ], [ 1088032.541581087512895, 1739852.721856198273599 ] ] } },
{ "type": "Feature", "properties": { "road_id": 921, "shade_9h": 0, "shade_12h": 0, "shade_15h": 0, "shade_18h": 0 }, "geometry": { "type": "LineString", "coordinates": [ [ 1087032.541581087512895, 1739852.721856198273599 ], [ 1087032.541581087512895, 1740852.721856198273599 ] ] } },
{ "type": "Feature", "properties": { "road_id": 922, "shade_9h": 0, "shade_12h": 0, "shade_15h": 0, "shade_18h": 0 }, "geometry": { "type": "LineString", "coordinates": [ [ 1087032.541581087512895, 1740852.721856198273599 ], [ 1088032.541581087512895, 1740852.721856198273599 ] ] } },
{ "type": "Feature", "properties": { "road_id": 923, "shade_9h": 0, "shade_12h": 0, "shade_15h": 0, "shade_18h": 0 }, "geometry": { "type": "LineString", "coordinates": [ [ 1087032.541581087512895, 1740852.721856198273599 ], [ 1087032.541581087512895, 1741852.721856198273599 ] ] } },
{ "type": "Feature", "properties": { "road_id": 924, "shade_9h": 0, "shade_12h": 0, "shade_15h": 0, "shade_18h": 0 }, "geometry": { "type": "LineString", "coordinates": [ [ 1087032.541581087512895, 1741852.721856198273599 ], [ 1088032.541581087512895, 1741852.721856198273599 ] ] } },
{ "type": "Feature", "properties": { "road_id": 925, "shade_9h": 0, "shade_12h": 0, "shade_15h": 0, "shade_18h": 0 }, "geometry": { "type": "LineString", "coordinates": [ [ 1087032.541581087512895, 1741852.721856198273599 ], [ 1087032.541581087512895, 1742852.721856198273599 ] ] } },
{ "type": "Feature", "properties": { "road_id": 926, "shade_9h": 0, "shade_12h": 0, "shade_15h": 0, "shade_18h": 0 }, "geometry": { "type": "LineString", "coordinates": [ [ 1087032.541581087512895, 1742852.721856198273599 ], [ 1088032.541581087512895, 1742852.721856198273599 ] ] } },
{ "type": "Feature", "properties": { "road_id": 927, "shade_9h": 0, "shade_12h": 0, "shade_15h": 0, "shade_18h": 0 }, "geometry": { "type": "LineString", "coordinates": [ [ 1087032.541581087512895, 1742852.721856198273599 ], [ 1087032.541581087512895, 1743852.721856198273599 ] ] } },
{ "type": "Feature", "properties": { "road_id": 928, "shade_9h": 0, "shade_12h": 0, "shade_15h": 0, "shade_18h": 0 }, "geometry": { "type": "LineString", "coordinates": [ [ 1087032.541581087512895, 1743852.721856198273599 ], [ 1088032.541581087512895, 1743852.721856198273599 ] ] } },
{ "type": "Feature", "properties": { "road_id": 929, "shade_9h": 0, "shade_12h": 0, "shade_15h": 0, "shade_18h": 0 }, "geometry": { "type": "LineString", "coordinates": [ [ 1087032.541581087512895, 1743852.721856198273599 ], [ 1087032.541581087512895, 1744852.721856198273599 ] ] } },
{ "type": "Feature", "properties": { "road_id": 930, "shade_9h": 0, "shade_12h": 0, "shade_15h": 0, "shade_18h": 0 }, "geometry": { "type": "LineString", "coordinates": [ [ 1087032.541581087512895, 1744852.721856198273599 ], [ 1088032.541581087512895, 1744852.721856198273599 ] ] } },
{ "type": "Feature", "properties": { "road_id": 931, "shade_9h": 0, "shade_12h": 0, "shade_15h": 0, "shade_18h": 0 }, "geometry": { "type": "LineString", "coordinates": [ [ 1087032.541581087512895, 1744852.721856198273599 ], [ 1087032.541581087512895, 1745852.721856198273599 ] ] } },
{ "type": "Feature", "properties": { "road_id": 932, "shade_9h": 0, "shade_12h": 0, "shade_15h": 0, "shade_18h": 0 }, "geometry": { "type": "LineString", "coordinates": [ [ 1087032.541581087512895, 1745852.721856198273599 ], [ 1088032.541581087512895, 1745852.721856198273599 ] ] } },
{ "type": "Feature", "properties": { "road_id": 933, "shade_9h": 0, "shade_12h": 0, "shade_15h": 0, "shade_18h": 0 }, "geometry": { "type": "LineString", "coordinates": [ [ 1087032.541581087512895, 1745852.721856198273599 ], [ 1087032.541581087512895, 1746852.721856198273599 ] ] } },
{ "type": "Feature", "properties": { "road_id": 934, "shade_9h": 0, "shade_12h": 0, "shade_15h": 0, "shade_18h": 0 }, "geometry": { "type": "LineString", "coordinates": [ [ 1087032.541581087512895, 1746852.721856198273599 ], [ 1088032.541581087512895, 1746852.721856198273599 ] ] } },
{ "type": "Feature", "properties": { "road_id": 935, "shade_9h": 0, "shade_12h": 0, "shade_15h": 0, "shade_18h": 0 }, "geometry": { "type": "LineString", "coordinates": [ [ 1087032.541581087512895, 1746852.721856198273599 ], [ 1087032.541581087512895, 1747852.721856198273599 ] ] } },
{ "type": "Feature", "properties": { "road_id": 936, "shade_9h": 1, "shade_12h": 1, "shade_15h": 1, "shade_18h": 1 }, "geometry": { "type": "LineString", "coordinates": [ [ 1087032.541581087512895, 1747852.721856198273599 ], [ 1088032.541581087512895, 1747852.721856198273599 ] ] } },
{ "type": "Feature", "properties": { "road_id": 937, "shade_9h": 0, "shade_12h": 0, "shade_15h": 0, "shade_18h": 0 }, "geometry": { "type": "LineString", "coordinates": [ [ 1087032.541581087512895, 1747852.721856198273599 ], [ 1087032.541581087512895, 1748852.721856198273599 ] ] } },
{ "type": "Feature", "properties": { "road_id": 938, "shade_9h": 0, "shade_12h": 0, "shade_15h": 0, "shade_18h": 0 }, "geometry": { "type": "LineString", "coordinates": [ [ 1087032.541581087512895, 1748852.721856198273599 ], [ 1088032.541581087512895, 1748852.721856198273599 ] ] } },
{ "type": "Feature", "properties": { "road_id": 939, "shade_9h": 0, "shade_12h": 0, "shade_15h": 0, "shade_18h": 0 }, "geometry": { "type": "LineString", "coordinates": [ [ 1087032.541581087512895, 1748852.721856198273599 ], [ 1087032.541581087512895, 1749852.721856198273599 ] ] } },
{ "type": "Feature", "properties": { "road_id": 940, "shade_9h": 0, "shade_12h": 0, "shade_15h": 0, "shade_18h": 0 }, "geometry": { "type": "LineString", "coordinates": [ [ 1087032.541581087512895, 1749852.721856198273599 ], [ 1088032.541581087512895, 1749852.721856198273599 ] ] } },
{ "type": "Feature", "properties": { "road_id": 941, "shade_9h": 1, "shade_12h": 1, "shade_15h": 1, "shade_18h": 1 }, "geometry": { "type": "LineString", "coordinates": [ [ 1087032.541581087512895, 1749852.721856198273599 ], [ 1087032.541581087512895, 1750852.721856198273599 ] ] } },
{ "type": "Feature", "properties": { "road_id": 942, "shade_9h": 0, "shade_12h": 0, "shade_15h": 0, "shade_18h": 0 }, "geometry": { "type": "LineString", "coordinates": [ [ 1087032.541581087512895, 1750852.721856198273599 ], [ 1088032.541581087512895, 1750852.721856198273599 ] ] } },
{ "type": "Feature", "properties": { "road_id": 943, "shade_9h": 1, "shade_12h": 1, "shade_15h": 1, "shade_18h": 1 }, "geometry": { "type": "LineString", "coordinates": [ [ 1087032.541581087512895, 1750852.721856198273599 ], [ 1087032.541581087512895, 1751852.721856198273599 ] ] } },
{ "type": "Feature", "properties": { "road_id": 944, "shade_9h": 0, "shade_12h": 0, "shade_15h": 0, "shade_18h": 0 }, "geometry": { "type": "LineString", "coordinates": [ [ 1087032.541581087512895, 1751852.721856198273599 ], [ 1088032.541581087512895, 1751852.721856198273599 ] ] } },
{ "type": "Feature", "properties": { "road_id": 945, "shade_9h": 0, "shade_12h": 0, "shade_15h": 0, "shade_18h": 0 }, "geometry": { "type": "LineString", "coordinates": [ [ 1087032.541581087512895, 1751852.721856198273599 ], [ 1087032.541581087512895, 1752852.721856198273599 ] ] } },
{ "type": "Feature", "properties": { "road_id": 946, "shade_9h": 0, "shade_12h": 0, "shade_15h": 0, "shade_18h": 0 }, "geometry": { "type": "LineString", "coordinates": [ [ 1087032.541581087512895, 1752852.721856198273599 ], [ 1088032.541581087512895, 1752852.721856198273599 ] ] } },
{ "type": "Feature", "properties": { "road_id": 947, "shade_9h": 0, "shade_12h": 0, "shade_15h": 0, "shade_18h": 0 }, "geometry": { "type": "LineString", "coordinates": [ [ 1087032.541581087512895, 1752852.721856198273599 ], [ 1087032.541581087512895, 1753852.721856198273599 ] ] } },
{ "type": "Feature", "properties": { "road_id": 948, "shade_9h": 0, "shade_12h": 0, "shade_15h": 0, "shade_18h": 0 }, "geometry": { "type": "LineString", "coordinates": [ [ 1087032.541581087512895, 1753852.721856198273599 ], [ 1088032.541581087512895, 1753852.721856198273599 ] ] } },
{ "type": "Feature", "properties": { "road_id": 949, "shade_9h": 0, "shade_12h": 0, "shade_15h": 0, "shade_18h": 0 }, "geometry": { "type": "LineString", "coordinates": [ [ 1087032.541581087512895, 1753852.721856198273599 ], [ 1087032.541581087512895, 1754852.721856198273599 ] ] } },
{ "type": "Feature", "properties": { "road_id": 950, "shade_9h": 1, "shade_12h": 1, "shade_15h": 1, "shade_18h": 1 }, "geometry": { "type": "LineString", "coordinates": [ [ 1087032.541581087512895, 1754852.721856198273599 ], [ 1088032.541581087512895, 1754852.721856198273599 ] ] } },
{ "type": "Feature", "properties": { "road_id": 951, "shade_9h": 0, "shade_12h": 0, "shade_15h": 0, "shade_18h": 12 }, "geometry": { "type": "LineString", "coordinates": [ [ 1087032.541581087512895, 1754852.721856198273599 ], [ 1087032.541581087512895, 1755852.721856198273599 ] ] } },
{ "type": "Feature", "properties": { "road_id": 952, "shade_9h": 0, "shade_12h": 0, "shade_15h": 0, "shade_18h": 0 }, "geometry": { "type": "LineString", "coordinates": [ [ 1087032.541581087512895, 1755852.721856198273599 ], [ 1088032.541581087512895, 1755852.721856198273599 ] ] } },
{ "type": "Feature", "properties": { "road_id": 953, "shade_9h": 0, "shade_12h": 0, "shade_15h": 0, "shade_18h": 0 }, "geometry": { "type": "LineString", "coordinates": [ [ 1087032.541581087512895, 1755852.721856198273599 ], [ 1087032.541581087512895, 1756852.721856198273599 ] ] } },
{ "type": "Feature", "properties": { "road_id": 954, "shade_9h": 0, "shade_12h": 0, "shade_15h": 0, "shade_18h": 0 }, "geometry": { "type": "LineString", "coordinates": [ [ 1087032.541581087512895, 1756852.721856198273599 ], [ 1088032.541581087512895, 1756852.721856198273599 ] ] } },
{ "type": "Feature", "properties": { "road_id": 955, "shade_9h": 0, "shade_12h": 0, "shade_15h": 0, "shade_18h": 0 }, "geometry": { "type": "LineString", "coordinates": [ [ 1087032.541581087512895, 1756852.721856198273599 ], [ 1087032.541581087512895, 1757852.721856198273599 ] ] } },
{ "type": "Feature", "properties": { "road_id": 956, "shade_9h": 4, "shade_12h": 3, "shade_15h": 4, "shade_18h": 17 }, "geometry": { "type": "LineString", "coordinates": [ [ 1087032.541581087512895, 1757852.721856198273599 ], [ 1088032.541581087512895, 1757852.721856198273599 ] ] } },
{ "type": "Feature", "properties": { "road_id": 957, "shade_9h": 0, "shade_12h": 0, "shade_15h": 0, "shade_18h": 0 }, "geometry": { "type": "LineString", "coordinates": [ [ 1087032.541581087512895, 1757852.721856198273599 ], [ 1087032.541581087512895, 1758852.721856198273599 ] ] } },
{ "type": "Feature", "properties": { "road_id": 958, "shade_9h": 0, "shade_12h": 0, "shade_15h": 0, "shade_18h": 0 }, "geometry": { "type": "LineString", "coordinates": [ [ 1087032.541581087512895, 1758852.721856198273599 ], [ 1088032.541581087512895, 1758852.721856198273599 ] ] } },
{ "type": "Feature", "properties": { "road_id": 959, "shade_9h": 0, "shade_12h": 0, "shade_15h": 0, "shade_18h": 0 }, "geometry": { "type": "LineString", "coordinates": [ [ 1087032.541581087512895, 1758852.721856198273599 ], [ 1087032.541581087512895, 1759852.721856198273599 ] ] } },
{ "type": "Feature", "properties": { "road_id": 960, "shade_9h": 0, "shade_12h": 0, "shade_15h": 0, "shade_18h": 0 }, "geometry": { "type": "LineString", "coordinates": [ [ 1087032.541581087512895, 1759852.721856198273599 ], [ 1088032.541581087512895, 1759852.721856198273599 ] ] } },
{ "type": "Feature", "properties": { "road_id": 961, "shade_9h": 0, "shade_12h": 0, "shade_15h": 0, "shade_18h": 0 }, "geometry": { "type": "LineString", "coordinates": [ [ 1087032.541581087512895, 1759852.721856198273599 ], [ 1087032.541581087512895, 1760852.721856198273599 ] ] } },
{ "type": "Feature", "properties": { "road_id": 962, "shade_9h": 0, "shade_12h": 0, "shade_15h": 0, "shade_18h": 0 }, "geometry": { "type": "LineString", "coordinates": [ [ 1087032.541581087512895, 1760852.721856198273599 ], [ 1088032.541581087512895, 1760852.721856198273599 ] ] } },
{ "type": "Feature", "properties": { "road_id": 963, "shade_9h": 1, "shade_12h": 1, "shade_15h": 1, "shade_18h": 1 }, "geometry": { "type": "LineString", "coordinates": [ [ 1087032.541581087512895, 1760852.721856198273599 ], [ 1087032.541581087512895, 1761852.721856198273599 ] ] } },
{ "type": "Feature", "properties": { "road_id": 964, "shade_9h": 0, "shade_12h": 0, "shade_15h": 0, "shade_18h": 0 }, "geometry": { "type": "LineString", "coordinates": [ [ 1087032.541581087512895, 1761852.721856198273599 ], [ 1088032.541581087512895, 1761852.721856198273599 ] ] } },
{ "type": "Feature", "properties": { "road_id": 965, "shade_9h": 0, "shade_12h": 0, "shade_15h": 0, "shade_18h": 0 }, "geometry": { "type": "LineString", "coordinates": [ [ 1087032.541581087512895, 1761852.721856198273599 ], [ 1087032.541581087512895, 1762852.721856198273599 ] ] } },
{ "type": "Feature", "properties": { "road_id": 966, "shade_9h": 0, "shade_12h": 0, "shade_15h": 0, "shade_18h": 0 }, "geometry": { "type": "LineString", "coordinates": [ [ 1087032.541581087512895, 1762852.721856198273599 ], [ 1088032.541581087512895, 1762852.721856198273599 ] ] } },
{ "type": "Feature", "properties": { "road_id": 967, "shade_9h": 0, "shade_12h": 0, "shade_15h": 0, "shade_18h": 0 }, "geometry": { "type": "LineString", "coordinates": [ [ 1087032.541581087512895, 1762852.721856198273599 ], [ 1087032.541581087512895, 1763852.721856198273599 ] ] } },
{ "type": "Feature", "properties": { "road_id": 968, "shade_9h": 0, "shade_12h": 0, "shade_15h": 0, "shade_18h": 0 }, "geometry": { "type": "LineString", "coordinates": [ [ 1087032.541581087512895, 1763852.721856198273599 ], [ 1088032.541581087512895, 1763852.721856198273599 ] ] } },
{ "type": "Feature", "properties": { "road_id": 969, "shade_9h": 0, "shade_12h": 0, "shade_15h": 0, "shade_18h": 0 }, "geometry": { "type": "LineString", "coordinates": [ [ 1087032.541581087512895, 1763852.721856198273599 ], [ 1087032.541581087512895, 1764852.721856198273599 ] ] } },
{ "type": "Feature", "properties": { "road_id": 970, "shade_9h": 0, "shade_12h": 0, "shade_15h": 0, "shade_18h": 0 }, "geometry": { "type": "LineString", "coordinates": [ [ 1087032.541581087512895, 1764852.721856198273599 ], [ 1088032.541581087512895, 1764852.721856198273599 ] ] } },
{ "type": "Feature", "properties": { "road_id": 971, "shade_9h": 1, "shade_12h": 1, "shade_15h": 1, "shade_18h": 1 }, "geometry": { "type": "LineString", "coordinates": [ [ 1087032.541581087512895, 1764852.721856198273599 ], [ 1087032.541581087512895, 1765852.721856198273599 ] ] } },
{ "type": "Feature", "properties": { "road_id": 972, "shade_9h": 0, "shade_12h": 0, "shade_15h": 0, "shade_18h": 20 }, "geometry": { "type": "LineString", "coordinates": [ [ 1087032.541581087512895, 1765852.721856198273599 ], [ 1088032.541581087512895, 1765852.721856198273599 ] ] } },
{ "type": "Feature", "properties": { "road_id": 973, "shade_9h": 0, "shade_12h": 0, "shade_15h": 0, "shade_18h": 0 }, "geometry": { "type": "LineString", "coordinates": [ [ 1087032.541581087512895, 1765852.721856198273599 ], [ 1087032.541581087512895, 1766852.721856198273599 ] ] } },
{ "type": "Feature", "properties": { "road_id": 974, "shade_9h": 0, "shade_12h": 0, "shade_15h": 0, "shade_18h": 0 }, "geometry": { "type": "LineString", "coordinates": [ [ 1087032.541581087512895, 1766852.721856198273599 ], [ 1088032.541581087512895, 1766852.721856198273599 ] ] } },
{ "type": "Feature", "properties": { "road_id": 975, "shade_9h": 0, "shade_12h": 0, "shade_15h": 0, "shade_18h": 0 }, "geometry": { "type": "LineString", "coordinates": [ [ 1087032.541581087512895, 1766852.721856198273599 ], [ 1087032.541581087512895, 1767852.721856198273599 ] ] } },
{ "type": "Feature", "properties": { "road_id": 976, "shade_9h": 0, "shade_12h": 0, "shade_15h": 0, "shade_18h": 0 }, "geometry": { "type": "LineString", "coordinates": [ [ 1087032.541581087512895, 1767852.721856198273599 ], [ 1088032.541581087512895, 1767852.721856198273599 ] ] } },
{ "type": "Feature", "properties": { "road_id": 977, "shade_9h": 0, "shade_12h": 0, "shade_15h": 0, "shade_18h": 3 }, "geometry": { "type": "LineString", "coordinates": [ [ 1087032.541581087512895, 1767852.721856198273599 ], [ 1087032.541581087512895, 1768852.721856198273599 ] ] } },
{ "type": "Feature", "properties": { "road_id": 978, "shade_9h": 0, "shade_12h": 0, "shade_15h": 0, "shade_18h": 14 }, "geometry": { "type": "LineString", "coordinates": [ [ 1087032.541581087512895, 1768852.721856198273599 ], [ 1088032.541581087512895, 1768852.721856198273599 ] ] } },
{ "type": "Feature", "properties": { "road_id": 979, "shade_9h": 0, "shade_12h": 0, "shade_15h": 0, "shade_18h": 19 }, "geometry": { "type": "LineString", "coordinates": [ [ 1087032.541581087512895, 1768852.721856198273599 ], [ 1087032.541581087512895, 1769852.721856198273599 ] ] } },
{ "type": "Feature", "properties": { "road_id": 980, "shade_9h": 1, "shade_12h": 1, "shade_15h": 1, "shade_18h": 1 }, "geometry": { "type": "LineString", "coordinates": [ [ 1087032.541581087512895, 1769852.721856198273599 ], [ 1088032.541581087512895, 1769852.721856198273599 ] ] } },
{ "type": "Feature", "properties": { "road_id": 981, "shade_9h": 0, "shade_12h": 0, "shade_15h": 0, "shade_18h": 0 }, "geometry": { "type": "LineString", "coordinates": [ [ 1087032.541581087512895, 1769852.721856198273599 ], [ 1087032.541581087512895, 1770852.721856198273599 ] ] } },
{ "type": "Feature", "properties": { "road_id": 982, "shade_9h": 0, "shade_12h": 0, "shade_15h": 0, "shade_18h": 0 }, "geometry": { "type": "LineString", "coordinates": [ [ 1087032.541581087512895, 1770852.721856198273599 ], [ 1088032.541581087512895, 1770852.721856198273599 ] ] } },
{ "type": "Feature", "properties": { "road_id": 983, "shade_9h": 3, "shade_12h": 2, "shade_15h": 3, "shade_18h": 11 }, "geometry": { "type": "LineString", "coordinates": [ [ 1087032.541581087512895, 1770852.721856198273599 ], [ 1087032.541581087512895, 1771852.721856198273599 ] ] } },
{ "type": "Feature", "properties": { "road_id": 984, "shade_9h": 0, "shade_12h": 0, "shade_15h": 0, "shade_18h": 0 }, "geometry": { "type": "LineString", "coordinates": [ [ 1087032.541581087512895, 1771852.721856198273599 ], [ 1088032.541581087512895, 1771852.721856198273599 ] ] } },
{ "type": "Feature", "properties": { "road_id": 985, "shade_9h": 0, "shade_12h": 0, "shade_15h": 0, "shade_18h": 0 }, "geometry": { "type": "LineString", "coordinates": [ [ 1087032.541581087512895, 1771852.721856198273599 ], [ 1087032.541581087512895, 1772852.721856198273599 ] ] } },
{ "type": "Feature", "properties": { "road_id": 986, "shade_9h": 0, "shade_12h": 0, "shade_15h": 0, "shade_18h": 0 }, "geometry": { "type": "LineString", "coordinates": [ [ 1087032.541581087512895, 1772852.721856198273599 ], [ 1088032.541581087512895, 1772852.721856198273599 ] ] } },
{ "type": "Feature", "properties": { "road_id": 987, "shade_9h": 0, "shade_12h": 0, "shade_15h": 0, "shade_18h": 9 }, "geometry": { "type": "LineString", "coordinates": [ [ 1087032.541581087512895, 1772852.721856198273599 ], [ 1087032.541581087512895, 1773852.721856198273599 ] ] } },
{ "type": "Feature", "properties": { "road_id": 988, "shade_9h": 0, "shade_12h": 0, "shade_15h": 0, "shade_18h": 13 }, "geometry": { "type": "LineString", "coordinates": [ [ 1087032.541581087512895, 1773852.721856198273599 ], [ 1088032.541581087512895, 1773852.721856198273599 ] ] } },
{ "type": "Feature", "properties": { "road_id": 989, "shade_9h": 5, "shade_12h": 1, "shade_15h": 5, "shade_18h": 24 }, "geometry": { "type": "LineString", "coordinates": [ [ 1087032.541581087512895, 1773852.721856198273599 ], [ 1087032.541581087512895, 1774852.721856198273599 ] ] } },
{ "type": "Feature", "properties": { "road_id": 990, "shade_9h": 0, "shade_12h": 0, "shade_15h": 0, "shade_18h": 0 }, "geometry": { "type": "LineString", "coordinates": [ [ 1087032.541581087512895, 1774852.721856198273599 ], [ 1088032.541581087512895, 1774852.721856198273599 ] ] } },
{ "type": "Feature", "properties": { "road_id": 991, "shade_9h": 0, "shade_12h": 0, "shade_15h": 0, "shade_18h": 0 }, "geometry": { "type": "LineString", "coordinates": [ [ 1087032.541581087512895, 1774852.721856198273599 ], [ 1087032.541581087512895, 1775852.721856198273599 ] ] } },
{ "type": "Feature", "properties": { "road_id": 992, "shade_9h": 0, "shade_12h": 0, "shade_15h": 0, "shade_18h": 0 }, "geometry": { "type": "LineString", "coordinates": [ [ 1087032.541581087512895, 1775852.721856198273599 ], [ 1088032.541581087512895, 1775852.721856198273599 ] ] } },
{ "type": "Feature", "properties": { "road_id": 993, "shade_9h": 1, "shade_12h": 1, "shade_15h": 1, "shade_18h": 1 }, "geometry": { "type": "LineString", "coordinates": [ [ 1087032.541581087512895, 1775852.721856198273599 ], [ 1087032.541581087512895, 1776852.721856198273599 ] ] } },
{ "type": "Feature", "properties": { "road_id": 994, "shade_9h": 0, "shade_12h": 0, "shade_15h": 0, "shade_18h": 0 }, "geometry": { "type": "LineString", "coordinates": [ [ 1087032.541581087512895, 1776852.721856198273599 ], [ 1088032.541581087512895, 1776852.721856198273599 ] ] } },
{ "type": "Feature", "properties": { "road_id": 995, "shade_9h": 0, "shade_12h": 0, "shade_15h": 0, "shade_18h": 0 }, "geometry": { "type": "LineString", "coordinates": [ [ 1087032.541581087512895, 1776852.721856198273599 ], [ 1087032.541581087512895, 1777852.721856198273599 ] ] } },
{ "type": "Feature", "properties": { "road_id": 996, "shade_9h": 1, "shade_12h": 0, "shade_15h": 1, "shade_18h": 12 }, "geometry": { "type": "LineString", "coordinates": [ [ 1087032.541581087512895, 1777852.721856198273599 ], [ 1088032.541581087512895, 1777852.721856198273599 ] ] } },
{ "type": "Feature", "properties": { "road_id": 997, "shade_9h": 0, "shade_12h": 0, "shade_15h": 0, "shade_18h": 21 }, "geometry": { "type": "LineString", "coordinates": [ [ 1087032.541581087512895, 1777852.721856198273599 ], [ 1087032.541581087512895, 1778852.721856198273599 ] ] } },
{ "type": "Feature", "properties": { "road_id": 998, "shade_9h": 0, "shade_12h": 0, "shade_15h": 0, "shade_18h": 0 }, "geometry": { "type": "LineString", "coordinates": [ [ 1087032.541581087512895, 1778852.721856198273599 ], [ 1088032.541581087512895, 1778852.721856198273599 ] ] } },
{ "type": "Feature", "properties": { "road_id": 999, "shade_9h": 0, "shade_12h": 0, "shade_15h": 0, "shade_18h": 0 }, "geometry": { "type": "LineString", "coordinates": [ [ 1087032.541581087512895, 1778852.721856198273599 ], [ 1087032.541581087512895, 1779852.721856198273599 ] ] } },
{ "type": "Feature", "properties": { "road_id": 1000, "shade_9h": 0, "shade_12h": 0, "shade_15h": 0, "shade_18h": 0 }, "geometry": { "type": "LineString", "coordinates": [ [ 1087032.541581087512895, 1779852.721856198273599 ], [ 1088032.541581087512895, 1779852.721856198273599 ] ] } },
{ "type": "Feature", "properties": { "road_id": 1001, "shade_9h": 0, "shade_12h": 0, "shade_15h": 0, "shade_18h": 0 }, "geometry": { "type": "LineString", "coordinates": [ [ 1088032.541581087512895, 1734852.721856198273599 ], [ 1089032.541581087512895, 1734852.721856198273599 ] ] } },
{ "type": "Feature", "properties": { "road_id": 1002, "shade_9h": 0, "shade_12h": 0, "shade_15h": 0, "shade_18h": 0 }, "geometry": { "type": "LineString", "coordinates": [ [ 1088032.541581087512895, 1734852.721856198273599 ], [ 1088032.541581087512895, 1735852.721856198273599 ] ] } },
{ "type": "Feature", "properties": { "road_id": 1003, "shade_9h": 0, "shade_12h": 0, "shade_15h": 0, "shade_18h": 0 }, "geometry": { "type": "LineString", "coordinates": [ [ 1088032.541581087512895, 1735852.721856198273599 ], [ 1089032.541581087512895, 1735852.721856198273599 ] ] } },
{ "type": "Feature", "properties": { "road_id": 1004, "shade_9h": 0, "shade_12h": 0, "shade_15h": 0, "shade_18h": 0 }, "geometry": { "type": "LineString", "coordinates": [ [ 1088032.541581087512895, 1735852.721856198273599 ], [ 1088032.541581087512895, 1736852.721856198273599 ] ] } },
{ "type": "Feature", "properties": { "road_id": 1005, "shade_9h": 0, "shade_12h": 0, "shade_15h": 0, "shade_18h": 0 }, "geometry": { "type": "LineString", "coordinates": [ [ 1088032.541581087512895, 1736852.721856198273599 ], [ 1089032.541581087512895, 1736852.721856198273599 ] ] } },
{ "type": "Feature", "properties": { "road_id": 1006, "shade_9h": 0, "shade_12h": 0, "shade_15h": 0, "shade_18h": 0 }, "geometry": { "type": "LineString", "coordinates": [ [ 1088032.541581087512895, 1736852.721856198273599 ], [ 1088032.541581087512895, 1737852.721856198273599 ] ] } },
{ "type": "Feature", "properties": { "road_id": 1007, "shade_9h": 0, "shade_12h": 0, "shade_15h": 0, "shade_18h": 0 }, "geometry": { "type": "LineString", "coordinates": [ [ 1088032.541581087512895, 1737852.721856198273599 ], [ 1089032.541581087512895, 1737852.721856198273599 ] ] } },
{ "type": "Feature", "properties": { "road_id": 1008, "shade_9h": 0, "shade_12h": 0, "shade_15h": 0, "shade_18h": 0 }, "geometry": { "type": "LineString", "coordinates": [ [ 1088032.541581087512895, 1737852.721856198273599 ], [ 1088032.541581087512895, 1738852.721856198273599 ] ] } },
{ "type": "Feature", "properties": { "road_id": 1009, "shade_9h": 0, "shade_12h": 0, "shade_15h": 0, "shade_18h": 0 }, "geometry": { "type": "LineString", "coordinates": [ [ 1088032.541581087512895, 1738852.721856198273599 ], [ 1089032.541581087512895, 1738852.721856198273599 ] ] } },
{ "type": "Feature", "properties": { "road_id": 1010, "shade_9h": 4, "shade_12h": 0, "shade_15h": 4, "shade_18h": 22 }, "geometry": { "type": "LineString", "coordinates": [ [ 1088032.541581087512895, 1738852.721856198273599 ], [ 1088032.541581087512895, 1739852.721856198273599 ] ] } },
{ "type": "Feature", "properties": { "road_id": 1011, "shade_9h": 0, "shade_12h": 0, "shade_15h": 0, "shade_18h": 17 }, "geometry": { "type": "LineString", "coordinates": [ [ 1088032.541581087512895, 1739852.721856198273599 ], [ 1089032.541581087512895, 1739852.721856198273599 ] ] } },
{ "type": "Feature", "properties": { "road_id": 1012, "shade_9h": 1, "shade_12h": 0, "shade_15h": 1, "shade_18h": 19 }, "geometry": { "type": "LineString", "coordinates": [ [ 1088032.541581087512895, 1739852.721856198273599 ], [ 1088032.541581087512895, 1740852.721856198273599 ] ] } },
{ "type": "Feature", "properties": { "road_id": 1013, "shade_9h": 0, "shade_12h": 0, "shade_15h": 0, "shade_18h": 0 }, "geometry": { "type": "LineString", "coordinates": [ [ 1088032.541581087512895, 1740852.721856198273599 ], [ 1089032.541581087512895, 1740852.721856198273599 ] ] } },
{ "type": "Feature", "properties": { "road_id": 1014, "shade_9h": 0, "shade_12h": 0, "shade_15h": 0, "shade_18h": 0 }, "geometry": { "type": "LineString", "coordinates": [ [ 1088032.541581087512895, 1740852.721856198273599 ], [ 1088032.541581087512895, 1741852.721856198273599 ] ] } },
{ "type": "Feature", "properties": { "road_id": 1015, "shade_9h": 8, "shade_12h": 3, "shade_15h": 7, "shade_18h": 40 }, "geometry": { "type": "LineString", "coordinates": [ [ 1088032.541581087512895, 1741852.721856198273599 ], [ 1089032.541581087512895, 1741852.721856198273599 ] ] } },
{ "type": "Feature", "properties": { "road_id": 1016, "shade_9h": 0, "shade_12h": 0, "shade_15h": 0, "shade_18h": 0 }, "geometry": { "type": "LineString", "coordinates": [ [ 1088032.541581087512895, 1741852.721856198273599 ], [ 1088032.541581087512895, 1742852.721856198273599 ] ] } },
{ "type": "Feature", "properties": { "road_id": 1017, "shade_9h": 4, "shade_12h": 2, "shade_15h": 4, "shade_18h": 21 }, "geometry": { "type": "LineString", "coordinates": [ [ 1088032.541581087512895, 1742852.721856198273599 ], [ 1089032.541581087512895, 1742852.721856198273599 ] ] } },
{ "type": "Feature", "properties": { "road_id": 1018, "shade_9h": 0, "shade_12h": 0, "shade_15h": 0, "shade_18h": 0 }, "geometry": { "type": "LineString", "coordinates": [ [ 1088032.541581087512895, 1742852.721856198273599 ], [ 1088032.541581087512895, 1743852.721856198273599 ] ] } },
{ "type": "Feature", "properties": { "road_id": 1019, "shade_9h": 0, "shade_12h": 0, "shade_15h": 0, "shade_18h": 0 }, "geometry": { "type": "LineString", "coordinates": [ [ 1088032.541581087512895, 1743852.721856198273599 ], [ 1089032.541581087512895, 1743852.721856198273599 ] ] } },
{ "type": "Feature", "properties": { "road_id": 1020, "shade_9h": 1, "shade_12h": 1, "shade_15h": 1, "shade_18h": 1 }, "geometry": { "type": "LineString", "coordinates": [ [ 1088032.541581087512895, 1743852.721856198273599 ], [ 1088032.541581087512895, 1744852.721856198273599 ] ] } },
{ "type": "Feature", "properties": { "road_id": 1021, "shade_9h": 0, "shade_12h": 0, "shade_15h": 0, "shade_18h": 0 }, "geometry": { "type": "LineString", "coordinates": [ [ 1088032.541581087512895, 1744852.721856198273599 ], [ 1089032.541581087512895, 1744852.721856198273599 ] ] } },
{ "type": "Feature", "properties": { "road_id": 1022, "shade_9h": 0, "shade_12h": 0, "shade_15h": 0, "shade_18h": 0 }, "geometry": { "type": "LineString", "coordinates": [ [ 1088032.541581087512895, 1744852.721856198273599 ], [ 1088032.541581087512895, 1745852.721856198273599 ] ] } },
{ "type": "Feature", "properties": { "road_id": 1023, "shade_9h": 3, "shade_12h": 2, "shade_15h": 3, "shade_18h": 8 }, "geometry": { "type": "LineString", "coordinates": [ [ 1088032.541581087512895, 1745852.721856198273599 ], [ 1089032.541581087512895, 1745852.721856198273599 ] ] } },
{ "type": "Feature", "properties": { "road_id": 1024, "shade_9h": 0, "shade_12h": 0, "shade_15h": 0, "shade_18h": 0 }, "geometry": { "type": "LineString", "coordinates": [ [ 1088032.541581087512895, 1745852.721856198273599 ], [ 1088032.541581087512895, 1746852.721856198273599 ] ] } },
{ "type": "Feature", "properties": { "road_id": 1025, "shade_9h": 0, "shade_12h": 0, "shade_15h": 0, "shade_18h": 0 }, "geometry": { "type": "LineString", "coordinates": [ [ 1088032.541581087512895, 1746852.721856198273599 ], [ 1089032.541581087512895, 1746852.721856198273599 ] ] } },
{ "type": "Feature", "properties": { "road_id": 1026, "shade_9h": 0, "shade_12h": 0, "shade_15h": 0, "shade_18h": 0 }, "geometry": { "type": "LineString", "coordinates": [ [ 1088032.541581087512895, 1746852.721856198273599 ], [ 1088032.541581087512895, 1747852.721856198273599 ] ] } },
{ "type": "Feature", "properties": { "road_id": 1027, "shade_9h": 0, "shade_12h": 0, "shade_15h": 0, "shade_18h": 0 }, "geometry": { "type": "LineString", "coordinates": [ [ 1088032.541581087512895, 1747852.721856198273599 ], [ 1089032.541581087512895, 1747852.721856198273599 ] ] } },
{ "type": "Feature", "properties": { "road_id": 1028, "shade_9h": 0, "shade_12h": 0, "shade_15h": 0, "shade_18h": 0 }, "geometry": { "type": "LineString", "coordinates": [ [ 1088032.541581087512895, 1747852.721856198273599 ], [ 1088032.541581087512895, 1748852.721856198273599 ] ] } },
{ "type": "Feature", "properties": { "road_id": 1029, "shade_9h": 0, "shade_12h": 0, "shade_15h": 0, "shade_18h": 0 }, "geometry": { "type": "LineString", "coordinates": [ [ 1088032.541581087512895, 1748852.721856198273599 ], [ 1089032.541581087512895, 1748852.721856198273599 ] ] } },
{ "type": "Feature", "properties": { "road_id": 1030, "shade_9h": 0, "shade_12h": 0, "shade_15h": 0, "shade_18h": 0 }, "geometry": { "type": "LineString", "coordinates": [ [ 1088032.541581087512895, 1748852.721856198273599 ], [ 1088032.541581087512895, 1749852.721856198273599 ] ] } },
{ "type": "Feature", "properties": { "road_id": 1031, "shade_9h": 1, "shade_12h": 1, "shade_15h": 1, "shade_18h": 1 }, "geometry": { "type": "LineString", "coordinates": [ [ 1088032.541581087512895, 1749852.721856198273599 ], [ 1089032.541581087512895, 1749852.721856198273599 ] ] } },
{ "type": "Feature", "properties": { "road_id": 1032, "shade_9h": 0, "shade_12h": 0, "shade_15h": 0, "shade_18h": 0 }, "geometry": { "type": "LineString", "coordinates": [ [ 1088032.541581087512895, 1749852.721856198273599 ], [ 1088032.541581087512895, 1750852.721856198273599 ] ] } },
{ "type": "Feature", "properties": { "road_id": 1033, "shade_9h": 0, "shade_12h": 0, "shade_15h": 0, "shade_18h": 0 }, "geometry": { "type": "LineString", "coordinates": [ [ 1088032.541581087512895, 1750852.721856198273599 ], [ 1089032.541581087512895, 1750852.721856198273599 ] ] } },
{ "type": "Feature", "properties": { "road_id": 1034, "shade_9h": 0, "shade_12h": 0, "shade_15h": 0, "shade_18h": 0 }, "geometry": { "type": "LineString", "coordinates": [ [ 1088032.541581087512895, 1750852.721856198273599 ], [ 1088032.541581087512895, 1751852.721856198273599 ] ] } },
{ "type": "Feature", "properties": { "road_id": 1035, "shade_9h": 0, "shade_12h": 0, "shade_15h": 0, "shade_18h": 0 }, "geometry": { "type": "LineString", "coordinates": [ [ 1088032.541581087512895, 1751852.721856198273599 ], [ 1089032.541581087512895, 1751852.721856198273599 ] ] } },
{ "type": "Feature", "properties": { "road_id": 1036, "shade_9h": 9, "shade_12h": 4, "shade_15h": 8, "shade_18h": 46 }, "geometry": { "type": "LineString", "coordinates": [ [ 1088032.541581087512895, 1751852.721856198273599 ], [ 1088032.541581087512895, 1752852.721856198273599 ] ] } },
{ "type": "Feature", "properties": { "road_id": 1037, "shade_9h": 0, "shade_12h": 0, "shade_15h": 0, "shade_18h": 0 }, "geometry": { "type": "LineString", "coordinates": [ [ 1088032.541581087512895, 1752852.721856198273599 ], [ 1089032.541581087512895, 1752852.721856198273599 ] ] } },
{ "type": "Feature", "properties": { "road_id": 1038, "shade_9h": 0, "shade_12h": 0, "shade_15h": 0, "shade_18h": 0 }, "geometry": { "type": "LineString", "coordinates": [ [ 1088032.541581087512895, 1752852.721856198273599 ], [ 1088032.541581087512895, 1753852.721856198273599 ] ] } },
{ "type": "Feature", "properties": { "road_id": 1039, "shade_9h": 0, "shade_12h": 0, "shade_15h": 0, "shade_18h": 0 }, "geometry": { "type": "LineString", "coordinates": [ [ 1088032.541581087512895, 1753852.721856198273599 ], [ 1089032.541581087512895, 1753852.721856198273599 ] ] } },
{ "type": "Feature", "properties": { "road_id": 1040, "shade_9h": 0, "shade_12h": 0, "shade_15h": 0, "shade_18h": 0 }, "geometry": { "type": "LineString", "coordinates": [ [ 1088032.541581087512895, 1753852.721856198273599 ], [ 1088032.541581087512895, 1754852.721856198273599 ] ] } },
{ "type": "Feature", "properties": { "road_id": 1041, "shade_9h": 0, "shade_12h": 0, "shade_15h": 0, "shade_18h": 0 }, "geometry": { "type": "LineString", "coordinates": [ [ 1088032.541581087512895, 1754852.721856198273599 ], [ 1089032.541581087512895, 1754852.721856198273599 ] ] } },
{ "type": "Feature", "properties": { "road_id": 1042, "shade_9h": 0, "shade_12h": 0, "shade_15h": 0, "shade_18h": 0 }, "geometry": { "type": "LineString", "coordinates": [ [ 1088032.541581087512895, 1754852.721856198273599 ], [ 1088032.541581087512895, 1755852.721856198273599 ] ] } },
{ "type": "Feature", "properties": { "road_id": 1043, "shade_9h": 0, "shade_12h": 0, "shade_15h": 0, "shade_18h": 0 }, "geometry": { "type": "LineString", "coordinates": [ [ 1088032.541581087512895, 1755852.721856198273599 ], [ 1089032.541581087512895, 1755852.721856198273599 ] ] } },
{ "type": "Feature", "properties": { "road_id": 1044, "shade_9h": 0, "shade_12h": 0, "shade_15h": 0, "shade_18h": 0 }, "geometry": { "type": "LineString", "coordinates": [ [ 1088032.541581087512895, 1755852.721856198273599 ], [ 1088032.541581087512895, 1756852.721856198273599 ] ] } },
{ "type": "Feature", "properties": { "road_id": 1045, "shade_9h": 7, "shade_12h": 4, "shade_15h": 6, "shade_18h": 28 }, "geometry": { "type": "LineString", "coordinates": [ [ 1088032.541581087512895, 1756852.721856198273599 ], [ 1089032.541581087512895, 1756852.721856198273599 ] ] } },
{ "type": "Feature", "properties": { "road_id": 1046, "shade_9h": 0, "shade_12h": 0, "shade_15h": 0, "shade_18h": 0 }, "geometry": { "type": "LineString", "coordinates": [ [ 1088032.541581087512895, 1756852.721856198273599 ], [ 1088032.541581087512895, 1757852.721856198273599 ] ] } },
{ "type": "Feature", "properties": { "road_id": 1047, "shade_9h": 0, "shade_12h": 0, "shade_15h": 0, "shade_18h": 0 }, "geometry": { "type": "LineString", "coordinates": [ [ 1088032.541581087512895, 1757852.721856198273599 ], [ 1089032.541581087512895, 1757852.721856198273599 ] ] } },
{ "type": "Feature", "properties": { "road_id": 1048, "shade_9h": 0, "shade_12h": 0, "shade_15h": 0, "shade_18h": 0 }, "geometry": { "type": "LineString", "coordinates": [ [ 1088032.541581087512895, 1757852.721856198273599 ], [ 1088032.541581087512895, 1758852.721856198273599 ] ] } },
{ "type": "Feature", "properties": { "road_id": 1049, "shade_9h": 0, "shade_12h": 0, "shade_15h": 0, "shade_18h": 0 }, "geometry": { "type": "LineString", "coordinates": [ [ 1088032.541581087512895, 1758852.721856198273599 ], [ 1089032.541581087512895, 1758852.721856198273599 ] ] } },
{ "type": "Feature", "properties": { "road_id": 1050, "shade_9h": 0, "shade_12h": 0, "shade_15h": 0, "shade_18h": 0 }, "geometry": { "type": "LineString", "coordinates": [ [ 1088032.541581087512895, 1758852.721856198273599 ], [ 1088032.541581087512895, 1759852.721856198273599 ] ] } },
{ "type": "Feature", "properties": { "road_id": 1051, "shade_9h": 0, "shade_12h": 0, "shade_15h": 0, "shade_18h": 0 }, "geometry": { "type": "LineString", "coordinates": [ [ 1088032.541581087512895, 1759852.721856198273599 ], [ 1089032.541581087512895, 1759852.721856198273599 ] ] } },
{ "type": "Feature", "properties": { "road_id": 1052, "shade_9h": 0, "shade_12h": 0, "shade_15h": 0, "shade_18h": 0 }, "geometry": { "type": "LineString", "coordinates": [ [ 1088032.541581087512895, 1759852.721856198273599 ], [ 1088032.541581087512895, 1760852.721856198273599 ] ] } },
{ "type": "Feature", "properties": { "road_id": 1053, "shade_9h": 0, "shade_12h": 0, "shade_15h": 0, "shade_18h": 0 }, "geometry": { "type": "LineString", "coordinates": [ [ 1088032.541581087512895, 1760852.721856198273599 ], [ 1089032.541581087512895, 1760852.721856198273599 ] ] } },
{ "type": "Feature", "properties": { "road_id": 1054, "shade_9h": 3, "shade_12h": 3, "shade_15h": 3, "shade_18h": 9 }, "geometry": { "type": "LineString", "coordinates": [ [ 1088032.541581087512895, 1760852.721856198273599 ], [ 1088032.541581087512895, 1761852.721856198273599 ] ] } },
{ "type": "Feature", "properties": { "road_id": 1055, "shade_9h": 0, "shade_12h": 0, "shade_15h": 0, "shade_18h": 0 }, "geometry": { "type": "LineString", "coordinates": [ [ 1088032.541581087512895, 1761852.721856198273599 ], [ 1089032.541581087512895, 1761852.721856198273599 ] ] } },
{ "type": "Feature", "properties": { "road_id": 1056, "shade_9h": 0, "shade_12h": 0, "shade_15h": 0, "shade_18h": 0 }, "geometry": { "type": "LineString", "coordinates": [ [ 1088032.541581087512895, 1761852.721856198273599 ], [ 1088032.541581087512895, 1762852.721856198273599 ] ] } },
{ "type": "Feature", "properties": { "road_id": 1057, "shade_9h": 0, "shade_12h": 0, "shade_15h": 0, "shade_18h": 0 }, "geometry": { "type": "LineString", "coordinates": [ [ 1088032.541581087512895, 1762852.721856198273599 ], [ 1089032.541581087512895, 1762852.721856198273599 ] ] } },
{ "type": "Feature", "properties": { "road_id": 1058, "shade_9h": 0, "shade_12h": 0, "shade_15h": 0, "shade_18h": 0 }, "geometry": { "type": "LineString", "coordinates": [ [ 1088032.541581087512895, 1762852.721856198273599 ], [ 1088032.541581087512895, 1763852.721856198273599 ] ] } },
{ "type": "Feature", "properties": { "road_id": 1059, "shade_9h": 0, "shade_12h": 0, "shade_15h": 0, "shade_18h": 0 }, "geometry": { "type": "LineString", "coordinates": [ [ 1088032.541581087512895, 1763852.721856198273599 ], [ 1089032.541581087512895, 1763852.721856198273599 ] ] } },
{ "type": "Feature", "properties": { "road_id": 1060, "shade_9h": 0, "shade_12h": 0, "shade_15h": 0, "shade_18h": 0 }, "geometry": { "type": "LineString", "coordinates": [ [ 1088032.541581087512895, 1763852.721856198273599 ], [ 1088032.541581087512895, 1764852.721856198273599 ] ] } },
{ "type": "Feature", "properties": { "road_id": 1061, "shade_9h": 0, "shade_12h": 0, "shade_15h": 0, "shade_18h": 0 }, "geometry": { "type": "LineString", "coordinates": [ [ 1088032.541581087512895, 1764852.721856198273599 ], [ 1089032.541581087512895, 1764852.721856198273599 ] ] } },
{ "type": "Feature", "properties": { "road_id": 1062, "shade_9h": 0, "shade_12h": 0, "shade_15h": 0, "shade_18h": 0 }, "geometry": { "type": "LineString", "coordinates": [ [ 1088032.541581087512895, 1764852.721856198273599 ], [ 1088032.541581087512895, 1765852.721856198273599 ] ] } },
{ "type": "Feature", "properties": { "road_id": 1063, "shade_9h": 0, "shade_12h": 0, "shade_15h": 0, "shade_18h": 0 }, "geometry": { "type": "LineString", "coordinates": [ [ 1088032.541581087512895, 1765852.721856198273599 ], [ 1089032.541581087512895, 1765852.721856198273599 ] ] } },
{ "type": "Feature", "properties": { "road_id": 1064, "shade_9h": 0, "shade_12h": 0, "shade_15h": 0, "shade_18h": 0 }, "geometry": { "type": "LineString", "coordinates": [ [ 1088032.541581087512895, 1765852.721856198273599 ], [ 1088032.541581087512895, 1766852.721856198273599 ] ] } },
{ "type": "Feature", "properties": { "road_id": 1065, "shade_9h": 0, "shade_12h": 0, "shade_15h": 0, "shade_18h": 0 }, "geometry": { "type": "LineString", "coordinates": [ [ 1088032.541581087512895, 1766852.721856198273599 ], [ 1089032.541581087512895, 1766852.721856198273599 ] ] } },
{ "type": "Feature", "properties": { "road_id": 1066, "shade_9h": 0, "shade_12h": 0, "shade_15h": 0, "shade_18h": 0 }, "geometry": { "type": "LineString", "coordinates": [ [ 1088032.541581087512895, 1766852.721856198273599 ], [ 1088032.541581087512895, 1767852.721856198273599 ] ] } },
{ "type": "Feature", "properties": { "road_id": 1067, "shade_9h": 0, "shade_12h": 0, "shade_15h": 0, "shade_18h": 0 }, "geometry": { "type": "LineString", "coordinates": [ [ 1088032.541581087512895, 1767852.721856198273599 ], [ 1089032.541581087512895, 1767852.721856198273599 ] ] } },
{ "type": "Feature", "properties": { "road_id": 1068, "shade_9h": 0, "shade_12h": 0, "shade_15h": 0, "shade_18h": 0 }, "geometry": { "type": "LineString", "coordinates": [ [ 1088032.541581087512895, 1767852.721856198273599 ], [ 1088032.541581087512895, 1768852.721856198273599 ] ] } },
{ "type": "Feature", "properties": { "road_id": 1069, "shade_9h": 0, "shade_12h": 0, "shade_15h": 0, "shade_18h": 0 }, "geometry": { "type": "LineString", "coordinates": [ [ 1088032.541581087512895, 1768852.721856198273599 ], [ 1089032.541581087512895, 1768852.721856198273599 ] ] } },
{ "type": "Feature", "properties": { "road_id": 1070, "shade_9h": 0, "shade_12h": 0, "shade_15h": 0, "shade_18h": 0 }, "geometry": { "type": "LineString", "coordinates": [ [ 1088032.541581087512895, 1768852.721856198273599 ], [ 1088032.541581087512895, 1769852.721856198273599 ] ] } },
{ "type": "Feature", "properties": { "road_id": 1071, "shade_9h": 0, "shade_12h": 0, "shade_15h": 0, "shade_18h": 0 }, "geometry": { "type": "LineString", "coordinates": [ [ 1088032.541581087512895, 1769852.721856198273599 ], [ 1089032.541581087512895, 1769852.721856198273599 ] ] } },
{ "type": "Feature", "properties": { "road_id": 1072, "shade_9h": 0, "shade_12h": 0, "shade_15h": 0, "shade_18h": 0 }, "geometry": { "type": "LineString", "coordinates": [ [ 1088032.541581087512895, 1769852.721856198273599 ], [ 1088032.541581087512895, 1770852.721856198273599 ] ] } },
{ "type": "Feature", "properties": { "road_id": 1073, "shade_9h": 0, "shade_12h": 0, "shade_15h": 0, "shade_18h": 0 }, "geometry": { "type": "LineString", "coordinates": [ [ 1088032.541581087512895, 1770852.721856198273599 ], [ 1089032.541581087512895, 1770852.721856198273599 ] ] } },
{ "type": "Feature", "properties": { "road_id": 1074, "shade_9h": 0, "shade_12h": 0, "shade_15h": 0, "shade_18h": 0 }, "geometry": { "type": "LineString", "coordinates": [ [ 1088032.541581087512895, 1770852.721856198273599 ], [ 1088032.541581087512895, 1771852.721856198273599 ] ] } },
{ "type": "Feature", "properties": { "road_id": 1075, "shade_9h": 4, "shade_12h": 0, "shade_15h": 3, "shade_18h": 23 }, "geometry": { "type": "LineString", "coordinates": [ [ 1088032.541581087512895, 1771852.721856198273599 ], [ 1089032.541581087512895, 1771852.721856198273599 ] ] } },
{ "type": "Feature", "properties": { "road_id": 1076, "shade_9h": 0, "shade_12h": 0, "shade_15h": 0, "shade_18h": 0 }, "geometry": { "type": "LineString", "coordinates": [ [ 1088032.541581087512895, 1771852.721856198273599 ], [ 1088032.541581087512895, 1772852.721856198273599 ] ] } },
{ "type": "Feature", "properties": { "road_id": 1077, "shade_9h": 0, "shade_12h": 0, "shade_15h": 0, "shade_18h": 0 }, "geometry": { "type": "LineString", "coordinates": [ [ 1088032.541581087512895, 1772852.721856198273599 ], [ 1089032.541581087512895, 1772852.721856198273599 ] ] } },
{ "type": "Feature", "properties": { "road_id": 1078, "shade_9h": 0, "shade_12h": 0, "shade_15h": 0, "shade_18h": 0 }, "geometry": { "type": "LineString", "coordinates": [ [ 1088032.541581087512895, 1772852.721856198273599 ], [ 1088032.541581087512895, 1773852.721856198273599 ] ] } },
{ "type": "Feature", "properties": { "road_id": 1079, "shade_9h": 0, "shade_12h": 0, "shade_15h": 0, "shade_18h": 0 }, "geometry": { "type": "LineString", "coordinates": [ [ 1088032.541581087512895, 1773852.721856198273599 ], [ 1089032.541581087512895, 1773852.721856198273599 ] ] } },
{ "type": "Feature", "properties": { "road_id": 1080, "shade_9h": 0, "shade_12h": 0, "shade_15h": 0, "shade_18h": 0 }, "geometry": { "type": "LineString", "coordinates": [ [ 1088032.541581087512895, 1773852.721856198273599 ], [ 1088032.541581087512895, 1774852.721856198273599 ] ] } },
{ "type": "Feature", "properties": { "road_id": 1081, "shade_9h": 0, "shade_12h": 0, "shade_15h": 0, "shade_18h": 0 }, "geometry": { "type": "LineString", "coordinates": [ [ 1088032.541581087512895, 1774852.721856198273599 ], [ 1089032.541581087512895, 1774852.721856198273599 ] ] } },
{ "type": "Feature", "properties": { "road_id": 1082, "shade_9h": 0, "shade_12h": 0, "shade_15h": 0, "shade_18h": 0 }, "geometry": { "type": "LineString", "coordinates": [ [ 1088032.541581087512895, 1774852.721856198273599 ], [ 1088032.541581087512895, 1775852.721856198273599 ] ] } },
{ "type": "Feature", "properties": { "road_id": 1083, "shade_9h": 6, "shade_12h": 3, "shade_15h": 6, "shade_18h": 31 }, "geometry": { "type": "LineString", "coordinates": [ [ 1088032.541581087512895, 1775852.721856198273599 ], [ 1089032.541581087512895, 1775852.721856198273599 ] ] } },
{ "type": "Feature", "properties": { "road_id": 1084, "shade_9h": 0, "shade_12h": 0, "shade_15h": 0, "shade_18h": 0 }, "geometry": { "type": "LineString", "coordinates": [ [ 1088032.541581087512895, 1775852.721856198273599 ], [ 1088032.541581087512895, 1776852.721856198273599 ] ] } },
{ "type": "Feature", "properties": { "road_id": 1085, "shade_9h": 0, "shade_12h": 0, "shade_15h": 0, "shade_18h": 0 }, "geometry": { "type": "LineString", "coordinates": [ [ 1088032.541581087512895, 1776852.721856198273599 ], [ 1089032.541581087512895, 1776852.721856198273599 ] ] } },
{ "type": "Feature", "properties": { "road_id": 1086, "shade_9h": 5, "shade_12h": 3, "shade_15h": 5, "shade_18h": 15 }, "geometry": { "type": "LineString", "coordinates": [ [ 1088032.541581087512895, 1776852.721856198273599 ], [ 1088032.541581087512895, 1777852.721856198273599 ] ] } },
{ "type": "Feature", "properties": { "road_id": 1087, "shade_9h": 2, "shade_12h": 0, "shade_15h": 2, "shade_18h": 14 }, "geometry": { "type": "LineString", "coordinates": [ [ 1088032.541581087512895, 1777852.721856198273599 ], [ 1089032.541581087512895, 1777852.721856198273599 ] ] } },
{ "type": "Feature", "properties": { "road_id": 1088, "shade_9h": 0, "shade_12h": 0, "shade_15h": 0, "shade_18h": 10 }, "geometry": { "type": "LineString", "coordinates": [ [ 1088032.541581087512895, 1777852.721856198273599 ], [ 1088032.541581087512895, 1778852.721856198273599 ] ] } },
{ "type": "Feature", "properties": { "road_id": 1089, "shade_9h": 0, "shade_12h": 0, "shade_15h": 0, "shade_18h": 0 }, "geometry": { "type": "LineString", "coordinates": [ [ 1088032.541581087512895, 1778852.721856198273599 ], [ 1089032.541581087512895, 1778852.721856198273599 ] ] } },
{ "type": "Feature", "properties": { "road_id": 1090, "shade_9h": 1, "shade_12h": 1, "shade_15h": 1, "shade_18h": 1 }, "geometry": { "type": "LineString", "coordinates": [ [ 1088032.541581087512895, 1778852.721856198273599 ], [ 1088032.541581087512895, 1779852.721856198273599 ] ] } },
{ "type": "Feature", "properties": { "road_id": 1091, "shade_9h": 0, "shade_12h": 0, "shade_15h": 0, "shade_18h": 0 }, "geometry": { "type": "LineString", "coordinates": [ [ 1088032.541581087512895, 1779852.721856198273599 ], [ 1089032.541581087512895, 1779852.721856198273599 ] ] } },
{ "type": "Feature", "properties": { "road_id": 1092, "shade_9h": 0, "shade_12h": 0, "shade_15h": 0, "shade_18h": 0 }, "geometry": { "type": "LineString", "coordinates": [ [ 1089032.541581087512895, 1734852.721856198273599 ], [ 1090032.541581087512895, 1734852.721856198273599 ] ] } },
{ "type": "Feature", "properties": { "road_id": 1093, "shade_9h": 0, "shade_12h": 0, "shade_15h": 0, "shade_18h": 0 }, "geometry": { "type": "LineString", "coordinates": [ [ 1089032.541581087512895, 1734852.721856198273599 ], [ 1089032.541581087512895, 1735852.721856198273599 ] ] } },
{ "type": "Feature", "properties": { "road_id": 1094, "shade_9h": 0, "shade_12h": 0, "shade_15h": 0, "shade_18h": 0 }, "geometry": { "type": "LineString", "coordinates": [ [ 1089032.541581087512895, 1735852.721856198273599 ], [ 1090032.541581087512895, 1735852.721856198273599 ] ] } },
{ "type": "Feature", "properties": { "road_id": 1095, "shade_9h": 1, "shade_12h": 1, "shade_15h": 1, "shade_18h": 1 }, "geometry": { "type": "LineString", "coordinates": [ [ 1089032.541581087512895, 1735852.721856198273599 ], [ 1089032.541581087512895, 1736852.721856198273599 ] ] } },
{ "type": "Feature", "properties": { "road_id": 1096, "shade_9h": 0, "shade_12h": 0, "shade_15h": 0, "shade_18h": 0 }, "geometry": { "type": "LineString", "coordinates": [ [ 1089032.541581087512895, 1736852.721856198273599 ], [ 1090032.541581087512895, 1736852.721856198273599 ] ] } },
{ "type": "Feature", "properties": { "road_id": 1097, "shade_9h": 0, "shade_12h": 0, "shade_15h": 0, "shade_18h": 0 }, "geometry": { "type": "LineString", "coordinates": [ [ 1089032.541581087512895, 1736852.721856198273599 ], [ 1089032.541581087512895, 1737852.721856198273599 ] ] } },
{ "type": "Feature", "properties": { "road_id": 1098, "shade_9h": 3, "shade_12h": 2, "shade_15h": 3, "shade_18h": 10 }, "geometry": { "type": "LineString", "coordinates": [ [ 1089032.541581087512895, 1737852.721856198273599 ], [ 1090032.541581087512895, 1737852.721856198273599 ] ] } },
{ "type": "Feature", "properties": { "road_id": 1099, "shade_9h": 0, "shade_12h": 0, "shade_15h": 0, "shade_18h": 12 }, "geometry": { "type": "LineString", "coordinates": [ [ 1089032.541581087512895, 1737852.721856198273599 ], [ 1089032.541581087512895, 1738852.721856198273599 ] ] } },
{ "type": "Feature", "properties": { "road_id": 1100, "shade_9h": 0, "shade_12h": 0, "shade_15h": 0, "shade_18h": 17 }, "geometry": { "type": "LineString", "coordinates": [ [ 1089032.541581087512895, 1738852.721856198273599 ], [ 1090032.541581087512895, 1738852.721856198273599 ] ] } },
{ "type": "Feature", "properties": { "road_id": 1101, "shade_9h": 0, "shade_12h": 0, "shade_15h": 0, "shade_18h": 0 }, "geometry": { "type": "LineString", "coordinates": [ [ 1089032.541581087512895, 1738852.721856198273599 ], [ 1089032.541581087512895, 1739852.721856198273599 ] ] } },
{ "type": "Feature", "properties": { "road_id": 1102, "shade_9h": 0, "shade_12h": 0, "shade_15h": 0, "shade_18h": 15 }, "geometry": { "type": "LineString", "coordinates": [ [ 1089032.541581087512895, 1739852.721856198273599 ], [ 1090032.541581087512895, 1739852.721856198273599 ] ] } },
{ "type": "Feature", "properties": { "road_id": 1103, "shade_9h": 0, "shade_12h": 0, "shade_15h": 0, "shade_18h": 0 }, "geometry": { "type": "LineString", "coordinates": [ [ 1089032.541581087512895, 1739852.721856198273599 ], [ 1089032.541581087512895, 1740852.721856198273599 ] ] } },
{ "type": "Feature", "properties": { "road_id": 1104, "shade_9h": 0, "shade_12h": 0, "shade_15h": 0, "shade_18h": 0 }, "geometry": { "type": "LineString", "coordinates": [ [ 1089032.541581087512895, 1740852.721856198273599 ], [ 1090032.541581087512895, 1740852.721856198273599 ] ] } },
{ "type": "Feature", "properties": { "road_id": 1105, "shade_9h": 0, "shade_12h": 0, "shade_15h": 0, "shade_18h": 0 }, "geometry": { "type": "LineString", "coordinates": [ [ 1089032.541581087512895, 1740852.721856198273599 ], [ 1089032.541581087512895, 1741852.721856198273599 ] ] } },
{ "type": "Feature", "properties": { "road_id": 1106, "shade_9h": 0, "shade_12h": 0, "shade_15h": 0, "shade_18h": 0 }, "geometry": { "type": "LineString", "coordinates": [ [ 1089032.541581087512895, 1741852.721856198273599 ], [ 1090032.541581087512895, 1741852.721856198273599 ] ] } },
{ "type": "Feature", "properties": { "road_id": 1107, "shade_9h": 3, "shade_12h": 1, "shade_15h": 3, "shade_18h": 31 }, "geometry": { "type": "LineString", "coordinates": [ [ 1089032.541581087512895, 1741852.721856198273599 ], [ 1089032.541581087512895, 1742852.721856198273599 ] ] } },
{ "type": "Feature", "properties": { "road_id": 1108, "shade_9h": 2, "shade_12h": 0, "shade_15h": 2, "shade_18h": 19 }, "geometry": { "type": "LineString", "coordinates": [ [ 1089032.541581087512895, 1742852.721856198273599 ], [ 1090032.541581087512895, 1742852.721856198273599 ] ] } },
{ "type": "Feature", "properties": { "road_id": 1109, "shade_9h": 4, "shade_12h": 1, "shade_15h": 3, "shade_18h": 20 }, "geometry": { "type": "LineString", "coordinates": [ [ 1089032.541581087512895, 1742852.721856198273599 ], [ 1089032.541581087512895, 1743852.721856198273599 ] ] } },
{ "type": "Feature", "properties": { "road_id": 1110, "shade_9h": 1, "shade_12h": 0, "shade_15h": 0, "shade_18h": 9 }, "geometry": { "type": "LineString", "coordinates": [ [ 1089032.541581087512895, 1743852.721856198273599 ], [ 1090032.541581087512895, 1743852.721856198273599 ] ] } },
{ "type": "Feature", "properties": { "road_id": 1111, "shade_9h": 0, "shade_12h": 0, "shade_15h": 0, "shade_18h": 0 }, "geometry": { "type": "LineString", "coordinates": [ [ 1089032.541581087512895, 1743852.721856198273599 ], [ 1089032.541581087512895, 1744852.721856198273599 ] ] } },
{ "type": "Feature", "properties": { "road_id": 1112, "shade_9h": 1, "shade_12h": 1, "shade_15h": 1, "shade_18h": 1 }, "geometry": { "type": "LineString", "coordinates": [ [ 1089032.541581087512895, 1744852.721856198273599 ], [ 1090032.541581087512895, 1744852.721856198273599 ] ] } },
{ "type": "Feature", "properties": { "road_id": 1113, "shade_9h": 0, "shade_12h": 0, "shade_15h": 0, "shade_18h": 0 }, "geometry": { "type": "LineString", "coordinates": [ [ 1089032.541581087512895, 1744852.721856198273599 ], [ 1089032.541581087512895, 1745852.721856198273599 ] ] } },
{ "type": "Feature", "properties": { "road_id": 1114, "shade_9h": 0, "shade_12h": 0, "shade_15h": 0, "shade_18h": 0 }, "geometry": { "type": "LineString", "coordinates": [ [ 1089032.541581087512895, 1745852.721856198273599 ], [ 1090032.541581087512895, 1745852.721856198273599 ] ] } },
{ "type": "Feature", "properties": { "road_id": 1115, "shade_9h": 0, "shade_12h": 0, "shade_15h": 0, "shade_18h": 0 }, "geometry": { "type": "LineString", "coordinates": [ [ 1089032.541581087512895, 1745852.721856198273599 ], [ 1089032.541581087512895, 1746852.721856198273599 ] ] } },
{ "type": "Feature", "properties": { "road_id": 1116, "shade_9h": 0, "shade_12h": 0, "shade_15h": 0, "shade_18h": 0 }, "geometry": { "type": "LineString", "coordinates": [ [ 1089032.541581087512895, 1746852.721856198273599 ], [ 1090032.541581087512895, 1746852.721856198273599 ] ] } },
{ "type": "Feature", "properties": { "road_id": 1117, "shade_9h": 0, "shade_12h": 0, "shade_15h": 0, "shade_18h": 0 }, "geometry": { "type": "LineString", "coordinates": [ [ 1089032.541581087512895, 1746852.721856198273599 ], [ 1089032.541581087512895, 1747852.721856198273599 ] ] } },
{ "type": "Feature", "properties": { "road_id": 1118, "shade_9h": 11, "shade_12h": 5, "shade_15h": 10, "shade_18h": 36 }, "geometry": { "type": "LineString", "coordinates": [ [ 1089032.541581087512895, 1747852.721856198273599 ], [ 1090032.541581087512895, 1747852.721856198273599 ] ] } },
{ "type": "Feature", "properties": { "road_id": 1119, "shade_9h": 0, "shade_12h": 0, "shade_15h": 0, "shade_18h": 0 }, "geometry": { "type": "LineString", "coordinates": [ [ 1089032.541581087512895, 1747852.721856198273599 ], [ 1089032.541581087512895, 1748852.721856198273599 ] ] } },
{ "type": "Feature", "properties": { "road_id": 1120, "shade_9h": 8, "shade_12h": 4, "shade_15h": 8, "shade_18h": 42 }, "geometry": { "type": "LineString", "coordinates": [ [ 1089032.541581087512895, 1748852.721856198273599 ], [ 1090032.541581087512895, 1748852.721856198273599 ] ] } },
{ "type": "Feature", "properties": { "road_id": 1121, "shade_9h": 0, "shade_12h": 0, "shade_15h": 0, "shade_18h": 0 }, "geometry": { "type": "LineString", "coordinates": [ [ 1089032.541581087512895, 1748852.721856198273599 ], [ 1089032.541581087512895, 1749852.721856198273599 ] ] } },
{ "type": "Feature", "properties": { "road_id": 1122, "shade_9h": 0, "shade_12h": 0, "shade_15h": 0, "shade_18h": 0 }, "geometry": { "type": "LineString", "coordinates": [ [ 1089032.541581087512895, 1749852.721856198273599 ], [ 1090032.541581087512895, 1749852.721856198273599 ] ] } },
{ "type": "Feature", "properties": { "road_id": 1123, "shade_9h": 0, "shade_12h": 0, "shade_15h": 0, "shade_18h": 0 }, "geometry": { "type": "LineString", "coordinates": [ [ 1089032.541581087512895, 1749852.721856198273599 ], [ 1089032.541581087512895, 1750852.721856198273599 ] ] } },
{ "type": "Feature", "properties": { "road_id": 1124, "shade_9h": 0, "shade_12h": 0, "shade_15h": 0, "shade_18h": 0 }, "geometry": { "type": "LineString", "coordinates": [ [ 1089032.541581087512895, 1750852.721856198273599 ], [ 1090032.541581087512895, 1750852.721856198273599 ] ] } },
{ "type": "Feature", "properties": { "road_id": 1125, "shade_9h": 0, "shade_12h": 0, "shade_15h": 0, "shade_18h": 0 }, "geometry": { "type": "LineString", "coordinates": [ [ 1089032.541581087512895, 1750852.721856198273599 ], [ 1089032.541581087512895, 1751852.721856198273599 ] ] } },
{ "type": "Feature", "properties": { "road_id": 1126, "shade_9h": 0, "shade_12h": 0, "shade_15h": 0, "shade_18h": 0 }, "geometry": { "type": "LineString", "coordinates": [ [ 1089032.541581087512895, 1751852.721856198273599 ], [ 1090032.541581087512895, 1751852.721856198273599 ] ] } },
{ "type": "Feature", "properties": { "road_id": 1127, "shade_9h": 8, "shade_12h": 4, "shade_15h": 8, "shade_18h": 45 }, "geometry": { "type": "LineString", "coordinates": [ [ 1089032.541581087512895, 1751852.721856198273599 ], [ 1089032.541581087512895, 1752852.721856198273599 ] ] } },
{ "type": "Feature", "properties": { "road_id": 1128, "shade_9h": 4, "shade_12h": 0, "shade_15h": 4, "shade_18h": 21 }, "geometry": { "type": "LineString", "coordinates": [ [ 1089032.541581087512895, 1752852.721856198273599 ], [ 1090032.541581087512895, 1752852.721856198273599 ] ] } },
{ "type": "Feature", "properties": { "road_id": 1129, "shade_9h": 0, "shade_12h": 0, "shade_15h": 0, "shade_18h": 0 }, "geometry": { "type": "LineString", "coordinates": [ [ 1089032.541581087512895, 1752852.721856198273599 ], [ 1089032.541581087512895, 1753852.721856198273599 ] ] } },
{ "type": "Feature", "properties": { "road_id": 1130, "shade_9h": 0, "shade_12h": 0, "shade_15h": 0, "shade_18h": 0 }, "geometry": { "type": "LineString", "coordinates": [ [ 1089032.541581087512895, 1753852.721856198273599 ], [ 1090032.541581087512895, 1753852.721856198273599 ] ] } },
{ "type": "Feature", "properties": { "road_id": 1131, "shade_9h": 0, "shade_12h": 0, "shade_15h": 0, "shade_18h": 0 }, "geometry": { "type": "LineString", "coordinates": [ [ 1089032.541581087512895, 1753852.721856198273599 ], [ 1089032.541581087512895, 1754852.721856198273599 ] ] } },
{ "type": "Feature", "properties": { "road_id": 1132, "shade_9h": 0, "shade_12h": 0, "shade_15h": 0, "shade_18h": 0 }, "geometry": { "type": "LineString", "coordinates": [ [ 1089032.541581087512895, 1754852.721856198273599 ], [ 1090032.541581087512895, 1754852.721856198273599 ] ] } },
{ "type": "Feature", "properties": { "road_id": 1133, "shade_9h": 0, "shade_12h": 0, "shade_15h": 0, "shade_18h": 0 }, "geometry": { "type": "LineString", "coordinates": [ [ 1089032.541581087512895, 1754852.721856198273599 ], [ 1089032.541581087512895, 1755852.721856198273599 ] ] } },
{ "type": "Feature", "properties": { "road_id": 1134, "shade_9h": 0, "shade_12h": 0, "shade_15h": 0, "shade_18h": 0 }, "geometry": { "type": "LineString", "coordinates": [ [ 1089032.541581087512895, 1755852.721856198273599 ], [ 1090032.541581087512895, 1755852.721856198273599 ] ] } },
{ "type": "Feature", "properties": { "road_id": 1135, "shade_9h": 1, "shade_12h": 1, "shade_15h": 1, "shade_18h": 1 }, "geometry": { "type": "LineString", "coordinates": [ [ 1089032.541581087512895, 1755852.721856198273599 ], [ 1089032.541581087512895, 1756852.721856198273599 ] ] } },
{ "type": "Feature", "properties": { "road_id": 1136, "shade_9h": 0, "shade_12h": 0, "shade_15h": 0, "shade_18h": 0 }, "geometry": { "type": "LineString", "coordinates": [ [ 1089032.541581087512895, 1756852.721856198273599 ], [ 1090032.541581087512895, 1756852.721856198273599 ] ] } },
{ "type": "Feature", "properties": { "road_id": 1137, "shade_9h": 0, "shade_12h": 0, "shade_15h": 0, "shade_18h": 0 }, "geometry": { "type": "LineString", "coordinates": [ [ 1089032.541581087512895, 1756852.721856198273599 ], [ 1089032.541581087512895, 1757852.721856198273599 ] ] } },
{ "type": "Feature", "properties": { "road_id": 1138, "shade_9h": 0, "shade_12h": 0, "shade_15h": 0, "shade_18h": 0 }, "geometry": { "type": "LineString", "coordinates": [ [ 1089032.541581087512895, 1757852.721856198273599 ], [ 1090032.541581087512895, 1757852.721856198273599 ] ] } },
{ "type": "Feature", "properties": { "road_id": 1139, "shade_9h": 0, "shade_12h": 0, "shade_15h": 0, "shade_18h": 0 }, "geometry": { "type": "LineString", "coordinates": [ [ 1089032.541581087512895, 1757852.721856198273599 ], [ 1089032.541581087512895, 1758852.721856198273599 ] ] } },
{ "type": "Feature", "properties": { "road_id": 1140, "shade_9h": 0, "shade_12h": 0, "shade_15h": 0, "shade_18h": 0 }, "geometry": { "type": "LineString", "coordinates": [ [ 1089032.541581087512895, 1758852.721856198273599 ], [ 1090032.541581087512895, 1758852.721856198273599 ] ] } },
{ "type": "Feature", "properties": { "road_id": 1141, "shade_9h": 0, "shade_12h": 0, "shade_15h": 0, "shade_18h": 0 }, "geometry": { "type": "LineString", "coordinates": [ [ 1089032.541581087512895, 1758852.721856198273599 ], [ 1089032.541581087512895, 1759852.721856198273599 ] ] } },
{ "type": "Feature", "properties": { "road_id": 1142, "shade_9h": 0, "shade_12h": 0, "shade_15h": 0, "shade_18h": 0 }, "geometry": { "type": "LineString", "coordinates": [ [ 1089032.541581087512895, 1759852.721856198273599 ], [ 1090032.541581087512895, 1759852.721856198273599 ] ] } },
{ "type": "Feature", "properties": { "road_id": 1143, "shade_9h": 0, "shade_12h": 0, "shade_15h": 0, "shade_18h": 0 }, "geometry": { "type": "LineString", "coordinates": [ [ 1089032.541581087512895, 1759852.721856198273599 ], [ 1089032.541581087512895, 1760852.721856198273599 ] ] } },
{ "type": "Feature", "properties": { "road_id": 1144, "shade_9h": 0, "shade_12h": 0, "shade_15h": 0, "shade_18h": 0 }, "geometry": { "type": "LineString", "coordinates": [ [ 1089032.541581087512895, 1760852.721856198273599 ], [ 1090032.541581087512895, 1760852.721856198273599 ] ] } },
{ "type": "Feature", "properties": { "road_id": 1145, "shade_9h": 0, "shade_12h": 0, "shade_15h": 0, "shade_18h": 0 }, "geometry": { "type": "LineString", "coordinates": [ [ 1089032.541581087512895, 1760852.721856198273599 ], [ 1089032.541581087512895, 1761852.721856198273599 ] ] } },
{ "type": "Feature", "properties": { "road_id": 1146, "shade_9h": 0, "shade_12h": 0, "shade_15h": 0, "shade_18h": 0 }, "geometry": { "type": "LineString", "coordinates": [ [ 1089032.541581087512895, 1761852.721856198273599 ], [ 1090032.541581087512895, 1761852.721856198273599 ] ] } },
{ "type": "Feature", "properties": { "road_id": 1147, "shade_9h": 0, "shade_12h": 0, "shade_15h": 0, "shade_18h": 0 }, "geometry": { "type": "LineString", "coordinates": [ [ 1089032.541581087512895, 1761852.721856198273599 ], [ 1089032.541581087512895, 1762852.721856198273599 ] ] } },
{ "type": "Feature", "properties": { "road_id": 1148, "shade_9h": 0, "shade_12h": 0, "shade_15h": 0, "shade_18h": 19 }, "geometry": { "type": "LineString", "coordinates": [ [ 1089032.541581087512895, 1762852.721856198273599 ], [ 1090032.541581087512895, 1762852.721856198273599 ] ] } },
{ "type": "Feature", "properties": { "road_id": 1149, "shade_9h": 0, "shade_12h": 0, "shade_15h": 0, "shade_18h": 0 }, "geometry": { "type": "LineString", "coordinates": [ [ 1089032.541581087512895, 1762852.721856198273599 ], [ 1089032.541581087512895, 1763852.721856198273599 ] ] } },
{ "type": "Feature", "properties": { "road_id": 1150, "shade_9h": 0, "shade_12h": 0, "shade_15h": 0, "shade_18h": 0 }, "geometry": { "type": "LineString", "coordinates": [ [ 1089032.541581087512895, 1763852.721856198273599 ], [ 1090032.541581087512895, 1763852.721856198273599 ] ] } },
{ "type": "Feature", "properties": { "road_id": 1151, "shade_9h": 0, "shade_12h": 0, "shade_15h": 0, "shade_18h": 0 }, "geometry": { "type": "LineString", "coordinates": [ [ 1089032.541581087512895, 1763852.721856198273599 ], [ 1089032.541581087512895, 1764852.721856198273599 ] ] } },
{ "type": "Feature", "properties": { "road_id": 1152, "shade_9h": 0, "shade_12h": 0, "shade_15h": 0, "shade_18h": 2 }, "geometry": { "type": "LineString", "coordinates": [ [ 1089032.541581087512895, 1764852.721856198273599 ], [ 1090032.541581087512895, 1764852.721856198273599 ] ] } },
{ "type": "Feature", "properties": { "road_id": 1153, "shade_9h": 8, "shade_12h": 4, "shade_15h": 8, "shade_18h": 42 }, "geometry": { "type": "LineString", "coordinates": [ [ 1089032.541581087512895, 1764852.721856198273599 ], [ 1089032.541581087512895, 1765852.721856198273599 ] ] } },
{ "type": "Feature", "properties": { "road_id": 1154, "shade_9h": 0, "shade_12h": 0, "shade_15h": 0, "shade_18h": 0 }, "geometry": { "type": "LineString", "coordinates": [ [ 1089032.541581087512895, 1765852.721856198273599 ], [ 1090032.541581087512895, 1765852.721856198273599 ] ] } },
{ "type": "Feature", "properties": { "road_id": 1155, "shade_9h": 0, "shade_12h": 0, "shade_15h": 0, "shade_18h": 0 }, "geometry": { "type": "LineString", "coordinates": [ [ 1089032.541581087512895, 1765852.721856198273599 ], [ 1089032.541581087512895, 1766852.721856198273599 ] ] } },
{ "type": "Feature", "properties": { "road_id": 1156, "shade_9h": 0, "shade_12h": 0, "shade_15h": 0, "shade_18h": 0 }, "geometry": { "type": "LineString", "coordinates": [ [ 1089032.541581087512895, 1766852.721856198273599 ], [ 1090032.541581087512895, 1766852.721856198273599 ] ] } },
{ "type": "Feature", "properties": { "road_id": 1157, "shade_9h": 0, "shade_12h": 0, "shade_15h": 0, "shade_18h": 0 }, "geometry": { "type": "LineString", "coordinates": [ [ 1089032.541581087512895, 1766852.721856198273599 ], [ 1089032.541581087512895, 1767852.721856198273599 ] ] } },
{ "type": "Feature", "properties": { "road_id": 1158, "shade_9h": 0, "shade_12h": 0, "shade_15h": 0, "shade_18h": 0 }, "geometry": { "type": "LineString", "coordinates": [ [ 1089032.541581087512895, 1767852.721856198273599 ], [ 1090032.541581087512895, 1767852.721856198273599 ] ] } },
{ "type": "Feature", "properties": { "road_id": 1159, "shade_9h": 0, "shade_12h": 0, "shade_15h": 0, "shade_18h": 0 }, "geometry": { "type": "LineString", "coordinates": [ [ 1089032.541581087512895, 1767852.721856198273599 ], [ 1089032.541581087512895, 1768852.721856198273599 ] ] } },
{ "type": "Feature", "properties": { "road_id": 1160, "shade_9h": 0, "shade_12h": 0, "shade_15h": 0, "shade_18h": 0 }, "geometry": { "type": "LineString", "coordinates": [ [ 1089032.541581087512895, 1768852.721856198273599 ], [ 1090032.541581087512895, 1768852.721856198273599 ] ] } },
{ "type": "Feature", "properties": { "road_id": 1161, "shade_9h": 0, "shade_12h": 0, "shade_15h": 0, "shade_18h": 0 }, "geometry": { "type": "LineString", "coordinates": [ [ 1089032.541581087512895, 1768852.721856198273599 ], [ 1089032.541581087512895, 1769852.721856198273599 ] ] } },
{ "type": "Feature", "properties": { "road_id": 1162, "shade_9h": 0, "shade_12h": 0, "shade_15h": 0, "shade_18h": 0 }, "geometry": { "type": "LineString", "coordinates": [ [ 1089032.541581087512895, 1769852.721856198273599 ], [ 1090032.541581087512895, 1769852.721856198273599 ] ] } },
{ "type": "Feature", "properties": { "road_id": 1163, "shade_9h": 0, "shade_12h": 0, "shade_15h": 0, "shade_18h": 0 }, "geometry": { "type": "LineString", "coordinates": [ [ 1089032.541581087512895, 1769852.721856198273599 ], [ 1089032.541581087512895, 1770852.721856198273599 ] ] } },
{ "type": "Feature", "properties": { "road_id": 1164, "shade_9h": 0, "shade_12h": 0, "shade_15h": 0, "shade_18h": 0 }, "geometry": { "type": "LineString", "coordinates": [ [ 1089032.541581087512895, 1770852.721856198273599 ], [ 1090032.541581087512895, 1770852.721856198273599 ] ] } },
{ "type": "Feature", "properties": { "road_id": 1165, "shade_9h": 7, "shade_12h": 4, "shade_15h": 7, "shade_18h": 26 }, "geometry": { "type": "LineString", "coordinates": [ [ 1089032.541581087512895, 1770852.721856198273599 ], [ 1089032.541581087512895, 1771852.721856198273599 ] ] } },
{ "type": "Feature", "properties": { "road_id": 1166, "shade_9h": 4, "shade_12h": 0, "shade_15h": 3, "shade_18h": 23 }, "geometry": { "type": "LineString", "coordinates": [ [ 1089032.541581087512895, 1771852.721856198273599 ], [ 1090032.541581087512895, 1771852.721856198273599 ] ] } },
{ "type": "Feature", "properties": { "road_id": 1167, "shade_9h": 1, "shade_12h": 1, "shade_15h": 1, "shade_18h": 20 }, "geometry": { "type": "LineString", "coordinates": [ [ 1089032.541581087512895, 1771852.721856198273599 ], [ 1089032.541581087512895, 1772852.721856198273599 ] ] } },
{ "type": "Feature", "properties": { "road_id": 1168, "shade_9h": 0, "shade_12h": 0, "shade_15h": 0, "shade_18h": 0 }, "geometry": { "type": "LineString", "coordinates": [ [ 1089032.541581087512895, 1772852.721856198273599 ], [ 1090032.541581087512895, 1772852.721856198273599 ] ] } },
{ "type": "Feature", "properties": { "road_id": 1169, "shade_9h": 0, "shade_12h": 0, "shade_15h": 0, "shade_18h": 0 }, "geometry": { "type": "LineString", "coordinates": [ [ 1089032.541581087512895, 1772852.721856198273599 ], [ 1089032.541581087512895, 1773852.721856198273599 ] ] } },
{ "type": "Feature", "properties": { "road_id": 1170, "shade_9h": 0, "shade_12h": 0, "shade_15h": 0, "shade_18h": 0 }, "geometry": { "type": "LineString", "coordinates": [ [ 1089032.541581087512895, 1773852.721856198273599 ], [ 1090032.541581087512895, 1773852.721856198273599 ] ] } },
{ "type": "Feature", "properties": { "road_id": 1171, "shade_9h": 0, "shade_12h": 0, "shade_15h": 0, "shade_18h": 0 }, "geometry": { "type": "LineString", "coordinates": [ [ 1089032.541581087512895, 1773852.721856198273599 ], [ 1089032.541581087512895, 1774852.721856198273599 ] ] } },
{ "type": "Feature", "properties": { "road_id": 1172, "shade_9h": 0, "shade_12h": 0, "shade_15h": 0, "shade_18h": 0 }, "geometry": { "type": "LineString", "coordinates": [ [ 1089032.541581087512895, 1774852.721856198273599 ], [ 1090032.541581087512895, 1774852.721856198273599 ] ] } },
{ "type": "Feature", "properties": { "road_id": 1173, "shade_9h": 0, "shade_12h": 0, "shade_15h": 0, "shade_18h": 0 }, "geometry": { "type": "LineString", "coordinates": [ [ 1089032.541581087512895, 1774852.721856198273599 ], [ 1089032.541581087512895, 1775852.721856198273599 ] ] } },
{ "type": "Feature", "properties": { "road_id": 1174, "shade_9h": 0, "shade_12h": 0, "shade_15h": 0, "shade_18h": 0 }, "geometry": { "type": "LineString", "coordinates": [ [ 1089032.541581087512895, 1775852.721856198273599 ], [ 1090032.541581087512895, 1775852.721856198273599 ] ] } },
{ "type": "Feature", "properties": { "road_id": 1175, "shade_9h": 0, "shade_12h": 0, "shade_15h": 0, "shade_18h": 0 }, "geometry": { "type": "LineString", "coordinates": [ [ 1089032.541581087512895, 1775852.721856198273599 ], [ 1089032.541581087512895, 1776852.721856198273599 ] ] } },
{ "type": "Feature", "properties": { "road_id": 1176, "shade_9h": 0, "shade_12h": 0, "shade_15h": 0, "shade_18h": 0 }, "geometry": { "type": "LineString", "coordinates": [ [ 1089032.541581087512895, 1776852.721856198273599 ], [ 1090032.541581087512895, 1776852.721856198273599 ] ] } },
{ "type": "Feature", "properties": { "road_id": 1177, "shade_9h": 1, "shade_12h": 1, "shade_15h": 1, "shade_18h": 1 }, "geometry": { "type": "LineString", "coordinates": [ [ 1089032.541581087512895, 1776852.721856198273599 ], [ 1089032.541581087512895, 1777852.721856198273599 ] ] } },
{ "type": "Feature", "properties": { "road_id": 1178, "shade_9h": 1, "shade_12h": 1, "shade_15h": 1, "shade_18h": 1 }, "geometry": { "type": "LineString", "coordinates": [ [ 1089032.541581087512895, 1777852.721856198273599 ], [ 1090032.541581087512895, 1777852.721856198273599 ] ] } },
{ "type": "Feature", "properties": { "road_id": 1179, "shade_9h": 0, "shade_12h": 0, "shade_15h": 0, "shade_18h": 0 }, "geometry": { "type": "LineString", "coordinates": [ [ 1089032.541581087512895, 1777852.721856198273599 ], [ 1089032.541581087512895, 1778852.721856198273599 ] ] } },
{ "type": "Feature", "properties": { "road_id": 1180, "shade_9h": 0, "shade_12h": 0, "shade_15h": 0, "shade_18h": 0 }, "geometry": { "type": "LineString", "coordinates": [ [ 1089032.541581087512895, 1778852.721856198273599 ], [ 1090032.541581087512895, 1778852.721856198273599 ] ] } },
{ "type": "Feature", "properties": { "road_id": 1181, "shade_9h": 0, "shade_12h": 0, "shade_15h": 0, "shade_18h": 0 }, "geometry": { "type": "LineString", "coordinates": [ [ 1089032.541581087512895, 1778852.721856198273599 ], [ 1089032.541581087512895, 1779852.721856198273599 ] ] } },
{ "type": "Feature", "properties": { "road_id": 1182, "shade_9h": 0, "shade_12h": 0, "shade_15h": 0, "shade_18h": 0 }, "geometry": { "type": "LineString", "coordinates": [ [ 1089032.541581087512895, 1779852.721856198273599 ], [ 1090032.541581087512895, 1779852.721856198273599 ] ] } },
{ "type": "Feature", "properties": { "road_id": 1183, "shade_9h": 0, "shade_12h": 0, "shade_15h": 0, "shade_18h": 0 }, "geometry": { "type": "LineString", "coordinates": [ [ 1090032.541581087512895, 1734852.721856198273599 ], [ 1091032.541581087512895, 1734852.721856198273599 ] ] } },
{ "type": "Feature", "properties": { "road_id": 1184, "shade_9h": 3, "shade_12h": 0, "shade_15h": 3, "shade_18h": 20 }, "geometry": { "type": "LineString", "coordinates": [ [ 1090032.541581087512895, 1734852.721856198273599 ], [ 1090032.541581087512895, 1735852.721856198273599 ] ] } },
{ "type": "Feature", "properties": { "road_id": 1185, "shade_9h": 0, "shade_12h": 0, "shade_15h": 0, "shade_18h": 0 }, "geometry": { "type": "LineString", "coordinates": [ [ 1090032.541581087512895, 1735852.721856198273599 ], [ 1091032.541581087512895, 1735852.721856198273599 ] ] } },
{ "type": "Feature", "properties": { "road_id": 1186, "shade_9h": 0, "shade_12h": 0, "shade_15h": 0, "shade_18h": 0 }, "geometry": { "type": "LineString", "coordinates": [ [ 1090032.541581087512895, 1735852.721856198273599 ], [ 1090032.541581087512895, 1736852.721856198273599 ] ] } },
{ "type": "Feature", "properties": { "road_id": 1187, "shade_9h": 0, "shade_12h": 0, "shade_15h": 0, "shade_18h": 12 }, "geometry": { "type": "LineString", "coordinates": [ [ 1090032.541581087512895, 1736852.721856198273599 ], [ 1091032.541581087512895, 1736852.721856198273599 ] ] } },
{ "type": "Feature", "properties": { "road_id": 1188, "shade_9h": 0, "shade_12h": 0, "shade_15h": 0, "shade_18h": 0 }, "geometry": { "type": "LineString", "coordinates": [ [ 1090032.541581087512895, 1736852.721856198273599 ], [ 1090032.541581087512895, 1737852.721856198273599 ] ] } },
{ "type": "Feature", "properties": { "road_id": 1189, "shade_9h": 0, "shade_12h": 0, "shade_15h": 0, "shade_18h": 0 }, "geometry": { "type": "LineString", "coordinates": [ [ 1090032.541581087512895, 1737852.721856198273599 ], [ 1091032.541581087512895, 1737852.721856198273599 ] ] } },
{ "type": "Feature", "properties": { "road_id": 1190, "shade_9h": 0, "shade_12h": 0, "shade_15h": 0, "shade_18h": 24 }, "geometry": { "type": "LineString", "coordinates": [ [ 1090032.541581087512895, 1737852.721856198273599 ], [ 1090032.541581087512895, 1738852.721856198273599 ] ] } },
{ "type": "Feature", "properties": { "road_id": 1191, "shade_9h": 9, "shade_12h": 3, "shade_15h": 8, "shade_18h": 32 }, "geometry": { "type": "LineString", "coordinates": [ [ 1090032.541581087512895, 1738852.721856198273599 ], [ 1091032.541581087512895, 1738852.721856198273599 ] ] } },
{ "type": "Feature", "properties": { "road_id": 1192, "shade_9h": 0, "shade_12h": 0, "shade_15h": 0, "shade_18h": 26 }, "geometry": { "type": "LineString", "coordinates": [ [ 1090032.541581087512895, 1738852.721856198273599 ], [ 1090032.541581087512895, 1739852.721856198273599 ] ] } },
{ "type": "Feature", "properties": { "road_id": 1193, "shade_9h": 9, "shade_12h": 0, "shade_15h": 8, "shade_18h": 32 }, "geometry": { "type": "LineString", "coordinates": [ [ 1090032.541581087512895, 1739852.721856198273599 ], [ 1091032.541581087512895, 1739852.721856198273599 ] ] } },
{ "type": "Feature", "properties": { "road_id": 1194, "shade_9h": 0, "shade_12h": 0, "shade_15h": 0, "shade_18h": 19 }, "geometry": { "type": "LineString", "coordinates": [ [ 1090032.541581087512895, 1739852.721856198273599 ], [ 1090032.541581087512895, 1740852.721856198273599 ] ] } },
{ "type": "Feature", "properties": { "road_id": 1195, "shade_9h": 0, "shade_12h": 0, "shade_15h": 0, "shade_18h": 0 }, "geometry": { "type": "LineString", "coordinates": [ [ 1090032.541581087512895, 1740852.721856198273599 ], [ 1091032.541581087512895, 1740852.721856198273599 ] ] } },
{ "type": "Feature", "properties": { "road_id": 1196, "shade_9h": 1, "shade_12h": 1, "shade_15h": 1, "shade_18h": 1 }, "geometry": { "type": "LineString", "coordinates": [ [ 1090032.541581087512895, 1740852.721856198273599 ], [ 1090032.541581087512895, 1741852.721856198273599 ] ] } },
{ "type": "Feature", "properties": { "road_id": 1197, "shade_9h": 0, "shade_12h": 0, "shade_15h": 0, "shade_18h": 0 }, "geometry": { "type": "LineString", "coordinates": [ [ 1090032.541581087512895, 1741852.721856198273599 ], [ 1091032.541581087512895, 1741852.721856198273599 ] ] } },
{ "type": "Feature", "properties": { "road_id": 1198, "shade_9h": 1, "shade_12h": 1, "shade_15h": 1, "shade_18h": 1 }, "geometry": { "type": "LineString", "coordinates": [ [ 1090032.541581087512895, 1741852.721856198273599 ], [ 1090032.541581087512895, 1742852.721856198273599 ] ] } },
{ "type": "Feature", "properties": { "road_id": 1199, "shade_9h": 0, "shade_12h": 0, "shade_15h": 0, "shade_18h": 0 }, "geometry": { "type": "LineString", "coordinates": [ [ 1090032.541581087512895, 1742852.721856198273599 ], [ 1091032.541581087512895, 1742852.721856198273599 ] ] } },
{ "type": "Feature", "properties": { "road_id": 1200, "shade_9h": 0, "shade_12h": 0, "shade_15h": 0, "shade_18h": 0 }, "geometry": { "type": "LineString", "coordinates": [ [ 1090032.541581087512895, 1742852.721856198273599 ], [ 1090032.541581087512895, 1743852.721856198273599 ] ] } },
{ "type": "Feature", "properties": { "road_id": 1201, "shade_9h": 0, "shade_12h": 0, "shade_15h": 0, "shade_18h": 0 }, "geometry": { "type": "LineString", "coordinates": [ [ 1090032.541581087512895, 1743852.721856198273599 ], [ 1091032.541581087512895, 1743852.721856198273599 ] ] } },
{ "type": "Feature", "properties": { "road_id": 1202, "shade_9h": 1, "shade_12h": 1, "shade_15h": 1, "shade_18h": 1 }, "geometry": { "type": "LineString", "coordinates": [ [ 1090032.541581087512895, 1743852.721856198273599 ], [ 1090032.541581087512895, 1744852.721856198273599 ] ] } },
{ "type": "Feature", "properties": { "road_id": 1203, "shade_9h": 0, "shade_12h": 0, "shade_15h": 0, "shade_18h": 9 }, "geometry": { "type": "LineString", "coordinates": [ [ 1090032.541581087512895, 1744852.721856198273599 ], [ 1091032.541581087512895, 1744852.721856198273599 ] ] } },
{ "type": "Feature", "properties": { "road_id": 1204, "shade_9h": 0, "shade_12h": 0, "shade_15h": 0, "shade_18h": 0 }, "geometry": { "type": "LineString", "coordinates": [ [ 1090032.541581087512895, 1744852.721856198273599 ], [ 1090032.541581087512895, 1745852.721856198273599 ] ] } },
{ "type": "Feature", "properties": { "road_id": 1205, "shade_9h": 0, "shade_12h": 0, "shade_15h": 0, "shade_18h": 0 }, "geometry": { "type": "LineString", "coordinates": [ [ 1090032.541581087512895, 1745852.721856198273599 ], [ 1091032.541581087512895, 1745852.721856198273599 ] ] } },
{ "type": "Feature", "properties": { "road_id": 1206, "shade_9h": 0, "shade_12h": 0, "shade_15h": 0, "shade_18h": 0 }, "geometry": { "type": "LineString", "coordinates": [ [ 1090032.541581087512895, 1745852.721856198273599 ], [ 1090032.541581087512895, 1746852.721856198273599 ] ] } },
{ "type": "Feature", "properties": { "road_id": 1207, "shade_9h": 0, "shade_12h": 0, "shade_15h": 0, "shade_18h": 10 }, "geometry": { "type": "LineString", "coordinates": [ [ 1090032.541581087512895, 1746852.721856198273599 ], [ 1091032.541581087512895, 1746852.721856198273599 ] ] } },
{ "type": "Feature", "properties": { "road_id": 1208, "shade_9h": 0, "shade_12h": 0, "shade_15h": 0, "shade_18h": 22 }, "geometry": { "type": "LineString", "coordinates": [ [ 1090032.541581087512895, 1746852.721856198273599 ], [ 1090032.541581087512895, 1747852.721856198273599 ] ] } },
{ "type": "Feature", "properties": { "road_id": 1209, "shade_9h": 0, "shade_12h": 0, "shade_15h": 0, "shade_18h": 16 }, "geometry": { "type": "LineString", "coordinates": [ [ 1090032.541581087512895, 1747852.721856198273599 ], [ 1091032.541581087512895, 1747852.721856198273599 ] ] } },
{ "type": "Feature", "properties": { "road_id": 1210, "shade_9h": 0, "shade_12h": 0, "shade_15h": 0, "shade_18h": 26 }, "geometry": { "type": "LineString", "coordinates": [ [ 1090032.541581087512895, 1747852.721856198273599 ], [ 1090032.541581087512895, 1748852.721856198273599 ] ] } },
{ "type": "Feature", "properties": { "road_id": 1211, "shade_9h": 0, "shade_12h": 0, "shade_15h": 0, "shade_18h": 0 }, "geometry": { "type": "LineString", "coordinates": [ [ 1090032.541581087512895, 1748852.721856198273599 ], [ 1091032.541581087512895, 1748852.721856198273599 ] ] } },
{ "type": "Feature", "properties": { "road_id": 1212, "shade_9h": 0, "shade_12h": 0, "shade_15h": 0, "shade_18h": 0 }, "geometry": { "type": "LineString", "coordinates": [ [ 1090032.541581087512895, 1748852.721856198273599 ], [ 1090032.541581087512895, 1749852.721856198273599 ] ] } },
{ "type": "Feature", "properties": { "road_id": 1213, "shade_9h": 1, "shade_12h": 0, "shade_15h": 1, "shade_18h": 22 }, "geometry": { "type": "LineString", "coordinates": [ [ 1090032.541581087512895, 1749852.721856198273599 ], [ 1091032.541581087512895, 1749852.721856198273599 ] ] } },
{ "type": "Feature", "properties": { "road_id": 1214, "shade_9h": 1, "shade_12h": 1, "shade_15h": 1, "shade_18h": 1 }, "geometry": { "type": "LineString", "coordinates": [ [ 1090032.541581087512895, 1749852.721856198273599 ], [ 1090032.541581087512895, 1750852.721856198273599 ] ] } },
{ "type": "Feature", "properties": { "road_id": 1215, "shade_9h": 8, "shade_12h": 4, "shade_15h": 8, "shade_18h": 46 }, "geometry": { "type": "LineString", "coordinates": [ [ 1090032.541581087512895, 1750852.721856198273599 ], [ 1091032.541581087512895, 1750852.721856198273599 ] ] } },
{ "type": "Feature", "properties": { "road_id": 1216, "shade_9h": 0, "shade_12h": 0, "shade_15h": 0, "shade_18h": 0 }, "geometry": { "type": "LineString", "coordinates": [ [ 1090032.541581087512895, 1750852.721856198273599 ], [ 1090032.541581087512895, 1751852.721856198273599 ] ] } },
{ "type": "Feature", "properties": { "road_id": 1217, "shade_9h": 0, "shade_12h": 0, "shade_15h": 0, "shade_18h": 0 }, "geometry": { "type": "LineString", "coordinates": [ [ 1090032.541581087512895, 1751852.721856198273599 ], [ 1091032.541581087512895, 1751852.721856198273599 ] ] } },
{ "type": "Feature", "properties": { "road_id": 1218, "shade_9h": 8, "shade_12h": 5, "shade_15h": 7, "shade_18h": 24 }, "geometry": { "type": "LineString", "coordinates": [ [ 1090032.541581087512895, 1751852.721856198273599 ], [ 1090032.541581087512895, 1752852.721856198273599 ] ] } },
{ "type": "Feature", "properties": { "road_id": 1219, "shade_9h": 3, "shade_12h": 0, "shade_15h": 3, "shade_18h": 20 }, "geometry": { "type": "LineString", "coordinates": [ [ 1090032.541581087512895, 1752852.721856198273599 ], [ 1091032.541581087512895, 1752852.721856198273599 ] ] } },
{ "type": "Feature", "properties": { "road_id": 1220, "shade_9h": 1, "shade_12h": 0, "shade_15h": 1, "shade_18h": 17 }, "geometry": { "type": "LineString", "coordinates": [ [ 1090032.541581087512895, 1752852.721856198273599 ], [ 1090032.541581087512895, 1753852.721856198273599 ] ] } },
{ "type": "Feature", "properties": { "road_id": 1221, "shade_9h": 0, "shade_12h": 0, "shade_15h": 0, "shade_18h": 0 }, "geometry": { "type": "LineString", "coordinates": [ [ 1090032.541581087512895, 1753852.721856198273599 ], [ 1091032.541581087512895, 1753852.721856198273599 ] ] } },
{ "type": "Feature", "properties": { "road_id": 1222, "shade_9h": 0, "shade_12h": 0, "shade_15h": 0, "shade_18h": 0 }, "geometry": { "type": "LineString", "coordinates": [ [ 1090032.541581087512895, 1753852.721856198273599 ], [ 1090032.541581087512895, 1754852.721856198273599 ] ] } },
{ "type": "Feature", "properties": { "road_id": 1223, "shade_9h": 1, "shade_12h": 1, "shade_15h": 1, "shade_18h": 1 }, "geometry": { "type": "LineString", "coordinates": [ [ 1090032.541581087512895, 1754852.721856198273599 ], [ 1091032.541581087512895, 1754852.721856198273599 ] ] } },
{ "type": "Feature", "properties": { "road_id": 1224, "shade_9h": 0, "shade_12h": 0, "shade_15h": 0, "shade_18h": 0 }, "geometry": { "type": "LineString", "coordinates": [ [ 1090032.541581087512895, 1754852.721856198273599 ], [ 1090032.541581087512895, 1755852.721856198273599 ] ] } },
{ "type": "Feature", "properties": { "road_id": 1225, "shade_9h": 0, "shade_12h": 0, "shade_15h": 0, "shade_18h": 0 }, "geometry": { "type": "LineString", "coordinates": [ [ 1090032.541581087512895, 1755852.721856198273599 ], [ 1091032.541581087512895, 1755852.721856198273599 ] ] } },
{ "type": "Feature", "properties": { "road_id": 1226, "shade_9h": 0, "shade_12h": 0, "shade_15h": 0, "shade_18h": 0 }, "geometry": { "type": "LineString", "coordinates": [ [ 1090032.541581087512895, 1755852.721856198273599 ], [ 1090032.541581087512895, 1756852.721856198273599 ] ] } },
{ "type": "Feature", "properties": { "road_id": 1227, "shade_9h": 0, "shade_12h": 0, "shade_15h": 0, "shade_18h": 0 }, "geometry": { "type": "LineString", "coordinates": [ [ 1090032.541581087512895, 1756852.721856198273599 ], [ 1091032.541581087512895, 1756852.721856198273599 ] ] } },
{ "type": "Feature", "properties": { "road_id": 1228, "shade_9h": 0, "shade_12h": 0, "shade_15h": 0, "shade_18h": 0 }, "geometry": { "type": "LineString", "coordinates": [ [ 1090032.541581087512895, 1756852.721856198273599 ], [ 1090032.541581087512895, 1757852.721856198273599 ] ] } },
{ "type": "Feature", "properties": { "road_id": 1229, "shade_9h": 8, "shade_12h": 3, "shade_15h": 7, "shade_18h": 48 }, "geometry": { "type": "LineString", "coordinates": [ [ 1090032.541581087512895, 1757852.721856198273599 ], [ 1091032.541581087512895, 1757852.721856198273599 ] ] } },
{ "type": "Feature", "properties": { "road_id": 1230, "shade_9h": 0, "shade_12h": 0, "shade_15h": 0, "shade_18h": 0 }, "geometry": { "type": "LineString", "coordinates": [ [ 1090032.541581087512895, 1757852.721856198273599 ], [ 1090032.541581087512895, 1758852.721856198273599 ] ] } },
{ "type": "Feature", "properties": { "road_id": 1231, "shade_9h": 0, "shade_12h": 0, "shade_15h": 0, "shade_18h": 0 }, "geometry": { "type": "LineString", "coordinates": [ [ 1090032.541581087512895, 1758852.721856198273599 ], [ 1091032.541581087512895, 1758852.721856198273599 ] ] } },
{ "type": "Feature", "properties": { "road_id": 1232, "shade_9h": 0, "shade_12h": 0, "shade_15h": 0, "shade_18h": 0 }, "geometry": { "type": "LineString", "coordinates": [ [ 1090032.541581087512895, 1758852.721856198273599 ], [ 1090032.541581087512895, 1759852.721856198273599 ] ] } },
{ "type": "Feature", "properties": { "road_id": 1233, "shade_9h": 0, "shade_12h": 0, "shade_15h": 0, "shade_18h": 0 }, "geometry": { "type": "LineString", "coordinates": [ [ 1090032.541581087512895, 1759852.721856198273599 ], [ 1091032.541581087512895, 1759852.721856198273599 ] ] } },
{ "type": "Feature", "properties": { "road_id": 1234, "shade_9h": 0, "shade_12h": 0, "shade_15h": 0, "shade_18h": 0 }, "geometry": { "type": "LineString", "coordinates": [ [ 1090032.541581087512895, 1759852.721856198273599 ], [ 1090032.541581087512895, 1760852.721856198273599 ] ] } },
{ "type": "Feature", "properties": { "road_id": 1235, "shade_9h": 1, "shade_12h": 1, "shade_15h": 1, "shade_18h": 1 }, "geometry": { "type": "LineString", "coordinates": [ [ 1090032.541581087512895, 1760852.721856198273599 ], [ 1091032.541581087512895, 1760852.721856198273599 ] ] } },
{ "type": "Feature", "properties": { "road_id": 1236, "shade_9h": 0, "shade_12h": 0, "shade_15h": 0, "shade_18h": 0 }, "geometry": { "type": "LineString", "coordinates": [ [ 1090032.541581087512895, 1760852.721856198273599 ], [ 1090032.541581087512895, 1761852.721856198273599 ] ] } },
{ "type": "Feature", "properties": { "road_id": 1237, "shade_9h": 0, "shade_12h": 0, "shade_15h": 0, "shade_18h": 0 }, "geometry": { "type": "LineString", "coordinates": [ [ 1090032.541581087512895, 1761852.721856198273599 ], [ 1091032.541581087512895, 1761852.721856198273599 ] ] } },
{ "type": "Feature", "properties": { "road_id": 1238, "shade_9h": 9, "shade_12h": 3, "shade_15h": 8, "shade_18h": 29 }, "geometry": { "type": "LineString", "coordinates": [ [ 1090032.541581087512895, 1761852.721856198273599 ], [ 1090032.541581087512895, 1762852.721856198273599 ] ] } },
{ "type": "Feature", "properties": { "road_id": 1239, "shade_9h": 0, "shade_12h": 0, "shade_15h": 0, "shade_18h": 24 }, "geometry": { "type": "LineString", "coordinates": [ [ 1090032.541581087512895, 1762852.721856198273599 ], [ 1091032.541581087512895, 1762852.721856198273599 ] ] } },
{ "type": "Feature", "properties": { "road_id": 1240, "shade_9h": 0, "shade_12h": 0, "shade_15h": 0, "shade_18h": 15 }, "geometry": { "type": "LineString", "coordinates": [ [ 1090032.541581087512895, 1762852.721856198273599 ], [ 1090032.541581087512895, 1763852.721856198273599 ] ] } },
{ "type": "Feature", "properties": { "road_id": 1241, "shade_9h": 8, "shade_12h": 3, "shade_15h": 7, "shade_18h": 46 }, "geometry": { "type": "LineString", "coordinates": [ [ 1090032.541581087512895, 1763852.721856198273599 ], [ 1091032.541581087512895, 1763852.721856198273599 ] ] } },
{ "type": "Feature", "properties": { "road_id": 1242, "shade_9h": 1, "shade_12h": 1, "shade_15h": 1, "shade_18h": 14 }, "geometry": { "type": "LineString", "coordinates": [ [ 1090032.541581087512895, 1763852.721856198273599 ], [ 1090032.541581087512895, 1764852.721856198273599 ] ] } },
{ "type": "Feature", "properties": { "road_id": 1243, "shade_9h": 7, "shade_12h": 0, "shade_15h": 6, "shade_18h": 44 }, "geometry": { "type": "LineString", "coordinates": [ [ 1090032.541581087512895, 1764852.721856198273599 ], [ 1091032.541581087512895, 1764852.721856198273599 ] ] } },
{ "type": "Feature", "properties": { "road_id": 1244, "shade_9h": 0, "shade_12h": 0, "shade_15h": 0, "shade_18h": 8 }, "geometry": { "type": "LineString", "coordinates": [ [ 1090032.541581087512895, 1764852.721856198273599 ], [ 1090032.541581087512895, 1765852.721856198273599 ] ] } },
{ "type": "Feature", "properties": { "road_id": 1245, "shade_9h": 0, "shade_12h": 0, "shade_15h": 0, "shade_18h": 0 }, "geometry": { "type": "LineString", "coordinates": [ [ 1090032.541581087512895, 1765852.721856198273599 ], [ 1091032.541581087512895, 1765852.721856198273599 ] ] } },
{ "type": "Feature", "properties": { "road_id": 1246, "shade_9h": 0, "shade_12h": 0, "shade_15h": 0, "shade_18h": 0 }, "geometry": { "type": "LineString", "coordinates": [ [ 1090032.541581087512895, 1765852.721856198273599 ], [ 1090032.541581087512895, 1766852.721856198273599 ] ] } },
{ "type": "Feature", "properties": { "road_id": 1247, "shade_9h": 0, "shade_12h": 0, "shade_15h": 0, "shade_18h": 0 }, "geometry": { "type": "LineString", "coordinates": [ [ 1090032.541581087512895, 1766852.721856198273599 ], [ 1091032.541581087512895, 1766852.721856198273599 ] ] } },
{ "type": "Feature", "properties": { "road_id": 1248, "shade_9h": 0, "shade_12h": 0, "shade_15h": 0, "shade_18h": 0 }, "geometry": { "type": "LineString", "coordinates": [ [ 1090032.541581087512895, 1766852.721856198273599 ], [ 1090032.541581087512895, 1767852.721856198273599 ] ] } },
{ "type": "Feature", "properties": { "road_id": 1249, "shade_9h": 7, "shade_12h": 4, "shade_15h": 7, "shade_18h": 35 }, "geometry": { "type": "LineString", "coordinates": [ [ 1090032.541581087512895, 1767852.721856198273599 ], [ 1091032.541581087512895, 1767852.721856198273599 ] ] } },
{ "type": "Feature", "properties": { "road_id": 1250, "shade_9h": 5, "shade_12h": 2, "shade_15h": 5, "shade_18h": 29 }, "geometry": { "type": "LineString", "coordinates": [ [ 1090032.541581087512895, 1767852.721856198273599 ], [ 1090032.541581087512895, 1768852.721856198273599 ] ] } },
{ "type": "Feature", "properties": { "road_id": 1251, "shade_9h": 0, "shade_12h": 0, "shade_15h": 0, "shade_18h": 0 }, "geometry": { "type": "LineString", "coordinates": [ [ 1090032.541581087512895, 1768852.721856198273599 ], [ 1091032.541581087512895, 1768852.721856198273599 ] ] } },
{ "type": "Feature", "properties": { "road_id": 1252, "shade_9h": 6, "shade_12h": 0, "shade_15h": 6, "shade_18h": 35 }, "geometry": { "type": "LineString", "coordinates": [ [ 1090032.541581087512895, 1768852.721856198273599 ], [ 1090032.541581087512895, 1769852.721856198273599 ] ] } },
{ "type": "Feature", "properties": { "road_id": 1253, "shade_9h": 0, "shade_12h": 0, "shade_15h": 0, "shade_18h": 0 }, "geometry": { "type": "LineString", "coordinates": [ [ 1090032.541581087512895, 1769852.721856198273599 ], [ 1091032.541581087512895, 1769852.721856198273599 ] ] } },
{ "type": "Feature", "properties": { "road_id": 1254, "shade_9h": 0, "shade_12h": 0, "shade_15h": 0, "shade_18h": 0 }, "geometry": { "type": "LineString", "coordinates": [ [ 1090032.541581087512895, 1769852.721856198273599 ], [ 1090032.541581087512895, 1770852.721856198273599 ] ] } },
{ "type": "Feature", "properties": { "road_id": 1255, "shade_9h": 0, "shade_12h": 0, "shade_15h": 0, "shade_18h": 0 }, "geometry": { "type": "LineString", "coordinates": [ [ 1090032.541581087512895, 1770852.721856198273599 ], [ 1091032.541581087512895, 1770852.721856198273599 ] ] } },
{ "type": "Feature", "properties": { "road_id": 1256, "shade_9h": 9, "shade_12h": 5, "shade_15h": 8, "shade_18h": 27 }, "geometry": { "type": "LineString", "coordinates": [ [ 1090032.541581087512895, 1770852.721856198273599 ], [ 1090032.541581087512895, 1771852.721856198273599 ] ] } },
{ "type": "Feature", "properties": { "road_id": 1257, "shade_9h": 5, "shade_12h": 2, "shade_15h": 5, "shade_18h": 26 }, "geometry": { "type": "LineString", "coordinates": [ [ 1090032.541581087512895, 1771852.721856198273599 ], [ 1091032.541581087512895, 1771852.721856198273599 ] ] } },
{ "type": "Feature", "properties": { "road_id": 1258, "shade_9h": 0, "shade_12h": 0, "shade_15h": 0, "shade_18h": 15 }, "geometry": { "type": "LineString", "coordinates": [ [ 1090032.541581087512895, 1771852.721856198273599 ], [ 1090032.541581087512895, 1772852.721856198273599 ] ] } },
{ "type": "Feature", "properties": { "road_id": 1259, "shade_9h": 0, "shade_12h": 0, "shade_15h": 0, "shade_18h": 0 }, "geometry": { "type": "LineString", "coordinates": [ [ 1090032.541581087512895, 1772852.721856198273599 ], [ 1091032.541581087512895, 1772852.721856198273599 ] ] } },
{ "type": "Feature", "properties": { "road_id": 1260, "shade_9h": 0, "shade_12h": 0, "shade_15h": 0, "shade_18h": 0 }, "geometry": { "type": "LineString", "coordinates": [ [ 1090032.541581087512895, 1772852.721856198273599 ], [ 1090032.541581087512895, 1773852.721856198273599 ] ] } },
{ "type": "Feature", "properties": { "road_id": 1261, "shade_9h": 0, "shade_12h": 0, "shade_15h": 0, "shade_18h": 0 }, "geometry": { "type": "LineString", "coordinates": [ [ 1090032.541581087512895, 1773852.721856198273599 ], [ 1091032.541581087512895, 1773852.721856198273599 ] ] } },
{ "type": "Feature", "properties": { "road_id": 1262, "shade_9h": 1, "shade_12h": 1, "shade_15h": 1, "shade_18h": 1 }, "geometry": { "type": "LineString", "coordinates": [ [ 1090032.541581087512895, 1773852.721856198273599 ], [ 1090032.541581087512895, 1774852.721856198273599 ] ] } },
{ "type": "Feature", "properties": { "road_id": 1263, "shade_9h": 0, "shade_12h": 0, "shade_15h": 0, "shade_18h": 0 }, "geometry": { "type": "LineString", "coordinates": [ [ 1090032.541581087512895, 1774852.721856198273599 ], [ 1091032.541581087512895, 1774852.721856198273599 ] ] } },
{ "type": "Feature", "properties": { "road_id": 1264, "shade_9h": 0, "shade_12h": 0, "shade_15h": 0, "shade_18h": 0 }, "geometry": { "type": "LineString", "coordinates": [ [ 1090032.541581087512895, 1774852.721856198273599 ], [ 1090032.541581087512895, 1775852.721856198273599 ] ] } },
{ "type": "Feature", "properties": { "road_id": 1265, "shade_9h": 1, "shade_12h": 1, "shade_15h": 1, "shade_18h": 1 }, "geometry": { "type": "LineString", "coordinates": [ [ 1090032.541581087512895, 1775852.721856198273599 ], [ 1091032.541581087512895, 1775852.721856198273599 ] ] } },
{ "type": "Feature", "properties": { "road_id": 1266, "shade_9h": 0, "shade_12h": 0, "shade_15h": 0, "shade_18h": 0 }, "geometry": { "type": "LineString", "coordinates": [ [ 1090032.541581087512895, 1775852.721856198273599 ], [ 1090032.541581087512895, 1776852.721856198273599 ] ] } },
{ "type": "Feature", "properties": { "road_id": 1267, "shade_9h": 0, "shade_12h": 0, "shade_15h": 0, "shade_18h": 0 }, "geometry": { "type": "LineString", "coordinates": [ [ 1090032.541581087512895, 1776852.721856198273599 ], [ 1091032.541581087512895, 1776852.721856198273599 ] ] } },
{ "type": "Feature", "properties": { "road_id": 1268, "shade_9h": 0, "shade_12h": 0, "shade_15h": 0, "shade_18h": 0 }, "geometry": { "type": "LineString", "coordinates": [ [ 1090032.541581087512895, 1776852.721856198273599 ], [ 1090032.541581087512895, 1777852.721856198273599 ] ] } },
{ "type": "Feature", "properties": { "road_id": 1269, "shade_9h": 0, "shade_12h": 0, "shade_15h": 0, "shade_18h": 0 }, "geometry": { "type": "LineString", "coordinates": [ [ 1090032.541581087512895, 1777852.721856198273599 ], [ 1091032.541581087512895, 1777852.721856198273599 ] ] } },
{ "type": "Feature", "properties": { "road_id": 1270, "shade_9h": 1, "shade_12h": 1, "shade_15h": 1, "shade_18h": 1 }, "geometry": { "type": "LineString", "coordinates": [ [ 1090032.541581087512895, 1777852.721856198273599 ], [ 1090032.541581087512895, 1778852.721856198273599 ] ] } },
{ "type": "Feature", "properties": { "road_id": 1271, "shade_9h": 7, "shade_12h": 0, "shade_15h": 6, "shade_18h": 42 }, "geometry": { "type": "LineString", "coordinates": [ [ 1090032.541581087512895, 1778852.721856198273599 ], [ 1091032.541581087512895, 1778852.721856198273599 ] ] } },
{ "type": "Feature", "properties": { "road_id": 1272, "shade_9h": 0, "shade_12h": 0, "shade_15h": 0, "shade_18h": 0 }, "geometry": { "type": "LineString", "coordinates": [ [ 1090032.541581087512895, 1778852.721856198273599 ], [ 1090032.541581087512895, 1779852.721856198273599 ] ] } },
{ "type": "Feature", "properties": { "road_id": 1273, "shade_9h": 0, "shade_12h": 0, "shade_15h": 0, "shade_18h": 0 }, "geometry": { "type": "LineString", "coordinates": [ [ 1090032.541581087512895, 1779852.721856198273599 ], [ 1091032.541581087512895, 1779852.721856198273599 ] ] } },
{ "type": "Feature", "properties": { "road_id": 1274, "shade_9h": 0, "shade_12h": 0, "shade_15h": 0, "shade_18h": 0 }, "geometry": { "type": "LineString", "coordinates": [ [ 1091032.541581087512895, 1734852.721856198273599 ], [ 1092032.541581087512895, 1734852.721856198273599 ] ] } },
{ "type": "Feature", "properties": { "road_id": 1275, "shade_9h": 0, "shade_12h": 0, "shade_15h": 0, "shade_18h": 0 }, "geometry": { "type": "LineString", "coordinates": [ [ 1091032.541581087512895, 1734852.721856198273599 ], [ 1091032.541581087512895, 1735852.721856198273599 ] ] } },
{ "type": "Feature", "properties": { "road_id": 1276, "shade_9h": 0, "shade_12h": 0, "shade_15h": 0, "shade_18h": 0 }, "geometry": { "type": "LineString", "coordinates": [ [ 1091032.541581087512895, 1735852.721856198273599 ], [ 1092032.541581087512895, 1735852.721856198273599 ] ] } },
{ "type": "Feature", "properties": { "road_id": 1277, "shade_9h": 0, "shade_12h": 0, "shade_15h": 0, "shade_18h": 11 }, "geometry": { "type": "LineString", "coordinates": [ [ 1091032.541581087512895, 1735852.721856198273599 ], [ 1091032.541581087512895, 1736852.721856198273599 ] ] } },
{ "type": "Feature", "properties": { "road_id": 1278, "shade_9h": 0, "shade_12h": 0, "shade_15h": 0, "shade_18h": 6 }, "geometry": { "type": "LineString", "coordinates": [ [ 1091032.541581087512895, 1736852.721856198273599 ], [ 1092032.541581087512895, 1736852.721856198273599 ] ] } },
{ "type": "Feature", "properties": { "road_id": 1279, "shade_9h": 0, "shade_12h": 0, "shade_15h": 0, "shade_18h": 6 }, "geometry": { "type": "LineString", "coordinates": [ [ 1091032.541581087512895, 1736852.721856198273599 ], [ 1091032.541581087512895, 1737852.721856198273599 ] ] } },
{ "type": "Feature", "properties": { "road_id": 1280, "shade_9h": 0, "shade_12h": 0, "shade_15h": 0, "shade_18h": 13 }, "geometry": { "type": "LineString", "coordinates": [ [ 1091032.541581087512895, 1737852.721856198273599 ], [ 1092032.541581087512895, 1737852.721856198273599 ] ] } },
{ "type": "Feature", "properties": { "road_id": 1281, "shade_9h": 0, "shade_12h": 0, "shade_15h": 0, "shade_18h": 0 }, "geometry": { "type": "LineString", "coordinates": [ [ 1091032.541581087512895, 1737852.721856198273599 ], [ 1091032.541581087512895, 1738852.721856198273599 ] ] } },
{ "type": "Feature", "properties": { "road_id": 1282, "shade_9h": 0, "shade_12h": 0, "shade_15h": 0, "shade_18h": 0 }, "geometry": { "type": "LineString", "coordinates": [ [ 1091032.541581087512895, 1738852.721856198273599 ], [ 1092032.541581087512895, 1738852.721856198273599 ] ] } },
{ "type": "Feature", "properties": { "road_id": 1283, "shade_9h": 0, "shade_12h": 0, "shade_15h": 0, "shade_18h": 13 }, "geometry": { "type": "LineString", "coordinates": [ [ 1091032.541581087512895, 1738852.721856198273599 ], [ 1091032.541581087512895, 1739852.721856198273599 ] ] } },
{ "type": "Feature", "properties": { "road_id": 1284, "shade_9h": 3, "shade_12h": 0, "shade_15h": 3, "shade_18h": 17 }, "geometry": { "type": "LineString", "coordinates": [ [ 1091032.541581087512895, 1739852.721856198273599 ], [ 1092032.541581087512895, 1739852.721856198273599 ] ] } },
{ "type": "Feature", "properties": { "road_id": 1285, "shade_9h": 4, "shade_12h": 0, "shade_15h": 4, "shade_18h": 17 }, "geometry": { "type": "LineString", "coordinates": [ [ 1091032.541581087512895, 1739852.721856198273599 ], [ 1091032.541581087512895, 1740852.721856198273599 ] ] } },
{ "type": "Feature", "properties": { "road_id": 1286, "shade_9h": 0, "shade_12h": 0, "shade_15h": 0, "shade_18h": 0 }, "geometry": { "type": "LineString", "coordinates": [ [ 1091032.541581087512895, 1740852.721856198273599 ], [ 1092032.541581087512895, 1740852.721856198273599 ] ] } },
{ "type": "Feature", "properties": { "road_id": 1287, "shade_9h": 0, "shade_12h": 0, "shade_15h": 0, "shade_18h": 0 }, "geometry": { "type": "LineString", "coordinates": [ [ 1091032.541581087512895, 1740852.721856198273599 ], [ 1091032.541581087512895, 1741852.721856198273599 ] ] } },
{ "type": "Feature", "properties": { "road_id": 1288, "shade_9h": 0, "shade_12h": 0, "shade_15h": 0, "shade_18h": 0 }, "geometry": { "type": "LineString", "coordinates": [ [ 1091032.541581087512895, 1741852.721856198273599 ], [ 1092032.541581087512895, 1741852.721856198273599 ] ] } },
{ "type": "Feature", "properties": { "road_id": 1289, "shade_9h": 0, "shade_12h": 0, "shade_15h": 0, "shade_18h": 0 }, "geometry": { "type": "LineString", "coordinates": [ [ 1091032.541581087512895, 1741852.721856198273599 ], [ 1091032.541581087512895, 1742852.721856198273599 ] ] } },
{ "type": "Feature", "properties": { "road_id": 1290, "shade_9h": 0, "shade_12h": 0, "shade_15h": 0, "shade_18h": 0 }, "geometry": { "type": "LineString", "coordinates": [ [ 1091032.541581087512895, 1742852.721856198273599 ], [ 1092032.541581087512895, 1742852.721856198273599 ] ] } },
{ "type": "Feature", "properties": { "road_id": 1291, "shade_9h": 0, "shade_12h": 0, "shade_15h": 0, "shade_18h": 0 }, "geometry": { "type": "LineString", "coordinates": [ [ 1091032.541581087512895, 1742852.721856198273599 ], [ 1091032.541581087512895, 1743852.721856198273599 ] ] } },
{ "type": "Feature", "properties": { "road_id": 1292, "shade_9h": 0, "shade_12h": 0, "shade_15h": 0, "shade_18h": 0 }, "geometry": { "type": "LineString", "coordinates": [ [ 1091032.541581087512895, 1743852.721856198273599 ], [ 1092032.541581087512895, 1743852.721856198273599 ] ] } },
{ "type": "Feature", "properties": { "road_id": 1293, "shade_9h": 7, "shade_12h": 4, "shade_15h": 7, "shade_18h": 30 }, "geometry": { "type": "LineString", "coordinates": [ [ 1091032.541581087512895, 1743852.721856198273599 ], [ 1091032.541581087512895, 1744852.721856198273599 ] ] } },
{ "type": "Feature", "properties": { "road_id": 1294, "shade_9h": 0, "shade_12h": 0, "shade_15h": 0, "shade_18h": 10 }, "geometry": { "type": "LineString", "coordinates": [ [ 1091032.541581087512895, 1744852.721856198273599 ], [ 1092032.541581087512895, 1744852.721856198273599 ] ] } },
{ "type": "Feature", "properties": { "road_id": 1295, "shade_9h": 0, "shade_12h": 0, "shade_15h": 0, "shade_18h": 2 }, "geometry": { "type": "LineString", "coordinates": [ [ 1091032.541581087512895, 1744852.721856198273599 ], [ 1091032.541581087512895, 1745852.721856198273599 ] ] } },
{ "type": "Feature", "properties": { "road_id": 1296, "shade_9h": 0, "shade_12h": 0, "shade_15h": 0, "shade_18h": 0 }, "geometry": { "type": "LineString", "coordinates": [ [ 1091032.541581087512895, 1745852.721856198273599 ], [ 1092032.541581087512895, 1745852.721856198273599 ] ] } },
{ "type": "Feature", "properties": { "road_id": 1297, "shade_9h": 0, "shade_12h": 0, "shade_15h": 0, "shade_18h": 11 }, "geometry": { "type": "LineString", "coordinates": [ [ 1091032.541581087512895, 1745852.721856198273599 ], [ 1091032.541581087512895, 1746852.721856198273599 ] ] } },
{ "type": "Feature", "properties": { "road_id": 1298, "shade_9h": 0, "shade_12h": 0, "shade_15h": 0, "shade_18h": 5 }, "geometry": { "type": "LineString", "coordinates": [ [ 1091032.541581087512895, 1746852.721856198273599 ], [ 1092032.541581087512895, 1746852.721856198273599 ] ] } },
{ "type": "Feature", "properties": { "road_id": 1299, "shade_9h": 0, "shade_12h": 0, "shade_15h": 0, "shade_18h": 5 }, "geometry": { "type": "LineString", "coordinates": [ [ 1091032.541581087512895, 1746852.721856198273599 ], [ 1091032.541581087512895, 1747852.721856198273599 ] ] } },
{ "type": "Feature", "properties": { "road_id": 1300, "shade_9h": 0, "shade_12h": 0, "shade_15h": 0, "shade_18h": 0 }, "geometry": { "type": "LineString", "coordinates": [ [ 1091032.541581087512895, 1747852.721856198273599 ], [ 1092032.541581087512895, 1747852.721856198273599 ] ] } },
{ "type": "Feature", "properties": { "road_id": 1301, "shade_9h": 0, "shade_12h": 0, "shade_15h": 0, "shade_18h": 0 }, "geometry": { "type": "LineString", "coordinates": [ [ 1091032.541581087512895, 1747852.721856198273599 ], [ 1091032.541581087512895, 1748852.721856198273599 ] ] } },
{ "type": "Feature", "properties": { "road_id": 1302, "shade_9h": 0, "shade_12h": 0, "shade_15h": 0, "shade_18h": 0 }, "geometry": { "type": "LineString", "coordinates": [ [ 1091032.541581087512895, 1748852.721856198273599 ], [ 1092032.541581087512895, 1748852.721856198273599 ] ] } },
{ "type": "Feature", "properties": { "road_id": 1303, "shade_9h": 4, "shade_12h": 0, "shade_15h": 3, "shade_18h": 26 }, "geometry": { "type": "LineString", "coordinates": [ [ 1091032.541581087512895, 1748852.721856198273599 ], [ 1091032.541581087512895, 1749852.721856198273599 ] ] } },
{ "type": "Feature", "properties": { "road_id": 1304, "shade_9h": 8, "shade_12h": 4, "shade_15h": 8, "shade_18h": 29 }, "geometry": { "type": "LineString", "coordinates": [ [ 1091032.541581087512895, 1749852.721856198273599 ], [ 1092032.541581087512895, 1749852.721856198273599 ] ] } },
{ "type": "Feature", "properties": { "road_id": 1305, "shade_9h": 3, "shade_12h": 0, "shade_15h": 3, "shade_18h": 25 }, "geometry": { "type": "LineString", "coordinates": [ [ 1091032.541581087512895, 1749852.721856198273599 ], [ 1091032.541581087512895, 1750852.721856198273599 ] ] } },
{ "type": "Feature", "properties": { "road_id": 1306, "shade_9h": 0, "shade_12h": 0, "shade_15h": 0, "shade_18h": 0 }, "geometry": { "type": "LineString", "coordinates": [ [ 1091032.541581087512895, 1750852.721856198273599 ], [ 1092032.541581087512895, 1750852.721856198273599 ] ] } },
{ "type": "Feature", "properties": { "road_id": 1307, "shade_9h": 0, "shade_12h": 0, "shade_15h": 0, "shade_18h": 0 }, "geometry": { "type": "LineString", "coordinates": [ [ 1091032.541581087512895, 1750852.721856198273599 ], [ 1091032.541581087512895, 1751852.721856198273599 ] ] } },
{ "type": "Feature", "properties": { "road_id": 1308, "shade_9h": 0, "shade_12h": 0, "shade_15h": 0, "shade_18h": 0 }, "geometry": { "type": "LineString", "coordinates": [ [ 1091032.541581087512895, 1751852.721856198273599 ], [ 1092032.541581087512895, 1751852.721856198273599 ] ] } },
{ "type": "Feature", "properties": { "road_id": 1309, "shade_9h": 0, "shade_12h": 0, "shade_15h": 0, "shade_18h": 0 }, "geometry": { "type": "LineString", "coordinates": [ [ 1091032.541581087512895, 1751852.721856198273599 ], [ 1091032.541581087512895, 1752852.721856198273599 ] ] } },
{ "type": "Feature", "properties": { "road_id": 1310, "shade_9h": 0, "shade_12h": 0, "shade_15h": 0, "shade_18h": 0 }, "geometry": { "type": "LineString", "coordinates": [ [ 1091032.541581087512895, 1752852.721856198273599 ], [ 1092032.541581087512895, 1752852.721856198273599 ] ] } },
{ "type": "Feature", "properties": { "road_id": 1311, "shade_9h": 0, "shade_12h": 0, "shade_15h": 0, "shade_18h": 0 }, "geometry": { "type": "LineString", "coordinates": [ [ 1091032.541581087512895, 1752852.721856198273599 ], [ 1091032.541581087512895, 1753852.721856198273599 ] ] } },
{ "type": "Feature", "properties": { "road_id": 1312, "shade_9h": 2, "shade_12h": 0, "shade_15h": 0, "shade_18h": 10 }, "geometry": { "type": "LineString", "coordinates": [ [ 1091032.541581087512895, 1753852.721856198273599 ], [ 1092032.541581087512895, 1753852.721856198273599 ] ] } },
{ "type": "Feature", "properties": { "road_id": 1313, "shade_9h": 0, "shade_12h": 0, "shade_15h": 0, "shade_18h": 0 }, "geometry": { "type": "LineString", "coordinates": [ [ 1091032.541581087512895, 1753852.721856198273599 ], [ 1091032.541581087512895, 1754852.721856198273599 ] ] } },
{ "type": "Feature", "properties": { "road_id": 1314, "shade_9h": 0, "shade_12h": 0, "shade_15h": 0, "shade_18h": 0 }, "geometry": { "type": "LineString", "coordinates": [ [ 1091032.541581087512895, 1754852.721856198273599 ], [ 1092032.541581087512895, 1754852.721856198273599 ] ] } },
{ "type": "Feature", "properties": { "road_id": 1315, "shade_9h": 0, "shade_12h": 0, "shade_15h": 0, "shade_18h": 0 }, "geometry": { "type": "LineString", "coordinates": [ [ 1091032.541581087512895, 1754852.721856198273599 ], [ 1091032.541581087512895, 1755852.721856198273599 ] ] } },
{ "type": "Feature", "properties": { "road_id": 1316, "shade_9h": 0, "shade_12h": 0, "shade_15h": 0, "shade_18h": 0 }, "geometry": { "type": "LineString", "coordinates": [ [ 1091032.541581087512895, 1755852.721856198273599 ], [ 1092032.541581087512895, 1755852.721856198273599 ] ] } },
{ "type": "Feature", "properties": { "road_id": 1317, "shade_9h": 5, "shade_12h": 2, "shade_15h": 4, "shade_18h": 23 }, "geometry": { "type": "LineString", "coordinates": [ [ 1091032.541581087512895, 1755852.721856198273599 ], [ 1091032.541581087512895, 1756852.721856198273599 ] ] } },
{ "type": "Feature", "properties": { "road_id": 1318, "shade_9h": 0, "shade_12h": 0, "shade_15h": 0, "shade_18h": 0 }, "geometry": { "type": "LineString", "coordinates": [ [ 1091032.541581087512895, 1756852.721856198273599 ], [ 1092032.541581087512895, 1756852.721856198273599 ] ] } },
{ "type": "Feature", "properties": { "road_id": 1319, "shade_9h": 0, "shade_12h": 0, "shade_15h": 0, "shade_18h": 0 }, "geometry": { "type": "LineString", "coordinates": [ [ 1091032.541581087512895, 1756852.721856198273599 ], [ 1091032.541581087512895, 1757852.721856198273599 ] ] } },
{ "type": "Feature", "properties": { "road_id": 1320, "shade_9h": 1, "shade_12h": 1, "shade_15h": 1, "shade_18h": 1 }, "geometry": { "type": "LineString", "coordinates": [ [ 1091032.541581087512895, 1757852.721856198273599 ], [ 1092032.541581087512895, 1757852.721856198273599 ] ] } },
{ "type": "Feature", "properties": { "road_id": 1321, "shade_9h": 0, "shade_12h": 0, "shade_15h": 0, "shade_18h": 0 }, "geometry": { "type": "LineString", "coordinates": [ [ 1091032.541581087512895, 1757852.721856198273599 ], [ 1091032.541581087512895, 1758852.721856198273599 ] ] } },
{ "type": "Feature", "properties": { "road_id": 1322, "shade_9h": 0, "shade_12h": 0, "shade_15h": 0, "shade_18h": 0 }, "geometry": { "type": "LineString", "coordinates": [ [ 1091032.541581087512895, 1758852.721856198273599 ], [ 1092032.541581087512895, 1758852.721856198273599 ] ] } },
{ "type": "Feature", "properties": { "road_id": 1323, "shade_9h": 0, "shade_12h": 0, "shade_15h": 0, "shade_18h": 0 }, "geometry": { "type": "LineString", "coordinates": [ [ 1091032.541581087512895, 1758852.721856198273599 ], [ 1091032.541581087512895, 1759852.721856198273599 ] ] } },
{ "type": "Feature", "properties": { "road_id": 1324, "shade_9h": 0, "shade_12h": 0, "shade_15h": 0, "shade_18h": 0 }, "geometry": { "type": "LineString", "coordinates": [ [ 1091032.541581087512895, 1759852.721856198273599 ], [ 1092032.541581087512895, 1759852.721856198273599 ] ] } },
{ "type": "Feature", "properties": { "road_id": 1325, "shade_9h": 0, "shade_12h": 0, "shade_15h": 0, "shade_18h": 0 }, "geometry": { "type": "LineString", "coordinates": [ [ 1091032.541581087512895, 1759852.721856198273599 ], [ 1091032.541581087512895, 1760852.721856198273599 ] ] } },
{ "type": "Feature", "properties": { "road_id": 1326, "shade_9h": 1, "shade_12h": 1, "shade_15h": 1, "shade_18h": 1 }, "geometry": { "type": "LineString", "coordinates": [ [ 1091032.541581087512895, 1760852.721856198273599 ], [ 1092032.541581087512895, 1760852.721856198273599 ] ] } },
{ "type": "Feature", "properties": { "road_id": 1327, "shade_9h": 1, "shade_12h": 1, "shade_15h": 1, "shade_18h": 1 }, "geometry": { "type": "LineString", "coordinates": [ [ 1091032.541581087512895, 1760852.721856198273599 ], [ 1091032.541581087512895, 1761852.721856198273599 ] ] } },
{ "type": "Feature", "properties": { "road_id": 1328, "shade_9h": 0, "shade_12h": 0, "shade_15h": 0, "shade_18h": 0 }, "geometry": { "type": "LineString", "coordinates": [ [ 1091032.541581087512895, 1761852.721856198273599 ], [ 1092032.541581087512895, 1761852.721856198273599 ] ] } },
{ "type": "Feature", "properties": { "road_id": 1329, "shade_9h": 0, "shade_12h": 0, "shade_15h": 0, "shade_18h": 0 }, "geometry": { "type": "LineString", "coordinates": [ [ 1091032.541581087512895, 1761852.721856198273599 ], [ 1091032.541581087512895, 1762852.721856198273599 ] ] } },
{ "type": "Feature", "properties": { "road_id": 1330, "shade_9h": 0, "shade_12h": 0, "shade_15h": 0, "shade_18h": 0 }, "geometry": { "type": "LineString", "coordinates": [ [ 1091032.541581087512895, 1762852.721856198273599 ], [ 1092032.541581087512895, 1762852.721856198273599 ] ] } },
{ "type": "Feature", "properties": { "road_id": 1331, "shade_9h": 0, "shade_12h": 0, "shade_15h": 0, "shade_18h": 0 }, "geometry": { "type": "LineString", "coordinates": [ [ 1091032.541581087512895, 1762852.721856198273599 ], [ 1091032.541581087512895, 1763852.721856198273599 ] ] } },
{ "type": "Feature", "properties": { "road_id": 1332, "shade_9h": 0, "shade_12h": 0, "shade_15h": 0, "shade_18h": 0 }, "geometry": { "type": "LineString", "coordinates": [ [ 1091032.541581087512895, 1763852.721856198273599 ], [ 1092032.541581087512895, 1763852.721856198273599 ] ] } },
{ "type": "Feature", "properties": { "road_id": 1333, "shade_9h": 0, "shade_12h": 0, "shade_15h": 0, "shade_18h": 0 }, "geometry": { "type": "LineString", "coordinates": [ [ 1091032.541581087512895, 1763852.721856198273599 ], [ 1091032.541581087512895, 1764852.721856198273599 ] ] } },
{ "type": "Feature", "properties": { "road_id": 1334, "shade_9h": 0, "shade_12h": 0, "shade_15h": 0, "shade_18h": 0 }, "geometry": { "type": "LineString", "coordinates": [ [ 1091032.541581087512895, 1764852.721856198273599 ], [ 1092032.541581087512895, 1764852.721856198273599 ] ] } },
{ "type": "Feature", "properties": { "road_id": 1335, "shade_9h": 0, "shade_12h": 0, "shade_15h": 0, "shade_18h": 0 }, "geometry": { "type": "LineString", "coordinates": [ [ 1091032.541581087512895, 1764852.721856198273599 ], [ 1091032.541581087512895, 1765852.721856198273599 ] ] } },
{ "type": "Feature", "properties": { "road_id": 1336, "shade_9h": 0, "shade_12h": 0, "shade_15h": 0, "shade_18h": 0 }, "geometry": { "type": "LineString", "coordinates": [ [ 1091032.541581087512895, 1765852.721856198273599 ], [ 1092032.541581087512895, 1765852.721856198273599 ] ] } },
{ "type": "Feature", "properties": { "road_id": 1337, "shade_9h": 9, "shade_12h": 5, "shade_15h": 9, "shade_18h": 44 }, "geometry": { "type": "LineString", "coordinates": [ [ 1091032.541581087512895, 1765852.721856198273599 ], [ 1091032.541581087512895, 1766852.721856198273599 ] ] } },
{ "type": "Feature", "properties": { "road_id": 1338, "shade_9h": 0, "shade_12h": 0, "shade_15h": 0, "shade_18h": 0 }, "geometry": { "type": "LineString", "coordinates": [ [ 1091032.541581087512895, 1766852.721856198273599 ], [ 1092032.541581087512895, 1766852.721856198273599 ] ] } },
{ "type": "Feature", "properties": { "road_id": 1339, "shade_9h": 0, "shade_12h": 0, "shade_15h": 0, "shade_18h": 0 }, "geometry": { "type": "LineString", "coordinates": [ [ 1091032.541581087512895, 1766852.721856198273599 ], [ 1091032.541581087512895, 1767852.721856198273599 ] ] } },
{ "type": "Feature", "properties": { "road_id": 1340, "shade_9h": 0, "shade_12h": 0, "shade_15h": 0, "shade_18h": 0 }, "geometry": { "type": "LineString", "coordinates": [ [ 1091032.541581087512895, 1767852.721856198273599 ], [ 1092032.541581087512895, 1767852.721856198273599 ] ] } },
{ "type": "Feature", "properties": { "road_id": 1341, "shade_9h": 0, "shade_12h": 0, "shade_15h": 0, "shade_18h": 0 }, "geometry": { "type": "LineString", "coordinates": [ [ 1091032.541581087512895, 1767852.721856198273599 ], [ 1091032.541581087512895, 1768852.721856198273599 ] ] } },
{ "type": "Feature", "properties": { "road_id": 1342, "shade_9h": 0, "shade_12h": 0, "shade_15h": 0, "shade_18h": 0 }, "geometry": { "type": "LineString", "coordinates": [ [ 1091032.541581087512895, 1768852.721856198273599 ], [ 1092032.541581087512895, 1768852.721856198273599 ] ] } },
{ "type": "Feature", "properties": { "road_id": 1343, "shade_9h": 0, "shade_12h": 0, "shade_15h": 0, "shade_18h": 0 }, "geometry": { "type": "LineString", "coordinates": [ [ 1091032.541581087512895, 1768852.721856198273599 ], [ 1091032.541581087512895, 1769852.721856198273599 ] ] } },
{ "type": "Feature", "properties": { "road_id": 1344, "shade_9h": 0, "shade_12h": 0, "shade_15h": 0, "shade_18h": 0 }, "geometry": { "type": "LineString", "coordinates": [ [ 1091032.541581087512895, 1769852.721856198273599 ], [ 1092032.541581087512895, 1769852.721856198273599 ] ] } },
{ "type": "Feature", "properties": { "road_id": 1345, "shade_9h": 0, "shade_12h": 0, "shade_15h": 0, "shade_18h": 0 }, "geometry": { "type": "LineString", "coordinates": [ [ 1091032.541581087512895, 1769852.721856198273599 ], [ 1091032.541581087512895, 1770852.721856198273599 ] ] } },
{ "type": "Feature", "properties": { "road_id": 1346, "shade_9h": 1, "shade_12h": 1, "shade_15h": 1, "shade_18h": 1 }, "geometry": { "type": "LineString", "coordinates": [ [ 1091032.541581087512895, 1770852.721856198273599 ], [ 1092032.541581087512895, 1770852.721856198273599 ] ] } },
{ "type": "Feature", "properties": { "road_id": 1347, "shade_9h": 0, "shade_12h": 0, "shade_15h": 0, "shade_18h": 0 }, "geometry": { "type": "LineString", "coordinates": [ [ 1091032.541581087512895, 1770852.721856198273599 ], [ 1091032.541581087512895, 1771852.721856198273599 ] ] } },
{ "type": "Feature", "properties": { "road_id": 1348, "shade_9h": 1, "shade_12h": 1, "shade_15h": 1, "shade_18h": 1 }, "geometry": { "type": "LineString", "coordinates": [ [ 1091032.541581087512895, 1771852.721856198273599 ], [ 1092032.541581087512895, 1771852.721856198273599 ] ] } },
{ "type": "Feature", "properties": { "road_id": 1349, "shade_9h": 0, "shade_12h": 0, "shade_15h": 0, "shade_18h": 0 }, "geometry": { "type": "LineString", "coordinates": [ [ 1091032.541581087512895, 1771852.721856198273599 ], [ 1091032.541581087512895, 1772852.721856198273599 ] ] } },
{ "type": "Feature", "properties": { "road_id": 1350, "shade_9h": 0, "shade_12h": 0, "shade_15h": 0, "shade_18h": 0 }, "geometry": { "type": "LineString", "coordinates": [ [ 1091032.541581087512895, 1772852.721856198273599 ], [ 1092032.541581087512895, 1772852.721856198273599 ] ] } },
{ "type": "Feature", "properties": { "road_id": 1351, "shade_9h": 0, "shade_12h": 0, "shade_15h": 0, "shade_18h": 0 }, "geometry": { "type": "LineString", "coordinates": [ [ 1091032.541581087512895, 1772852.721856198273599 ], [ 1091032.541581087512895, 1773852.721856198273599 ] ] } },
{ "type": "Feature", "properties": { "road_id": 1352, "shade_9h": 0, "shade_12h": 0, "shade_15h": 0, "shade_18h": 0 }, "geometry": { "type": "LineString", "coordinates": [ [ 1091032.541581087512895, 1773852.721856198273599 ], [ 1092032.541581087512895, 1773852.721856198273599 ] ] } },
{ "type": "Feature", "properties": { "road_id": 1353, "shade_9h": 0, "shade_12h": 0, "shade_15h": 0, "shade_18h": 0 }, "geometry": { "type": "LineString", "coordinates": [ [ 1091032.541581087512895, 1773852.721856198273599 ], [ 1091032.541581087512895, 1774852.721856198273599 ] ] } },
{ "type": "Feature", "properties": { "road_id": 1354, "shade_9h": 0, "shade_12h": 0, "shade_15h": 0, "shade_18h": 0 }, "geometry": { "type": "LineString", "coordinates": [ [ 1091032.541581087512895, 1774852.721856198273599 ], [ 1092032.541581087512895, 1774852.721856198273599 ] ] } },
{ "type": "Feature", "properties": { "road_id": 1355, "shade_9h": 0, "shade_12h": 0, "shade_15h": 0, "shade_18h": 0 }, "geometry": { "type": "LineString", "coordinates": [ [ 1091032.541581087512895, 1774852.721856198273599 ], [ 1091032.541581087512895, 1775852.721856198273599 ] ] } },
{ "type": "Feature", "properties": { "road_id": 1356, "shade_9h": 0, "shade_12h": 0, "shade_15h": 0, "shade_18h": 0 }, "geometry": { "type": "LineString", "coordinates": [ [ 1091032.541581087512895, 1775852.721856198273599 ], [ 1092032.541581087512895, 1775852.721856198273599 ] ] } },
{ "type": "Feature", "properties": { "road_id": 1357, "shade_9h": 0, "shade_12h": 0, "shade_15h": 0, "shade_18h": 0 }, "geometry": { "type": "LineString", "coordinates": [ [ 1091032.541581087512895, 1775852.721856198273599 ], [ 1091032.541581087512895, 1776852.721856198273599 ] ] } },
{ "type": "Feature", "properties": { "road_id": 1358, "shade_9h": 0, "shade_12h": 0, "shade_15h": 0, "shade_18h": 0 }, "geometry": { "type": "LineString", "coordinates": [ [ 1091032.541581087512895, 1776852.721856198273599 ], [ 1092032.541581087512895, 1776852.721856198273599 ] ] } },
{ "type": "Feature", "properties": { "road_id": 1359, "shade_9h": 0, "shade_12h": 0, "shade_15h": 0, "shade_18h": 0 }, "geometry": { "type": "LineString", "coordinates": [ [ 1091032.541581087512895, 1776852.721856198273599 ], [ 1091032.541581087512895, 1777852.721856198273599 ] ] } },
{ "type": "Feature", "properties": { "road_id": 1360, "shade_9h": 0, "shade_12h": 0, "shade_15h": 0, "shade_18h": 0 }, "geometry": { "type": "LineString", "coordinates": [ [ 1091032.541581087512895, 1777852.721856198273599 ], [ 1092032.541581087512895, 1777852.721856198273599 ] ] } },
{ "type": "Feature", "properties": { "road_id": 1361, "shade_9h": 0, "shade_12h": 0, "shade_15h": 0, "shade_18h": 0 }, "geometry": { "type": "LineString", "coordinates": [ [ 1091032.541581087512895, 1777852.721856198273599 ], [ 1091032.541581087512895, 1778852.721856198273599 ] ] } },
{ "type": "Feature", "properties": { "road_id": 1362, "shade_9h": 0, "shade_12h": 0, "shade_15h": 0, "shade_18h": 0 }, "geometry": { "type": "LineString", "coordinates": [ [ 1091032.541581087512895, 1778852.721856198273599 ], [ 1092032.541581087512895, 1778852.721856198273599 ] ] } },
{ "type": "Feature", "properties": { "road_id": 1363, "shade_9h": 0, "shade_12h": 0, "shade_15h": 0, "shade_18h": 0 }, "geometry": { "type": "LineString", "coordinates": [ [ 1091032.541581087512895, 1778852.721856198273599 ], [ 1091032.541581087512895, 1779852.721856198273599 ] ] } },
{ "type": "Feature", "properties": { "road_id": 1364, "shade_9h": 0, "shade_12h": 0, "shade_15h": 0, "shade_18h": 0 }, "geometry": { "type": "LineString", "coordinates": [ [ 1091032.541581087512895, 1779852.721856198273599 ], [ 1092032.541581087512895, 1779852.721856198273599 ] ] } },
{ "type": "Feature", "properties": { "road_id": 1365, "shade_9h": 0, "shade_12h": 0, "shade_15h": 0, "shade_18h": 0 }, "geometry": { "type": "LineString", "coordinates": [ [ 1092032.541581087512895, 1734852.721856198273599 ], [ 1093032.541581087512895, 1734852.721856198273599 ] ] } },
{ "type": "Feature", "properties": { "road_id": 1366, "shade_9h": 0, "shade_12h": 0, "shade_15h": 0, "shade_18h": 0 }, "geometry": { "type": "LineString", "coordinates": [ [ 1092032.541581087512895, 1734852.721856198273599 ], [ 1092032.541581087512895, 1735852.721856198273599 ] ] } },
{ "type": "Feature", "properties": { "road_id": 1367, "shade_9h": 5, "shade_12h": 2, "shade_15h": 5, "shade_18h": 25 }, "geometry": { "type": "LineString", "coordinates": [ [ 1092032.541581087512895, 1735852.721856198273599 ], [ 1093032.541581087512895, 1735852.721856198273599 ] ] } },
{ "type": "Feature", "properties": { "road_id": 1368, "shade_9h": 1, "shade_12h": 1, "shade_15h": 1, "shade_18h": 1 }, "geometry": { "type": "LineString", "coordinates": [ [ 1092032.541581087512895, 1735852.721856198273599 ], [ 1092032.541581087512895, 1736852.721856198273599 ] ] } },
{ "type": "Feature", "properties": { "road_id": 1369, "shade_9h": 6, "shade_12h": 4, "shade_15h": 6, "shade_18h": 26 }, "geometry": { "type": "LineString", "coordinates": [ [ 1092032.541581087512895, 1736852.721856198273599 ], [ 1093032.541581087512895, 1736852.721856198273599 ] ] } },
{ "type": "Feature", "properties": { "road_id": 1370, "shade_9h": 0, "shade_12h": 0, "shade_15h": 0, "shade_18h": 0 }, "geometry": { "type": "LineString", "coordinates": [ [ 1092032.541581087512895, 1736852.721856198273599 ], [ 1092032.541581087512895, 1737852.721856198273599 ] ] } },
{ "type": "Feature", "properties": { "road_id": 1371, "shade_9h": 0, "shade_12h": 0, "shade_15h": 0, "shade_18h": 0 }, "geometry": { "type": "LineString", "coordinates": [ [ 1092032.541581087512895, 1737852.721856198273599 ], [ 1093032.541581087512895, 1737852.721856198273599 ] ] } },
{ "type": "Feature", "properties": { "road_id": 1372, "shade_9h": 0, "shade_12h": 0, "shade_15h": 0, "shade_18h": 0 }, "geometry": { "type": "LineString", "coordinates": [ [ 1092032.541581087512895, 1737852.721856198273599 ], [ 1092032.541581087512895, 1738852.721856198273599 ] ] } },
{ "type": "Feature", "properties": { "road_id": 1373, "shade_9h": 0, "shade_12h": 0, "shade_15h": 0, "shade_18h": 0 }, "geometry": { "type": "LineString", "coordinates": [ [ 1092032.541581087512895, 1738852.721856198273599 ], [ 1093032.541581087512895, 1738852.721856198273599 ] ] } },
{ "type": "Feature", "properties": { "road_id": 1374, "shade_9h": 0, "shade_12h": 0, "shade_15h": 0, "shade_18h": 0 }, "geometry": { "type": "LineString", "coordinates": [ [ 1092032.541581087512895, 1738852.721856198273599 ], [ 1092032.541581087512895, 1739852.721856198273599 ] ] } },
{ "type": "Feature", "properties": { "road_id": 1375, "shade_9h": 1, "shade_12h": 1, "shade_15h": 1, "shade_18h": 1 }, "geometry": { "type": "LineString", "coordinates": [ [ 1092032.541581087512895, 1739852.721856198273599 ], [ 1093032.541581087512895, 1739852.721856198273599 ] ] } },
{ "type": "Feature", "properties": { "road_id": 1376, "shade_9h": 6, "shade_12h": 2, "shade_15h": 5, "shade_18h": 32 }, "geometry": { "type": "LineString", "coordinates": [ [ 1092032.541581087512895, 1739852.721856198273599 ], [ 1092032.541581087512895, 1740852.721856198273599 ] ] } },
{ "type": "Feature", "properties": { "road_id": 1377, "shade_9h": 0, "shade_12h": 0, "shade_15h": 0, "shade_18h": 0 }, "geometry": { "type": "LineString", "coordinates": [ [ 1092032.541581087512895, 1740852.721856198273599 ], [ 1093032.541581087512895, 1740852.721856198273599 ] ] } },
{ "type": "Feature", "properties": { "road_id": 1378, "shade_9h": 0, "shade_12h": 0, "shade_15h": 0, "shade_18h": 0 }, "geometry": { "type": "LineString", "coordinates": [ [ 1092032.541581087512895, 1740852.721856198273599 ], [ 1092032.541581087512895, 1741852.721856198273599 ] ] } },
{ "type": "Feature", "properties": { "road_id": 1379, "shade_9h": 0, "shade_12h": 0, "shade_15h": 0, "shade_18h": 18 }, "geometry": { "type": "LineString", "coordinates": [ [ 1092032.541581087512895, 1741852.721856198273599 ], [ 1093032.541581087512895, 1741852.721856198273599 ] ] } },
{ "type": "Feature", "properties": { "road_id": 1380, "shade_9h": 0, "shade_12h": 0, "shade_15h": 0, "shade_18h": 0 }, "geometry": { "type": "LineString", "coordinates": [ [ 1092032.541581087512895, 1741852.721856198273599 ], [ 1092032.541581087512895, 1742852.721856198273599 ] ] } },
{ "type": "Feature", "properties": { "road_id": 1381, "shade_9h": 0, "shade_12h": 0, "shade_15h": 0, "shade_18h": 0 }, "geometry": { "type": "LineString", "coordinates": [ [ 1092032.541581087512895, 1742852.721856198273599 ], [ 1093032.541581087512895, 1742852.721856198273599 ] ] } },
{ "type": "Feature", "properties": { "road_id": 1382, "shade_9h": 1, "shade_12h": 1, "shade_15h": 1, "shade_18h": 1 }, "geometry": { "type": "LineString", "coordinates": [ [ 1092032.541581087512895, 1742852.721856198273599 ], [ 1092032.541581087512895, 1743852.721856198273599 ] ] } },
{ "type": "Feature", "properties": { "road_id": 1383, "shade_9h": 0, "shade_12h": 0, "shade_15h": 0, "shade_18h": 0 }, "geometry": { "type": "LineString", "coordinates": [ [ 1092032.541581087512895, 1743852.721856198273599 ], [ 1093032.541581087512895, 1743852.721856198273599 ] ] } },
{ "type": "Feature", "properties": { "road_id": 1384, "shade_9h": 0, "shade_12h": 0, "shade_15h": 0, "shade_18h": 0 }, "geometry": { "type": "LineString", "coordinates": [ [ 1092032.541581087512895, 1743852.721856198273599 ], [ 1092032.541581087512895, 1744852.721856198273599 ] ] } },
{ "type": "Feature", "properties": { "road_id": 1385, "shade_9h": 0, "shade_12h": 0, "shade_15h": 0, "shade_18h": 0 }, "geometry": { "type": "LineString", "coordinates": [ [ 1092032.541581087512895, 1744852.721856198273599 ], [ 1093032.541581087512895, 1744852.721856198273599 ] ] } },
{ "type": "Feature", "properties": { "road_id": 1386, "shade_9h": 0, "shade_12h": 0, "shade_15h": 0, "shade_18h": 0 }, "geometry": { "type": "LineString", "coordinates": [ [ 1092032.541581087512895, 1744852.721856198273599 ], [ 1092032.541581087512895, 1745852.721856198273599 ] ] } },
{ "type": "Feature", "properties": { "road_id": 1387, "shade_9h": 0, "shade_12h": 0, "shade_15h": 0, "shade_18h": 0 }, "geometry": { "type": "LineString", "coordinates": [ [ 1092032.541581087512895, 1745852.721856198273599 ], [ 1093032.541581087512895, 1745852.721856198273599 ] ] } },
{ "type": "Feature", "properties": { "road_id": 1388, "shade_9h": 0, "shade_12h": 0, "shade_15h": 0, "shade_18h": 0 }, "geometry": { "type": "LineString", "coordinates": [ [ 1092032.541581087512895, 1745852.721856198273599 ], [ 1092032.541581087512895, 1746852.721856198273599 ] ] } },
{ "type": "Feature", "properties": { "road_id": 1389, "shade_9h": 10, "shade_12h": 5, "shade_15h": 9, "shade_18h": 45 }, "geometry": { "type": "LineString", "coordinates": [ [ 1092032.541581087512895, 1746852.721856198273599 ], [ 1093032.541581087512895, 1746852.721856198273599 ] ] } },
{ "type": "Feature", "properties": { "road_id": 1390, "shade_9h": 0, "shade_12h": 0, "shade_15h": 0, "shade_18h": 20 }, "geometry": { "type": "LineString", "coordinates": [ [ 1092032.541581087512895, 1746852.721856198273599 ], [ 1092032.541581087512895, 1747852.721856198273599 ] ] } },
{ "type": "Feature", "properties": { "road_id": 1391, "shade_9h": 4, "shade_12h": 2, "shade_15h": 4, "shade_18h": 20 }, "geometry": { "type": "LineString", "coordinates": [ [ 1092032.541581087512895, 1747852.721856198273599 ], [ 1093032.541581087512895, 1747852.721856198273599 ] ] } },
{ "type": "Feature", "properties": { "road_id": 1392, "shade_9h": 0, "shade_12h": 0, "shade_15h": 0, "shade_18h": 0 }, "geometry": { "type": "LineString", "coordinates": [ [ 1092032.541581087512895, 1747852.721856198273599 ], [ 1092032.541581087512895, 1748852.721856198273599 ] ] } },
{ "type": "Feature", "properties": { "road_id": 1393, "shade_9h": 1, "shade_12h": 1, "shade_15h": 1, "shade_18h": 1 }, "geometry": { "type": "LineString", "coordinates": [ [ 1092032.541581087512895, 1748852.721856198273599 ], [ 1093032.541581087512895, 1748852.721856198273599 ] ] } },
{ "type": "Feature", "properties": { "road_id": 1394, "shade_9h": 0, "shade_12h": 0, "shade_15h": 0, "shade_18h": 0 }, "geometry": { "type": "LineString", "coordinates": [ [ 1092032.541581087512895, 1748852.721856198273599 ], [ 1092032.541581087512895, 1749852.721856198273599 ] ] } },
{ "type": "Feature", "properties": { "road_id": 1395, "shade_9h": 6, "shade_12h": 0, "shade_15h": 5, "shade_18h": 31 }, "geometry": { "type": "LineString", "coordinates": [ [ 1092032.541581087512895, 1749852.721856198273599 ], [ 1093032.541581087512895, 1749852.721856198273599 ] ] } },
{ "type": "Feature", "properties": { "road_id": 1396, "shade_9h": 4, "shade_12h": 0, "shade_15h": 1, "shade_18h": 48 }, "geometry": { "type": "LineString", "coordinates": [ [ 1092032.541581087512895, 1749852.721856198273599 ], [ 1092032.541581087512895, 1750852.721856198273599 ] ] } },
{ "type": "Feature", "properties": { "road_id": 1397, "shade_9h": 0, "shade_12h": 0, "shade_15h": 0, "shade_18h": 0 }, "geometry": { "type": "LineString", "coordinates": [ [ 1092032.541581087512895, 1750852.721856198273599 ], [ 1093032.541581087512895, 1750852.721856198273599 ] ] } },
{ "type": "Feature", "properties": { "road_id": 1398, "shade_9h": 0, "shade_12h": 0, "shade_15h": 0, "shade_18h": 0 }, "geometry": { "type": "LineString", "coordinates": [ [ 1092032.541581087512895, 1750852.721856198273599 ], [ 1092032.541581087512895, 1751852.721856198273599 ] ] } },
{ "type": "Feature", "properties": { "road_id": 1399, "shade_9h": 0, "shade_12h": 0, "shade_15h": 0, "shade_18h": 0 }, "geometry": { "type": "LineString", "coordinates": [ [ 1092032.541581087512895, 1751852.721856198273599 ], [ 1093032.541581087512895, 1751852.721856198273599 ] ] } },
{ "type": "Feature", "properties": { "road_id": 1400, "shade_9h": 0, "shade_12h": 0, "shade_15h": 0, "shade_18h": 0 }, "geometry": { "type": "LineString", "coordinates": [ [ 1092032.541581087512895, 1751852.721856198273599 ], [ 1092032.541581087512895, 1752852.721856198273599 ] ] } },
{ "type": "Feature", "properties": { "road_id": 1401, "shade_9h": 0, "shade_12h": 0, "shade_15h": 0, "shade_18h": 0 }, "geometry": { "type": "LineString", "coordinates": [ [ 1092032.541581087512895, 1752852.721856198273599 ], [ 1093032.541581087512895, 1752852.721856198273599 ] ] } },
{ "type": "Feature", "properties": { "road_id": 1402, "shade_9h": 0, "shade_12h": 0, "shade_15h": 0, "shade_18h": 0 }, "geometry": { "type": "LineString", "coordinates": [ [ 1092032.541581087512895, 1752852.721856198273599 ], [ 1092032.541581087512895, 1753852.721856198273599 ] ] } },
{ "type": "Feature", "properties": { "road_id": 1403, "shade_9h": 0, "shade_12h": 0, "shade_15h": 0, "shade_18h": 3 }, "geometry": { "type": "LineString", "coordinates": [ [ 1092032.541581087512895, 1753852.721856198273599 ], [ 1093032.541581087512895, 1753852.721856198273599 ] ] } },
{ "type": "Feature", "properties": { "road_id": 1404, "shade_9h": 0, "shade_12h": 0, "shade_15h": 0, "shade_18h": 0 }, "geometry": { "type": "LineString", "coordinates": [ [ 1092032.541581087512895, 1753852.721856198273599 ], [ 1092032.541581087512895, 1754852.721856198273599 ] ] } },
{ "type": "Feature", "properties": { "road_id": 1405, "shade_9h": 0, "shade_12h": 0, "shade_15h": 0, "shade_18h": 0 }, "geometry": { "type": "LineString", "coordinates": [ [ 1092032.541581087512895, 1754852.721856198273599 ], [ 1093032.541581087512895, 1754852.721856198273599 ] ] } },
{ "type": "Feature", "properties": { "road_id": 1406, "shade_9h": 0, "shade_12h": 0, "shade_15h": 0, "shade_18h": 0 }, "geometry": { "type": "LineString", "coordinates": [ [ 1092032.541581087512895, 1754852.721856198273599 ], [ 1092032.541581087512895, 1755852.721856198273599 ] ] } },
{ "type": "Feature", "properties": { "road_id": 1407, "shade_9h": 0, "shade_12h": 0, "shade_15h": 0, "shade_18h": 0 }, "geometry": { "type": "LineString", "coordinates": [ [ 1092032.541581087512895, 1755852.721856198273599 ], [ 1093032.541581087512895, 1755852.721856198273599 ] ] } },
{ "type": "Feature", "properties": { "road_id": 1408, "shade_9h": 7, "shade_12h": 0, "shade_15h": 6, "shade_18h": 44 }, "geometry": { "type": "LineString", "coordinates": [ [ 1092032.541581087512895, 1755852.721856198273599 ], [ 1092032.541581087512895, 1756852.721856198273599 ] ] } },
{ "type": "Feature", "properties": { "road_id": 1409, "shade_9h": 0, "shade_12h": 0, "shade_15h": 0, "shade_18h": 0 }, "geometry": { "type": "LineString", "coordinates": [ [ 1092032.541581087512895, 1756852.721856198273599 ], [ 1093032.541581087512895, 1756852.721856198273599 ] ] } },
{ "type": "Feature", "properties": { "road_id": 1410, "shade_9h": 0, "shade_12h": 0, "shade_15h": 0, "shade_18h": 0 }, "geometry": { "type": "LineString", "coordinates": [ [ 1092032.541581087512895, 1756852.721856198273599 ], [ 1092032.541581087512895, 1757852.721856198273599 ] ] } },
{ "type": "Feature", "properties": { "road_id": 1411, "shade_9h": 0, "shade_12h": 0, "shade_15h": 0, "shade_18h": 0 }, "geometry": { "type": "LineString", "coordinates": [ [ 1092032.541581087512895, 1757852.721856198273599 ], [ 1093032.541581087512895, 1757852.721856198273599 ] ] } },
{ "type": "Feature", "properties": { "road_id": 1412, "shade_9h": 0, "shade_12h": 0, "shade_15h": 0, "shade_18h": 0 }, "geometry": { "type": "LineString", "coordinates": [ [ 1092032.541581087512895, 1757852.721856198273599 ], [ 1092032.541581087512895, 1758852.721856198273599 ] ] } },
{ "type": "Feature", "properties": { "road_id": 1413, "shade_9h": 0, "shade_12h": 0, "shade_15h": 0, "shade_18h": 0 }, "geometry": { "type": "LineString", "coordinates": [ [ 1092032.541581087512895, 1758852.721856198273599 ], [ 1093032.541581087512895, 1758852.721856198273599 ] ] } },
{ "type": "Feature", "properties": { "road_id": 1414, "shade_9h": 0, "shade_12h": 0, "shade_15h": 0, "shade_18h": 0 }, "geometry": { "type": "LineString", "coordinates": [ [ 1092032.541581087512895, 1758852.721856198273599 ], [ 1092032.541581087512895, 1759852.721856198273599 ] ] } },
{ "type": "Feature", "properties": { "road_id": 1415, "shade_9h": 0, "shade_12h": 0, "shade_15h": 0, "shade_18h": 0 }, "geometry": { "type": "LineString", "coordinates": [ [ 1092032.541581087512895, 1759852.721856198273599 ], [ 1093032.541581087512895, 1759852.721856198273599 ] ] } },
{ "type": "Feature", "properties": { "road_id": 1416, "shade_9h": 0, "shade_12h": 0, "shade_15h": 0, "shade_18h": 0 }, "geometry": { "type": "LineString", "coordinates": [ [ 1092032.541581087512895, 1759852.721856198273599 ], [ 1092032.541581087512895, 1760852.721856198273599 ] ] } },
{ "type": "Feature", "properties": { "road_id": 1417, "shade_9h": 0, "shade_12h": 0, "shade_15h": 0, "shade_18h": 0 }, "geometry": { "type": "LineString", "coordinates": [ [ 1092032.541581087512895, 1760852.721856198273599 ], [ 1093032.541581087512895, 1760852.721856198273599 ] ] } },
{ "type": "Feature", "properties": { "road_id": 1418, "shade_9h": 0, "shade_12h": 0, "shade_15h": 0, "shade_18h": 0 }, "geometry": { "type": "LineString", "coordinates": [ [ 1092032.541581087512895, 1760852.721856198273599 ], [ 1092032.541581087512895, 1761852.721856198273599 ] ] } },
{ "type": "Feature", "properties": { "road_id": 1419, "shade_9h": 0, "shade_12h": 0, "shade_15h": 0, "shade_18h": 0 }, "geometry": { "type": "LineString", "coordinates": [ [ 1092032.541581087512895, 1761852.721856198273599 ], [ 1093032.541581087512895, 1761852.721856198273599 ] ] } },
{ "type": "Feature", "properties": { "road_id": 1420, "shade_9h": 0, "shade_12h": 0, "shade_15h": 0, "shade_18h": 0 }, "geometry": { "type": "LineString", "coordinates": [ [ 1092032.541581087512895, 1761852.721856198273599 ], [ 1092032.541581087512895, 1762852.721856198273599 ] ] } },
{ "type": "Feature", "properties": { "road_id": 1421, "shade_9h": 0, "shade_12h": 0, "shade_15h": 0, "shade_18h": 0 }, "geometry": { "type": "LineString", "coordinates": [ [ 1092032.541581087512895, 1762852.721856198273599 ], [ 1093032.541581087512895, 1762852.721856198273599 ] ] } },
{ "type": "Feature", "properties": { "road_id": 1422, "shade_9h": 0, "shade_12h": 0, "shade_15h": 0, "shade_18h": 0 }, "geometry": { "type": "LineString", "coordinates": [ [ 1092032.541581087512895, 1762852.721856198273599 ], [ 1092032.541581087512895, 1763852.721856198273599 ] ] } },
{ "type": "Feature", "properties": { "road_id": 1423, "shade_9h": 0, "shade_12h": 0, "shade_15h": 0, "shade_18h": 0 }, "geometry": { "type": "LineString", "coordinates": [ [ 1092032.541581087512895, 1763852.721856198273599 ], [ 1093032.541581087512895, 1763852.721856198273599 ] ] } },
{ "type": "Feature", "properties": { "road_id": 1424, "shade_9h": 0, "shade_12h": 0, "shade_15h": 0, "shade_18h": 0 }, "geometry": { "type": "LineString", "coordinates": [ [ 1092032.541581087512895, 1763852.721856198273599 ], [ 1092032.541581087512895, 1764852.721856198273599 ] ] } },
{ "type": "Feature", "properties": { "road_id": 1425, "shade_9h": 0, "shade_12h": 0, "shade_15h": 0, "shade_18h": 0 }, "geometry": { "type": "LineString", "coordinates": [ [ 1092032.541581087512895, 1764852.721856198273599 ], [ 1093032.541581087512895, 1764852.721856198273599 ] ] } },
{ "type": "Feature", "properties": { "road_id": 1426, "shade_9h": 0, "shade_12h": 0, "shade_15h": 0, "shade_18h": 0 }, "geometry": { "type": "LineString", "coordinates": [ [ 1092032.541581087512895, 1764852.721856198273599 ], [ 1092032.541581087512895, 1765852.721856198273599 ] ] } },
{ "type": "Feature", "properties": { "road_id": 1427, "shade_9h": 0, "shade_12h": 0, "shade_15h": 0, "shade_18h": 0 }, "geometry": { "type": "LineString", "coordinates": [ [ 1092032.541581087512895, 1765852.721856198273599 ], [ 1093032.541581087512895, 1765852.721856198273599 ] ] } },
{ "type": "Feature", "properties": { "road_id": 1428, "shade_9h": 0, "shade_12h": 0, "shade_15h": 0, "shade_18h": 0 }, "geometry": { "type": "LineString", "coordinates": [ [ 1092032.541581087512895, 1765852.721856198273599 ], [ 1092032.541581087512895, 1766852.721856198273599 ] ] } },
{ "type": "Feature", "properties": { "road_id": 1429, "shade_9h": 8, "shade_12h": 4, "shade_15h": 8, "shade_18h": 41 }, "geometry": { "type": "LineString", "coordinates": [ [ 1092032.541581087512895, 1766852.721856198273599 ], [ 1093032.541581087512895, 1766852.721856198273599 ] ] } },
{ "type": "Feature", "properties": { "road_id": 1430, "shade_9h": 0, "shade_12h": 0, "shade_15h": 0, "shade_18h": 0 }, "geometry": { "type": "LineString", "coordinates": [ [ 1092032.541581087512895, 1766852.721856198273599 ], [ 1092032.541581087512895, 1767852.721856198273599 ] ] } },
{ "type": "Feature", "properties": { "road_id": 1431, "shade_9h": 4, "shade_12h": 0, "shade_15h": 3, "shade_18h": 17 }, "geometry": { "type": "LineString", "coordinates": [ [ 1092032.541581087512895, 1767852.721856198273599 ], [ 1093032.541581087512895, 1767852.721856198273599 ] ] } },
{ "type": "Feature", "properties": { "road_id": 1432, "shade_9h": 0, "shade_12h": 0, "shade_15h": 0, "shade_18h": 0 }, "geometry": { "type": "LineString", "coordinates": [ [ 1092032.541581087512895, 1767852.721856198273599 ], [ 1092032.541581087512895, 1768852.721856198273599 ] ] } },
{ "type": "Feature", "properties": { "road_id": 1433, "shade_9h": 0, "shade_12h": 0, "shade_15h": 0, "shade_18h": 0 }, "geometry": { "type": "LineString", "coordinates": [ [ 1092032.541581087512895, 1768852.721856198273599 ], [ 1093032.541581087512895, 1768852.721856198273599 ] ] } },
{ "type": "Feature", "properties": { "road_id": 1434, "shade_9h": 0, "shade_12h": 0, "shade_15h": 0, "shade_18h": 0 }, "geometry": { "type": "LineString", "coordinates": [ [ 1092032.541581087512895, 1768852.721856198273599 ], [ 1092032.541581087512895, 1769852.721856198273599 ] ] } },
{ "type": "Feature", "properties": { "road_id": 1435, "shade_9h": 0, "shade_12h": 0, "shade_15h": 0, "shade_18h": 0 }, "geometry": { "type": "LineString", "coordinates": [ [ 1092032.541581087512895, 1769852.721856198273599 ], [ 1093032.541581087512895, 1769852.721856198273599 ] ] } },
{ "type": "Feature", "properties": { "road_id": 1436, "shade_9h": 0, "shade_12h": 0, "shade_15h": 0, "shade_18h": 0 }, "geometry": { "type": "LineString", "coordinates": [ [ 1092032.541581087512895, 1769852.721856198273599 ], [ 1092032.541581087512895, 1770852.721856198273599 ] ] } },
{ "type": "Feature", "properties": { "road_id": 1437, "shade_9h": 0, "shade_12h": 0, "shade_15h": 0, "shade_18h": 39 }, "geometry": { "type": "LineString", "coordinates": [ [ 1092032.541581087512895, 1770852.721856198273599 ], [ 1093032.541581087512895, 1770852.721856198273599 ] ] } },
{ "type": "Feature", "properties": { "road_id": 1438, "shade_9h": 0, "shade_12h": 0, "shade_15h": 0, "shade_18h": 0 }, "geometry": { "type": "LineString", "coordinates": [ [ 1092032.541581087512895, 1770852.721856198273599 ], [ 1092032.541581087512895, 1771852.721856198273599 ] ] } },
{ "type": "Feature", "properties": { "road_id": 1439, "shade_9h": 7, "shade_12h": 2, "shade_15h": 6, "shade_18h": 24 }, "geometry": { "type": "LineString", "coordinates": [ [ 1092032.541581087512895, 1771852.721856198273599 ], [ 1093032.541581087512895, 1771852.721856198273599 ] ] } },
{ "type": "Feature", "properties": { "road_id": 1440, "shade_9h": 0, "shade_12h": 0, "shade_15h": 0, "shade_18h": 0 }, "geometry": { "type": "LineString", "coordinates": [ [ 1092032.541581087512895, 1771852.721856198273599 ], [ 1092032.541581087512895, 1772852.721856198273599 ] ] } },
{ "type": "Feature", "properties": { "road_id": 1441, "shade_9h": 0, "shade_12h": 0, "shade_15h": 0, "shade_18h": 0 }, "geometry": { "type": "LineString", "coordinates": [ [ 1092032.541581087512895, 1772852.721856198273599 ], [ 1093032.541581087512895, 1772852.721856198273599 ] ] } },
{ "type": "Feature", "properties": { "road_id": 1442, "shade_9h": 0, "shade_12h": 0, "shade_15h": 0, "shade_18h": 0 }, "geometry": { "type": "LineString", "coordinates": [ [ 1092032.541581087512895, 1772852.721856198273599 ], [ 1092032.541581087512895, 1773852.721856198273599 ] ] } },
{ "type": "Feature", "properties": { "road_id": 1443, "shade_9h": 0, "shade_12h": 0, "shade_15h": 0, "shade_18h": 0 }, "geometry": { "type": "LineString", "coordinates": [ [ 1092032.541581087512895, 1773852.721856198273599 ], [ 1093032.541581087512895, 1773852.721856198273599 ] ] } },
{ "type": "Feature", "properties": { "road_id": 1444, "shade_9h": 0, "shade_12h": 0, "shade_15h": 0, "shade_18h": 0 }, "geometry": { "type": "LineString", "coordinates": [ [ 1092032.541581087512895, 1773852.721856198273599 ], [ 1092032.541581087512895, 1774852.721856198273599 ] ] } },
{ "type": "Feature", "properties": { "road_id": 1445, "shade_9h": 0, "shade_12h": 0, "shade_15h": 0, "shade_18h": 0 }, "geometry": { "type": "LineString", "coordinates": [ [ 1092032.541581087512895, 1774852.721856198273599 ], [ 1093032.541581087512895, 1774852.721856198273599 ] ] } },
{ "type": "Feature", "properties": { "road_id": 1446, "shade_9h": 0, "shade_12h": 0, "shade_15h": 0, "shade_18h": 0 }, "geometry": { "type": "LineString", "coordinates": [ [ 1092032.541581087512895, 1774852.721856198273599 ], [ 1092032.541581087512895, 1775852.721856198273599 ] ] } },
{ "type": "Feature", "properties": { "road_id": 1447, "shade_9h": 0, "shade_12h": 0, "shade_15h": 0, "shade_18h": 23 }, "geometry": { "type": "LineString", "coordinates": [ [ 1092032.541581087512895, 1775852.721856198273599 ], [ 1093032.541581087512895, 1775852.721856198273599 ] ] } },
{ "type": "Feature", "properties": { "road_id": 1448, "shade_9h": 0, "shade_12h": 0, "shade_15h": 0, "shade_18h": 0 }, "geometry": { "type": "LineString", "coordinates": [ [ 1092032.541581087512895, 1775852.721856198273599 ], [ 1092032.541581087512895, 1776852.721856198273599 ] ] } },
{ "type": "Feature", "properties": { "road_id": 1449, "shade_9h": 3, "shade_12h": 0, "shade_15h": 1, "shade_18h": 33 }, "geometry": { "type": "LineString", "coordinates": [ [ 1092032.541581087512895, 1776852.721856198273599 ], [ 1093032.541581087512895, 1776852.721856198273599 ] ] } },
{ "type": "Feature", "properties": { "road_id": 1450, "shade_9h": 0, "shade_12h": 0, "shade_15h": 0, "shade_18h": 0 }, "geometry": { "type": "LineString", "coordinates": [ [ 1092032.541581087512895, 1776852.721856198273599 ], [ 1092032.541581087512895, 1777852.721856198273599 ] ] } },
{ "type": "Feature", "properties": { "road_id": 1451, "shade_9h": 0, "shade_12h": 0, "shade_15h": 0, "shade_18h": 0 }, "geometry": { "type": "LineString", "coordinates": [ [ 1092032.541581087512895, 1777852.721856198273599 ], [ 1093032.541581087512895, 1777852.721856198273599 ] ] } },
{ "type": "Feature", "properties": { "road_id": 1452, "shade_9h": 0, "shade_12h": 0, "shade_15h": 0, "shade_18h": 0 }, "geometry": { "type": "LineString", "coordinates": [ [ 1092032.541581087512895, 1777852.721856198273599 ], [ 1092032.541581087512895, 1778852.721856198273599 ] ] } },
{ "type": "Feature", "properties": { "road_id": 1453, "shade_9h": 0, "shade_12h": 0, "shade_15h": 0, "shade_18h": 0 }, "geometry": { "type": "LineString", "coordinates": [ [ 1092032.541581087512895, 1778852.721856198273599 ], [ 1093032.541581087512895, 1778852.721856198273599 ] ] } },
{ "type": "Feature", "properties": { "road_id": 1454, "shade_9h": 0, "shade_12h": 0, "shade_15h": 0, "shade_18h": 0 }, "geometry": { "type": "LineString", "coordinates": [ [ 1092032.541581087512895, 1778852.721856198273599 ], [ 1092032.541581087512895, 1779852.721856198273599 ] ] } },
{ "type": "Feature", "properties": { "road_id": 1455, "shade_9h": 1, "shade_12h": 1, "shade_15h": 1, "shade_18h": 1 }, "geometry": { "type": "LineString", "coordinates": [ [ 1092032.541581087512895, 1779852.721856198273599 ], [ 1093032.541581087512895, 1779852.721856198273599 ] ] } },
{ "type": "Feature", "properties": { "road_id": 1456, "shade_9h": 0, "shade_12h": 0, "shade_15h": 0, "shade_18h": 0 }, "geometry": { "type": "LineString", "coordinates": [ [ 1093032.541581087512895, 1734852.721856198273599 ], [ 1094032.541581087512895, 1734852.721856198273599 ] ] } },
{ "type": "Feature", "properties": { "road_id": 1457, "shade_9h": 0, "shade_12h": 0, "shade_15h": 0, "shade_18h": 0 }, "geometry": { "type": "LineString", "coordinates": [ [ 1093032.541581087512895, 1734852.721856198273599 ], [ 1093032.541581087512895, 1735852.721856198273599 ] ] } },
{ "type": "Feature", "properties": { "road_id": 1458, "shade_9h": 0, "shade_12h": 0, "shade_15h": 0, "shade_18h": 0 }, "geometry": { "type": "LineString", "coordinates": [ [ 1093032.541581087512895, 1735852.721856198273599 ], [ 1094032.541581087512895, 1735852.721856198273599 ] ] } },
{ "type": "Feature", "properties": { "road_id": 1459, "shade_9h": 0, "shade_12h": 0, "shade_15h": 0, "shade_18h": 0 }, "geometry": { "type": "LineString", "coordinates": [ [ 1093032.541581087512895, 1735852.721856198273599 ], [ 1093032.541581087512895, 1736852.721856198273599 ] ] } },
{ "type": "Feature", "properties": { "road_id": 1460, "shade_9h": 0, "shade_12h": 0, "shade_15h": 0, "shade_18h": 0 }, "geometry": { "type": "LineString", "coordinates": [ [ 1093032.541581087512895, 1736852.721856198273599 ], [ 1094032.541581087512895, 1736852.721856198273599 ] ] } },
{ "type": "Feature", "properties": { "road_id": 1461, "shade_9h": 0, "shade_12h": 0, "shade_15h": 0, "shade_18h": 28 }, "geometry": { "type": "LineString", "coordinates": [ [ 1093032.541581087512895, 1736852.721856198273599 ], [ 1093032.541581087512895, 1737852.721856198273599 ] ] } },
{ "type": "Feature", "properties": { "road_id": 1462, "shade_9h": 0, "shade_12h": 0, "shade_15h": 0, "shade_18h": 0 }, "geometry": { "type": "LineString", "coordinates": [ [ 1093032.541581087512895, 1737852.721856198273599 ], [ 1094032.541581087512895, 1737852.721856198273599 ] ] } },
{ "type": "Feature", "properties": { "road_id": 1463, "shade_9h": 0, "shade_12h": 0, "shade_15h": 0, "shade_18h": 0 }, "geometry": { "type": "LineString", "coordinates": [ [ 1093032.541581087512895, 1737852.721856198273599 ], [ 1093032.541581087512895, 1738852.721856198273599 ] ] } },
{ "type": "Feature", "properties": { "road_id": 1464, "shade_9h": 0, "shade_12h": 0, "shade_15h": 0, "shade_18h": 0 }, "geometry": { "type": "LineString", "coordinates": [ [ 1093032.541581087512895, 1738852.721856198273599 ], [ 1094032.541581087512895, 1738852.721856198273599 ] ] } },
{ "type": "Feature", "properties": { "road_id": 1465, "shade_9h": 0, "shade_12h": 0, "shade_15h": 0, "shade_18h": 0 }, "geometry": { "type": "LineString", "coordinates": [ [ 1093032.541581087512895, 1738852.721856198273599 ], [ 1093032.541581087512895, 1739852.721856198273599 ] ] } },
{ "type": "Feature", "properties": { "road_id": 1466, "shade_9h": 0, "shade_12h": 0, "shade_15h": 0, "shade_18h": 0 }, "geometry": { "type": "LineString", "coordinates": [ [ 1093032.541581087512895, 1739852.721856198273599 ], [ 1094032.541581087512895, 1739852.721856198273599 ] ] } },
{ "type": "Feature", "properties": { "road_id": 1467, "shade_9h": 0, "shade_12h": 0, "shade_15h": 0, "shade_18h": 0 }, "geometry": { "type": "LineString", "coordinates": [ [ 1093032.541581087512895, 1739852.721856198273599 ], [ 1093032.541581087512895, 1740852.721856198273599 ] ] } },
{ "type": "Feature", "properties": { "road_id": 1468, "shade_9h": 0, "shade_12h": 0, "shade_15h": 0, "shade_18h": 0 }, "geometry": { "type": "LineString", "coordinates": [ [ 1093032.541581087512895, 1740852.721856198273599 ], [ 1094032.541581087512895, 1740852.721856198273599 ] ] } },
{ "type": "Feature", "properties": { "road_id": 1469, "shade_9h": 5, "shade_12h": 0, "shade_15h": 5, "shade_18h": 27 }, "geometry": { "type": "LineString", "coordinates": [ [ 1093032.541581087512895, 1740852.721856198273599 ], [ 1093032.541581087512895, 1741852.721856198273599 ] ] } },
{ "type": "Feature", "properties": { "road_id": 1470, "shade_9h": 0, "shade_12h": 0, "shade_15h": 0, "shade_18h": 17 }, "geometry": { "type": "LineString", "coordinates": [ [ 1093032.541581087512895, 1741852.721856198273599 ], [ 1094032.541581087512895, 1741852.721856198273599 ] ] } },
{ "type": "Feature", "properties": { "road_id": 1471, "shade_9h": 8, "shade_12h": 0, "shade_15h": 7, "shade_18h": 39 }, "geometry": { "type": "LineString", "coordinates": [ [ 1093032.541581087512895, 1741852.721856198273599 ], [ 1093032.541581087512895, 1742852.721856198273599 ] ] } },
{ "type": "Feature", "properties": { "road_id": 1472, "shade_9h": 0, "shade_12h": 0, "shade_15h": 0, "shade_18h": 8 }, "geometry": { "type": "LineString", "coordinates": [ [ 1093032.541581087512895, 1742852.721856198273599 ], [ 1094032.541581087512895, 1742852.721856198273599 ] ] } },
{ "type": "Feature", "properties": { "road_id": 1473, "shade_9h": 0, "shade_12h": 0, "shade_15h": 0, "shade_18h": 0 }, "geometry": { "type": "LineString", "coordinates": [ [ 1093032.541581087512895, 1742852.721856198273599 ], [ 1093032.541581087512895, 1743852.721856198273599 ] ] } },
{ "type": "Feature", "properties": { "road_id": 1474, "shade_9h": 0, "shade_12h": 0, "shade_15h": 0, "shade_18h": 0 }, "geometry": { "type": "LineString", "coordinates": [ [ 1093032.541581087512895, 1743852.721856198273599 ], [ 1094032.541581087512895, 1743852.721856198273599 ] ] } },
{ "type": "Feature", "properties": { "road_id": 1475, "shade_9h": 0, "shade_12h": 0, "shade_15h": 0, "shade_18h": 0 }, "geometry": { "type": "LineString", "coordinates": [ [ 1093032.541581087512895, 1743852.721856198273599 ], [ 1093032.541581087512895, 1744852.721856198273599 ] ] } },
{ "type": "Feature", "properties": { "road_id": 1476, "shade_9h": 0, "shade_12h": 0, "shade_15h": 0, "shade_18h": 0 }, "geometry": { "type": "LineString", "coordinates": [ [ 1093032.541581087512895, 1744852.721856198273599 ], [ 1094032.541581087512895, 1744852.721856198273599 ] ] } },
{ "type": "Feature", "properties": { "road_id": 1477, "shade_9h": 0, "shade_12h": 0, "shade_15h": 0, "shade_18h": 0 }, "geometry": { "type": "LineString", "coordinates": [ [ 1093032.541581087512895, 1744852.721856198273599 ], [ 1093032.541581087512895, 1745852.721856198273599 ] ] } },
{ "type": "Feature", "properties": { "road_id": 1478, "shade_9h": 0, "shade_12h": 0, "shade_15h": 0, "shade_18h": 0 }, "geometry": { "type": "LineString", "coordinates": [ [ 1093032.541581087512895, 1745852.721856198273599 ], [ 1094032.541581087512895, 1745852.721856198273599 ] ] } },
{ "type": "Feature", "properties": { "road_id": 1479, "shade_9h": 1, "shade_12h": 1, "shade_15h": 1, "shade_18h": 1 }, "geometry": { "type": "LineString", "coordinates": [ [ 1093032.541581087512895, 1745852.721856198273599 ], [ 1093032.541581087512895, 1746852.721856198273599 ] ] } },
{ "type": "Feature", "properties": { "road_id": 1480, "shade_9h": 0, "shade_12h": 0, "shade_15h": 0, "shade_18h": 0 }, "geometry": { "type": "LineString", "coordinates": [ [ 1093032.541581087512895, 1746852.721856198273599 ], [ 1094032.541581087512895, 1746852.721856198273599 ] ] } },
{ "type": "Feature", "properties": { "road_id": 1481, "shade_9h": 0, "shade_12h": 0, "shade_15h": 0, "shade_18h": 0 }, "geometry": { "type": "LineString", "coordinates": [ [ 1093032.541581087512895, 1746852.721856198273599 ], [ 1093032.541581087512895, 1747852.721856198273599 ] ] } },
{ "type": "Feature", "properties": { "road_id": 1482, "shade_9h": 6, "shade_12h": 2, "shade_15h": 6, "shade_18h": 33 }, "geometry": { "type": "LineString", "coordinates": [ [ 1093032.541581087512895, 1747852.721856198273599 ], [ 1094032.541581087512895, 1747852.721856198273599 ] ] } },
{ "type": "Feature", "properties": { "road_id": 1483, "shade_9h": 0, "shade_12h": 0, "shade_15h": 0, "shade_18h": 0 }, "geometry": { "type": "LineString", "coordinates": [ [ 1093032.541581087512895, 1747852.721856198273599 ], [ 1093032.541581087512895, 1748852.721856198273599 ] ] } },
{ "type": "Feature", "properties": { "road_id": 1484, "shade_9h": 0, "shade_12h": 0, "shade_15h": 0, "shade_18h": 0 }, "geometry": { "type": "LineString", "coordinates": [ [ 1093032.541581087512895, 1748852.721856198273599 ], [ 1094032.541581087512895, 1748852.721856198273599 ] ] } },
{ "type": "Feature", "properties": { "road_id": 1485, "shade_9h": 0, "shade_12h": 0, "shade_15h": 0, "shade_18h": 16 }, "geometry": { "type": "LineString", "coordinates": [ [ 1093032.541581087512895, 1748852.721856198273599 ], [ 1093032.541581087512895, 1749852.721856198273599 ] ] } },
{ "type": "Feature", "properties": { "road_id": 1486, "shade_9h": 0, "shade_12h": 0, "shade_15h": 0, "shade_18h": 12 }, "geometry": { "type": "LineString", "coordinates": [ [ 1093032.541581087512895, 1749852.721856198273599 ], [ 1094032.541581087512895, 1749852.721856198273599 ] ] } },
{ "type": "Feature", "properties": { "road_id": 1487, "shade_9h": 0, "shade_12h": 0, "shade_15h": 0, "shade_18h": 23 }, "geometry": { "type": "LineString", "coordinates": [ [ 1093032.541581087512895, 1749852.721856198273599 ], [ 1093032.541581087512895, 1750852.721856198273599 ] ] } },
{ "type": "Feature", "properties": { "road_id": 1488, "shade_9h": 0, "shade_12h": 0, "shade_15h": 0, "shade_18h": 0 }, "geometry": { "type": "LineString", "coordinates": [ [ 1093032.541581087512895, 1750852.721856198273599 ], [ 1094032.541581087512895, 1750852.721856198273599 ] ] } },
{ "type": "Feature", "properties": { "road_id": 1489, "shade_9h": 0, "shade_12h": 0, "shade_15h": 0, "shade_18h": 0 }, "geometry": { "type": "LineString", "coordinates": [ [ 1093032.541581087512895, 1750852.721856198273599 ], [ 1093032.541581087512895, 1751852.721856198273599 ] ] } },
{ "type": "Feature", "properties": { "road_id": 1490, "shade_9h": 6, "shade_12h": 3, "shade_15h": 6, "shade_18h": 29 }, "geometry": { "type": "LineString", "coordinates": [ [ 1093032.541581087512895, 1751852.721856198273599 ], [ 1094032.541581087512895, 1751852.721856198273599 ] ] } },
{ "type": "Feature", "properties": { "road_id": 1491, "shade_9h": 0, "shade_12h": 0, "shade_15h": 0, "shade_18h": 0 }, "geometry": { "type": "LineString", "coordinates": [ [ 1093032.541581087512895, 1751852.721856198273599 ], [ 1093032.541581087512895, 1752852.721856198273599 ] ] } },
{ "type": "Feature", "properties": { "road_id": 1492, "shade_9h": 0, "shade_12h": 0, "shade_15h": 0, "shade_18h": 0 }, "geometry": { "type": "LineString", "coordinates": [ [ 1093032.541581087512895, 1752852.721856198273599 ], [ 1094032.541581087512895, 1752852.721856198273599 ] ] } },
{ "type": "Feature", "properties": { "road_id": 1493, "shade_9h": 0, "shade_12h": 0, "shade_15h": 0, "shade_18h": 0 }, "geometry": { "type": "LineString", "coordinates": [ [ 1093032.541581087512895, 1752852.721856198273599 ], [ 1093032.541581087512895, 1753852.721856198273599 ] ] } },
{ "type": "Feature", "properties": { "road_id": 1494, "shade_9h": 0, "shade_12h": 0, "shade_15h": 0, "shade_18h": 4 }, "geometry": { "type": "LineString", "coordinates": [ [ 1093032.541581087512895, 1753852.721856198273599 ], [ 1094032.541581087512895, 1753852.721856198273599 ] ] } },
{ "type": "Feature", "properties": { "road_id": 1495, "shade_9h": 4, "shade_12h": 3, "shade_15h": 3, "shade_18h": 11 }, "geometry": { "type": "LineString", "coordinates": [ [ 1093032.541581087512895, 1753852.721856198273599 ], [ 1093032.541581087512895, 1754852.721856198273599 ] ] } },
{ "type": "Feature", "properties": { "road_id": 1496, "shade_9h": 0, "shade_12h": 0, "shade_15h": 0, "shade_18h": 0 }, "geometry": { "type": "LineString", "coordinates": [ [ 1093032.541581087512895, 1754852.721856198273599 ], [ 1094032.541581087512895, 1754852.721856198273599 ] ] } },
{ "type": "Feature", "properties": { "road_id": 1497, "shade_9h": 0, "shade_12h": 0, "shade_15h": 0, "shade_18h": 0 }, "geometry": { "type": "LineString", "coordinates": [ [ 1093032.541581087512895, 1754852.721856198273599 ], [ 1093032.541581087512895, 1755852.721856198273599 ] ] } },
{ "type": "Feature", "properties": { "road_id": 1498, "shade_9h": 0, "shade_12h": 0, "shade_15h": 0, "shade_18h": 0 }, "geometry": { "type": "LineString", "coordinates": [ [ 1093032.541581087512895, 1755852.721856198273599 ], [ 1094032.541581087512895, 1755852.721856198273599 ] ] } },
{ "type": "Feature", "properties": { "road_id": 1499, "shade_9h": 0, "shade_12h": 0, "shade_15h": 0, "shade_18h": 0 }, "geometry": { "type": "LineString", "coordinates": [ [ 1093032.541581087512895, 1755852.721856198273599 ], [ 1093032.541581087512895, 1756852.721856198273599 ] ] } },
{ "type": "Feature", "properties": { "road_id": 1500, "shade_9h": 0, "shade_12h": 0, "shade_15h": 0, "shade_18h": 0 }, "geometry": { "type": "LineString", "coordinates": [ [ 1093032.541581087512895, 1756852.721856198273599 ], [ 1094032.541581087512895, 1756852.721856198273599 ] ] } },
{ "type": "Feature", "properties": { "road_id": 1501, "shade_9h": 1, "shade_12h": 1, "shade_15h": 1, "shade_18h": 1 }, "geometry": { "type": "LineString", "coordinates": [ [ 1093032.541581087512895, 1756852.721856198273599 ], [ 1093032.541581087512895, 1757852.721856198273599 ] ] } },
{ "type": "Feature", "properties": { "road_id": 1502, "shade_9h": 0, "shade_12h": 0, "shade_15h": 0, "shade_18h": 0 }, "geometry": { "type": "LineString", "coordinates": [ [ 1093032.541581087512895, 1757852.721856198273599 ], [ 1094032.541581087512895, 1757852.721856198273599 ] ] } },
{ "type": "Feature", "properties": { "road_id": 1503, "shade_9h": 0, "shade_12h": 0, "shade_15h": 0, "shade_18h": 0 }, "geometry": { "type": "LineString", "coordinates": [ [ 1093032.541581087512895, 1757852.721856198273599 ], [ 1093032.541581087512895, 1758852.721856198273599 ] ] } },
{ "type": "Feature", "properties": { "road_id": 1504, "shade_9h": 0, "shade_12h": 0, "shade_15h": 0, "shade_18h": 0 }, "geometry": { "type": "LineString", "coordinates": [ [ 1093032.541581087512895, 1758852.721856198273599 ], [ 1094032.541581087512895, 1758852.721856198273599 ] ] } },
{ "type": "Feature", "properties": { "road_id": 1505, "shade_9h": 0, "shade_12h": 0, "shade_15h": 0, "shade_18h": 0 }, "geometry": { "type": "LineString", "coordinates": [ [ 1093032.541581087512895, 1758852.721856198273599 ], [ 1093032.541581087512895, 1759852.721856198273599 ] ] } },
{ "type": "Feature", "properties": { "road_id": 1506, "shade_9h": 3, "shade_12h": 0, "shade_15h": 3, "shade_18h": 14 }, "geometry": { "type": "LineString", "coordinates": [ [ 1093032.541581087512895, 1759852.721856198273599 ], [ 1094032.541581087512895, 1759852.721856198273599 ] ] } },
{ "type": "Feature", "properties": { "road_id": 1507, "shade_9h": 0, "shade_12h": 0, "shade_15h": 0, "shade_18h": 0 }, "geometry": { "type": "LineString", "coordinates": [ [ 1093032.541581087512895, 1759852.721856198273599 ], [ 1093032.541581087512895, 1760852.721856198273599 ] ] } },
{ "type": "Feature", "properties": { "road_id": 1508, "shade_9h": 0, "shade_12h": 0, "shade_15h": 0, "shade_18h": 0 }, "geometry": { "type": "LineString", "coordinates": [ [ 1093032.541581087512895, 1760852.721856198273599 ], [ 1094032.541581087512895, 1760852.721856198273599 ] ] } },
{ "type": "Feature", "properties": { "road_id": 1509, "shade_9h": 0, "shade_12h": 0, "shade_15h": 0, "shade_18h": 0 }, "geometry": { "type": "LineString", "coordinates": [ [ 1093032.541581087512895, 1760852.721856198273599 ], [ 1093032.541581087512895, 1761852.721856198273599 ] ] } },
{ "type": "Feature", "properties": { "road_id": 1510, "shade_9h": 0, "shade_12h": 0, "shade_15h": 0, "shade_18h": 0 }, "geometry": { "type": "LineString", "coordinates": [ [ 1093032.541581087512895, 1761852.721856198273599 ], [ 1094032.541581087512895, 1761852.721856198273599 ] ] } },
{ "type": "Feature", "properties": { "road_id": 1511, "shade_9h": 0, "shade_12h": 0, "shade_15h": 0, "shade_18h": 0 }, "geometry": { "type": "LineString", "coordinates": [ [ 1093032.541581087512895, 1761852.721856198273599 ], [ 1093032.541581087512895, 1762852.721856198273599 ] ] } },
{ "type": "Feature", "properties": { "road_id": 1512, "shade_9h": 0, "shade_12h": 0, "shade_15h": 0, "shade_18h": 0 }, "geometry": { "type": "LineString", "coordinates": [ [ 1093032.541581087512895, 1762852.721856198273599 ], [ 1094032.541581087512895, 1762852.721856198273599 ] ] } },
{ "type": "Feature", "properties": { "road_id": 1513, "shade_9h": 0, "shade_12h": 0, "shade_15h": 0, "shade_18h": 0 }, "geometry": { "type": "LineString", "coordinates": [ [ 1093032.541581087512895, 1762852.721856198273599 ], [ 1093032.541581087512895, 1763852.721856198273599 ] ] } },
{ "type": "Feature", "properties": { "road_id": 1514, "shade_9h": 0, "shade_12h": 0, "shade_15h": 0, "shade_18h": 0 }, "geometry": { "type": "LineString", "coordinates": [ [ 1093032.541581087512895, 1763852.721856198273599 ], [ 1094032.541581087512895, 1763852.721856198273599 ] ] } },
{ "type": "Feature", "properties": { "road_id": 1515, "shade_9h": 0, "shade_12h": 0, "shade_15h": 0, "shade_18h": 0 }, "geometry": { "type": "LineString", "coordinates": [ [ 1093032.541581087512895, 1763852.721856198273599 ], [ 1093032.541581087512895, 1764852.721856198273599 ] ] } },
{ "type": "Feature", "properties": { "road_id": 1516, "shade_9h": 0, "shade_12h": 0, "shade_15h": 0, "shade_18h": 11 }, "geometry": { "type": "LineString", "coordinates": [ [ 1093032.541581087512895, 1764852.721856198273599 ], [ 1094032.541581087512895, 1764852.721856198273599 ] ] } },
{ "type": "Feature", "properties": { "road_id": 1517, "shade_9h": 0, "shade_12h": 0, "shade_15h": 0, "shade_18h": 0 }, "geometry": { "type": "LineString", "coordinates": [ [ 1093032.541581087512895, 1764852.721856198273599 ], [ 1093032.541581087512895, 1765852.721856198273599 ] ] } },
{ "type": "Feature", "properties": { "road_id": 1518, "shade_9h": 0, "shade_12h": 0, "shade_15h": 0, "shade_18h": 0 }, "geometry": { "type": "LineString", "coordinates": [ [ 1093032.541581087512895, 1765852.721856198273599 ], [ 1094032.541581087512895, 1765852.721856198273599 ] ] } },
{ "type": "Feature", "properties": { "road_id": 1519, "shade_9h": 7, "shade_12h": 0, "shade_15h": 6, "shade_18h": 36 }, "geometry": { "type": "LineString", "coordinates": [ [ 1093032.541581087512895, 1765852.721856198273599 ], [ 1093032.541581087512895, 1766852.721856198273599 ] ] } },
{ "type": "Feature", "properties": { "road_id": 1520, "shade_9h": 4, "shade_12h": 2, "shade_15h": 4, "shade_18h": 39 }, "geometry": { "type": "LineString", "coordinates": [ [ 1093032.541581087512895, 1766852.721856198273599 ], [ 1094032.541581087512895, 1766852.721856198273599 ] ] } },
{ "type": "Feature", "properties": { "road_id": 1521, "shade_9h": 0, "shade_12h": 0, "shade_15h": 0, "shade_18h": 13 }, "geometry": { "type": "LineString", "coordinates": [ [ 1093032.541581087512895, 1766852.721856198273599 ], [ 1093032.541581087512895, 1767852.721856198273599 ] ] } },
{ "type": "Feature", "properties": { "road_id": 1522, "shade_9h": 0, "shade_12h": 0, "shade_15h": 0, "shade_18h": 13 }, "geometry": { "type": "LineString", "coordinates": [ [ 1093032.541581087512895, 1767852.721856198273599 ], [ 1094032.541581087512895, 1767852.721856198273599 ] ] } },
{ "type": "Feature", "properties": { "road_id": 1523, "shade_9h": 4, "shade_12h": 0, "shade_15h": 4, "shade_18h": 18 }, "geometry": { "type": "LineString", "coordinates": [ [ 1093032.541581087512895, 1767852.721856198273599 ], [ 1093032.541581087512895, 1768852.721856198273599 ] ] } },
{ "type": "Feature", "properties": { "road_id": 1524, "shade_9h": 0, "shade_12h": 0, "shade_15h": 0, "shade_18h": 0 }, "geometry": { "type": "LineString", "coordinates": [ [ 1093032.541581087512895, 1768852.721856198273599 ], [ 1094032.541581087512895, 1768852.721856198273599 ] ] } },
{ "type": "Feature", "properties": { "road_id": 1525, "shade_9h": 0, "shade_12h": 0, "shade_15h": 0, "shade_18h": 0 }, "geometry": { "type": "LineString", "coordinates": [ [ 1093032.541581087512895, 1768852.721856198273599 ], [ 1093032.541581087512895, 1769852.721856198273599 ] ] } },
{ "type": "Feature", "properties": { "road_id": 1526, "shade_9h": 0, "shade_12h": 0, "shade_15h": 0, "shade_18h": 0 }, "geometry": { "type": "LineString", "coordinates": [ [ 1093032.541581087512895, 1769852.721856198273599 ], [ 1094032.541581087512895, 1769852.721856198273599 ] ] } },
{ "type": "Feature", "properties": { "road_id": 1527, "shade_9h": 6, "shade_12h": 3, "shade_15h": 6, "shade_18h": 30 }, "geometry": { "type": "LineString", "coordinates": [ [ 1093032.541581087512895, 1769852.721856198273599 ], [ 1093032.541581087512895, 1770852.721856198273599 ] ] } },
{ "type": "Feature", "properties": { "road_id": 1528, "shade_9h": 1, "shade_12h": 1, "shade_15h": 1, "shade_18h": 1 }, "geometry": { "type": "LineString", "coordinates": [ [ 1093032.541581087512895, 1770852.721856198273599 ], [ 1094032.541581087512895, 1770852.721856198273599 ] ] } },
{ "type": "Feature", "properties": { "road_id": 1529, "shade_9h": 0, "shade_12h": 0, "shade_15h": 0, "shade_18h": 19 }, "geometry": { "type": "LineString", "coordinates": [ [ 1093032.541581087512895, 1770852.721856198273599 ], [ 1093032.541581087512895, 1771852.721856198273599 ] ] } },
{ "type": "Feature", "properties": { "road_id": 1530, "shade_9h": 0, "shade_12h": 0, "shade_15h": 0, "shade_18h": 14 }, "geometry": { "type": "LineString", "coordinates": [ [ 1093032.541581087512895, 1771852.721856198273599 ], [ 1094032.541581087512895, 1771852.721856198273599 ] ] } },
{ "type": "Feature", "properties": { "road_id": 1531, "shade_9h": 6, "shade_12h": 0, "shade_15h": 6, "shade_18h": 31 }, "geometry": { "type": "LineString", "coordinates": [ [ 1093032.541581087512895, 1771852.721856198273599 ], [ 1093032.541581087512895, 1772852.721856198273599 ] ] } },
{ "type": "Feature", "properties": { "road_id": 1532, "shade_9h": 0, "shade_12h": 0, "shade_15h": 0, "shade_18h": 0 }, "geometry": { "type": "LineString", "coordinates": [ [ 1093032.541581087512895, 1772852.721856198273599 ], [ 1094032.541581087512895, 1772852.721856198273599 ] ] } },
{ "type": "Feature", "properties": { "road_id": 1533, "shade_9h": 0, "shade_12h": 0, "shade_15h": 0, "shade_18h": 0 }, "geometry": { "type": "LineString", "coordinates": [ [ 1093032.541581087512895, 1772852.721856198273599 ], [ 1093032.541581087512895, 1773852.721856198273599 ] ] } },
{ "type": "Feature", "properties": { "road_id": 1534, "shade_9h": 0, "shade_12h": 0, "shade_15h": 0, "shade_18h": 0 }, "geometry": { "type": "LineString", "coordinates": [ [ 1093032.541581087512895, 1773852.721856198273599 ], [ 1094032.541581087512895, 1773852.721856198273599 ] ] } },
{ "type": "Feature", "properties": { "road_id": 1535, "shade_9h": 0, "shade_12h": 0, "shade_15h": 0, "shade_18h": 0 }, "geometry": { "type": "LineString", "coordinates": [ [ 1093032.541581087512895, 1773852.721856198273599 ], [ 1093032.541581087512895, 1774852.721856198273599 ] ] } },
{ "type": "Feature", "properties": { "road_id": 1536, "shade_9h": 1, "shade_12h": 0, "shade_15h": 1, "shade_18h": 13 }, "geometry": { "type": "LineString", "coordinates": [ [ 1093032.541581087512895, 1774852.721856198273599 ], [ 1094032.541581087512895, 1774852.721856198273599 ] ] } },
{ "type": "Feature", "properties": { "road_id": 1537, "shade_9h": 8, "shade_12h": 0, "shade_15h": 7, "shade_18h": 38 }, "geometry": { "type": "LineString", "coordinates": [ [ 1093032.541581087512895, 1774852.721856198273599 ], [ 1093032.541581087512895, 1775852.721856198273599 ] ] } },
{ "type": "Feature", "properties": { "road_id": 1538, "shade_9h": 0, "shade_12h": 0, "shade_15h": 0, "shade_18h": 17 }, "geometry": { "type": "LineString", "coordinates": [ [ 1093032.541581087512895, 1775852.721856198273599 ], [ 1094032.541581087512895, 1775852.721856198273599 ] ] } },
{ "type": "Feature", "properties": { "road_id": 1539, "shade_9h": 0, "shade_12h": 0, "shade_15h": 0, "shade_18h": 21 }, "geometry": { "type": "LineString", "coordinates": [ [ 1093032.541581087512895, 1775852.721856198273599 ], [ 1093032.541581087512895, 1776852.721856198273599 ] ] } },
{ "type": "Feature", "properties": { "road_id": 1540, "shade_9h": 0, "shade_12h": 0, "shade_15h": 0, "shade_18h": 8 }, "geometry": { "type": "LineString", "coordinates": [ [ 1093032.541581087512895, 1776852.721856198273599 ], [ 1094032.541581087512895, 1776852.721856198273599 ] ] } },
{ "type": "Feature", "properties": { "road_id": 1541, "shade_9h": 0, "shade_12h": 0, "shade_15h": 0, "shade_18h": 14 }, "geometry": { "type": "LineString", "coordinates": [ [ 1093032.541581087512895, 1776852.721856198273599 ], [ 1093032.541581087512895, 1777852.721856198273599 ] ] } },
{ "type": "Feature", "properties": { "road_id": 1542, "shade_9h": 0, "shade_12h": 0, "shade_15h": 0, "shade_18h": 13 }, "geometry": { "type": "LineString", "coordinates": [ [ 1093032.541581087512895, 1777852.721856198273599 ], [ 1094032.541581087512895, 1777852.721856198273599 ] ] } },
{ "type": "Feature", "properties": { "road_id": 1543, "shade_9h": 0, "shade_12h": 0, "shade_15h": 0, "shade_18h": 0 }, "geometry": { "type": "LineString", "coordinates": [ [ 1093032.541581087512895, 1777852.721856198273599 ], [ 1093032.541581087512895, 1778852.721856198273599 ] ] } },
{ "type": "Feature", "properties": { "road_id": 1544, "shade_9h": 0, "shade_12h": 0, "shade_15h": 0, "shade_18h": 0 }, "geometry": { "type": "LineString", "coordinates": [ [ 1093032.541581087512895, 1778852.721856198273599 ], [ 1094032.541581087512895, 1778852.721856198273599 ] ] } },
{ "type": "Feature", "properties": { "road_id": 1545, "shade_9h": 0, "shade_12h": 0, "shade_15h": 0, "shade_18h": 0 }, "geometry": { "type": "LineString", "coordinates": [ [ 1093032.541581087512895, 1778852.721856198273599 ], [ 1093032.541581087512895, 1779852.721856198273599 ] ] } },
{ "type": "Feature", "properties": { "road_id": 1546, "shade_9h": 3, "shade_12h": 0, "shade_15h": 3, "shade_18h": 19 }, "geometry": { "type": "LineString", "coordinates": [ [ 1093032.541581087512895, 1779852.721856198273599 ], [ 1094032.541581087512895, 1779852.721856198273599 ] ] } },
{ "type": "Feature", "properties": { "road_id": 1547, "shade_9h": 0, "shade_12h": 0, "shade_15h": 0, "shade_18h": 0 }, "geometry": { "type": "LineString", "coordinates": [ [ 1094032.541581087512895, 1734852.721856198273599 ], [ 1095032.541581087512895, 1734852.721856198273599 ] ] } },
{ "type": "Feature", "properties": { "road_id": 1548, "shade_9h": 0, "shade_12h": 0, "shade_15h": 0, "shade_18h": 0 }, "geometry": { "type": "LineString", "coordinates": [ [ 1094032.541581087512895, 1734852.721856198273599 ], [ 1094032.541581087512895, 1735852.721856198273599 ] ] } },
{ "type": "Feature", "properties": { "road_id": 1549, "shade_9h": 0, "shade_12h": 0, "shade_15h": 0, "shade_18h": 0 }, "geometry": { "type": "LineString", "coordinates": [ [ 1094032.541581087512895, 1735852.721856198273599 ], [ 1095032.541581087512895, 1735852.721856198273599 ] ] } },
{ "type": "Feature", "properties": { "road_id": 1550, "shade_9h": 0, "shade_12h": 0, "shade_15h": 0, "shade_18h": 0 }, "geometry": { "type": "LineString", "coordinates": [ [ 1094032.541581087512895, 1735852.721856198273599 ], [ 1094032.541581087512895, 1736852.721856198273599 ] ] } },
{ "type": "Feature", "properties": { "road_id": 1551, "shade_9h": 0, "shade_12h": 0, "shade_15h": 0, "shade_18h": 0 }, "geometry": { "type": "LineString", "coordinates": [ [ 1094032.541581087512895, 1736852.721856198273599 ], [ 1095032.541581087512895, 1736852.721856198273599 ] ] } },
{ "type": "Feature", "properties": { "road_id": 1552, "shade_9h": 0, "shade_12h": 0, "shade_15h": 0, "shade_18h": 0 }, "geometry": { "type": "LineString", "coordinates": [ [ 1094032.541581087512895, 1736852.721856198273599 ], [ 1094032.541581087512895, 1737852.721856198273599 ] ] } },
{ "type": "Feature", "properties": { "road_id": 1553, "shade_9h": 0, "shade_12h": 0, "shade_15h": 0, "shade_18h": 0 }, "geometry": { "type": "LineString", "coordinates": [ [ 1094032.541581087512895, 1737852.721856198273599 ], [ 1095032.541581087512895, 1737852.721856198273599 ] ] } },
{ "type": "Feature", "properties": { "road_id": 1554, "shade_9h": 0, "shade_12h": 0, "shade_15h": 0, "shade_18h": 0 }, "geometry": { "type": "LineString", "coordinates": [ [ 1094032.541581087512895, 1737852.721856198273599 ], [ 1094032.541581087512895, 1738852.721856198273599 ] ] } },
{ "type": "Feature", "properties": { "road_id": 1555, "shade_9h": 0, "shade_12h": 0, "shade_15h": 0, "shade_18h": 18 }, "geometry": { "type": "LineString", "coordinates": [ [ 1094032.541581087512895, 1738852.721856198273599 ], [ 1095032.541581087512895, 1738852.721856198273599 ] ] } },
{ "type": "Feature", "properties": { "road_id": 1556, "shade_9h": 0, "shade_12h": 0, "shade_15h": 0, "shade_18h": 0 }, "geometry": { "type": "LineString", "coordinates": [ [ 1094032.541581087512895, 1738852.721856198273599 ], [ 1094032.541581087512895, 1739852.721856198273599 ] ] } },
{ "type": "Feature", "properties": { "road_id": 1557, "shade_9h": 0, "shade_12h": 0, "shade_15h": 0, "shade_18h": 0 }, "geometry": { "type": "LineString", "coordinates": [ [ 1094032.541581087512895, 1739852.721856198273599 ], [ 1095032.541581087512895, 1739852.721856198273599 ] ] } },
{ "type": "Feature", "properties": { "road_id": 1558, "shade_9h": 0, "shade_12h": 0, "shade_15h": 0, "shade_18h": 0 }, "geometry": { "type": "LineString", "coordinates": [ [ 1094032.541581087512895, 1739852.721856198273599 ], [ 1094032.541581087512895, 1740852.721856198273599 ] ] } },
{ "type": "Feature", "properties": { "road_id": 1559, "shade_9h": 0, "shade_12h": 0, "shade_15h": 0, "shade_18h": 0 }, "geometry": { "type": "LineString", "coordinates": [ [ 1094032.541581087512895, 1740852.721856198273599 ], [ 1095032.541581087512895, 1740852.721856198273599 ] ] } },
{ "type": "Feature", "properties": { "road_id": 1560, "shade_9h": 0, "shade_12h": 0, "shade_15h": 0, "shade_18h": 13 }, "geometry": { "type": "LineString", "coordinates": [ [ 1094032.541581087512895, 1740852.721856198273599 ], [ 1094032.541581087512895, 1741852.721856198273599 ] ] } },
{ "type": "Feature", "properties": { "road_id": 1561, "shade_9h": 6, "shade_12h": 3, "shade_15h": 6, "shade_18h": 21 }, "geometry": { "type": "LineString", "coordinates": [ [ 1094032.541581087512895, 1741852.721856198273599 ], [ 1095032.541581087512895, 1741852.721856198273599 ] ] } },
{ "type": "Feature", "properties": { "road_id": 1562, "shade_9h": 7, "shade_12h": 4, "shade_15h": 6, "shade_18h": 26 }, "geometry": { "type": "LineString", "coordinates": [ [ 1094032.541581087512895, 1741852.721856198273599 ], [ 1094032.541581087512895, 1742852.721856198273599 ] ] } },
{ "type": "Feature", "properties": { "road_id": 1563, "shade_9h": 0, "shade_12h": 0, "shade_15h": 0, "shade_18h": 5 }, "geometry": { "type": "LineString", "coordinates": [ [ 1094032.541581087512895, 1742852.721856198273599 ], [ 1095032.541581087512895, 1742852.721856198273599 ] ] } },
{ "type": "Feature", "properties": { "road_id": 1564, "shade_9h": 0, "shade_12h": 0, "shade_15h": 0, "shade_18h": 1 }, "geometry": { "type": "LineString", "coordinates": [ [ 1094032.541581087512895, 1742852.721856198273599 ], [ 1094032.541581087512895, 1743852.721856198273599 ] ] } },
{ "type": "Feature", "properties": { "road_id": 1565, "shade_9h": 0, "shade_12h": 0, "shade_15h": 0, "shade_18h": 0 }, "geometry": { "type": "LineString", "coordinates": [ [ 1094032.541581087512895, 1743852.721856198273599 ], [ 1095032.541581087512895, 1743852.721856198273599 ] ] } },
{ "type": "Feature", "properties": { "road_id": 1566, "shade_9h": 0, "shade_12h": 0, "shade_15h": 0, "shade_18h": 0 }, "geometry": { "type": "LineString", "coordinates": [ [ 1094032.541581087512895, 1743852.721856198273599 ], [ 1094032.541581087512895, 1744852.721856198273599 ] ] } },
{ "type": "Feature", "properties": { "road_id": 1567, "shade_9h": 0, "shade_12h": 0, "shade_15h": 0, "shade_18h": 0 }, "geometry": { "type": "LineString", "coordinates": [ [ 1094032.541581087512895, 1744852.721856198273599 ], [ 1095032.541581087512895, 1744852.721856198273599 ] ] } },
{ "type": "Feature", "properties": { "road_id": 1568, "shade_9h": 0, "shade_12h": 0, "shade_15h": 0, "shade_18h": 0 }, "geometry": { "type": "LineString", "coordinates": [ [ 1094032.541581087512895, 1744852.721856198273599 ], [ 1094032.541581087512895, 1745852.721856198273599 ] ] } },
{ "type": "Feature", "properties": { "road_id": 1569, "shade_9h": 0, "shade_12h": 0, "shade_15h": 0, "shade_18h": 0 }, "geometry": { "type": "LineString", "coordinates": [ [ 1094032.541581087512895, 1745852.721856198273599 ], [ 1095032.541581087512895, 1745852.721856198273599 ] ] } },
{ "type": "Feature", "properties": { "road_id": 1570, "shade_9h": 0, "shade_12h": 0, "shade_15h": 0, "shade_18h": 0 }, "geometry": { "type": "LineString", "coordinates": [ [ 1094032.541581087512895, 1745852.721856198273599 ], [ 1094032.541581087512895, 1746852.721856198273599 ] ] } },
{ "type": "Feature", "properties": { "road_id": 1571, "shade_9h": 0, "shade_12h": 0, "shade_15h": 0, "shade_18h": 0 }, "geometry": { "type": "LineString", "coordinates": [ [ 1094032.541581087512895, 1746852.721856198273599 ], [ 1095032.541581087512895, 1746852.721856198273599 ] ] } },
{ "type": "Feature", "properties": { "road_id": 1572, "shade_9h": 0, "shade_12h": 0, "shade_15h": 0, "shade_18h": 14 }, "geometry": { "type": "LineString", "coordinates": [ [ 1094032.541581087512895, 1746852.721856198273599 ], [ 1094032.541581087512895, 1747852.721856198273599 ] ] } },
{ "type": "Feature", "properties": { "road_id": 1573, "shade_9h": 1, "shade_12h": 1, "shade_15h": 1, "shade_18h": 5 }, "geometry": { "type": "LineString", "coordinates": [ [ 1094032.541581087512895, 1747852.721856198273599 ], [ 1095032.541581087512895, 1747852.721856198273599 ] ] } },
{ "type": "Feature", "properties": { "road_id": 1574, "shade_9h": 1, "shade_12h": 1, "shade_15h": 1, "shade_18h": 12 }, "geometry": { "type": "LineString", "coordinates": [ [ 1094032.541581087512895, 1747852.721856198273599 ], [ 1094032.541581087512895, 1748852.721856198273599 ] ] } },
{ "type": "Feature", "properties": { "road_id": 1575, "shade_9h": 0, "shade_12h": 0, "shade_15h": 0, "shade_18h": 0 }, "geometry": { "type": "LineString", "coordinates": [ [ 1094032.541581087512895, 1748852.721856198273599 ], [ 1095032.541581087512895, 1748852.721856198273599 ] ] } },
{ "type": "Feature", "properties": { "road_id": 1576, "shade_9h": 0, "shade_12h": 0, "shade_15h": 0, "shade_18h": 0 }, "geometry": { "type": "LineString", "coordinates": [ [ 1094032.541581087512895, 1748852.721856198273599 ], [ 1094032.541581087512895, 1749852.721856198273599 ] ] } },
{ "type": "Feature", "properties": { "road_id": 1577, "shade_9h": 8, "shade_12h": 4, "shade_15h": 8, "shade_18h": 43 }, "geometry": { "type": "LineString", "coordinates": [ [ 1094032.541581087512895, 1749852.721856198273599 ], [ 1095032.541581087512895, 1749852.721856198273599 ] ] } },
{ "type": "Feature", "properties": { "road_id": 1578, "shade_9h": 0, "shade_12h": 0, "shade_15h": 0, "shade_18h": 0 }, "geometry": { "type": "LineString", "coordinates": [ [ 1094032.541581087512895, 1749852.721856198273599 ], [ 1094032.541581087512895, 1750852.721856198273599 ] ] } },
{ "type": "Feature", "properties": { "road_id": 1579, "shade_9h": 0, "shade_12h": 0, "shade_15h": 0, "shade_18h": 0 }, "geometry": { "type": "LineString", "coordinates": [ [ 1094032.541581087512895, 1750852.721856198273599 ], [ 1095032.541581087512895, 1750852.721856198273599 ] ] } },
{ "type": "Feature", "properties": { "road_id": 1580, "shade_9h": 0, "shade_12h": 0, "shade_15h": 0, "shade_18h": 0 }, "geometry": { "type": "LineString", "coordinates": [ [ 1094032.541581087512895, 1750852.721856198273599 ], [ 1094032.541581087512895, 1751852.721856198273599 ] ] } },
{ "type": "Feature", "properties": { "road_id": 1581, "shade_9h": 0, "shade_12h": 0, "shade_15h": 0, "shade_18h": 0 }, "geometry": { "type": "LineString", "coordinates": [ [ 1094032.541581087512895, 1751852.721856198273599 ], [ 1095032.541581087512895, 1751852.721856198273599 ] ] } },
{ "type": "Feature", "properties": { "road_id": 1582, "shade_9h": 0, "shade_12h": 0, "shade_15h": 0, "shade_18h": 0 }, "geometry": { "type": "LineString", "coordinates": [ [ 1094032.541581087512895, 1751852.721856198273599 ], [ 1094032.541581087512895, 1752852.721856198273599 ] ] } },
{ "type": "Feature", "properties": { "road_id": 1583, "shade_9h": 0, "shade_12h": 0, "shade_15h": 0, "shade_18h": 0 }, "geometry": { "type": "LineString", "coordinates": [ [ 1094032.541581087512895, 1752852.721856198273599 ], [ 1095032.541581087512895, 1752852.721856198273599 ] ] } },
{ "type": "Feature", "properties": { "road_id": 1584, "shade_9h": 0, "shade_12h": 0, "shade_15h": 0, "shade_18h": 0 }, "geometry": { "type": "LineString", "coordinates": [ [ 1094032.541581087512895, 1752852.721856198273599 ], [ 1094032.541581087512895, 1753852.721856198273599 ] ] } },
{ "type": "Feature", "properties": { "road_id": 1585, "shade_9h": 0, "shade_12h": 0, "shade_15h": 0, "shade_18h": 0 }, "geometry": { "type": "LineString", "coordinates": [ [ 1094032.541581087512895, 1753852.721856198273599 ], [ 1095032.541581087512895, 1753852.721856198273599 ] ] } },
{ "type": "Feature", "properties": { "road_id": 1586, "shade_9h": 1, "shade_12h": 1, "shade_15h": 1, "shade_18h": 1 }, "geometry": { "type": "LineString", "coordinates": [ [ 1094032.541581087512895, 1753852.721856198273599 ], [ 1094032.541581087512895, 1754852.721856198273599 ] ] } },
{ "type": "Feature", "properties": { "road_id": 1587, "shade_9h": 5, "shade_12h": 0, "shade_15h": 4, "shade_18h": 28 }, "geometry": { "type": "LineString", "coordinates": [ [ 1094032.541581087512895, 1754852.721856198273599 ], [ 1095032.541581087512895, 1754852.721856198273599 ] ] } },
{ "type": "Feature", "properties": { "road_id": 1588, "shade_9h": 0, "shade_12h": 0, "shade_15h": 0, "shade_18h": 0 }, "geometry": { "type": "LineString", "coordinates": [ [ 1094032.541581087512895, 1754852.721856198273599 ], [ 1094032.541581087512895, 1755852.721856198273599 ] ] } },
{ "type": "Feature", "properties": { "road_id": 1589, "shade_9h": 0, "shade_12h": 0, "shade_15h": 0, "shade_18h": 0 }, "geometry": { "type": "LineString", "coordinates": [ [ 1094032.541581087512895, 1755852.721856198273599 ], [ 1095032.541581087512895, 1755852.721856198273599 ] ] } },
{ "type": "Feature", "properties": { "road_id": 1590, "shade_9h": 0, "shade_12h": 0, "shade_15h": 0, "shade_18h": 0 }, "geometry": { "type": "LineString", "coordinates": [ [ 1094032.541581087512895, 1755852.721856198273599 ], [ 1094032.541581087512895, 1756852.721856198273599 ] ] } },
{ "type": "Feature", "properties": { "road_id": 1591, "shade_9h": 0, "shade_12h": 0, "shade_15h": 0, "shade_18h": 0 }, "geometry": { "type": "LineString", "coordinates": [ [ 1094032.541581087512895, 1756852.721856198273599 ], [ 1095032.541581087512895, 1756852.721856198273599 ] ] } },
{ "type": "Feature", "properties": { "road_id": 1592, "shade_9h": 0, "shade_12h": 0, "shade_15h": 0, "shade_18h": 0 }, "geometry": { "type": "LineString", "coordinates": [ [ 1094032.541581087512895, 1756852.721856198273599 ], [ 1094032.541581087512895, 1757852.721856198273599 ] ] } },
{ "type": "Feature", "properties": { "road_id": 1593, "shade_9h": 0, "shade_12h": 0, "shade_15h": 0, "shade_18h": 0 }, "geometry": { "type": "LineString", "coordinates": [ [ 1094032.541581087512895, 1757852.721856198273599 ], [ 1095032.541581087512895, 1757852.721856198273599 ] ] } },
{ "type": "Feature", "properties": { "road_id": 1594, "shade_9h": 7, "shade_12h": 4, "shade_15h": 7, "shade_18h": 34 }, "geometry": { "type": "LineString", "coordinates": [ [ 1094032.541581087512895, 1757852.721856198273599 ], [ 1094032.541581087512895, 1758852.721856198273599 ] ] } },
{ "type": "Feature", "properties": { "road_id": 1595, "shade_9h": 0, "shade_12h": 0, "shade_15h": 0, "shade_18h": 0 }, "geometry": { "type": "LineString", "coordinates": [ [ 1094032.541581087512895, 1758852.721856198273599 ], [ 1095032.541581087512895, 1758852.721856198273599 ] ] } },
{ "type": "Feature", "properties": { "road_id": 1596, "shade_9h": 0, "shade_12h": 0, "shade_15h": 0, "shade_18h": 11 }, "geometry": { "type": "LineString", "coordinates": [ [ 1094032.541581087512895, 1758852.721856198273599 ], [ 1094032.541581087512895, 1759852.721856198273599 ] ] } },
{ "type": "Feature", "properties": { "road_id": 1597, "shade_9h": 0, "shade_12h": 0, "shade_15h": 0, "shade_18h": 6 }, "geometry": { "type": "LineString", "coordinates": [ [ 1094032.541581087512895, 1759852.721856198273599 ], [ 1095032.541581087512895, 1759852.721856198273599 ] ] } },
{ "type": "Feature", "properties": { "road_id": 1598, "shade_9h": 0, "shade_12h": 0, "shade_15h": 0, "shade_18h": 8 }, "geometry": { "type": "LineString", "coordinates": [ [ 1094032.541581087512895, 1759852.721856198273599 ], [ 1094032.541581087512895, 1760852.721856198273599 ] ] } },
{ "type": "Feature", "properties": { "road_id": 1599, "shade_9h": 0, "shade_12h": 0, "shade_15h": 0, "shade_18h": 0 }, "geometry": { "type": "LineString", "coordinates": [ [ 1094032.541581087512895, 1760852.721856198273599 ], [ 1095032.541581087512895, 1760852.721856198273599 ] ] } },
{ "type": "Feature", "properties": { "road_id": 1600, "shade_9h": 0, "shade_12h": 0, "shade_15h": 0, "shade_18h": 0 }, "geometry": { "type": "LineString", "coordinates": [ [ 1094032.541581087512895, 1760852.721856198273599 ], [ 1094032.541581087512895, 1761852.721856198273599 ] ] } },
{ "type": "Feature", "properties": { "road_id": 1601, "shade_9h": 0, "shade_12h": 0, "shade_15h": 0, "shade_18h": 0 }, "geometry": { "type": "LineString", "coordinates": [ [ 1094032.541581087512895, 1761852.721856198273599 ], [ 1095032.541581087512895, 1761852.721856198273599 ] ] } },
{ "type": "Feature", "properties": { "road_id": 1602, "shade_9h": 0, "shade_12h": 0, "shade_15h": 0, "shade_18h": 0 }, "geometry": { "type": "LineString", "coordinates": [ [ 1094032.541581087512895, 1761852.721856198273599 ], [ 1094032.541581087512895, 1762852.721856198273599 ] ] } },
{ "type": "Feature", "properties": { "road_id": 1603, "shade_9h": 2, "shade_12h": 0, "shade_15h": 1, "shade_18h": 5 }, "geometry": { "type": "LineString", "coordinates": [ [ 1094032.541581087512895, 1762852.721856198273599 ], [ 1095032.541581087512895, 1762852.721856198273599 ] ] } },
{ "type": "Feature", "properties": { "road_id": 1604, "shade_9h": 0, "shade_12h": 0, "shade_15h": 0, "shade_18h": 0 }, "geometry": { "type": "LineString", "coordinates": [ [ 1094032.541581087512895, 1762852.721856198273599 ], [ 1094032.541581087512895, 1763852.721856198273599 ] ] } },
{ "type": "Feature", "properties": { "road_id": 1605, "shade_9h": 0, "shade_12h": 0, "shade_15h": 0, "shade_18h": 0 }, "geometry": { "type": "LineString", "coordinates": [ [ 1094032.541581087512895, 1763852.721856198273599 ], [ 1095032.541581087512895, 1763852.721856198273599 ] ] } },
{ "type": "Feature", "properties": { "road_id": 1606, "shade_9h": 0, "shade_12h": 0, "shade_15h": 0, "shade_18h": 9 }, "geometry": { "type": "LineString", "coordinates": [ [ 1094032.541581087512895, 1763852.721856198273599 ], [ 1094032.541581087512895, 1764852.721856198273599 ] ] } },
{ "type": "Feature", "properties": { "road_id": 1607, "shade_9h": 0, "shade_12h": 0, "shade_15h": 0, "shade_18h": 1 }, "geometry": { "type": "LineString", "coordinates": [ [ 1094032.541581087512895, 1764852.721856198273599 ], [ 1095032.541581087512895, 1764852.721856198273599 ] ] } },
{ "type": "Feature", "properties": { "road_id": 1608, "shade_9h": 0, "shade_12h": 0, "shade_15h": 0, "shade_18h": 2 }, "geometry": { "type": "LineString", "coordinates": [ [ 1094032.541581087512895, 1764852.721856198273599 ], [ 1094032.541581087512895, 1765852.721856198273599 ] ] } },
{ "type": "Feature", "properties": { "road_id": 1609, "shade_9h": 0, "shade_12h": 0, "shade_15h": 0, "shade_18h": 0 }, "geometry": { "type": "LineString", "coordinates": [ [ 1094032.541581087512895, 1765852.721856198273599 ], [ 1095032.541581087512895, 1765852.721856198273599 ] ] } },
{ "type": "Feature", "properties": { "road_id": 1610, "shade_9h": 0, "shade_12h": 0, "shade_15h": 0, "shade_18h": 0 }, "geometry": { "type": "LineString", "coordinates": [ [ 1094032.541581087512895, 1765852.721856198273599 ], [ 1094032.541581087512895, 1766852.721856198273599 ] ] } },
{ "type": "Feature", "properties": { "road_id": 1611, "shade_9h": 0, "shade_12h": 0, "shade_15h": 0, "shade_18h": 0 }, "geometry": { "type": "LineString", "coordinates": [ [ 1094032.541581087512895, 1766852.721856198273599 ], [ 1095032.541581087512895, 1766852.721856198273599 ] ] } },
{ "type": "Feature", "properties": { "road_id": 1612, "shade_9h": 0, "shade_12h": 0, "shade_15h": 0, "shade_18h": 0 }, "geometry": { "type": "LineString", "coordinates": [ [ 1094032.541581087512895, 1766852.721856198273599 ], [ 1094032.541581087512895, 1767852.721856198273599 ] ] } },
{ "type": "Feature", "properties": { "road_id": 1613, "shade_9h": 0, "shade_12h": 0, "shade_15h": 0, "shade_18h": 0 }, "geometry": { "type": "LineString", "coordinates": [ [ 1094032.541581087512895, 1767852.721856198273599 ], [ 1095032.541581087512895, 1767852.721856198273599 ] ] } },
{ "type": "Feature", "properties": { "road_id": 1614, "shade_9h": 0, "shade_12h": 0, "shade_15h": 0, "shade_18h": 0 }, "geometry": { "type": "LineString", "coordinates": [ [ 1094032.541581087512895, 1767852.721856198273599 ], [ 1094032.541581087512895, 1768852.721856198273599 ] ] } },
{ "type": "Feature", "properties": { "road_id": 1615, "shade_9h": 0, "shade_12h": 0, "shade_15h": 0, "shade_18h": 0 }, "geometry": { "type": "LineString", "coordinates": [ [ 1094032.541581087512895, 1768852.721856198273599 ], [ 1095032.541581087512895, 1768852.721856198273599 ] ] } },
{ "type": "Feature", "properties": { "road_id": 1616, "shade_9h": 0, "shade_12h": 0, "shade_15h": 0, "shade_18h": 0 }, "geometry": { "type": "LineString", "coordinates": [ [ 1094032.541581087512895, 1768852.721856198273599 ], [ 1094032.541581087512895, 1769852.721856198273599 ] ] } },
{ "type": "Feature", "properties": { "road_id": 1617, "shade_9h": 0, "shade_12h": 0, "shade_15h": 0, "shade_18h": 0 }, "geometry": { "type": "LineString", "coordinates": [ [ 1094032.541581087512895, 1769852.721856198273599 ], [ 1095032.541581087512895, 1769852.721856198273599 ] ] } },
{ "type": "Feature", "properties": { "road_id": 1618, "shade_9h": 0, "shade_12h": 0, "shade_15h": 0, "shade_18h": 0 }, "geometry": { "type": "LineString", "coordinates": [ [ 1094032.541581087512895, 1769852.721856198273599 ], [ 1094032.541581087512895, 1770852.721856198273599 ] ] } },
{ "type": "Feature", "properties": { "road_id": 1619, "shade_9h": 7, "shade_12h": 3, "shade_15h": 6, "shade_18h": 34 }, "geometry": { "type": "LineString", "coordinates": [ [ 1094032.541581087512895, 1770852.721856198273599 ], [ 1095032.541581087512895, 1770852.721856198273599 ] ] } },
{ "type": "Feature", "properties": { "road_id": 1620, "shade_9h": 0, "shade_12h": 0, "shade_15h": 0, "shade_18h": 0 }, "geometry": { "type": "LineString", "coordinates": [ [ 1094032.541581087512895, 1770852.721856198273599 ], [ 1094032.541581087512895, 1771852.721856198273599 ] ] } },
{ "type": "Feature", "properties": { "road_id": 1621, "shade_9h": 0, "shade_12h": 0, "shade_15h": 0, "shade_18h": 0 }, "geometry": { "type": "LineString", "coordinates": [ [ 1094032.541581087512895, 1771852.721856198273599 ], [ 1095032.541581087512895, 1771852.721856198273599 ] ] } },
{ "type": "Feature", "properties": { "road_id": 1622, "shade_9h": 0, "shade_12h": 0, "shade_15h": 0, "shade_18h": 0 }, "geometry": { "type": "LineString", "coordinates": [ [ 1094032.541581087512895, 1771852.721856198273599 ], [ 1094032.541581087512895, 1772852.721856198273599 ] ] } },
{ "type": "Feature", "properties": { "road_id": 1623, "shade_9h": 1, "shade_12h": 1, "shade_15h": 1, "shade_18h": 1 }, "geometry": { "type": "LineString", "coordinates": [ [ 1094032.541581087512895, 1772852.721856198273599 ], [ 1095032.541581087512895, 1772852.721856198273599 ] ] } },
{ "type": "Feature", "properties": { "road_id": 1624, "shade_9h": 0, "shade_12h": 0, "shade_15h": 0, "shade_18h": 0 }, "geometry": { "type": "LineString", "coordinates": [ [ 1094032.541581087512895, 1772852.721856198273599 ], [ 1094032.541581087512895, 1773852.721856198273599 ] ] } },
{ "type": "Feature", "properties": { "road_id": 1625, "shade_9h": 0, "shade_12h": 0, "shade_15h": 0, "shade_18h": 0 }, "geometry": { "type": "LineString", "coordinates": [ [ 1094032.541581087512895, 1773852.721856198273599 ], [ 1095032.541581087512895, 1773852.721856198273599 ] ] } },
{ "type": "Feature", "properties": { "road_id": 1626, "shade_9h": 4, "shade_12h": 2, "shade_15h": 3, "shade_18h": 13 }, "geometry": { "type": "LineString", "coordinates": [ [ 1094032.541581087512895, 1773852.721856198273599 ], [ 1094032.541581087512895, 1774852.721856198273599 ] ] } },
{ "type": "Feature", "properties": { "road_id": 1627, "shade_9h": 5, "shade_12h": 0, "shade_15h": 5, "shade_18h": 18 }, "geometry": { "type": "LineString", "coordinates": [ [ 1094032.541581087512895, 1774852.721856198273599 ], [ 1095032.541581087512895, 1774852.721856198273599 ] ] } },
{ "type": "Feature", "properties": { "road_id": 1628, "shade_9h": 5, "shade_12h": 0, "shade_15h": 5, "shade_18h": 18 }, "geometry": { "type": "LineString", "coordinates": [ [ 1094032.541581087512895, 1774852.721856198273599 ], [ 1094032.541581087512895, 1775852.721856198273599 ] ] } },
{ "type": "Feature", "properties": { "road_id": 1629, "shade_9h": 0, "shade_12h": 0, "shade_15h": 0, "shade_18h": 0 }, "geometry": { "type": "LineString", "coordinates": [ [ 1094032.541581087512895, 1775852.721856198273599 ], [ 1095032.541581087512895, 1775852.721856198273599 ] ] } },
{ "type": "Feature", "properties": { "road_id": 1630, "shade_9h": 0, "shade_12h": 0, "shade_15h": 0, "shade_18h": 0 }, "geometry": { "type": "LineString", "coordinates": [ [ 1094032.541581087512895, 1775852.721856198273599 ], [ 1094032.541581087512895, 1776852.721856198273599 ] ] } },
{ "type": "Feature", "properties": { "road_id": 1631, "shade_9h": 0, "shade_12h": 0, "shade_15h": 0, "shade_18h": 0 }, "geometry": { "type": "LineString", "coordinates": [ [ 1094032.541581087512895, 1776852.721856198273599 ], [ 1095032.541581087512895, 1776852.721856198273599 ] ] } },
{ "type": "Feature", "properties": { "road_id": 1632, "shade_9h": 0, "shade_12h": 0, "shade_15h": 0, "shade_18h": 15 }, "geometry": { "type": "LineString", "coordinates": [ [ 1094032.541581087512895, 1776852.721856198273599 ], [ 1094032.541581087512895, 1777852.721856198273599 ] ] } },
{ "type": "Feature", "properties": { "road_id": 1633, "shade_9h": 6, "shade_12h": 0, "shade_15h": 5, "shade_18h": 22 }, "geometry": { "type": "LineString", "coordinates": [ [ 1094032.541581087512895, 1777852.721856198273599 ], [ 1095032.541581087512895, 1777852.721856198273599 ] ] } },
{ "type": "Feature", "properties": { "road_id": 1634, "shade_9h": 0, "shade_12h": 0, "shade_15h": 0, "shade_18h": 19 }, "geometry": { "type": "LineString", "coordinates": [ [ 1094032.541581087512895, 1777852.721856198273599 ], [ 1094032.541581087512895, 1778852.721856198273599 ] ] } },
{ "type": "Feature", "properties": { "road_id": 1635, "shade_9h": 0, "shade_12h": 0, "shade_15h": 0, "shade_18h": 0 }, "geometry": { "type": "LineString", "coordinates": [ [ 1094032.541581087512895, 1778852.721856198273599 ], [ 1095032.541581087512895, 1778852.721856198273599 ] ] } },
{ "type": "Feature", "properties": { "road_id": 1636, "shade_9h": 0, "shade_12h": 0, "shade_15h": 0, "shade_18h": 16 }, "geometry": { "type": "LineString", "coordinates": [ [ 1094032.541581087512895, 1778852.721856198273599 ], [ 1094032.541581087512895, 1779852.721856198273599 ] ] } },
{ "type": "Feature", "properties": { "road_id": 1637, "shade_9h": 8, "shade_12h": 0, "shade_15h": 8, "shade_18h": 37 }, "geometry": { "type": "LineString", "coordinates": [ [ 1094032.541581087512895, 1779852.721856198273599 ], [ 1095032.541581087512895, 1779852.721856198273599 ] ] } },
{ "type": "Feature", "properties": { "road_id": 1638, "shade_9h": 0, "shade_12h": 0, "shade_15h": 0, "shade_18h": 0 }, "geometry": { "type": "LineString", "coordinates": [ [ 1095032.541581087512895, 1734852.721856198273599 ], [ 1096032.541581087512895, 1734852.721856198273599 ] ] } },
{ "type": "Feature", "properties": { "road_id": 1639, "shade_9h": 0, "shade_12h": 0, "shade_15h": 0, "shade_18h": 0 }, "geometry": { "type": "LineString", "coordinates": [ [ 1095032.541581087512895, 1734852.721856198273599 ], [ 1095032.541581087512895, 1735852.721856198273599 ] ] } },
{ "type": "Feature", "properties": { "road_id": 1640, "shade_9h": 0, "shade_12h": 0, "shade_15h": 0, "shade_18h": 0 }, "geometry": { "type": "LineString", "coordinates": [ [ 1095032.541581087512895, 1735852.721856198273599 ], [ 1096032.541581087512895, 1735852.721856198273599 ] ] } },
{ "type": "Feature", "properties": { "road_id": 1641, "shade_9h": 0, "shade_12h": 0, "shade_15h": 0, "shade_18h": 0 }, "geometry": { "type": "LineString", "coordinates": [ [ 1095032.541581087512895, 1735852.721856198273599 ], [ 1095032.541581087512895, 1736852.721856198273599 ] ] } },
{ "type": "Feature", "properties": { "road_id": 1642, "shade_9h": 0, "shade_12h": 0, "shade_15h": 0, "shade_18h": 0 }, "geometry": { "type": "LineString", "coordinates": [ [ 1095032.541581087512895, 1736852.721856198273599 ], [ 1096032.541581087512895, 1736852.721856198273599 ] ] } },
{ "type": "Feature", "properties": { "road_id": 1643, "shade_9h": 0, "shade_12h": 0, "shade_15h": 0, "shade_18h": 0 }, "geometry": { "type": "LineString", "coordinates": [ [ 1095032.541581087512895, 1736852.721856198273599 ], [ 1095032.541581087512895, 1737852.721856198273599 ] ] } },
{ "type": "Feature", "properties": { "road_id": 1644, "shade_9h": 0, "shade_12h": 0, "shade_15h": 0, "shade_18h": 0 }, "geometry": { "type": "LineString", "coordinates": [ [ 1095032.541581087512895, 1737852.721856198273599 ], [ 1096032.541581087512895, 1737852.721856198273599 ] ] } },
{ "type": "Feature", "properties": { "road_id": 1645, "shade_9h": 0, "shade_12h": 0, "shade_15h": 0, "shade_18h": 0 }, "geometry": { "type": "LineString", "coordinates": [ [ 1095032.541581087512895, 1737852.721856198273599 ], [ 1095032.541581087512895, 1738852.721856198273599 ] ] } },
{ "type": "Feature", "properties": { "road_id": 1646, "shade_9h": 0, "shade_12h": 0, "shade_15h": 0, "shade_18h": 0 }, "geometry": { "type": "LineString", "coordinates": [ [ 1095032.541581087512895, 1738852.721856198273599 ], [ 1096032.541581087512895, 1738852.721856198273599 ] ] } },
{ "type": "Feature", "properties": { "road_id": 1647, "shade_9h": 0, "shade_12h": 0, "shade_15h": 0, "shade_18h": 0 }, "geometry": { "type": "LineString", "coordinates": [ [ 1095032.541581087512895, 1738852.721856198273599 ], [ 1095032.541581087512895, 1739852.721856198273599 ] ] } },
{ "type": "Feature", "properties": { "road_id": 1648, "shade_9h": 0, "shade_12h": 0, "shade_15h": 0, "shade_18h": 0 }, "geometry": { "type": "LineString", "coordinates": [ [ 1095032.541581087512895, 1739852.721856198273599 ], [ 1096032.541581087512895, 1739852.721856198273599 ] ] } },
{ "type": "Feature", "properties": { "road_id": 1649, "shade_9h": 0, "shade_12h": 0, "shade_15h": 0, "shade_18h": 0 }, "geometry": { "type": "LineString", "coordinates": [ [ 1095032.541581087512895, 1739852.721856198273599 ], [ 1095032.541581087512895, 1740852.721856198273599 ] ] } },
{ "type": "Feature", "properties": { "road_id": 1650, "shade_9h": 0, "shade_12h": 0, "shade_15h": 0, "shade_18h": 0 }, "geometry": { "type": "LineString", "coordinates": [ [ 1095032.541581087512895, 1740852.721856198273599 ], [ 1096032.541581087512895, 1740852.721856198273599 ] ] } },
{ "type": "Feature", "properties": { "road_id": 1651, "shade_9h": 0, "shade_12h": 0, "shade_15h": 0, "shade_18h": 0 }, "geometry": { "type": "LineString", "coordinates": [ [ 1095032.541581087512895, 1740852.721856198273599 ], [ 1095032.541581087512895, 1741852.721856198273599 ] ] } },
{ "type": "Feature", "properties": { "road_id": 1652, "shade_9h": 0, "shade_12h": 0, "shade_15h": 0, "shade_18h": 0 }, "geometry": { "type": "LineString", "coordinates": [ [ 1095032.541581087512895, 1741852.721856198273599 ], [ 1096032.541581087512895, 1741852.721856198273599 ] ] } },
{ "type": "Feature", "properties": { "road_id": 1653, "shade_9h": 0, "shade_12h": 0, "shade_15h": 0, "shade_18h": 0 }, "geometry": { "type": "LineString", "coordinates": [ [ 1095032.541581087512895, 1741852.721856198273599 ], [ 1095032.541581087512895, 1742852.721856198273599 ] ] } },
{ "type": "Feature", "properties": { "road_id": 1654, "shade_9h": 0, "shade_12h": 0, "shade_15h": 0, "shade_18h": 0 }, "geometry": { "type": "LineString", "coordinates": [ [ 1095032.541581087512895, 1742852.721856198273599 ], [ 1096032.541581087512895, 1742852.721856198273599 ] ] } },
{ "type": "Feature", "properties": { "road_id": 1655, "shade_9h": 0, "shade_12h": 0, "shade_15h": 0, "shade_18h": 0 }, "geometry": { "type": "LineString", "coordinates": [ [ 1095032.541581087512895, 1742852.721856198273599 ], [ 1095032.541581087512895, 1743852.721856198273599 ] ] } },
{ "type": "Feature", "properties": { "road_id": 1656, "shade_9h": 0, "shade_12h": 0, "shade_15h": 0, "shade_18h": 0 }, "geometry": { "type": "LineString", "coordinates": [ [ 1095032.541581087512895, 1743852.721856198273599 ], [ 1096032.541581087512895, 1743852.721856198273599 ] ] } },
{ "type": "Feature", "properties": { "road_id": 1657, "shade_9h": 0, "shade_12h": 0, "shade_15h": 0, "shade_18h": 0 }, "geometry": { "type": "LineString", "coordinates": [ [ 1095032.541581087512895, 1743852.721856198273599 ], [ 1095032.541581087512895, 1744852.721856198273599 ] ] } },
{ "type": "Feature", "properties": { "road_id": 1658, "shade_9h": 0, "shade_12h": 0, "shade_15h": 0, "shade_18h": 19 }, "geometry": { "type": "LineString", "coordinates": [ [ 1095032.541581087512895, 1744852.721856198273599 ], [ 1096032.541581087512895, 1744852.721856198273599 ] ] } },
{ "type": "Feature", "properties": { "road_id": 1659, "shade_9h": 0, "shade_12h": 0, "shade_15h": 0, "shade_18h": 0 }, "geometry": { "type": "LineString", "coordinates": [ [ 1095032.541581087512895, 1744852.721856198273599 ], [ 1095032.541581087512895, 1745852.721856198273599 ] ] } },
{ "type": "Feature", "properties": { "road_id": 1660, "shade_9h": 0, "shade_12h": 0, "shade_15h": 0, "shade_18h": 0 }, "geometry": { "type": "LineString", "coordinates": [ [ 1095032.541581087512895, 1745852.721856198273599 ], [ 1096032.541581087512895, 1745852.721856198273599 ] ] } },
{ "type": "Feature", "properties": { "road_id": 1661, "shade_9h": 3, "shade_12h": 1, "shade_15h": 3, "shade_18h": 15 }, "geometry": { "type": "LineString", "coordinates": [ [ 1095032.541581087512895, 1745852.721856198273599 ], [ 1095032.541581087512895, 1746852.721856198273599 ] ] } },
{ "type": "Feature", "properties": { "road_id": 1662, "shade_9h": 0, "shade_12h": 0, "shade_15h": 0, "shade_18h": 0 }, "geometry": { "type": "LineString", "coordinates": [ [ 1095032.541581087512895, 1746852.721856198273599 ], [ 1096032.541581087512895, 1746852.721856198273599 ] ] } },
{ "type": "Feature", "properties": { "road_id": 1663, "shade_9h": 0, "shade_12h": 0, "shade_15h": 0, "shade_18h": 0 }, "geometry": { "type": "LineString", "coordinates": [ [ 1095032.541581087512895, 1746852.721856198273599 ], [ 1095032.541581087512895, 1747852.721856198273599 ] ] } },
{ "type": "Feature", "properties": { "road_id": 1664, "shade_9h": 0, "shade_12h": 0, "shade_15h": 0, "shade_18h": 0 }, "geometry": { "type": "LineString", "coordinates": [ [ 1095032.541581087512895, 1747852.721856198273599 ], [ 1096032.541581087512895, 1747852.721856198273599 ] ] } },
{ "type": "Feature", "properties": { "road_id": 1665, "shade_9h": 0, "shade_12h": 0, "shade_15h": 0, "shade_18h": 0 }, "geometry": { "type": "LineString", "coordinates": [ [ 1095032.541581087512895, 1747852.721856198273599 ], [ 1095032.541581087512895, 1748852.721856198273599 ] ] } },
{ "type": "Feature", "properties": { "road_id": 1666, "shade_9h": 0, "shade_12h": 0, "shade_15h": 0, "shade_18h": 0 }, "geometry": { "type": "LineString", "coordinates": [ [ 1095032.541581087512895, 1748852.721856198273599 ], [ 1096032.541581087512895, 1748852.721856198273599 ] ] } },
{ "type": "Feature", "properties": { "road_id": 1667, "shade_9h": 6, "shade_12h": 0, "shade_15h": 5, "shade_18h": 45 }, "geometry": { "type": "LineString", "coordinates": [ [ 1095032.541581087512895, 1748852.721856198273599 ], [ 1095032.541581087512895, 1749852.721856198273599 ] ] } },
{ "type": "Feature", "properties": { "road_id": 1668, "shade_9h": 0, "shade_12h": 0, "shade_15h": 0, "shade_18h": 0 }, "geometry": { "type": "LineString", "coordinates": [ [ 1095032.541581087512895, 1749852.721856198273599 ], [ 1096032.541581087512895, 1749852.721856198273599 ] ] } },
{ "type": "Feature", "properties": { "road_id": 1669, "shade_9h": 0, "shade_12h": 0, "shade_15h": 0, "shade_18h": 0 }, "geometry": { "type": "LineString", "coordinates": [ [ 1095032.541581087512895, 1749852.721856198273599 ], [ 1095032.541581087512895, 1750852.721856198273599 ] ] } },
{ "type": "Feature", "properties": { "road_id": 1670, "shade_9h": 0, "shade_12h": 0, "shade_15h": 0, "shade_18h": 0 }, "geometry": { "type": "LineString", "coordinates": [ [ 1095032.541581087512895, 1750852.721856198273599 ], [ 1096032.541581087512895, 1750852.721856198273599 ] ] } },
{ "type": "Feature", "properties": { "road_id": 1671, "shade_9h": 0, "shade_12h": 0, "shade_15h": 0, "shade_18h": 0 }, "geometry": { "type": "LineString", "coordinates": [ [ 1095032.541581087512895, 1750852.721856198273599 ], [ 1095032.541581087512895, 1751852.721856198273599 ] ] } },
{ "type": "Feature", "properties": { "road_id": 1672, "shade_9h": 0, "shade_12h": 0, "shade_15h": 0, "shade_18h": 0 }, "geometry": { "type": "LineString", "coordinates": [ [ 1095032.541581087512895, 1751852.721856198273599 ], [ 1096032.541581087512895, 1751852.721856198273599 ] ] } },
{ "type": "Feature", "properties": { "road_id": 1673, "shade_9h": 2, "shade_12h": 1, "shade_15h": 2, "shade_18h": 7 }, "geometry": { "type": "LineString", "coordinates": [ [ 1095032.541581087512895, 1751852.721856198273599 ], [ 1095032.541581087512895, 1752852.721856198273599 ] ] } },
{ "type": "Feature", "properties": { "road_id": 1674, "shade_9h": 0, "shade_12h": 0, "shade_15h": 0, "shade_18h": 0 }, "geometry": { "type": "LineString", "coordinates": [ [ 1095032.541581087512895, 1752852.721856198273599 ], [ 1096032.541581087512895, 1752852.721856198273599 ] ] } },
{ "type": "Feature", "properties": { "road_id": 1675, "shade_9h": 0, "shade_12h": 0, "shade_15h": 0, "shade_18h": 0 }, "geometry": { "type": "LineString", "coordinates": [ [ 1095032.541581087512895, 1752852.721856198273599 ], [ 1095032.541581087512895, 1753852.721856198273599 ] ] } },
{ "type": "Feature", "properties": { "road_id": 1676, "shade_9h": 0, "shade_12h": 0, "shade_15h": 0, "shade_18h": 0 }, "geometry": { "type": "LineString", "coordinates": [ [ 1095032.541581087512895, 1753852.721856198273599 ], [ 1096032.541581087512895, 1753852.721856198273599 ] ] } },
{ "type": "Feature", "properties": { "road_id": 1677, "shade_9h": 0, "shade_12h": 0, "shade_15h": 0, "shade_18h": 0 }, "geometry": { "type": "LineString", "coordinates": [ [ 1095032.541581087512895, 1753852.721856198273599 ], [ 1095032.541581087512895, 1754852.721856198273599 ] ] } },
{ "type": "Feature", "properties": { "road_id": 1678, "shade_9h": 6, "shade_12h": 0, "shade_15h": 6, "shade_18h": 25 }, "geometry": { "type": "LineString", "coordinates": [ [ 1095032.541581087512895, 1754852.721856198273599 ], [ 1096032.541581087512895, 1754852.721856198273599 ] ] } },
{ "type": "Feature", "properties": { "road_id": 1679, "shade_9h": 0, "shade_12h": 0, "shade_15h": 0, "shade_18h": 0 }, "geometry": { "type": "LineString", "coordinates": [ [ 1095032.541581087512895, 1754852.721856198273599 ], [ 1095032.541581087512895, 1755852.721856198273599 ] ] } },
{ "type": "Feature", "properties": { "road_id": 1680, "shade_9h": 0, "shade_12h": 0, "shade_15h": 0, "shade_18h": 0 }, "geometry": { "type": "LineString", "coordinates": [ [ 1095032.541581087512895, 1755852.721856198273599 ], [ 1096032.541581087512895, 1755852.721856198273599 ] ] } },
{ "type": "Feature", "properties": { "road_id": 1681, "shade_9h": 0, "shade_12h": 0, "shade_15h": 0, "shade_18h": 0 }, "geometry": { "type": "LineString", "coordinates": [ [ 1095032.541581087512895, 1755852.721856198273599 ], [ 1095032.541581087512895, 1756852.721856198273599 ] ] } },
{ "type": "Feature", "properties": { "road_id": 1682, "shade_9h": 0, "shade_12h": 0, "shade_15h": 0, "shade_18h": 3 }, "geometry": { "type": "LineString", "coordinates": [ [ 1095032.541581087512895, 1756852.721856198273599 ], [ 1096032.541581087512895, 1756852.721856198273599 ] ] } },
{ "type": "Feature", "properties": { "road_id": 1683, "shade_9h": 0, "shade_12h": 0, "shade_15h": 0, "shade_18h": 0 }, "geometry": { "type": "LineString", "coordinates": [ [ 1095032.541581087512895, 1756852.721856198273599 ], [ 1095032.541581087512895, 1757852.721856198273599 ] ] } },
{ "type": "Feature", "properties": { "road_id": 1684, "shade_9h": 0, "shade_12h": 0, "shade_15h": 0, "shade_18h": 0 }, "geometry": { "type": "LineString", "coordinates": [ [ 1095032.541581087512895, 1757852.721856198273599 ], [ 1096032.541581087512895, 1757852.721856198273599 ] ] } },
{ "type": "Feature", "properties": { "road_id": 1685, "shade_9h": 0, "shade_12h": 0, "shade_15h": 0, "shade_18h": 0 }, "geometry": { "type": "LineString", "coordinates": [ [ 1095032.541581087512895, 1757852.721856198273599 ], [ 1095032.541581087512895, 1758852.721856198273599 ] ] } },
{ "type": "Feature", "properties": { "road_id": 1686, "shade_9h": 0, "shade_12h": 0, "shade_15h": 0, "shade_18h": 0 }, "geometry": { "type": "LineString", "coordinates": [ [ 1095032.541581087512895, 1758852.721856198273599 ], [ 1096032.541581087512895, 1758852.721856198273599 ] ] } },
{ "type": "Feature", "properties": { "road_id": 1687, "shade_9h": 0, "shade_12h": 0, "shade_15h": 0, "shade_18h": 0 }, "geometry": { "type": "LineString", "coordinates": [ [ 1095032.541581087512895, 1758852.721856198273599 ], [ 1095032.541581087512895, 1759852.721856198273599 ] ] } },
{ "type": "Feature", "properties": { "road_id": 1688, "shade_9h": 0, "shade_12h": 0, "shade_15h": 0, "shade_18h": 0 }, "geometry": { "type": "LineString", "coordinates": [ [ 1095032.541581087512895, 1759852.721856198273599 ], [ 1096032.541581087512895, 1759852.721856198273599 ] ] } },
{ "type": "Feature", "properties": { "road_id": 1689, "shade_9h": 7, "shade_12h": 3, "shade_15h": 6, "shade_18h": 33 }, "geometry": { "type": "LineString", "coordinates": [ [ 1095032.541581087512895, 1759852.721856198273599 ], [ 1095032.541581087512895, 1760852.721856198273599 ] ] } },
{ "type": "Feature", "properties": { "road_id": 1690, "shade_9h": 0, "shade_12h": 0, "shade_15h": 0, "shade_18h": 0 }, "geometry": { "type": "LineString", "coordinates": [ [ 1095032.541581087512895, 1760852.721856198273599 ], [ 1096032.541581087512895, 1760852.721856198273599 ] ] } },
{ "type": "Feature", "properties": { "road_id": 1691, "shade_9h": 0, "shade_12h": 0, "shade_15h": 0, "shade_18h": 0 }, "geometry": { "type": "LineString", "coordinates": [ [ 1095032.541581087512895, 1760852.721856198273599 ], [ 1095032.541581087512895, 1761852.721856198273599 ] ] } },
{ "type": "Feature", "properties": { "road_id": 1692, "shade_9h": 6, "shade_12h": 3, "shade_15h": 5, "shade_18h": 26 }, "geometry": { "type": "LineString", "coordinates": [ [ 1095032.541581087512895, 1761852.721856198273599 ], [ 1096032.541581087512895, 1761852.721856198273599 ] ] } },
{ "type": "Feature", "properties": { "road_id": 1693, "shade_9h": 2, "shade_12h": 2, "shade_15h": 2, "shade_18h": 5 }, "geometry": { "type": "LineString", "coordinates": [ [ 1095032.541581087512895, 1761852.721856198273599 ], [ 1095032.541581087512895, 1762852.721856198273599 ] ] } },
{ "type": "Feature", "properties": { "road_id": 1694, "shade_9h": 0, "shade_12h": 0, "shade_15h": 0, "shade_18h": 3 }, "geometry": { "type": "LineString", "coordinates": [ [ 1095032.541581087512895, 1762852.721856198273599 ], [ 1096032.541581087512895, 1762852.721856198273599 ] ] } },
{ "type": "Feature", "properties": { "road_id": 1695, "shade_9h": 0, "shade_12h": 0, "shade_15h": 0, "shade_18h": 2 }, "geometry": { "type": "LineString", "coordinates": [ [ 1095032.541581087512895, 1762852.721856198273599 ], [ 1095032.541581087512895, 1763852.721856198273599 ] ] } },
{ "type": "Feature", "properties": { "road_id": 1696, "shade_9h": 0, "shade_12h": 0, "shade_15h": 0, "shade_18h": 0 }, "geometry": { "type": "LineString", "coordinates": [ [ 1095032.541581087512895, 1763852.721856198273599 ], [ 1096032.541581087512895, 1763852.721856198273599 ] ] } },
{ "type": "Feature", "properties": { "road_id": 1697, "shade_9h": 0, "shade_12h": 0, "shade_15h": 0, "shade_18h": 0 }, "geometry": { "type": "LineString", "coordinates": [ [ 1095032.541581087512895, 1763852.721856198273599 ], [ 1095032.541581087512895, 1764852.721856198273599 ] ] } },
{ "type": "Feature", "properties": { "road_id": 1698, "shade_9h": 0, "shade_12h": 0, "shade_15h": 0, "shade_18h": 0 }, "geometry": { "type": "LineString", "coordinates": [ [ 1095032.541581087512895, 1764852.721856198273599 ], [ 1096032.541581087512895, 1764852.721856198273599 ] ] } },
{ "type": "Feature", "properties": { "road_id": 1699, "shade_9h": 0, "shade_12h": 0, "shade_15h": 0, "shade_18h": 0 }, "geometry": { "type": "LineString", "coordinates": [ [ 1095032.541581087512895, 1764852.721856198273599 ], [ 1095032.541581087512895, 1765852.721856198273599 ] ] } },
{ "type": "Feature", "properties": { "road_id": 1700, "shade_9h": 1, "shade_12h": 1, "shade_15h": 1, "shade_18h": 12 }, "geometry": { "type": "LineString", "coordinates": [ [ 1095032.541581087512895, 1765852.721856198273599 ], [ 1096032.541581087512895, 1765852.721856198273599 ] ] } },
{ "type": "Feature", "properties": { "road_id": 1701, "shade_9h": 0, "shade_12h": 0, "shade_15h": 0, "shade_18h": 0 }, "geometry": { "type": "LineString", "coordinates": [ [ 1095032.541581087512895, 1765852.721856198273599 ], [ 1095032.541581087512895, 1766852.721856198273599 ] ] } },
{ "type": "Feature", "properties": { "road_id": 1702, "shade_9h": 0, "shade_12h": 0, "shade_15h": 0, "shade_18h": 0 }, "geometry": { "type": "LineString", "coordinates": [ [ 1095032.541581087512895, 1766852.721856198273599 ], [ 1096032.541581087512895, 1766852.721856198273599 ] ] } },
{ "type": "Feature", "properties": { "road_id": 1703, "shade_9h": 0, "shade_12h": 0, "shade_15h": 0, "shade_18h": 0 }, "geometry": { "type": "LineString", "coordinates": [ [ 1095032.541581087512895, 1766852.721856198273599 ], [ 1095032.541581087512895, 1767852.721856198273599 ] ] } },
{ "type": "Feature", "properties": { "road_id": 1704, "shade_9h": 0, "shade_12h": 0, "shade_15h": 0, "shade_18h": 0 }, "geometry": { "type": "LineString", "coordinates": [ [ 1095032.541581087512895, 1767852.721856198273599 ], [ 1096032.541581087512895, 1767852.721856198273599 ] ] } },
{ "type": "Feature", "properties": { "road_id": 1705, "shade_9h": 0, "shade_12h": 0, "shade_15h": 0, "shade_18h": 0 }, "geometry": { "type": "LineString", "coordinates": [ [ 1095032.541581087512895, 1767852.721856198273599 ], [ 1095032.541581087512895, 1768852.721856198273599 ] ] } },
{ "type": "Feature", "properties": { "road_id": 1706, "shade_9h": 0, "shade_12h": 0, "shade_15h": 0, "shade_18h": 0 }, "geometry": { "type": "LineString", "coordinates": [ [ 1095032.541581087512895, 1768852.721856198273599 ], [ 1096032.541581087512895, 1768852.721856198273599 ] ] } },
{ "type": "Feature", "properties": { "road_id": 1707, "shade_9h": 0, "shade_12h": 0, "shade_15h": 0, "shade_18h": 0 }, "geometry": { "type": "LineString", "coordinates": [ [ 1095032.541581087512895, 1768852.721856198273599 ], [ 1095032.541581087512895, 1769852.721856198273599 ] ] } },
{ "type": "Feature", "properties": { "road_id": 1708, "shade_9h": 0, "shade_12h": 0, "shade_15h": 0, "shade_18h": 5 }, "geometry": { "type": "LineString", "coordinates": [ [ 1095032.541581087512895, 1769852.721856198273599 ], [ 1096032.541581087512895, 1769852.721856198273599 ] ] } },
{ "type": "Feature", "properties": { "road_id": 1709, "shade_9h": 0, "shade_12h": 0, "shade_15h": 0, "shade_18h": 0 }, "geometry": { "type": "LineString", "coordinates": [ [ 1095032.541581087512895, 1769852.721856198273599 ], [ 1095032.541581087512895, 1770852.721856198273599 ] ] } },
{ "type": "Feature", "properties": { "road_id": 1710, "shade_9h": 0, "shade_12h": 0, "shade_15h": 0, "shade_18h": 0 }, "geometry": { "type": "LineString", "coordinates": [ [ 1095032.541581087512895, 1770852.721856198273599 ], [ 1096032.541581087512895, 1770852.721856198273599 ] ] } },
{ "type": "Feature", "properties": { "road_id": 1711, "shade_9h": 0, "shade_12h": 0, "shade_15h": 0, "shade_18h": 31 }, "geometry": { "type": "LineString", "coordinates": [ [ 1095032.541581087512895, 1770852.721856198273599 ], [ 1095032.541581087512895, 1771852.721856198273599 ] ] } },
{ "type": "Feature", "properties": { "road_id": 1712, "shade_9h": 0, "shade_12h": 0, "shade_15h": 0, "shade_18h": 0 }, "geometry": { "type": "LineString", "coordinates": [ [ 1095032.541581087512895, 1771852.721856198273599 ], [ 1096032.541581087512895, 1771852.721856198273599 ] ] } },
{ "type": "Feature", "properties": { "road_id": 1713, "shade_9h": 0, "shade_12h": 0, "shade_15h": 0, "shade_18h": 0 }, "geometry": { "type": "LineString", "coordinates": [ [ 1095032.541581087512895, 1771852.721856198273599 ], [ 1095032.541581087512895, 1772852.721856198273599 ] ] } },
{ "type": "Feature", "properties": { "road_id": 1714, "shade_9h": 0, "shade_12h": 0, "shade_15h": 0, "shade_18h": 0 }, "geometry": { "type": "LineString", "coordinates": [ [ 1095032.541581087512895, 1772852.721856198273599 ], [ 1096032.541581087512895, 1772852.721856198273599 ] ] } },
{ "type": "Feature", "properties": { "road_id": 1715, "shade_9h": 7, "shade_12h": 4, "shade_15h": 7, "shade_18h": 32 }, "geometry": { "type": "LineString", "coordinates": [ [ 1095032.541581087512895, 1772852.721856198273599 ], [ 1095032.541581087512895, 1773852.721856198273599 ] ] } },
{ "type": "Feature", "properties": { "road_id": 1716, "shade_9h": 0, "shade_12h": 0, "shade_15h": 0, "shade_18h": 0 }, "geometry": { "type": "LineString", "coordinates": [ [ 1095032.541581087512895, 1773852.721856198273599 ], [ 1096032.541581087512895, 1773852.721856198273599 ] ] } },
{ "type": "Feature", "properties": { "road_id": 1717, "shade_9h": 0, "shade_12h": 0, "shade_15h": 0, "shade_18h": 0 }, "geometry": { "type": "LineString", "coordinates": [ [ 1095032.541581087512895, 1773852.721856198273599 ], [ 1095032.541581087512895, 1774852.721856198273599 ] ] } },
{ "type": "Feature", "properties": { "road_id": 1718, "shade_9h": 0, "shade_12h": 0, "shade_15h": 0, "shade_18h": 0 }, "geometry": { "type": "LineString", "coordinates": [ [ 1095032.541581087512895, 1774852.721856198273599 ], [ 1096032.541581087512895, 1774852.721856198273599 ] ] } },
{ "type": "Feature", "properties": { "road_id": 1719, "shade_9h": 0, "shade_12h": 0, "shade_15h": 0, "shade_18h": 0 }, "geometry": { "type": "LineString", "coordinates": [ [ 1095032.541581087512895, 1774852.721856198273599 ], [ 1095032.541581087512895, 1775852.721856198273599 ] ] } },
{ "type": "Feature", "properties": { "road_id": 1720, "shade_9h": 0, "shade_12h": 0, "shade_15h": 0, "shade_18h": 0 }, "geometry": { "type": "LineString", "coordinates": [ [ 1095032.541581087512895, 1775852.721856198273599 ], [ 1096032.541581087512895, 1775852.721856198273599 ] ] } },
{ "type": "Feature", "properties": { "road_id": 1721, "shade_9h": 0, "shade_12h": 0, "shade_15h": 0, "shade_18h": 0 }, "geometry": { "type": "LineString", "coordinates": [ [ 1095032.541581087512895, 1775852.721856198273599 ], [ 1095032.541581087512895, 1776852.721856198273599 ] ] } },
{ "type": "Feature", "properties": { "road_id": 1722, "shade_9h": 0, "shade_12h": 0, "shade_15h": 0, "shade_18h": 0 }, "geometry": { "type": "LineString", "coordinates": [ [ 1095032.541581087512895, 1776852.721856198273599 ], [ 1096032.541581087512895, 1776852.721856198273599 ] ] } },
{ "type": "Feature", "properties": { "road_id": 1723, "shade_9h": 0, "shade_12h": 0, "shade_15h": 0, "shade_18h": 0 }, "geometry": { "type": "LineString", "coordinates": [ [ 1095032.541581087512895, 1776852.721856198273599 ], [ 1095032.541581087512895, 1777852.721856198273599 ] ] } },
{ "type": "Feature", "properties": { "road_id": 1724, "shade_9h": 7, "shade_12h": 0, "shade_15h": 7, "shade_18h": 26 }, "geometry": { "type": "LineString", "coordinates": [ [ 1095032.541581087512895, 1777852.721856198273599 ], [ 1096032.541581087512895, 1777852.721856198273599 ] ] } },
{ "type": "Feature", "properties": { "road_id": 1725, "shade_9h": 0, "shade_12h": 0, "shade_15h": 0, "shade_18h": 0 }, "geometry": { "type": "LineString", "coordinates": [ [ 1095032.541581087512895, 1777852.721856198273599 ], [ 1095032.541581087512895, 1778852.721856198273599 ] ] } },
{ "type": "Feature", "properties": { "road_id": 1726, "shade_9h": 0, "shade_12h": 0, "shade_15h": 0, "shade_18h": 0 }, "geometry": { "type": "LineString", "coordinates": [ [ 1095032.541581087512895, 1778852.721856198273599 ], [ 1096032.541581087512895, 1778852.721856198273599 ] ] } },
{ "type": "Feature", "properties": { "road_id": 1727, "shade_9h": 0, "shade_12h": 0, "shade_15h": 0, "shade_18h": 0 }, "geometry": { "type": "LineString", "coordinates": [ [ 1095032.541581087512895, 1778852.721856198273599 ], [ 1095032.541581087512895, 1779852.721856198273599 ] ] } },
{ "type": "Feature", "properties": { "road_id": 1728, "shade_9h": 0, "shade_12h": 0, "shade_15h": 0, "shade_18h": 0 }, "geometry": { "type": "LineString", "coordinates": [ [ 1095032.541581087512895, 1779852.721856198273599 ], [ 1096032.541581087512895, 1779852.721856198273599 ] ] } },
{ "type": "Feature", "properties": { "road_id": 1729, "shade_9h": 0, "shade_12h": 0, "shade_15h": 0, "shade_18h": 0 }, "geometry": { "type": "LineString", "coordinates": [ [ 1096032.541581087512895, 1734852.721856198273599 ], [ 1097032.541581087512895, 1734852.721856198273599 ] ] } },
{ "type": "Feature", "properties": { "road_id": 1730, "shade_9h": 0, "shade_12h": 0, "shade_15h": 0, "shade_18h": 0 }, "geometry": { "type": "LineString", "coordinates": [ [ 1096032.541581087512895, 1734852.721856198273599 ], [ 1096032.541581087512895, 1735852.721856198273599 ] ] } },
{ "type": "Feature", "properties": { "road_id": 1731, "shade_9h": 0, "shade_12h": 0, "shade_15h": 0, "shade_18h": 0 }, "geometry": { "type": "LineString", "coordinates": [ [ 1096032.541581087512895, 1735852.721856198273599 ], [ 1097032.541581087512895, 1735852.721856198273599 ] ] } },
{ "type": "Feature", "properties": { "road_id": 1732, "shade_9h": 0, "shade_12h": 0, "shade_15h": 0, "shade_18h": 0 }, "geometry": { "type": "LineString", "coordinates": [ [ 1096032.541581087512895, 1735852.721856198273599 ], [ 1096032.541581087512895, 1736852.721856198273599 ] ] } },
{ "type": "Feature", "properties": { "road_id": 1733, "shade_9h": 0, "shade_12h": 0, "shade_15h": 0, "shade_18h": 0 }, "geometry": { "type": "LineString", "coordinates": [ [ 1096032.541581087512895, 1736852.721856198273599 ], [ 1097032.541581087512895, 1736852.721856198273599 ] ] } },
{ "type": "Feature", "properties": { "road_id": 1734, "shade_9h": 0, "shade_12h": 0, "shade_15h": 0, "shade_18h": 0 }, "geometry": { "type": "LineString", "coordinates": [ [ 1096032.541581087512895, 1736852.721856198273599 ], [ 1096032.541581087512895, 1737852.721856198273599 ] ] } },
{ "type": "Feature", "properties": { "road_id": 1735, "shade_9h": 0, "shade_12h": 0, "shade_15h": 0, "shade_18h": 0 }, "geometry": { "type": "LineString", "coordinates": [ [ 1096032.541581087512895, 1737852.721856198273599 ], [ 1097032.541581087512895, 1737852.721856198273599 ] ] } },
{ "type": "Feature", "properties": { "road_id": 1736, "shade_9h": 0, "shade_12h": 0, "shade_15h": 0, "shade_18h": 0 }, "geometry": { "type": "LineString", "coordinates": [ [ 1096032.541581087512895, 1737852.721856198273599 ], [ 1096032.541581087512895, 1738852.721856198273599 ] ] } },
{ "type": "Feature", "properties": { "road_id": 1737, "shade_9h": 0, "shade_12h": 0, "shade_15h": 0, "shade_18h": 0 }, "geometry": { "type": "LineString", "coordinates": [ [ 1096032.541581087512895, 1738852.721856198273599 ], [ 1097032.541581087512895, 1738852.721856198273599 ] ] } },
{ "type": "Feature", "properties": { "road_id": 1738, "shade_9h": 0, "shade_12h": 0, "shade_15h": 0, "shade_18h": 0 }, "geometry": { "type": "LineString", "coordinates": [ [ 1096032.541581087512895, 1738852.721856198273599 ], [ 1096032.541581087512895, 1739852.721856198273599 ] ] } },
{ "type": "Feature", "properties": { "road_id": 1739, "shade_9h": 0, "shade_12h": 0, "shade_15h": 0, "shade_18h": 0 }, "geometry": { "type": "LineString", "coordinates": [ [ 1096032.541581087512895, 1739852.721856198273599 ], [ 1097032.541581087512895, 1739852.721856198273599 ] ] } },
{ "type": "Feature", "properties": { "road_id": 1740, "shade_9h": 0, "shade_12h": 0, "shade_15h": 0, "shade_18h": 0 }, "geometry": { "type": "LineString", "coordinates": [ [ 1096032.541581087512895, 1739852.721856198273599 ], [ 1096032.541581087512895, 1740852.721856198273599 ] ] } },
{ "type": "Feature", "properties": { "road_id": 1741, "shade_9h": 0, "shade_12h": 0, "shade_15h": 0, "shade_18h": 0 }, "geometry": { "type": "LineString", "coordinates": [ [ 1096032.541581087512895, 1740852.721856198273599 ], [ 1097032.541581087512895, 1740852.721856198273599 ] ] } },
{ "type": "Feature", "properties": { "road_id": 1742, "shade_9h": 5, "shade_12h": 2, "shade_15h": 5, "shade_18h": 30 }, "geometry": { "type": "LineString", "coordinates": [ [ 1096032.541581087512895, 1740852.721856198273599 ], [ 1096032.541581087512895, 1741852.721856198273599 ] ] } },
{ "type": "Feature", "properties": { "road_id": 1743, "shade_9h": 0, "shade_12h": 0, "shade_15h": 0, "shade_18h": 0 }, "geometry": { "type": "LineString", "coordinates": [ [ 1096032.541581087512895, 1741852.721856198273599 ], [ 1097032.541581087512895, 1741852.721856198273599 ] ] } },
{ "type": "Feature", "properties": { "road_id": 1744, "shade_9h": 0, "shade_12h": 0, "shade_15h": 0, "shade_18h": 0 }, "geometry": { "type": "LineString", "coordinates": [ [ 1096032.541581087512895, 1741852.721856198273599 ], [ 1096032.541581087512895, 1742852.721856198273599 ] ] } },
{ "type": "Feature", "properties": { "road_id": 1745, "shade_9h": 0, "shade_12h": 0, "shade_15h": 0, "shade_18h": 0 }, "geometry": { "type": "LineString", "coordinates": [ [ 1096032.541581087512895, 1742852.721856198273599 ], [ 1097032.541581087512895, 1742852.721856198273599 ] ] } },
{ "type": "Feature", "properties": { "road_id": 1746, "shade_9h": 0, "shade_12h": 0, "shade_15h": 0, "shade_18h": 0 }, "geometry": { "type": "LineString", "coordinates": [ [ 1096032.541581087512895, 1742852.721856198273599 ], [ 1096032.541581087512895, 1743852.721856198273599 ] ] } },
{ "type": "Feature", "properties": { "road_id": 1747, "shade_9h": 0, "shade_12h": 0, "shade_15h": 0, "shade_18h": 0 }, "geometry": { "type": "LineString", "coordinates": [ [ 1096032.541581087512895, 1743852.721856198273599 ], [ 1097032.541581087512895, 1743852.721856198273599 ] ] } },
{ "type": "Feature", "properties": { "road_id": 1748, "shade_9h": 0, "shade_12h": 0, "shade_15h": 0, "shade_18h": 8 }, "geometry": { "type": "LineString", "coordinates": [ [ 1096032.541581087512895, 1743852.721856198273599 ], [ 1096032.541581087512895, 1744852.721856198273599 ] ] } },
{ "type": "Feature", "properties": { "road_id": 1749, "shade_9h": 0, "shade_12h": 0, "shade_15h": 0, "shade_18h": 16 }, "geometry": { "type": "LineString", "coordinates": [ [ 1096032.541581087512895, 1744852.721856198273599 ], [ 1097032.541581087512895, 1744852.721856198273599 ] ] } },
{ "type": "Feature", "properties": { "road_id": 1750, "shade_9h": 9, "shade_12h": 4, "shade_15h": 8, "shade_18h": 36 }, "geometry": { "type": "LineString", "coordinates": [ [ 1096032.541581087512895, 1744852.721856198273599 ], [ 1096032.541581087512895, 1745852.721856198273599 ] ] } },
{ "type": "Feature", "properties": { "road_id": 1751, "shade_9h": 0, "shade_12h": 0, "shade_15h": 0, "shade_18h": 12 }, "geometry": { "type": "LineString", "coordinates": [ [ 1096032.541581087512895, 1745852.721856198273599 ], [ 1097032.541581087512895, 1745852.721856198273599 ] ] } },
{ "type": "Feature", "properties": { "road_id": 1752, "shade_9h": 0, "shade_12h": 0, "shade_15h": 0, "shade_18h": 0 }, "geometry": { "type": "LineString", "coordinates": [ [ 1096032.541581087512895, 1745852.721856198273599 ], [ 1096032.541581087512895, 1746852.721856198273599 ] ] } },
{ "type": "Feature", "properties": { "road_id": 1753, "shade_9h": 0, "shade_12h": 0, "shade_15h": 0, "shade_18h": 0 }, "geometry": { "type": "LineString", "coordinates": [ [ 1096032.541581087512895, 1746852.721856198273599 ], [ 1097032.541581087512895, 1746852.721856198273599 ] ] } },
{ "type": "Feature", "properties": { "road_id": 1754, "shade_9h": 0, "shade_12h": 0, "shade_15h": 0, "shade_18h": 0 }, "geometry": { "type": "LineString", "coordinates": [ [ 1096032.541581087512895, 1746852.721856198273599 ], [ 1096032.541581087512895, 1747852.721856198273599 ] ] } },
{ "type": "Feature", "properties": { "road_id": 1755, "shade_9h": 0, "shade_12h": 0, "shade_15h": 0, "shade_18h": 0 }, "geometry": { "type": "LineString", "coordinates": [ [ 1096032.541581087512895, 1747852.721856198273599 ], [ 1097032.541581087512895, 1747852.721856198273599 ] ] } },
{ "type": "Feature", "properties": { "road_id": 1756, "shade_9h": 0, "shade_12h": 0, "shade_15h": 0, "shade_18h": 0 }, "geometry": { "type": "LineString", "coordinates": [ [ 1096032.541581087512895, 1747852.721856198273599 ], [ 1096032.541581087512895, 1748852.721856198273599 ] ] } },
{ "type": "Feature", "properties": { "road_id": 1757, "shade_9h": 0, "shade_12h": 0, "shade_15h": 0, "shade_18h": 0 }, "geometry": { "type": "LineString", "coordinates": [ [ 1096032.541581087512895, 1748852.721856198273599 ], [ 1097032.541581087512895, 1748852.721856198273599 ] ] } },
{ "type": "Feature", "properties": { "road_id": 1758, "shade_9h": 0, "shade_12h": 0, "shade_15h": 0, "shade_18h": 0 }, "geometry": { "type": "LineString", "coordinates": [ [ 1096032.541581087512895, 1748852.721856198273599 ], [ 1096032.541581087512895, 1749852.721856198273599 ] ] } },
{ "type": "Feature", "properties": { "road_id": 1759, "shade_9h": 0, "shade_12h": 0, "shade_15h": 0, "shade_18h": 33 }, "geometry": { "type": "LineString", "coordinates": [ [ 1096032.541581087512895, 1749852.721856198273599 ], [ 1097032.541581087512895, 1749852.721856198273599 ] ] } },
{ "type": "Feature", "properties": { "road_id": 1760, "shade_9h": 0, "shade_12h": 0, "shade_15h": 0, "shade_18h": 0 }, "geometry": { "type": "LineString", "coordinates": [ [ 1096032.541581087512895, 1749852.721856198273599 ], [ 1096032.541581087512895, 1750852.721856198273599 ] ] } },
{ "type": "Feature", "properties": { "road_id": 1761, "shade_9h": 0, "shade_12h": 0, "shade_15h": 0, "shade_18h": 0 }, "geometry": { "type": "LineString", "coordinates": [ [ 1096032.541581087512895, 1750852.721856198273599 ], [ 1097032.541581087512895, 1750852.721856198273599 ] ] } },
{ "type": "Feature", "properties": { "road_id": 1762, "shade_9h": 0, "shade_12h": 0, "shade_15h": 0, "shade_18h": 0 }, "geometry": { "type": "LineString", "coordinates": [ [ 1096032.541581087512895, 1750852.721856198273599 ], [ 1096032.541581087512895, 1751852.721856198273599 ] ] } },
{ "type": "Feature", "properties": { "road_id": 1763, "shade_9h": 5, "shade_12h": 0, "shade_15h": 4, "shade_18h": 31 }, "geometry": { "type": "LineString", "coordinates": [ [ 1096032.541581087512895, 1751852.721856198273599 ], [ 1097032.541581087512895, 1751852.721856198273599 ] ] } },
{ "type": "Feature", "properties": { "road_id": 1764, "shade_9h": 1, "shade_12h": 1, "shade_15h": 1, "shade_18h": 1 }, "geometry": { "type": "LineString", "coordinates": [ [ 1096032.541581087512895, 1751852.721856198273599 ], [ 1096032.541581087512895, 1752852.721856198273599 ] ] } },
{ "type": "Feature", "properties": { "road_id": 1765, "shade_9h": 0, "shade_12h": 0, "shade_15h": 0, "shade_18h": 4 }, "geometry": { "type": "LineString", "coordinates": [ [ 1096032.541581087512895, 1752852.721856198273599 ], [ 1097032.541581087512895, 1752852.721856198273599 ] ] } },
{ "type": "Feature", "properties": { "road_id": 1766, "shade_9h": 0, "shade_12h": 0, "shade_15h": 0, "shade_18h": 0 }, "geometry": { "type": "LineString", "coordinates": [ [ 1096032.541581087512895, 1752852.721856198273599 ], [ 1096032.541581087512895, 1753852.721856198273599 ] ] } },
{ "type": "Feature", "properties": { "road_id": 1767, "shade_9h": 0, "shade_12h": 0, "shade_15h": 0, "shade_18h": 0 }, "geometry": { "type": "LineString", "coordinates": [ [ 1096032.541581087512895, 1753852.721856198273599 ], [ 1097032.541581087512895, 1753852.721856198273599 ] ] } },
{ "type": "Feature", "properties": { "road_id": 1768, "shade_9h": 9, "shade_12h": 4, "shade_15h": 8, "shade_18h": 27 }, "geometry": { "type": "LineString", "coordinates": [ [ 1096032.541581087512895, 1753852.721856198273599 ], [ 1096032.541581087512895, 1754852.721856198273599 ] ] } },
{ "type": "Feature", "properties": { "road_id": 1769, "shade_9h": 1, "shade_12h": 0, "shade_15h": 1, "shade_18h": 20 }, "geometry": { "type": "LineString", "coordinates": [ [ 1096032.541581087512895, 1754852.721856198273599 ], [ 1097032.541581087512895, 1754852.721856198273599 ] ] } },
{ "type": "Feature", "properties": { "road_id": 1770, "shade_9h": 0, "shade_12h": 0, "shade_15h": 0, "shade_18h": 19 }, "geometry": { "type": "LineString", "coordinates": [ [ 1096032.541581087512895, 1754852.721856198273599 ], [ 1096032.541581087512895, 1755852.721856198273599 ] ] } },
{ "type": "Feature", "properties": { "road_id": 1771, "shade_9h": 6, "shade_12h": 4, "shade_15h": 6, "shade_18h": 22 }, "geometry": { "type": "LineString", "coordinates": [ [ 1096032.541581087512895, 1755852.721856198273599 ], [ 1097032.541581087512895, 1755852.721856198273599 ] ] } },
{ "type": "Feature", "properties": { "road_id": 1772, "shade_9h": 1, "shade_12h": 0, "shade_15h": 1, "shade_18h": 4 }, "geometry": { "type": "LineString", "coordinates": [ [ 1096032.541581087512895, 1755852.721856198273599 ], [ 1096032.541581087512895, 1756852.721856198273599 ] ] } },
{ "type": "Feature", "properties": { "road_id": 1773, "shade_9h": 1, "shade_12h": 1, "shade_15h": 1, "shade_18h": 5 }, "geometry": { "type": "LineString", "coordinates": [ [ 1096032.541581087512895, 1756852.721856198273599 ], [ 1097032.541581087512895, 1756852.721856198273599 ] ] } },
{ "type": "Feature", "properties": { "road_id": 1774, "shade_9h": 1, "shade_12h": 1, "shade_15h": 1, "shade_18h": 4 }, "geometry": { "type": "LineString", "coordinates": [ [ 1096032.541581087512895, 1756852.721856198273599 ], [ 1096032.541581087512895, 1757852.721856198273599 ] ] } },
{ "type": "Feature", "properties": { "road_id": 1775, "shade_9h": 0, "shade_12h": 0, "shade_15h": 0, "shade_18h": 0 }, "geometry": { "type": "LineString", "coordinates": [ [ 1096032.541581087512895, 1757852.721856198273599 ], [ 1097032.541581087512895, 1757852.721856198273599 ] ] } },
{ "type": "Feature", "properties": { "road_id": 1776, "shade_9h": 0, "shade_12h": 0, "shade_15h": 0, "shade_18h": 0 }, "geometry": { "type": "LineString", "coordinates": [ [ 1096032.541581087512895, 1757852.721856198273599 ], [ 1096032.541581087512895, 1758852.721856198273599 ] ] } },
{ "type": "Feature", "properties": { "road_id": 1777, "shade_9h": 0, "shade_12h": 0, "shade_15h": 0, "shade_18h": 0 }, "geometry": { "type": "LineString", "coordinates": [ [ 1096032.541581087512895, 1758852.721856198273599 ], [ 1097032.541581087512895, 1758852.721856198273599 ] ] } },
{ "type": "Feature", "properties": { "road_id": 1778, "shade_9h": 0, "shade_12h": 0, "shade_15h": 0, "shade_18h": 26 }, "geometry": { "type": "LineString", "coordinates": [ [ 1096032.541581087512895, 1758852.721856198273599 ], [ 1096032.541581087512895, 1759852.721856198273599 ] ] } },
{ "type": "Feature", "properties": { "road_id": 1779, "shade_9h": 0, "shade_12h": 0, "shade_15h": 0, "shade_18h": 0 }, "geometry": { "type": "LineString", "coordinates": [ [ 1096032.541581087512895, 1759852.721856198273599 ], [ 1097032.541581087512895, 1759852.721856198273599 ] ] } },
{ "type": "Feature", "properties": { "road_id": 1780, "shade_9h": 0, "shade_12h": 0, "shade_15h": 0, "shade_18h": 0 }, "geometry": { "type": "LineString", "coordinates": [ [ 1096032.541581087512895, 1759852.721856198273599 ], [ 1096032.541581087512895, 1760852.721856198273599 ] ] } },
{ "type": "Feature", "properties": { "road_id": 1781, "shade_9h": 0, "shade_12h": 0, "shade_15h": 0, "shade_18h": 0 }, "geometry": { "type": "LineString", "coordinates": [ [ 1096032.541581087512895, 1760852.721856198273599 ], [ 1097032.541581087512895, 1760852.721856198273599 ] ] } },
{ "type": "Feature", "properties": { "road_id": 1782, "shade_9h": 0, "shade_12h": 0, "shade_15h": 0, "shade_18h": 0 }, "geometry": { "type": "LineString", "coordinates": [ [ 1096032.541581087512895, 1760852.721856198273599 ], [ 1096032.541581087512895, 1761852.721856198273599 ] ] } },
{ "type": "Feature", "properties": { "road_id": 1783, "shade_9h": 6, "shade_12h": 3, "shade_15h": 6, "shade_18h": 25 }, "geometry": { "type": "LineString", "coordinates": [ [ 1096032.541581087512895, 1761852.721856198273599 ], [ 1097032.541581087512895, 1761852.721856198273599 ] ] } },
{ "type": "Feature", "properties": { "road_id": 1784, "shade_9h": 0, "shade_12h": 0, "shade_15h": 0, "shade_18h": 0 }, "geometry": { "type": "LineString", "coordinates": [ [ 1096032.541581087512895, 1761852.721856198273599 ], [ 1096032.541581087512895, 1762852.721856198273599 ] ] } },
{ "type": "Feature", "properties": { "road_id": 1785, "shade_9h": 0, "shade_12h": 0, "shade_15h": 0, "shade_18h": 0 }, "geometry": { "type": "LineString", "coordinates": [ [ 1096032.541581087512895, 1762852.721856198273599 ], [ 1097032.541581087512895, 1762852.721856198273599 ] ] } },
{ "type": "Feature", "properties": { "road_id": 1786, "shade_9h": 0, "shade_12h": 0, "shade_15h": 0, "shade_18h": 0 }, "geometry": { "type": "LineString", "coordinates": [ [ 1096032.541581087512895, 1762852.721856198273599 ], [ 1096032.541581087512895, 1763852.721856198273599 ] ] } },
{ "type": "Feature", "properties": { "road_id": 1787, "shade_9h": 0, "shade_12h": 0, "shade_15h": 0, "shade_18h": 0 }, "geometry": { "type": "LineString", "coordinates": [ [ 1096032.541581087512895, 1763852.721856198273599 ], [ 1097032.541581087512895, 1763852.721856198273599 ] ] } },
{ "type": "Feature", "properties": { "road_id": 1788, "shade_9h": 0, "shade_12h": 0, "shade_15h": 0, "shade_18h": 0 }, "geometry": { "type": "LineString", "coordinates": [ [ 1096032.541581087512895, 1763852.721856198273599 ], [ 1096032.541581087512895, 1764852.721856198273599 ] ] } },
{ "type": "Feature", "properties": { "road_id": 1789, "shade_9h": 0, "shade_12h": 0, "shade_15h": 0, "shade_18h": 0 }, "geometry": { "type": "LineString", "coordinates": [ [ 1096032.541581087512895, 1764852.721856198273599 ], [ 1097032.541581087512895, 1764852.721856198273599 ] ] } },
{ "type": "Feature", "properties": { "road_id": 1790, "shade_9h": 1, "shade_12h": 1, "shade_15h": 1, "shade_18h": 9 }, "geometry": { "type": "LineString", "coordinates": [ [ 1096032.541581087512895, 1764852.721856198273599 ], [ 1096032.541581087512895, 1765852.721856198273599 ] ] } },
{ "type": "Feature", "properties": { "road_id": 1791, "shade_9h": 0, "shade_12h": 0, "shade_15h": 0, "shade_18h": 0 }, "geometry": { "type": "LineString", "coordinates": [ [ 1096032.541581087512895, 1765852.721856198273599 ], [ 1097032.541581087512895, 1765852.721856198273599 ] ] } },
{ "type": "Feature", "properties": { "road_id": 1792, "shade_9h": 0, "shade_12h": 0, "shade_15h": 0, "shade_18h": 0 }, "geometry": { "type": "LineString", "coordinates": [ [ 1096032.541581087512895, 1765852.721856198273599 ], [ 1096032.541581087512895, 1766852.721856198273599 ] ] } },
{ "type": "Feature", "properties": { "road_id": 1793, "shade_9h": 0, "shade_12h": 0, "shade_15h": 0, "shade_18h": 0 }, "geometry": { "type": "LineString", "coordinates": [ [ 1096032.541581087512895, 1766852.721856198273599 ], [ 1097032.541581087512895, 1766852.721856198273599 ] ] } },
{ "type": "Feature", "properties": { "road_id": 1794, "shade_9h": 0, "shade_12h": 0, "shade_15h": 0, "shade_18h": 0 }, "geometry": { "type": "LineString", "coordinates": [ [ 1096032.541581087512895, 1766852.721856198273599 ], [ 1096032.541581087512895, 1767852.721856198273599 ] ] } },
{ "type": "Feature", "properties": { "road_id": 1795, "shade_9h": 0, "shade_12h": 0, "shade_15h": 0, "shade_18h": 0 }, "geometry": { "type": "LineString", "coordinates": [ [ 1096032.541581087512895, 1767852.721856198273599 ], [ 1097032.541581087512895, 1767852.721856198273599 ] ] } },
{ "type": "Feature", "properties": { "road_id": 1796, "shade_9h": 0, "shade_12h": 0, "shade_15h": 0, "shade_18h": 16 }, "geometry": { "type": "LineString", "coordinates": [ [ 1096032.541581087512895, 1767852.721856198273599 ], [ 1096032.541581087512895, 1768852.721856198273599 ] ] } },
{ "type": "Feature", "properties": { "road_id": 1797, "shade_9h": 6, "shade_12h": 0, "shade_15h": 5, "shade_18h": 34 }, "geometry": { "type": "LineString", "coordinates": [ [ 1096032.541581087512895, 1768852.721856198273599 ], [ 1097032.541581087512895, 1768852.721856198273599 ] ] } },
{ "type": "Feature", "properties": { "road_id": 1798, "shade_9h": 0, "shade_12h": 0, "shade_15h": 0, "shade_18h": 11 }, "geometry": { "type": "LineString", "coordinates": [ [ 1096032.541581087512895, 1768852.721856198273599 ], [ 1096032.541581087512895, 1769852.721856198273599 ] ] } },
{ "type": "Feature", "properties": { "road_id": 1799, "shade_9h": 6, "shade_12h": 0, "shade_15h": 5, "shade_18h": 40 }, "geometry": { "type": "LineString", "coordinates": [ [ 1096032.541581087512895, 1769852.721856198273599 ], [ 1097032.541581087512895, 1769852.721856198273599 ] ] } },
{ "type": "Feature", "properties": { "road_id": 1800, "shade_9h": 0, "shade_12h": 0, "shade_15h": 0, "shade_18h": 19 }, "geometry": { "type": "LineString", "coordinates": [ [ 1096032.541581087512895, 1769852.721856198273599 ], [ 1096032.541581087512895, 1770852.721856198273599 ] ] } },
{ "type": "Feature", "properties": { "road_id": 1801, "shade_9h": 0, "shade_12h": 0, "shade_15h": 0, "shade_18h": 0 }, "geometry": { "type": "LineString", "coordinates": [ [ 1096032.541581087512895, 1770852.721856198273599 ], [ 1097032.541581087512895, 1770852.721856198273599 ] ] } },
{ "type": "Feature", "properties": { "road_id": 1802, "shade_9h": 0, "shade_12h": 0, "shade_15h": 0, "shade_18h": 0 }, "geometry": { "type": "LineString", "coordinates": [ [ 1096032.541581087512895, 1770852.721856198273599 ], [ 1096032.541581087512895, 1771852.721856198273599 ] ] } },
{ "type": "Feature", "properties": { "road_id": 1803, "shade_9h": 0, "shade_12h": 0, "shade_15h": 0, "shade_18h": 0 }, "geometry": { "type": "LineString", "coordinates": [ [ 1096032.541581087512895, 1771852.721856198273599 ], [ 1097032.541581087512895, 1771852.721856198273599 ] ] } },
{ "type": "Feature", "properties": { "road_id": 1804, "shade_9h": 0, "shade_12h": 0, "shade_15h": 0, "shade_18h": 0 }, "geometry": { "type": "LineString", "coordinates": [ [ 1096032.541581087512895, 1771852.721856198273599 ], [ 1096032.541581087512895, 1772852.721856198273599 ] ] } },
{ "type": "Feature", "properties": { "road_id": 1805, "shade_9h": 0, "shade_12h": 0, "shade_15h": 0, "shade_18h": 0 }, "geometry": { "type": "LineString", "coordinates": [ [ 1096032.541581087512895, 1772852.721856198273599 ], [ 1097032.541581087512895, 1772852.721856198273599 ] ] } },
{ "type": "Feature", "properties": { "road_id": 1806, "shade_9h": 0, "shade_12h": 0, "shade_15h": 0, "shade_18h": 0 }, "geometry": { "type": "LineString", "coordinates": [ [ 1096032.541581087512895, 1772852.721856198273599 ], [ 1096032.541581087512895, 1773852.721856198273599 ] ] } },
{ "type": "Feature", "properties": { "road_id": 1807, "shade_9h": 0, "shade_12h": 0, "shade_15h": 0, "shade_18h": 0 }, "geometry": { "type": "LineString", "coordinates": [ [ 1096032.541581087512895, 1773852.721856198273599 ], [ 1097032.541581087512895, 1773852.721856198273599 ] ] } },
{ "type": "Feature", "properties": { "road_id": 1808, "shade_9h": 0, "shade_12h": 0, "shade_15h": 0, "shade_18h": 0 }, "geometry": { "type": "LineString", "coordinates": [ [ 1096032.541581087512895, 1773852.721856198273599 ], [ 1096032.541581087512895, 1774852.721856198273599 ] ] } },
{ "type": "Feature", "properties": { "road_id": 1809, "shade_9h": 0, "shade_12h": 0, "shade_15h": 0, "shade_18h": 0 }, "geometry": { "type": "LineString", "coordinates": [ [ 1096032.541581087512895, 1774852.721856198273599 ], [ 1097032.541581087512895, 1774852.721856198273599 ] ] } },
{ "type": "Feature", "properties": { "road_id": 1810, "shade_9h": 5, "shade_12h": 2, "shade_15h": 5, "shade_18h": 26 }, "geometry": { "type": "LineString", "coordinates": [ [ 1096032.541581087512895, 1774852.721856198273599 ], [ 1096032.541581087512895, 1775852.721856198273599 ] ] } },
{ "type": "Feature", "properties": { "road_id": 1811, "shade_9h": 0, "shade_12h": 0, "shade_15h": 0, "shade_18h": 0 }, "geometry": { "type": "LineString", "coordinates": [ [ 1096032.541581087512895, 1775852.721856198273599 ], [ 1097032.541581087512895, 1775852.721856198273599 ] ] } },
{ "type": "Feature", "properties": { "road_id": 1812, "shade_9h": 0, "shade_12h": 0, "shade_15h": 0, "shade_18h": 0 }, "geometry": { "type": "LineString", "coordinates": [ [ 1096032.541581087512895, 1775852.721856198273599 ], [ 1096032.541581087512895, 1776852.721856198273599 ] ] } },
{ "type": "Feature", "properties": { "road_id": 1813, "shade_9h": 0, "shade_12h": 0, "shade_15h": 0, "shade_18h": 0 }, "geometry": { "type": "LineString", "coordinates": [ [ 1096032.541581087512895, 1776852.721856198273599 ], [ 1097032.541581087512895, 1776852.721856198273599 ] ] } },
{ "type": "Feature", "properties": { "road_id": 1814, "shade_9h": 3, "shade_12h": 0, "shade_15h": 2, "shade_18h": 24 }, "geometry": { "type": "LineString", "coordinates": [ [ 1096032.541581087512895, 1776852.721856198273599 ], [ 1096032.541581087512895, 1777852.721856198273599 ] ] } },
{ "type": "Feature", "properties": { "road_id": 1815, "shade_9h": 1, "shade_12h": 1, "shade_15h": 1, "shade_18h": 18 }, "geometry": { "type": "LineString", "coordinates": [ [ 1096032.541581087512895, 1777852.721856198273599 ], [ 1097032.541581087512895, 1777852.721856198273599 ] ] } },
{ "type": "Feature", "properties": { "road_id": 1816, "shade_9h": 0, "shade_12h": 0, "shade_15h": 0, "shade_18h": 20 }, "geometry": { "type": "LineString", "coordinates": [ [ 1096032.541581087512895, 1777852.721856198273599 ], [ 1096032.541581087512895, 1778852.721856198273599 ] ] } },
{ "type": "Feature", "properties": { "road_id": 1817, "shade_9h": 0, "shade_12h": 0, "shade_15h": 0, "shade_18h": 0 }, "geometry": { "type": "LineString", "coordinates": [ [ 1096032.541581087512895, 1778852.721856198273599 ], [ 1097032.541581087512895, 1778852.721856198273599 ] ] } },
{ "type": "Feature", "properties": { "road_id": 1818, "shade_9h": 0, "shade_12h": 0, "shade_15h": 0, "shade_18h": 0 }, "geometry": { "type": "LineString", "coordinates": [ [ 1096032.541581087512895, 1778852.721856198273599 ], [ 1096032.541581087512895, 1779852.721856198273599 ] ] } },
{ "type": "Feature", "properties": { "road_id": 1819, "shade_9h": 1, "shade_12h": 1, "shade_15h": 1, "shade_18h": 1 }, "geometry": { "type": "LineString", "coordinates": [ [ 1096032.541581087512895, 1779852.721856198273599 ], [ 1097032.541581087512895, 1779852.721856198273599 ] ] } },
{ "type": "Feature", "properties": { "road_id": 1820, "shade_9h": 0, "shade_12h": 0, "shade_15h": 0, "shade_18h": 0 }, "geometry": { "type": "LineString", "coordinates": [ [ 1097032.541581087512895, 1734852.721856198273599 ], [ 1098032.541581087512895, 1734852.721856198273599 ] ] } },
{ "type": "Feature", "properties": { "road_id": 1821, "shade_9h": 4, "shade_12h": 0, "shade_15h": 3, "shade_18h": 37 }, "geometry": { "type": "LineString", "coordinates": [ [ 1097032.541581087512895, 1734852.721856198273599 ], [ 1097032.541581087512895, 1735852.721856198273599 ] ] } },
{ "type": "Feature", "properties": { "road_id": 1822, "shade_9h": 10, "shade_12h": 4, "shade_15h": 9, "shade_18h": 49 }, "geometry": { "type": "LineString", "coordinates": [ [ 1097032.541581087512895, 1735852.721856198273599 ], [ 1098032.541581087512895, 1735852.721856198273599 ] ] } },
{ "type": "Feature", "properties": { "road_id": 1823, "shade_9h": 0, "shade_12h": 0, "shade_15h": 0, "shade_18h": 0 }, "geometry": { "type": "LineString", "coordinates": [ [ 1097032.541581087512895, 1735852.721856198273599 ], [ 1097032.541581087512895, 1736852.721856198273599 ] ] } },
{ "type": "Feature", "properties": { "road_id": 1824, "shade_9h": 1, "shade_12h": 0, "shade_15h": 1, "shade_18h": 13 }, "geometry": { "type": "LineString", "coordinates": [ [ 1097032.541581087512895, 1736852.721856198273599 ], [ 1098032.541581087512895, 1736852.721856198273599 ] ] } },
{ "type": "Feature", "properties": { "road_id": 1825, "shade_9h": 0, "shade_12h": 0, "shade_15h": 0, "shade_18h": 0 }, "geometry": { "type": "LineString", "coordinates": [ [ 1097032.541581087512895, 1736852.721856198273599 ], [ 1097032.541581087512895, 1737852.721856198273599 ] ] } },
{ "type": "Feature", "properties": { "road_id": 1826, "shade_9h": 3, "shade_12h": 0, "shade_15h": 1, "shade_18h": 33 }, "geometry": { "type": "LineString", "coordinates": [ [ 1097032.541581087512895, 1737852.721856198273599 ], [ 1098032.541581087512895, 1737852.721856198273599 ] ] } },
{ "type": "Feature", "properties": { "road_id": 1827, "shade_9h": 0, "shade_12h": 0, "shade_15h": 0, "shade_18h": 28 }, "geometry": { "type": "LineString", "coordinates": [ [ 1097032.541581087512895, 1737852.721856198273599 ], [ 1097032.541581087512895, 1738852.721856198273599 ] ] } },
{ "type": "Feature", "properties": { "road_id": 1828, "shade_9h": 0, "shade_12h": 0, "shade_15h": 0, "shade_18h": 0 }, "geometry": { "type": "LineString", "coordinates": [ [ 1097032.541581087512895, 1738852.721856198273599 ], [ 1098032.541581087512895, 1738852.721856198273599 ] ] } },
{ "type": "Feature", "properties": { "road_id": 1829, "shade_9h": 0, "shade_12h": 0, "shade_15h": 0, "shade_18h": 0 }, "geometry": { "type": "LineString", "coordinates": [ [ 1097032.541581087512895, 1738852.721856198273599 ], [ 1097032.541581087512895, 1739852.721856198273599 ] ] } },
{ "type": "Feature", "properties": { "road_id": 1830, "shade_9h": 0, "shade_12h": 0, "shade_15h": 0, "shade_18h": 0 }, "geometry": { "type": "LineString", "coordinates": [ [ 1097032.541581087512895, 1739852.721856198273599 ], [ 1098032.541581087512895, 1739852.721856198273599 ] ] } },
{ "type": "Feature", "properties": { "road_id": 1831, "shade_9h": 0, "shade_12h": 0, "shade_15h": 0, "shade_18h": 0 }, "geometry": { "type": "LineString", "coordinates": [ [ 1097032.541581087512895, 1739852.721856198273599 ], [ 1097032.541581087512895, 1740852.721856198273599 ] ] } },
{ "type": "Feature", "properties": { "road_id": 1832, "shade_9h": 0, "shade_12h": 0, "shade_15h": 0, "shade_18h": 12 }, "geometry": { "type": "LineString", "coordinates": [ [ 1097032.541581087512895, 1740852.721856198273599 ], [ 1098032.541581087512895, 1740852.721856198273599 ] ] } },
{ "type": "Feature", "properties": { "road_id": 1833, "shade_9h": 3, "shade_12h": 2, "shade_15h": 3, "shade_18h": 16 }, "geometry": { "type": "LineString", "coordinates": [ [ 1097032.541581087512895, 1740852.721856198273599 ], [ 1097032.541581087512895, 1741852.721856198273599 ] ] } },
{ "type": "Feature", "properties": { "road_id": 1834, "shade_9h": 0, "shade_12h": 0, "shade_15h": 0, "shade_18h": 0 }, "geometry": { "type": "LineString", "coordinates": [ [ 1097032.541581087512895, 1741852.721856198273599 ], [ 1098032.541581087512895, 1741852.721856198273599 ] ] } },
{ "type": "Feature", "properties": { "road_id": 1835, "shade_9h": 0, "shade_12h": 0, "shade_15h": 0, "shade_18h": 0 }, "geometry": { "type": "LineString", "coordinates": [ [ 1097032.541581087512895, 1741852.721856198273599 ], [ 1097032.541581087512895, 1742852.721856198273599 ] ] } },
{ "type": "Feature", "properties": { "road_id": 1836, "shade_9h": 5, "shade_12h": 2, "shade_15h": 5, "shade_18h": 30 }, "geometry": { "type": "LineString", "coordinates": [ [ 1097032.541581087512895, 1742852.721856198273599 ], [ 1098032.541581087512895, 1742852.721856198273599 ] ] } },
{ "type": "Feature", "properties": { "road_id": 1837, "shade_9h": 0, "shade_12h": 0, "shade_15h": 0, "shade_18h": 0 }, "geometry": { "type": "LineString", "coordinates": [ [ 1097032.541581087512895, 1742852.721856198273599 ], [ 1097032.541581087512895, 1743852.721856198273599 ] ] } },
{ "type": "Feature", "properties": { "road_id": 1838, "shade_9h": 8, "shade_12h": 3, "shade_15h": 7, "shade_18h": 41 }, "geometry": { "type": "LineString", "coordinates": [ [ 1097032.541581087512895, 1743852.721856198273599 ], [ 1098032.541581087512895, 1743852.721856198273599 ] ] } },
{ "type": "Feature", "properties": { "road_id": 1839, "shade_9h": 0, "shade_12h": 0, "shade_15h": 0, "shade_18h": 0 }, "geometry": { "type": "LineString", "coordinates": [ [ 1097032.541581087512895, 1743852.721856198273599 ], [ 1097032.541581087512895, 1744852.721856198273599 ] ] } },
{ "type": "Feature", "properties": { "road_id": 1840, "shade_9h": 0, "shade_12h": 0, "shade_15h": 0, "shade_18h": 0 }, "geometry": { "type": "LineString", "coordinates": [ [ 1097032.541581087512895, 1744852.721856198273599 ], [ 1098032.541581087512895, 1744852.721856198273599 ] ] } },
{ "type": "Feature", "properties": { "road_id": 1841, "shade_9h": 0, "shade_12h": 0, "shade_15h": 0, "shade_18h": 0 }, "geometry": { "type": "LineString", "coordinates": [ [ 1097032.541581087512895, 1744852.721856198273599 ], [ 1097032.541581087512895, 1745852.721856198273599 ] ] } },
{ "type": "Feature", "properties": { "road_id": 1842, "shade_9h": 0, "shade_12h": 0, "shade_15h": 0, "shade_18h": 0 }, "geometry": { "type": "LineString", "coordinates": [ [ 1097032.541581087512895, 1745852.721856198273599 ], [ 1098032.541581087512895, 1745852.721856198273599 ] ] } },
{ "type": "Feature", "properties": { "road_id": 1843, "shade_9h": 0, "shade_12h": 0, "shade_15h": 0, "shade_18h": 0 }, "geometry": { "type": "LineString", "coordinates": [ [ 1097032.541581087512895, 1745852.721856198273599 ], [ 1097032.541581087512895, 1746852.721856198273599 ] ] } },
{ "type": "Feature", "properties": { "road_id": 1844, "shade_9h": 0, "shade_12h": 0, "shade_15h": 0, "shade_18h": 0 }, "geometry": { "type": "LineString", "coordinates": [ [ 1097032.541581087512895, 1746852.721856198273599 ], [ 1098032.541581087512895, 1746852.721856198273599 ] ] } },
{ "type": "Feature", "properties": { "road_id": 1845, "shade_9h": 8, "shade_12h": 3, "shade_15h": 7, "shade_18h": 44 }, "geometry": { "type": "LineString", "coordinates": [ [ 1097032.541581087512895, 1746852.721856198273599 ], [ 1097032.541581087512895, 1747852.721856198273599 ] ] } },
{ "type": "Feature", "properties": { "road_id": 1846, "shade_9h": 0, "shade_12h": 0, "shade_15h": 0, "shade_18h": 0 }, "geometry": { "type": "LineString", "coordinates": [ [ 1097032.541581087512895, 1747852.721856198273599 ], [ 1098032.541581087512895, 1747852.721856198273599 ] ] } },
{ "type": "Feature", "properties": { "road_id": 1847, "shade_9h": 0, "shade_12h": 0, "shade_15h": 0, "shade_18h": 0 }, "geometry": { "type": "LineString", "coordinates": [ [ 1097032.541581087512895, 1747852.721856198273599 ], [ 1097032.541581087512895, 1748852.721856198273599 ] ] } },
{ "type": "Feature", "properties": { "road_id": 1848, "shade_9h": 8, "shade_12h": 4, "shade_15h": 7, "shade_18h": 39 }, "geometry": { "type": "LineString", "coordinates": [ [ 1097032.541581087512895, 1748852.721856198273599 ], [ 1098032.541581087512895, 1748852.721856198273599 ] ] } },
{ "type": "Feature", "properties": { "road_id": 1849, "shade_9h": 0, "shade_12h": 0, "shade_15h": 0, "shade_18h": 19 }, "geometry": { "type": "LineString", "coordinates": [ [ 1097032.541581087512895, 1748852.721856198273599 ], [ 1097032.541581087512895, 1749852.721856198273599 ] ] } },
{ "type": "Feature", "properties": { "road_id": 1850, "shade_9h": 8, "shade_12h": 3, "shade_15h": 8, "shade_18h": 37 }, "geometry": { "type": "LineString", "coordinates": [ [ 1097032.541581087512895, 1749852.721856198273599 ], [ 1098032.541581087512895, 1749852.721856198273599 ] ] } },
{ "type": "Feature", "properties": { "road_id": 1851, "shade_9h": 0, "shade_12h": 0, "shade_15h": 0, "shade_18h": 22 }, "geometry": { "type": "LineString", "coordinates": [ [ 1097032.541581087512895, 1749852.721856198273599 ], [ 1097032.541581087512895, 1750852.721856198273599 ] ] } },
{ "type": "Feature", "properties": { "road_id": 1852, "shade_9h": 0, "shade_12h": 0, "shade_15h": 0, "shade_18h": 0 }, "geometry": { "type": "LineString", "coordinates": [ [ 1097032.541581087512895, 1750852.721856198273599 ], [ 1098032.541581087512895, 1750852.721856198273599 ] ] } },
{ "type": "Feature", "properties": { "road_id": 1853, "shade_9h": 0, "shade_12h": 0, "shade_15h": 0, "shade_18h": 0 }, "geometry": { "type": "LineString", "coordinates": [ [ 1097032.541581087512895, 1750852.721856198273599 ], [ 1097032.541581087512895, 1751852.721856198273599 ] ] } },
{ "type": "Feature", "properties": { "road_id": 1854, "shade_9h": 1, "shade_12h": 0, "shade_15h": 0, "shade_18h": 21 }, "geometry": { "type": "LineString", "coordinates": [ [ 1097032.541581087512895, 1751852.721856198273599 ], [ 1098032.541581087512895, 1751852.721856198273599 ] ] } },
{ "type": "Feature", "properties": { "road_id": 1855, "shade_9h": 0, "shade_12h": 0, "shade_15h": 0, "shade_18h": 10 }, "geometry": { "type": "LineString", "coordinates": [ [ 1097032.541581087512895, 1751852.721856198273599 ], [ 1097032.541581087512895, 1752852.721856198273599 ] ] } },
{ "type": "Feature", "properties": { "road_id": 1856, "shade_9h": 8, "shade_12h": 4, "shade_15h": 8, "shade_18h": 39 }, "geometry": { "type": "LineString", "coordinates": [ [ 1097032.541581087512895, 1752852.721856198273599 ], [ 1098032.541581087512895, 1752852.721856198273599 ] ] } },
{ "type": "Feature", "properties": { "road_id": 1857, "shade_9h": 1, "shade_12h": 1, "shade_15h": 1, "shade_18h": 8 }, "geometry": { "type": "LineString", "coordinates": [ [ 1097032.541581087512895, 1752852.721856198273599 ], [ 1097032.541581087512895, 1753852.721856198273599 ] ] } },
{ "type": "Feature", "properties": { "road_id": 1858, "shade_9h": 0, "shade_12h": 0, "shade_15h": 0, "shade_18h": 0 }, "geometry": { "type": "LineString", "coordinates": [ [ 1097032.541581087512895, 1753852.721856198273599 ], [ 1098032.541581087512895, 1753852.721856198273599 ] ] } },
{ "type": "Feature", "properties": { "road_id": 1859, "shade_9h": 0, "shade_12h": 0, "shade_15h": 0, "shade_18h": 0 }, "geometry": { "type": "LineString", "coordinates": [ [ 1097032.541581087512895, 1753852.721856198273599 ], [ 1097032.541581087512895, 1754852.721856198273599 ] ] } },
{ "type": "Feature", "properties": { "road_id": 1860, "shade_9h": 0, "shade_12h": 0, "shade_15h": 0, "shade_18h": 0 }, "geometry": { "type": "LineString", "coordinates": [ [ 1097032.541581087512895, 1754852.721856198273599 ], [ 1098032.541581087512895, 1754852.721856198273599 ] ] } },
{ "type": "Feature", "properties": { "road_id": 1861, "shade_9h": 2, "shade_12h": 0, "shade_15h": 2, "shade_18h": 19 }, "geometry": { "type": "LineString", "coordinates": [ [ 1097032.541581087512895, 1754852.721856198273599 ], [ 1097032.541581087512895, 1755852.721856198273599 ] ] } },
{ "type": "Feature", "properties": { "road_id": 1862, "shade_9h": 1, "shade_12h": 0, "shade_15h": 1, "shade_18h": 17 }, "geometry": { "type": "LineString", "coordinates": [ [ 1097032.541581087512895, 1755852.721856198273599 ], [ 1098032.541581087512895, 1755852.721856198273599 ] ] } },
{ "type": "Feature", "properties": { "road_id": 1863, "shade_9h": 7, "shade_12h": 3, "shade_15h": 6, "shade_18h": 40 }, "geometry": { "type": "LineString", "coordinates": [ [ 1097032.541581087512895, 1755852.721856198273599 ], [ 1097032.541581087512895, 1756852.721856198273599 ] ] } },
{ "type": "Feature", "properties": { "road_id": 1864, "shade_9h": 0, "shade_12h": 0, "shade_15h": 0, "shade_18h": 0 }, "geometry": { "type": "LineString", "coordinates": [ [ 1097032.541581087512895, 1756852.721856198273599 ], [ 1098032.541581087512895, 1756852.721856198273599 ] ] } },
{ "type": "Feature", "properties": { "road_id": 1865, "shade_9h": 6, "shade_12h": 0, "shade_15h": 5, "shade_18h": 34 }, "geometry": { "type": "LineString", "coordinates": [ [ 1097032.541581087512895, 1756852.721856198273599 ], [ 1097032.541581087512895, 1757852.721856198273599 ] ] } },
{ "type": "Feature", "properties": { "road_id": 1866, "shade_9h": 0, "shade_12h": 0, "shade_15h": 0, "shade_18h": 0 }, "geometry": { "type": "LineString", "coordinates": [ [ 1097032.541581087512895, 1757852.721856198273599 ], [ 1098032.541581087512895, 1757852.721856198273599 ] ] } },
{ "type": "Feature", "properties": { "road_id": 1867, "shade_9h": 0, "shade_12h": 0, "shade_15h": 0, "shade_18h": 0 }, "geometry": { "type": "LineString", "coordinates": [ [ 1097032.541581087512895, 1757852.721856198273599 ], [ 1097032.541581087512895, 1758852.721856198273599 ] ] } },
{ "type": "Feature", "properties": { "road_id": 1868, "shade_9h": 0, "shade_12h": 0, "shade_15h": 0, "shade_18h": 0 }, "geometry": { "type": "LineString", "coordinates": [ [ 1097032.541581087512895, 1758852.721856198273599 ], [ 1098032.541581087512895, 1758852.721856198273599 ] ] } },
{ "type": "Feature", "properties": { "road_id": 1869, "shade_9h": 0, "shade_12h": 0, "shade_15h": 0, "shade_18h": 0 }, "geometry": { "type": "LineString", "coordinates": [ [ 1097032.541581087512895, 1758852.721856198273599 ], [ 1097032.541581087512895, 1759852.721856198273599 ] ] } },
{ "type": "Feature", "properties": { "road_id": 1870, "shade_9h": 1, "shade_12h": 1, "shade_15h": 1, "shade_18h": 1 }, "geometry": { "type": "LineString", "coordinates": [ [ 1097032.541581087512895, 1759852.721856198273599 ], [ 1098032.541581087512895, 1759852.721856198273599 ] ] } },
{ "type": "Feature", "properties": { "road_id": 1871, "shade_9h": 0, "shade_12h": 0, "shade_15h": 0, "shade_18h": 0 }, "geometry": { "type": "LineString", "coordinates": [ [ 1097032.541581087512895, 1759852.721856198273599 ], [ 1097032.541581087512895, 1760852.721856198273599 ] ] } },
{ "type": "Feature", "properties": { "road_id": 1872, "shade_9h": 0, "shade_12h": 0, "shade_15h": 0, "shade_18h": 0 }, "geometry": { "type": "LineString", "coordinates": [ [ 1097032.541581087512895, 1760852.721856198273599 ], [ 1098032.541581087512895, 1760852.721856198273599 ] ] } },
{ "type": "Feature", "properties": { "road_id": 1873, "shade_9h": 0, "shade_12h": 0, "shade_15h": 0, "shade_18h": 0 }, "geometry": { "type": "LineString", "coordinates": [ [ 1097032.541581087512895, 1760852.721856198273599 ], [ 1097032.541581087512895, 1761852.721856198273599 ] ] } },
{ "type": "Feature", "properties": { "road_id": 1874, "shade_9h": 0, "shade_12h": 0, "shade_15h": 0, "shade_18h": 0 }, "geometry": { "type": "LineString", "coordinates": [ [ 1097032.541581087512895, 1761852.721856198273599 ], [ 1098032.541581087512895, 1761852.721856198273599 ] ] } },
{ "type": "Feature", "properties": { "road_id": 1875, "shade_9h": 0, "shade_12h": 0, "shade_15h": 0, "shade_18h": 0 }, "geometry": { "type": "LineString", "coordinates": [ [ 1097032.541581087512895, 1761852.721856198273599 ], [ 1097032.541581087512895, 1762852.721856198273599 ] ] } },
{ "type": "Feature", "properties": { "road_id": 1876, "shade_9h": 0, "shade_12h": 0, "shade_15h": 0, "shade_18h": 0 }, "geometry": { "type": "LineString", "coordinates": [ [ 1097032.541581087512895, 1762852.721856198273599 ], [ 1098032.541581087512895, 1762852.721856198273599 ] ] } },
{ "type": "Feature", "properties": { "road_id": 1877, "shade_9h": 0, "shade_12h": 0, "shade_15h": 0, "shade_18h": 0 }, "geometry": { "type": "LineString", "coordinates": [ [ 1097032.541581087512895, 1762852.721856198273599 ], [ 1097032.541581087512895, 1763852.721856198273599 ] ] } },
{ "type": "Feature", "properties": { "road_id": 1878, "shade_9h": 0, "shade_12h": 0, "shade_15h": 0, "shade_18h": 0 }, "geometry": { "type": "LineString", "coordinates": [ [ 1097032.541581087512895, 1763852.721856198273599 ], [ 1098032.541581087512895, 1763852.721856198273599 ] ] } },
{ "type": "Feature", "properties": { "road_id": 1879, "shade_9h": 0, "shade_12h": 0, "shade_15h": 0, "shade_18h": 0 }, "geometry": { "type": "LineString", "coordinates": [ [ 1097032.541581087512895, 1763852.721856198273599 ], [ 1097032.541581087512895, 1764852.721856198273599 ] ] } },
{ "type": "Feature", "properties": { "road_id": 1880, "shade_9h": 0, "shade_12h": 0, "shade_15h": 0, "shade_18h": 0 }, "geometry": { "type": "LineString", "coordinates": [ [ 1097032.541581087512895, 1764852.721856198273599 ], [ 1098032.541581087512895, 1764852.721856198273599 ] ] } },
{ "type": "Feature", "properties": { "road_id": 1881, "shade_9h": 0, "shade_12h": 0, "shade_15h": 0, "shade_18h": 0 }, "geometry": { "type": "LineString", "coordinates": [ [ 1097032.541581087512895, 1764852.721856198273599 ], [ 1097032.541581087512895, 1765852.721856198273599 ] ] } },
{ "type": "Feature", "properties": { "road_id": 1882, "shade_9h": 0, "shade_12h": 0, "shade_15h": 0, "shade_18h": 0 }, "geometry": { "type": "LineString", "coordinates": [ [ 1097032.541581087512895, 1765852.721856198273599 ], [ 1098032.541581087512895, 1765852.721856198273599 ] ] } },
{ "type": "Feature", "properties": { "road_id": 1883, "shade_9h": 0, "shade_12h": 0, "shade_15h": 0, "shade_18h": 0 }, "geometry": { "type": "LineString", "coordinates": [ [ 1097032.541581087512895, 1765852.721856198273599 ], [ 1097032.541581087512895, 1766852.721856198273599 ] ] } },
{ "type": "Feature", "properties": { "road_id": 1884, "shade_9h": 0, "shade_12h": 0, "shade_15h": 0, "shade_18h": 0 }, "geometry": { "type": "LineString", "coordinates": [ [ 1097032.541581087512895, 1766852.721856198273599 ], [ 1098032.541581087512895, 1766852.721856198273599 ] ] } },
{ "type": "Feature", "properties": { "road_id": 1885, "shade_9h": 0, "shade_12h": 0, "shade_15h": 0, "shade_18h": 0 }, "geometry": { "type": "LineString", "coordinates": [ [ 1097032.541581087512895, 1766852.721856198273599 ], [ 1097032.541581087512895, 1767852.721856198273599 ] ] } },
{ "type": "Feature", "properties": { "road_id": 1886, "shade_9h": 0, "shade_12h": 0, "shade_15h": 0, "shade_18h": 0 }, "geometry": { "type": "LineString", "coordinates": [ [ 1097032.541581087512895, 1767852.721856198273599 ], [ 1098032.541581087512895, 1767852.721856198273599 ] ] } },
{ "type": "Feature", "properties": { "road_id": 1887, "shade_9h": 6, "shade_12h": 2, "shade_15h": 5, "shade_18h": 43 }, "geometry": { "type": "LineString", "coordinates": [ [ 1097032.541581087512895, 1767852.721856198273599 ], [ 1097032.541581087512895, 1768852.721856198273599 ] ] } },
{ "type": "Feature", "properties": { "road_id": 1888, "shade_9h": 0, "shade_12h": 0, "shade_15h": 0, "shade_18h": 0 }, "geometry": { "type": "LineString", "coordinates": [ [ 1097032.541581087512895, 1768852.721856198273599 ], [ 1098032.541581087512895, 1768852.721856198273599 ] ] } },
{ "type": "Feature", "properties": { "road_id": 1889, "shade_9h": 1, "shade_12h": 1, "shade_15h": 1, "shade_18h": 1 }, "geometry": { "type": "LineString", "coordinates": [ [ 1097032.541581087512895, 1768852.721856198273599 ], [ 1097032.541581087512895, 1769852.721856198273599 ] ] } },
{ "type": "Feature", "properties": { "road_id": 1890, "shade_9h": 0, "shade_12h": 0, "shade_15h": 0, "shade_18h": 0 }, "geometry": { "type": "LineString", "coordinates": [ [ 1097032.541581087512895, 1769852.721856198273599 ], [ 1098032.541581087512895, 1769852.721856198273599 ] ] } },
{ "type": "Feature", "properties": { "road_id": 1891, "shade_9h": 0, "shade_12h": 0, "shade_15h": 0, "shade_18h": 0 }, "geometry": { "type": "LineString", "coordinates": [ [ 1097032.541581087512895, 1769852.721856198273599 ], [ 1097032.541581087512895, 1770852.721856198273599 ] ] } },
{ "type": "Feature", "properties": { "road_id": 1892, "shade_9h": 0, "shade_12h": 0, "shade_15h": 0, "shade_18h": 0 }, "geometry": { "type": "LineString", "coordinates": [ [ 1097032.541581087512895, 1770852.721856198273599 ], [ 1098032.541581087512895, 1770852.721856198273599 ] ] } },
{ "type": "Feature", "properties": { "road_id": 1893, "shade_9h": 0, "shade_12h": 0, "shade_15h": 0, "shade_18h": 0 }, "geometry": { "type": "LineString", "coordinates": [ [ 1097032.541581087512895, 1770852.721856198273599 ], [ 1097032.541581087512895, 1771852.721856198273599 ] ] } },
{ "type": "Feature", "properties": { "road_id": 1894, "shade_9h": 1, "shade_12h": 1, "shade_15h": 1, "shade_18h": 1 }, "geometry": { "type": "LineString", "coordinates": [ [ 1097032.541581087512895, 1771852.721856198273599 ], [ 1098032.541581087512895, 1771852.721856198273599 ] ] } },
{ "type": "Feature", "properties": { "road_id": 1895, "shade_9h": 0, "shade_12h": 0, "shade_15h": 0, "shade_18h": 0 }, "geometry": { "type": "LineString", "coordinates": [ [ 1097032.541581087512895, 1771852.721856198273599 ], [ 1097032.541581087512895, 1772852.721856198273599 ] ] } },
{ "type": "Feature", "properties": { "road_id": 1896, "shade_9h": 0, "shade_12h": 0, "shade_15h": 0, "shade_18h": 0 }, "geometry": { "type": "LineString", "coordinates": [ [ 1097032.541581087512895, 1772852.721856198273599 ], [ 1098032.541581087512895, 1772852.721856198273599 ] ] } },
{ "type": "Feature", "properties": { "road_id": 1897, "shade_9h": 0, "shade_12h": 0, "shade_15h": 0, "shade_18h": 0 }, "geometry": { "type": "LineString", "coordinates": [ [ 1097032.541581087512895, 1772852.721856198273599 ], [ 1097032.541581087512895, 1773852.721856198273599 ] ] } },
{ "type": "Feature", "properties": { "road_id": 1898, "shade_9h": 0, "shade_12h": 0, "shade_15h": 0, "shade_18h": 0 }, "geometry": { "type": "LineString", "coordinates": [ [ 1097032.541581087512895, 1773852.721856198273599 ], [ 1098032.541581087512895, 1773852.721856198273599 ] ] } },
{ "type": "Feature", "properties": { "road_id": 1899, "shade_9h": 0, "shade_12h": 0, "shade_15h": 0, "shade_18h": 0 }, "geometry": { "type": "LineString", "coordinates": [ [ 1097032.541581087512895, 1773852.721856198273599 ], [ 1097032.541581087512895, 1774852.721856198273599 ] ] } },
{ "type": "Feature", "properties": { "road_id": 1900, "shade_9h": 1, "shade_12h": 1, "shade_15h": 1, "shade_18h": 6 }, "geometry": { "type": "LineString", "coordinates": [ [ 1097032.541581087512895, 1774852.721856198273599 ], [ 1098032.541581087512895, 1774852.721856198273599 ] ] } },
{ "type": "Feature", "properties": { "road_id": 1901, "shade_9h": 0, "shade_12h": 0, "shade_15h": 0, "shade_18h": 0 }, "geometry": { "type": "LineString", "coordinates": [ [ 1097032.541581087512895, 1774852.721856198273599 ], [ 1097032.541581087512895, 1775852.721856198273599 ] ] } },
{ "type": "Feature", "properties": { "road_id": 1902, "shade_9h": 1, "shade_12h": 1, "shade_15h": 1, "shade_18h": 9 }, "geometry": { "type": "LineString", "coordinates": [ [ 1097032.541581087512895, 1775852.721856198273599 ], [ 1098032.541581087512895, 1775852.721856198273599 ] ] } },
{ "type": "Feature", "properties": { "road_id": 1903, "shade_9h": 1, "shade_12h": 1, "shade_15h": 1, "shade_18h": 1 }, "geometry": { "type": "LineString", "coordinates": [ [ 1097032.541581087512895, 1775852.721856198273599 ], [ 1097032.541581087512895, 1776852.721856198273599 ] ] } },
{ "type": "Feature", "properties": { "road_id": 1904, "shade_9h": 0, "shade_12h": 0, "shade_15h": 0, "shade_18h": 0 }, "geometry": { "type": "LineString", "coordinates": [ [ 1097032.541581087512895, 1776852.721856198273599 ], [ 1098032.541581087512895, 1776852.721856198273599 ] ] } },
{ "type": "Feature", "properties": { "road_id": 1905, "shade_9h": 0, "shade_12h": 0, "shade_15h": 0, "shade_18h": 0 }, "geometry": { "type": "LineString", "coordinates": [ [ 1097032.541581087512895, 1776852.721856198273599 ], [ 1097032.541581087512895, 1777852.721856198273599 ] ] } },
{ "type": "Feature", "properties": { "road_id": 1906, "shade_9h": 0, "shade_12h": 0, "shade_15h": 0, "shade_18h": 0 }, "geometry": { "type": "LineString", "coordinates": [ [ 1097032.541581087512895, 1777852.721856198273599 ], [ 1098032.541581087512895, 1777852.721856198273599 ] ] } },
{ "type": "Feature", "properties": { "road_id": 1907, "shade_9h": 0, "shade_12h": 0, "shade_15h": 0, "shade_18h": 0 }, "geometry": { "type": "LineString", "coordinates": [ [ 1097032.541581087512895, 1777852.721856198273599 ], [ 1097032.541581087512895, 1778852.721856198273599 ] ] } },
{ "type": "Feature", "properties": { "road_id": 1908, "shade_9h": 0, "shade_12h": 0, "shade_15h": 0, "shade_18h": 0 }, "geometry": { "type": "LineString", "coordinates": [ [ 1097032.541581087512895, 1778852.721856198273599 ], [ 1098032.541581087512895, 1778852.721856198273599 ] ] } },
{ "type": "Feature", "properties": { "road_id": 1909, "shade_9h": 0, "shade_12h": 0, "shade_15h": 0, "shade_18h": 0 }, "geometry": { "type": "LineString", "coordinates": [ [ 1097032.541581087512895, 1778852.721856198273599 ], [ 1097032.541581087512895, 1779852.721856198273599 ] ] } },
{ "type": "Feature", "properties": { "road_id": 1910, "shade_9h": 0, "shade_12h": 0, "shade_15h": 0, "shade_18h": 0 }, "geometry": { "type": "LineString", "coordinates": [ [ 1097032.541581087512895, 1779852.721856198273599 ], [ 1098032.541581087512895, 1779852.721856198273599 ] ] } },
{ "type": "Feature", "properties": { "road_id": 1911, "shade_9h": 0, "shade_12h": 0, "shade_15h": 0, "shade_18h": 0 }, "geometry": { "type": "LineString", "coordinates": [ [ 1098032.541581087512895, 1734852.721856198273599 ], [ 1099032.541581087512895, 1734852.721856198273599 ] ] } },
{ "type": "Feature", "properties": { "road_id": 1912, "shade_9h": 0, "shade_12h": 0, "shade_15h": 0, "shade_18h": 9 }, "geometry": { "type": "LineString", "coordinates": [ [ 1098032.541581087512895, 1734852.721856198273599 ], [ 1098032.541581087512895, 1735852.721856198273599 ] ] } },
{ "type": "Feature", "properties": { "road_id": 1913, "shade_9h": 0, "shade_12h": 0, "shade_15h": 0, "shade_18h": 0 }, "geometry": { "type": "LineString", "coordinates": [ [ 1098032.541581087512895, 1735852.721856198273599 ], [ 1099032.541581087512895, 1735852.721856198273599 ] ] } },
{ "type": "Feature", "properties": { "road_id": 1914, "shade_9h": 5, "shade_12h": 3, "shade_15h": 5, "shade_18h": 21 }, "geometry": { "type": "LineString", "coordinates": [ [ 1098032.541581087512895, 1735852.721856198273599 ], [ 1098032.541581087512895, 1736852.721856198273599 ] ] } },
{ "type": "Feature", "properties": { "road_id": 1915, "shade_9h": 7, "shade_12h": 2, "shade_15h": 7, "shade_18h": 38 }, "geometry": { "type": "LineString", "coordinates": [ [ 1098032.541581087512895, 1736852.721856198273599 ], [ 1099032.541581087512895, 1736852.721856198273599 ] ] } },
{ "type": "Feature", "properties": { "road_id": 1916, "shade_9h": 2, "shade_12h": 1, "shade_15h": 2, "shade_18h": 14 }, "geometry": { "type": "LineString", "coordinates": [ [ 1098032.541581087512895, 1736852.721856198273599 ], [ 1098032.541581087512895, 1737852.721856198273599 ] ] } },
{ "type": "Feature", "properties": { "road_id": 1917, "shade_9h": 0, "shade_12h": 0, "shade_15h": 0, "shade_18h": 0 }, "geometry": { "type": "LineString", "coordinates": [ [ 1098032.541581087512895, 1737852.721856198273599 ], [ 1099032.541581087512895, 1737852.721856198273599 ] ] } },
{ "type": "Feature", "properties": { "road_id": 1918, "shade_9h": 0, "shade_12h": 0, "shade_15h": 0, "shade_18h": 0 }, "geometry": { "type": "LineString", "coordinates": [ [ 1098032.541581087512895, 1737852.721856198273599 ], [ 1098032.541581087512895, 1738852.721856198273599 ] ] } },
{ "type": "Feature", "properties": { "road_id": 1919, "shade_9h": 0, "shade_12h": 0, "shade_15h": 0, "shade_18h": 0 }, "geometry": { "type": "LineString", "coordinates": [ [ 1098032.541581087512895, 1738852.721856198273599 ], [ 1099032.541581087512895, 1738852.721856198273599 ] ] } },
{ "type": "Feature", "properties": { "road_id": 1920, "shade_9h": 0, "shade_12h": 0, "shade_15h": 0, "shade_18h": 0 }, "geometry": { "type": "LineString", "coordinates": [ [ 1098032.541581087512895, 1738852.721856198273599 ], [ 1098032.541581087512895, 1739852.721856198273599 ] ] } },
{ "type": "Feature", "properties": { "road_id": 1921, "shade_9h": 0, "shade_12h": 0, "shade_15h": 0, "shade_18h": 0 }, "geometry": { "type": "LineString", "coordinates": [ [ 1098032.541581087512895, 1739852.721856198273599 ], [ 1099032.541581087512895, 1739852.721856198273599 ] ] } },
{ "type": "Feature", "properties": { "road_id": 1922, "shade_9h": 0, "shade_12h": 0, "shade_15h": 0, "shade_18h": 22 }, "geometry": { "type": "LineString", "coordinates": [ [ 1098032.541581087512895, 1739852.721856198273599 ], [ 1098032.541581087512895, 1740852.721856198273599 ] ] } },
{ "type": "Feature", "properties": { "road_id": 1923, "shade_9h": 3, "shade_12h": 0, "shade_15h": 0, "shade_18h": 27 }, "geometry": { "type": "LineString", "coordinates": [ [ 1098032.541581087512895, 1740852.721856198273599 ], [ 1099032.541581087512895, 1740852.721856198273599 ] ] } },
{ "type": "Feature", "properties": { "road_id": 1924, "shade_9h": 0, "shade_12h": 0, "shade_15h": 0, "shade_18h": 15 }, "geometry": { "type": "LineString", "coordinates": [ [ 1098032.541581087512895, 1740852.721856198273599 ], [ 1098032.541581087512895, 1741852.721856198273599 ] ] } },
{ "type": "Feature", "properties": { "road_id": 1925, "shade_9h": 0, "shade_12h": 0, "shade_15h": 0, "shade_18h": 0 }, "geometry": { "type": "LineString", "coordinates": [ [ 1098032.541581087512895, 1741852.721856198273599 ], [ 1099032.541581087512895, 1741852.721856198273599 ] ] } },
{ "type": "Feature", "properties": { "road_id": 1926, "shade_9h": 0, "shade_12h": 0, "shade_15h": 0, "shade_18h": 0 }, "geometry": { "type": "LineString", "coordinates": [ [ 1098032.541581087512895, 1741852.721856198273599 ], [ 1098032.541581087512895, 1742852.721856198273599 ] ] } },
{ "type": "Feature", "properties": { "road_id": 1927, "shade_9h": 0, "shade_12h": 0, "shade_15h": 0, "shade_18h": 0 }, "geometry": { "type": "LineString", "coordinates": [ [ 1098032.541581087512895, 1742852.721856198273599 ], [ 1099032.541581087512895, 1742852.721856198273599 ] ] } },
{ "type": "Feature", "properties": { "road_id": 1928, "shade_9h": 6, "shade_12h": 2, "shade_15h": 6, "shade_18h": 37 }, "geometry": { "type": "LineString", "coordinates": [ [ 1098032.541581087512895, 1742852.721856198273599 ], [ 1098032.541581087512895, 1743852.721856198273599 ] ] } },
{ "type": "Feature", "properties": { "road_id": 1929, "shade_9h": 1, "shade_12h": 0, "shade_15h": 1, "shade_18h": 14 }, "geometry": { "type": "LineString", "coordinates": [ [ 1098032.541581087512895, 1743852.721856198273599 ], [ 1099032.541581087512895, 1743852.721856198273599 ] ] } },
{ "type": "Feature", "properties": { "road_id": 1930, "shade_9h": 0, "shade_12h": 0, "shade_15h": 0, "shade_18h": 38 }, "geometry": { "type": "LineString", "coordinates": [ [ 1098032.541581087512895, 1743852.721856198273599 ], [ 1098032.541581087512895, 1744852.721856198273599 ] ] } },
{ "type": "Feature", "properties": { "road_id": 1931, "shade_9h": 0, "shade_12h": 0, "shade_15h": 0, "shade_18h": 11 }, "geometry": { "type": "LineString", "coordinates": [ [ 1098032.541581087512895, 1744852.721856198273599 ], [ 1099032.541581087512895, 1744852.721856198273599 ] ] } },
{ "type": "Feature", "properties": { "road_id": 1932, "shade_9h": 0, "shade_12h": 0, "shade_15h": 0, "shade_18h": 0 }, "geometry": { "type": "LineString", "coordinates": [ [ 1098032.541581087512895, 1744852.721856198273599 ], [ 1098032.541581087512895, 1745852.721856198273599 ] ] } },
{ "type": "Feature", "properties": { "road_id": 1933, "shade_9h": 0, "shade_12h": 0, "shade_15h": 0, "shade_18h": 0 }, "geometry": { "type": "LineString", "coordinates": [ [ 1098032.541581087512895, 1745852.721856198273599 ], [ 1099032.541581087512895, 1745852.721856198273599 ] ] } },
{ "type": "Feature", "properties": { "road_id": 1934, "shade_9h": 0, "shade_12h": 0, "shade_15h": 0, "shade_18h": 0 }, "geometry": { "type": "LineString", "coordinates": [ [ 1098032.541581087512895, 1745852.721856198273599 ], [ 1098032.541581087512895, 1746852.721856198273599 ] ] } },
{ "type": "Feature", "properties": { "road_id": 1935, "shade_9h": 0, "shade_12h": 0, "shade_15h": 0, "shade_18h": 0 }, "geometry": { "type": "LineString", "coordinates": [ [ 1098032.541581087512895, 1746852.721856198273599 ], [ 1099032.541581087512895, 1746852.721856198273599 ] ] } },
{ "type": "Feature", "properties": { "road_id": 1936, "shade_9h": 0, "shade_12h": 0, "shade_15h": 0, "shade_18h": 0 }, "geometry": { "type": "LineString", "coordinates": [ [ 1098032.541581087512895, 1746852.721856198273599 ], [ 1098032.541581087512895, 1747852.721856198273599 ] ] } },
{ "type": "Feature", "properties": { "road_id": 1937, "shade_9h": 0, "shade_12h": 0, "shade_15h": 0, "shade_18h": 0 }, "geometry": { "type": "LineString", "coordinates": [ [ 1098032.541581087512895, 1747852.721856198273599 ], [ 1099032.541581087512895, 1747852.721856198273599 ] ] } },
{ "type": "Feature", "properties": { "road_id": 1938, "shade_9h": 1, "shade_12h": 1, "shade_15h": 1, "shade_18h": 1 }, "geometry": { "type": "LineString", "coordinates": [ [ 1098032.541581087512895, 1747852.721856198273599 ], [ 1098032.541581087512895, 1748852.721856198273599 ] ] } },
{ "type": "Feature", "properties": { "road_id": 1939, "shade_9h": 0, "shade_12h": 0, "shade_15h": 0, "shade_18h": 4 }, "geometry": { "type": "LineString", "coordinates": [ [ 1098032.541581087512895, 1748852.721856198273599 ], [ 1099032.541581087512895, 1748852.721856198273599 ] ] } },
{ "type": "Feature", "properties": { "road_id": 1940, "shade_9h": 0, "shade_12h": 0, "shade_15h": 0, "shade_18h": 0 }, "geometry": { "type": "LineString", "coordinates": [ [ 1098032.541581087512895, 1748852.721856198273599 ], [ 1098032.541581087512895, 1749852.721856198273599 ] ] } },
{ "type": "Feature", "properties": { "road_id": 1941, "shade_9h": 0, "shade_12h": 0, "shade_15h": 0, "shade_18h": 0 }, "geometry": { "type": "LineString", "coordinates": [ [ 1098032.541581087512895, 1749852.721856198273599 ], [ 1099032.541581087512895, 1749852.721856198273599 ] ] } },
{ "type": "Feature", "properties": { "road_id": 1942, "shade_9h": 1, "shade_12h": 1, "shade_15h": 1, "shade_18h": 1 }, "geometry": { "type": "LineString", "coordinates": [ [ 1098032.541581087512895, 1749852.721856198273599 ], [ 1098032.541581087512895, 1750852.721856198273599 ] ] } },
{ "type": "Feature", "properties": { "road_id": 1943, "shade_9h": 7, "shade_12h": 2, "shade_15h": 6, "shade_18h": 40 }, "geometry": { "type": "LineString", "coordinates": [ [ 1098032.541581087512895, 1750852.721856198273599 ], [ 1099032.541581087512895, 1750852.721856198273599 ] ] } },
{ "type": "Feature", "properties": { "road_id": 1944, "shade_9h": 0, "shade_12h": 0, "shade_15h": 0, "shade_18h": 0 }, "geometry": { "type": "LineString", "coordinates": [ [ 1098032.541581087512895, 1750852.721856198273599 ], [ 1098032.541581087512895, 1751852.721856198273599 ] ] } },
{ "type": "Feature", "properties": { "road_id": 1945, "shade_9h": 0, "shade_12h": 0, "shade_15h": 0, "shade_18h": 0 }, "geometry": { "type": "LineString", "coordinates": [ [ 1098032.541581087512895, 1751852.721856198273599 ], [ 1099032.541581087512895, 1751852.721856198273599 ] ] } },
{ "type": "Feature", "properties": { "road_id": 1946, "shade_9h": 0, "shade_12h": 0, "shade_15h": 0, "shade_18h": 0 }, "geometry": { "type": "LineString", "coordinates": [ [ 1098032.541581087512895, 1751852.721856198273599 ], [ 1098032.541581087512895, 1752852.721856198273599 ] ] } },
{ "type": "Feature", "properties": { "road_id": 1947, "shade_9h": 0, "shade_12h": 0, "shade_15h": 0, "shade_18h": 0 }, "geometry": { "type": "LineString", "coordinates": [ [ 1098032.541581087512895, 1752852.721856198273599 ], [ 1099032.541581087512895, 1752852.721856198273599 ] ] } },
{ "type": "Feature", "properties": { "road_id": 1948, "shade_9h": 0, "shade_12h": 0, "shade_15h": 0, "shade_18h": 0 }, "geometry": { "type": "LineString", "coordinates": [ [ 1098032.541581087512895, 1752852.721856198273599 ], [ 1098032.541581087512895, 1753852.721856198273599 ] ] } },
{ "type": "Feature", "properties": { "road_id": 1949, "shade_9h": 0, "shade_12h": 0, "shade_15h": 0, "shade_18h": 0 }, "geometry": { "type": "LineString", "coordinates": [ [ 1098032.541581087512895, 1753852.721856198273599 ], [ 1099032.541581087512895, 1753852.721856198273599 ] ] } },
{ "type": "Feature", "properties": { "road_id": 1950, "shade_9h": 0, "shade_12h": 0, "shade_15h": 0, "shade_18h": 0 }, "geometry": { "type": "LineString", "coordinates": [ [ 1098032.541581087512895, 1753852.721856198273599 ], [ 1098032.541581087512895, 1754852.721856198273599 ] ] } },
{ "type": "Feature", "properties": { "road_id": 1951, "shade_9h": 0, "shade_12h": 0, "shade_15h": 0, "shade_18h": 0 }, "geometry": { "type": "LineString", "coordinates": [ [ 1098032.541581087512895, 1754852.721856198273599 ], [ 1099032.541581087512895, 1754852.721856198273599 ] ] } },
{ "type": "Feature", "properties": { "road_id": 1952, "shade_9h": 3, "shade_12h": 3, "shade_15h": 3, "shade_18h": 9 }, "geometry": { "type": "LineString", "coordinates": [ [ 1098032.541581087512895, 1754852.721856198273599 ], [ 1098032.541581087512895, 1755852.721856198273599 ] ] } },
{ "type": "Feature", "properties": { "road_id": 1953, "shade_9h": 0, "shade_12h": 0, "shade_15h": 0, "shade_18h": 21 }, "geometry": { "type": "LineString", "coordinates": [ [ 1098032.541581087512895, 1755852.721856198273599 ], [ 1099032.541581087512895, 1755852.721856198273599 ] ] } },
{ "type": "Feature", "properties": { "road_id": 1954, "shade_9h": 0, "shade_12h": 0, "shade_15h": 0, "shade_18h": 0 }, "geometry": { "type": "LineString", "coordinates": [ [ 1098032.541581087512895, 1755852.721856198273599 ], [ 1098032.541581087512895, 1756852.721856198273599 ] ] } },
{ "type": "Feature", "properties": { "road_id": 1955, "shade_9h": 4, "shade_12h": 0, "shade_15h": 4, "shade_18h": 24 }, "geometry": { "type": "LineString", "coordinates": [ [ 1098032.541581087512895, 1756852.721856198273599 ], [ 1099032.541581087512895, 1756852.721856198273599 ] ] } },
{ "type": "Feature", "properties": { "road_id": 1956, "shade_9h": 0, "shade_12h": 0, "shade_15h": 0, "shade_18h": 0 }, "geometry": { "type": "LineString", "coordinates": [ [ 1098032.541581087512895, 1756852.721856198273599 ], [ 1098032.541581087512895, 1757852.721856198273599 ] ] } },
{ "type": "Feature", "properties": { "road_id": 1957, "shade_9h": 0, "shade_12h": 0, "shade_15h": 0, "shade_18h": 0 }, "geometry": { "type": "LineString", "coordinates": [ [ 1098032.541581087512895, 1757852.721856198273599 ], [ 1099032.541581087512895, 1757852.721856198273599 ] ] } },
{ "type": "Feature", "properties": { "road_id": 1958, "shade_9h": 0, "shade_12h": 0, "shade_15h": 0, "shade_18h": 0 }, "geometry": { "type": "LineString", "coordinates": [ [ 1098032.541581087512895, 1757852.721856198273599 ], [ 1098032.541581087512895, 1758852.721856198273599 ] ] } },
{ "type": "Feature", "properties": { "road_id": 1959, "shade_9h": 7, "shade_12h": 3, "shade_15h": 6, "shade_18h": 33 }, "geometry": { "type": "LineString", "coordinates": [ [ 1098032.541581087512895, 1758852.721856198273599 ], [ 1099032.541581087512895, 1758852.721856198273599 ] ] } },
{ "type": "Feature", "properties": { "road_id": 1960, "shade_9h": 0, "shade_12h": 0, "shade_15h": 0, "shade_18h": 0 }, "geometry": { "type": "LineString", "coordinates": [ [ 1098032.541581087512895, 1758852.721856198273599 ], [ 1098032.541581087512895, 1759852.721856198273599 ] ] } },
{ "type": "Feature", "properties": { "road_id": 1961, "shade_9h": 0, "shade_12h": 0, "shade_15h": 0, "shade_18h": 0 }, "geometry": { "type": "LineString", "coordinates": [ [ 1098032.541581087512895, 1759852.721856198273599 ], [ 1099032.541581087512895, 1759852.721856198273599 ] ] } },
{ "type": "Feature", "properties": { "road_id": 1962, "shade_9h": 0, "shade_12h": 0, "shade_15h": 0, "shade_18h": 0 }, "geometry": { "type": "LineString", "coordinates": [ [ 1098032.541581087512895, 1759852.721856198273599 ], [ 1098032.541581087512895, 1760852.721856198273599 ] ] } },
{ "type": "Feature", "properties": { "road_id": 1963, "shade_9h": 0, "shade_12h": 0, "shade_15h": 0, "shade_18h": 0 }, "geometry": { "type": "LineString", "coordinates": [ [ 1098032.541581087512895, 1760852.721856198273599 ], [ 1099032.541581087512895, 1760852.721856198273599 ] ] } },
{ "type": "Feature", "properties": { "road_id": 1964, "shade_9h": 0, "shade_12h": 0, "shade_15h": 0, "shade_18h": 0 }, "geometry": { "type": "LineString", "coordinates": [ [ 1098032.541581087512895, 1760852.721856198273599 ], [ 1098032.541581087512895, 1761852.721856198273599 ] ] } },
{ "type": "Feature", "properties": { "road_id": 1965, "shade_9h": 0, "shade_12h": 0, "shade_15h": 0, "shade_18h": 0 }, "geometry": { "type": "LineString", "coordinates": [ [ 1098032.541581087512895, 1761852.721856198273599 ], [ 1099032.541581087512895, 1761852.721856198273599 ] ] } },
{ "type": "Feature", "properties": { "road_id": 1966, "shade_9h": 0, "shade_12h": 0, "shade_15h": 0, "shade_18h": 0 }, "geometry": { "type": "LineString", "coordinates": [ [ 1098032.541581087512895, 1761852.721856198273599 ], [ 1098032.541581087512895, 1762852.721856198273599 ] ] } },
{ "type": "Feature", "properties": { "road_id": 1967, "shade_9h": 0, "shade_12h": 0, "shade_15h": 0, "shade_18h": 0 }, "geometry": { "type": "LineString", "coordinates": [ [ 1098032.541581087512895, 1762852.721856198273599 ], [ 1099032.541581087512895, 1762852.721856198273599 ] ] } },
{ "type": "Feature", "properties": { "road_id": 1968, "shade_9h": 7, "shade_12h": 2, "shade_15h": 7, "shade_18h": 38 }, "geometry": { "type": "LineString", "coordinates": [ [ 1098032.541581087512895, 1762852.721856198273599 ], [ 1098032.541581087512895, 1763852.721856198273599 ] ] } },
{ "type": "Feature", "properties": { "road_id": 1969, "shade_9h": 0, "shade_12h": 0, "shade_15h": 0, "shade_18h": 0 }, "geometry": { "type": "LineString", "coordinates": [ [ 1098032.541581087512895, 1763852.721856198273599 ], [ 1099032.541581087512895, 1763852.721856198273599 ] ] } },
{ "type": "Feature", "properties": { "road_id": 1970, "shade_9h": 0, "shade_12h": 0, "shade_15h": 0, "shade_18h": 0 }, "geometry": { "type": "LineString", "coordinates": [ [ 1098032.541581087512895, 1763852.721856198273599 ], [ 1098032.541581087512895, 1764852.721856198273599 ] ] } },
{ "type": "Feature", "properties": { "road_id": 1971, "shade_9h": 0, "shade_12h": 0, "shade_15h": 0, "shade_18h": 0 }, "geometry": { "type": "LineString", "coordinates": [ [ 1098032.541581087512895, 1764852.721856198273599 ], [ 1099032.541581087512895, 1764852.721856198273599 ] ] } },
{ "type": "Feature", "properties": { "road_id": 1972, "shade_9h": 0, "shade_12h": 0, "shade_15h": 0, "shade_18h": 0 }, "geometry": { "type": "LineString", "coordinates": [ [ 1098032.541581087512895, 1764852.721856198273599 ], [ 1098032.541581087512895, 1765852.721856198273599 ] ] } },
{ "type": "Feature", "properties": { "road_id": 1973, "shade_9h": 0, "shade_12h": 0, "shade_15h": 0, "shade_18h": 0 }, "geometry": { "type": "LineString", "coordinates": [ [ 1098032.541581087512895, 1765852.721856198273599 ], [ 1099032.541581087512895, 1765852.721856198273599 ] ] } },
{ "type": "Feature", "properties": { "road_id": 1974, "shade_9h": 0, "shade_12h": 0, "shade_15h": 0, "shade_18h": 0 }, "geometry": { "type": "LineString", "coordinates": [ [ 1098032.541581087512895, 1765852.721856198273599 ], [ 1098032.541581087512895, 1766852.721856198273599 ] ] } },
{ "type": "Feature", "properties": { "road_id": 1975, "shade_9h": 0, "shade_12h": 0, "shade_15h": 0, "shade_18h": 0 }, "geometry": { "type": "LineString", "coordinates": [ [ 1098032.541581087512895, 1766852.721856198273599 ], [ 1099032.541581087512895, 1766852.721856198273599 ] ] } },
{ "type": "Feature", "properties": { "road_id": 1976, "shade_9h": 0, "shade_12h": 0, "shade_15h": 0, "shade_18h": 0 }, "geometry": { "type": "LineString", "coordinates": [ [ 1098032.541581087512895, 1766852.721856198273599 ], [ 1098032.541581087512895, 1767852.721856198273599 ] ] } },
{ "type": "Feature", "properties": { "road_id": 1977, "shade_9h": 0, "shade_12h": 0, "shade_15h": 0, "shade_18h": 0 }, "geometry": { "type": "LineString", "coordinates": [ [ 1098032.541581087512895, 1767852.721856198273599 ], [ 1099032.541581087512895, 1767852.721856198273599 ] ] } },
{ "type": "Feature", "properties": { "road_id": 1978, "shade_9h": 0, "shade_12h": 0, "shade_15h": 0, "shade_18h": 0 }, "geometry": { "type": "LineString", "coordinates": [ [ 1098032.541581087512895, 1767852.721856198273599 ], [ 1098032.541581087512895, 1768852.721856198273599 ] ] } },
{ "type": "Feature", "properties": { "road_id": 1979, "shade_9h": 4, "shade_12h": 0, "shade_15h": 4, "shade_18h": 27 }, "geometry": { "type": "LineString", "coordinates": [ [ 1098032.541581087512895, 1768852.721856198273599 ], [ 1099032.541581087512895, 1768852.721856198273599 ] ] } },
{ "type": "Feature", "properties": { "road_id": 1980, "shade_9h": 6, "shade_12h": 0, "shade_15h": 6, "shade_18h": 29 }, "geometry": { "type": "LineString", "coordinates": [ [ 1098032.541581087512895, 1768852.721856198273599 ], [ 1098032.541581087512895, 1769852.721856198273599 ] ] } },
{ "type": "Feature", "properties": { "road_id": 1981, "shade_9h": 5, "shade_12h": 3, "shade_15h": 5, "shade_18h": 21 }, "geometry": { "type": "LineString", "coordinates": [ [ 1098032.541581087512895, 1769852.721856198273599 ], [ 1099032.541581087512895, 1769852.721856198273599 ] ] } },
{ "type": "Feature", "properties": { "road_id": 1982, "shade_9h": 0, "shade_12h": 0, "shade_15h": 0, "shade_18h": 0 }, "geometry": { "type": "LineString", "coordinates": [ [ 1098032.541581087512895, 1769852.721856198273599 ], [ 1098032.541581087512895, 1770852.721856198273599 ] ] } },
{ "type": "Feature", "properties": { "road_id": 1983, "shade_9h": 0, "shade_12h": 0, "shade_15h": 0, "shade_18h": 0 }, "geometry": { "type": "LineString", "coordinates": [ [ 1098032.541581087512895, 1770852.721856198273599 ], [ 1099032.541581087512895, 1770852.721856198273599 ] ] } },
{ "type": "Feature", "properties": { "road_id": 1984, "shade_9h": 0, "shade_12h": 0, "shade_15h": 0, "shade_18h": 0 }, "geometry": { "type": "LineString", "coordinates": [ [ 1098032.541581087512895, 1770852.721856198273599 ], [ 1098032.541581087512895, 1771852.721856198273599 ] ] } },
{ "type": "Feature", "properties": { "road_id": 1985, "shade_9h": 0, "shade_12h": 0, "shade_15h": 0, "shade_18h": 0 }, "geometry": { "type": "LineString", "coordinates": [ [ 1098032.541581087512895, 1771852.721856198273599 ], [ 1099032.541581087512895, 1771852.721856198273599 ] ] } },
{ "type": "Feature", "properties": { "road_id": 1986, "shade_9h": 0, "shade_12h": 0, "shade_15h": 0, "shade_18h": 0 }, "geometry": { "type": "LineString", "coordinates": [ [ 1098032.541581087512895, 1771852.721856198273599 ], [ 1098032.541581087512895, 1772852.721856198273599 ] ] } },
{ "type": "Feature", "properties": { "road_id": 1987, "shade_9h": 6, "shade_12h": 0, "shade_15h": 5, "shade_18h": 26 }, "geometry": { "type": "LineString", "coordinates": [ [ 1098032.541581087512895, 1772852.721856198273599 ], [ 1099032.541581087512895, 1772852.721856198273599 ] ] } },
{ "type": "Feature", "properties": { "road_id": 1988, "shade_9h": 0, "shade_12h": 0, "shade_15h": 0, "shade_18h": 0 }, "geometry": { "type": "LineString", "coordinates": [ [ 1098032.541581087512895, 1772852.721856198273599 ], [ 1098032.541581087512895, 1773852.721856198273599 ] ] } },
{ "type": "Feature", "properties": { "road_id": 1989, "shade_9h": 0, "shade_12h": 0, "shade_15h": 0, "shade_18h": 0 }, "geometry": { "type": "LineString", "coordinates": [ [ 1098032.541581087512895, 1773852.721856198273599 ], [ 1099032.541581087512895, 1773852.721856198273599 ] ] } },
{ "type": "Feature", "properties": { "road_id": 1990, "shade_9h": 0, "shade_12h": 0, "shade_15h": 0, "shade_18h": 6 }, "geometry": { "type": "LineString", "coordinates": [ [ 1098032.541581087512895, 1773852.721856198273599 ], [ 1098032.541581087512895, 1774852.721856198273599 ] ] } },
{ "type": "Feature", "properties": { "road_id": 1991, "shade_9h": 0, "shade_12h": 0, "shade_15h": 0, "shade_18h": 0 }, "geometry": { "type": "LineString", "coordinates": [ [ 1098032.541581087512895, 1774852.721856198273599 ], [ 1099032.541581087512895, 1774852.721856198273599 ] ] } },
{ "type": "Feature", "properties": { "road_id": 1992, "shade_9h": 0, "shade_12h": 0, "shade_15h": 0, "shade_18h": 2 }, "geometry": { "type": "LineString", "coordinates": [ [ 1098032.541581087512895, 1774852.721856198273599 ], [ 1098032.541581087512895, 1775852.721856198273599 ] ] } },
{ "type": "Feature", "properties": { "road_id": 1993, "shade_9h": 0, "shade_12h": 0, "shade_15h": 0, "shade_18h": 7 }, "geometry": { "type": "LineString", "coordinates": [ [ 1098032.541581087512895, 1775852.721856198273599 ], [ 1099032.541581087512895, 1775852.721856198273599 ] ] } },
{ "type": "Feature", "properties": { "road_id": 1994, "shade_9h": 5, "shade_12h": 1, "shade_15h": 5, "shade_18h": 28 }, "geometry": { "type": "LineString", "coordinates": [ [ 1098032.541581087512895, 1775852.721856198273599 ], [ 1098032.541581087512895, 1776852.721856198273599 ] ] } },
{ "type": "Feature", "properties": { "road_id": 1995, "shade_9h": 0, "shade_12h": 0, "shade_15h": 0, "shade_18h": 0 }, "geometry": { "type": "LineString", "coordinates": [ [ 1098032.541581087512895, 1776852.721856198273599 ], [ 1099032.541581087512895, 1776852.721856198273599 ] ] } },
{ "type": "Feature", "properties": { "road_id": 1996, "shade_9h": 0, "shade_12h": 0, "shade_15h": 0, "shade_18h": 0 }, "geometry": { "type": "LineString", "coordinates": [ [ 1098032.541581087512895, 1776852.721856198273599 ], [ 1098032.541581087512895, 1777852.721856198273599 ] ] } },
{ "type": "Feature", "properties": { "road_id": 1997, "shade_9h": 0, "shade_12h": 0, "shade_15h": 0, "shade_18h": 0 }, "geometry": { "type": "LineString", "coordinates": [ [ 1098032.541581087512895, 1777852.721856198273599 ], [ 1099032.541581087512895, 1777852.721856198273599 ] ] } },
{ "type": "Feature", "properties": { "road_id": 1998, "shade_9h": 0, "shade_12h": 0, "shade_15h": 0, "shade_18h": 0 }, "geometry": { "type": "LineString", "coordinates": [ [ 1098032.541581087512895, 1777852.721856198273599 ], [ 1098032.541581087512895, 1778852.721856198273599 ] ] } },
{ "type": "Feature", "properties": { "road_id": 1999, "shade_9h": 0, "shade_12h": 0, "shade_15h": 0, "shade_18h": 0 }, "geometry": { "type": "LineString", "coordinates": [ [ 1098032.541581087512895, 1778852.721856198273599 ], [ 1099032.541581087512895, 1778852.721856198273599 ] ] } },
{ "type": "Feature", "properties": { "road_id": 2000, "shade_9h": 0, "shade_12h": 0, "shade_15h": 0, "shade_18h": 0 }, "geometry": { "type": "LineString", "coordinates": [ [ 1098032.541581087512895, 1778852.721856198273599 ], [ 1098032.541581087512895, 1779852.721856198273599 ] ] } },
{ "type": "Feature", "properties": { "road_id": 2001, "shade_9h": 0, "shade_12h": 0, "shade_15h": 0, "shade_18h": 0 }, "geometry": { "type": "LineString", "coordinates": [ [ 1098032.541581087512895, 1779852.721856198273599 ], [ 1099032.541581087512895, 1779852.721856198273599 ] ] } },
{ "type": "Feature", "properties": { "road_id": 2002, "shade_9h": 0, "shade_12h": 0, "shade_15h": 0, "shade_18h": 0 }, "geometry": { "type": "LineString", "coordinates": [ [ 1099032.541581087512895, 1734852.721856198273599 ], [ 1100032.541581087512895, 1734852.721856198273599 ] ] } },
{ "type": "Feature", "properties": { "road_id": 2003, "shade_9h": 0, "shade_12h": 0, "shade_15h": 0, "shade_18h": 0 }, "geometry": { "type": "LineString", "coordinates": [ [ 1099032.541581087512895, 1734852.721856198273599 ], [ 1099032.541581087512895, 1735852.721856198273599 ] ] } },
{ "type": "Feature", "properties": { "road_id": 2004, "shade_9h": 0, "shade_12h": 0, "shade_15h": 0, "shade_18h": 0 }, "geometry": { "type": "LineString", "coordinates": [ [ 1099032.541581087512895, 1735852.721856198273599 ], [ 1100032.541581087512895, 1735852.721856198273599 ] ] } },
{ "type": "Feature", "properties": { "road_id": 2005, "shade_9h": 0, "shade_12h": 0, "shade_15h": 0, "shade_18h": 15 }, "geometry": { "type": "LineString", "coordinates": [ [ 1099032.541581087512895, 1735852.721856198273599 ], [ 1099032.541581087512895, 1736852.721856198273599 ] ] } },
{ "type": "Feature", "properties": { "road_id": 2006, "shade_9h": 0, "shade_12h": 0, "shade_15h": 0, "shade_18h": 7 }, "geometry": { "type": "LineString", "coordinates": [ [ 1099032.541581087512895, 1736852.721856198273599 ], [ 1100032.541581087512895, 1736852.721856198273599 ] ] } },
{ "type": "Feature", "properties": { "road_id": 2007, "shade_9h": 0, "shade_12h": 0, "shade_15h": 0, "shade_18h": 18 }, "geometry": { "type": "LineString", "coordinates": [ [ 1099032.541581087512895, 1736852.721856198273599 ], [ 1099032.541581087512895, 1737852.721856198273599 ] ] } },
{ "type": "Feature", "properties": { "road_id": 2008, "shade_9h": 0, "shade_12h": 0, "shade_15h": 0, "shade_18h": 0 }, "geometry": { "type": "LineString", "coordinates": [ [ 1099032.541581087512895, 1737852.721856198273599 ], [ 1100032.541581087512895, 1737852.721856198273599 ] ] } },
{ "type": "Feature", "properties": { "road_id": 2009, "shade_9h": 0, "shade_12h": 0, "shade_15h": 0, "shade_18h": 0 }, "geometry": { "type": "LineString", "coordinates": [ [ 1099032.541581087512895, 1737852.721856198273599 ], [ 1099032.541581087512895, 1738852.721856198273599 ] ] } },
{ "type": "Feature", "properties": { "road_id": 2010, "shade_9h": 2, "shade_12h": 0, "shade_15h": 0, "shade_18h": 13 }, "geometry": { "type": "LineString", "coordinates": [ [ 1099032.541581087512895, 1738852.721856198273599 ], [ 1100032.541581087512895, 1738852.721856198273599 ] ] } },
{ "type": "Feature", "properties": { "road_id": 2011, "shade_9h": 0, "shade_12h": 0, "shade_15h": 0, "shade_18h": 0 }, "geometry": { "type": "LineString", "coordinates": [ [ 1099032.541581087512895, 1738852.721856198273599 ], [ 1099032.541581087512895, 1739852.721856198273599 ] ] } },
{ "type": "Feature", "properties": { "road_id": 2012, "shade_9h": 0, "shade_12h": 0, "shade_15h": 0, "shade_18h": 0 }, "geometry": { "type": "LineString", "coordinates": [ [ 1099032.541581087512895, 1739852.721856198273599 ], [ 1100032.541581087512895, 1739852.721856198273599 ] ] } },
{ "type": "Feature", "properties": { "road_id": 2013, "shade_9h": 0, "shade_12h": 0, "shade_15h": 0, "shade_18h": 0 }, "geometry": { "type": "LineString", "coordinates": [ [ 1099032.541581087512895, 1739852.721856198273599 ], [ 1099032.541581087512895, 1740852.721856198273599 ] ] } },
{ "type": "Feature", "properties": { "road_id": 2014, "shade_9h": 0, "shade_12h": 0, "shade_15h": 0, "shade_18h": 0 }, "geometry": { "type": "LineString", "coordinates": [ [ 1099032.541581087512895, 1740852.721856198273599 ], [ 1100032.541581087512895, 1740852.721856198273599 ] ] } },
{ "type": "Feature", "properties": { "road_id": 2015, "shade_9h": 0, "shade_12h": 0, "shade_15h": 0, "shade_18h": 0 }, "geometry": { "type": "LineString", "coordinates": [ [ 1099032.541581087512895, 1740852.721856198273599 ], [ 1099032.541581087512895, 1741852.721856198273599 ] ] } },
{ "type": "Feature", "properties": { "road_id": 2016, "shade_9h": 0, "shade_12h": 0, "shade_15h": 0, "shade_18h": 0 }, "geometry": { "type": "LineString", "coordinates": [ [ 1099032.541581087512895, 1741852.721856198273599 ], [ 1100032.541581087512895, 1741852.721856198273599 ] ] } },
{ "type": "Feature", "properties": { "road_id": 2017, "shade_9h": 1, "shade_12h": 1, "shade_15h": 1, "shade_18h": 1 }, "geometry": { "type": "LineString", "coordinates": [ [ 1099032.541581087512895, 1741852.721856198273599 ], [ 1099032.541581087512895, 1742852.721856198273599 ] ] } },
{ "type": "Feature", "properties": { "road_id": 2018, "shade_9h": 0, "shade_12h": 0, "shade_15h": 0, "shade_18h": 0 }, "geometry": { "type": "LineString", "coordinates": [ [ 1099032.541581087512895, 1742852.721856198273599 ], [ 1100032.541581087512895, 1742852.721856198273599 ] ] } },
{ "type": "Feature", "properties": { "road_id": 2019, "shade_9h": 0, "shade_12h": 0, "shade_15h": 0, "shade_18h": 0 }, "geometry": { "type": "LineString", "coordinates": [ [ 1099032.541581087512895, 1742852.721856198273599 ], [ 1099032.541581087512895, 1743852.721856198273599 ] ] } },
{ "type": "Feature", "properties": { "road_id": 2020, "shade_9h": 0, "shade_12h": 0, "shade_15h": 0, "shade_18h": 0 }, "geometry": { "type": "LineString", "coordinates": [ [ 1099032.541581087512895, 1743852.721856198273599 ], [ 1100032.541581087512895, 1743852.721856198273599 ] ] } },
{ "type": "Feature", "properties": { "road_id": 2021, "shade_9h": 6, "shade_12h": 3, "shade_15h": 6, "shade_18h": 33 }, "geometry": { "type": "LineString", "coordinates": [ [ 1099032.541581087512895, 1743852.721856198273599 ], [ 1099032.541581087512895, 1744852.721856198273599 ] ] } },
{ "type": "Feature", "properties": { "road_id": 2022, "shade_9h": 0, "shade_12h": 0, "shade_15h": 0, "shade_18h": 0 }, "geometry": { "type": "LineString", "coordinates": [ [ 1099032.541581087512895, 1744852.721856198273599 ], [ 1100032.541581087512895, 1744852.721856198273599 ] ] } },
{ "type": "Feature", "properties": { "road_id": 2023, "shade_9h": 0, "shade_12h": 0, "shade_15h": 0, "shade_18h": 0 }, "geometry": { "type": "LineString", "coordinates": [ [ 1099032.541581087512895, 1744852.721856198273599 ], [ 1099032.541581087512895, 1745852.721856198273599 ] ] } },
{ "type": "Feature", "properties": { "road_id": 2024, "shade_9h": 0, "shade_12h": 0, "shade_15h": 0, "shade_18h": 0 }, "geometry": { "type": "LineString", "coordinates": [ [ 1099032.541581087512895, 1745852.721856198273599 ], [ 1100032.541581087512895, 1745852.721856198273599 ] ] } },
{ "type": "Feature", "properties": { "road_id": 2025, "shade_9h": 0, "shade_12h": 0, "shade_15h": 0, "shade_18h": 0 }, "geometry": { "type": "LineString", "coordinates": [ [ 1099032.541581087512895, 1745852.721856198273599 ], [ 1099032.541581087512895, 1746852.721856198273599 ] ] } },
{ "type": "Feature", "properties": { "road_id": 2026, "shade_9h": 0, "shade_12h": 0, "shade_15h": 0, "shade_18h": 0 }, "geometry": { "type": "LineString", "coordinates": [ [ 1099032.541581087512895, 1746852.721856198273599 ], [ 1100032.541581087512895, 1746852.721856198273599 ] ] } },
{ "type": "Feature", "properties": { "road_id": 2027, "shade_9h": 0, "shade_12h": 0, "shade_15h": 0, "shade_18h": 0 }, "geometry": { "type": "LineString", "coordinates": [ [ 1099032.541581087512895, 1746852.721856198273599 ], [ 1099032.541581087512895, 1747852.721856198273599 ] ] } },
{ "type": "Feature", "properties": { "road_id": 2028, "shade_9h": 0, "shade_12h": 0, "shade_15h": 0, "shade_18h": 0 }, "geometry": { "type": "LineString", "coordinates": [ [ 1099032.541581087512895, 1747852.721856198273599 ], [ 1100032.541581087512895, 1747852.721856198273599 ] ] } },
{ "type": "Feature", "properties": { "road_id": 2029, "shade_9h": 0, "shade_12h": 0, "shade_15h": 0, "shade_18h": 7 }, "geometry": { "type": "LineString", "coordinates": [ [ 1099032.541581087512895, 1747852.721856198273599 ], [ 1099032.541581087512895, 1748852.721856198273599 ] ] } },
{ "type": "Feature", "properties": { "road_id": 2030, "shade_9h": 5, "shade_12h": 3, "shade_15h": 5, "shade_18h": 16 }, "geometry": { "type": "LineString", "coordinates": [ [ 1099032.541581087512895, 1748852.721856198273599 ], [ 1100032.541581087512895, 1748852.721856198273599 ] ] } },
{ "type": "Feature", "properties": { "road_id": 2031, "shade_9h": 0, "shade_12h": 0, "shade_15h": 0, "shade_18h": 10 }, "geometry": { "type": "LineString", "coordinates": [ [ 1099032.541581087512895, 1748852.721856198273599 ], [ 1099032.541581087512895, 1749852.721856198273599 ] ] } },
{ "type": "Feature", "properties": { "road_id": 2032, "shade_9h": 0, "shade_12h": 0, "shade_15h": 0, "shade_18h": 0 }, "geometry": { "type": "LineString", "coordinates": [ [ 1099032.541581087512895, 1749852.721856198273599 ], [ 1100032.541581087512895, 1749852.721856198273599 ] ] } },
{ "type": "Feature", "properties": { "road_id": 2033, "shade_9h": 0, "shade_12h": 0, "shade_15h": 0, "shade_18h": 0 }, "geometry": { "type": "LineString", "coordinates": [ [ 1099032.541581087512895, 1749852.721856198273599 ], [ 1099032.541581087512895, 1750852.721856198273599 ] ] } },
{ "type": "Feature", "properties": { "road_id": 2034, "shade_9h": 0, "shade_12h": 0, "shade_15h": 0, "shade_18h": 0 }, "geometry": { "type": "LineString", "coordinates": [ [ 1099032.541581087512895, 1750852.721856198273599 ], [ 1100032.541581087512895, 1750852.721856198273599 ] ] } },
{ "type": "Feature", "properties": { "road_id": 2035, "shade_9h": 0, "shade_12h": 0, "shade_15h": 0, "shade_18h": 0 }, "geometry": { "type": "LineString", "coordinates": [ [ 1099032.541581087512895, 1750852.721856198273599 ], [ 1099032.541581087512895, 1751852.721856198273599 ] ] } },
{ "type": "Feature", "properties": { "road_id": 2036, "shade_9h": 8, "shade_12h": 2, "shade_15h": 7, "shade_18h": 41 }, "geometry": { "type": "LineString", "coordinates": [ [ 1099032.541581087512895, 1751852.721856198273599 ], [ 1100032.541581087512895, 1751852.721856198273599 ] ] } },
{ "type": "Feature", "properties": { "road_id": 2037, "shade_9h": 0, "shade_12h": 0, "shade_15h": 0, "shade_18h": 0 }, "geometry": { "type": "LineString", "coordinates": [ [ 1099032.541581087512895, 1751852.721856198273599 ], [ 1099032.541581087512895, 1752852.721856198273599 ] ] } },
{ "type": "Feature", "properties": { "road_id": 2038, "shade_9h": 0, "shade_12h": 0, "shade_15h": 0, "shade_18h": 10 }, "geometry": { "type": "LineString", "coordinates": [ [ 1099032.541581087512895, 1752852.721856198273599 ], [ 1100032.541581087512895, 1752852.721856198273599 ] ] } },
{ "type": "Feature", "properties": { "road_id": 2039, "shade_9h": 0, "shade_12h": 0, "shade_15h": 0, "shade_18h": 0 }, "geometry": { "type": "LineString", "coordinates": [ [ 1099032.541581087512895, 1752852.721856198273599 ], [ 1099032.541581087512895, 1753852.721856198273599 ] ] } },
{ "type": "Feature", "properties": { "road_id": 2040, "shade_9h": 0, "shade_12h": 0, "shade_15h": 0, "shade_18h": 0 }, "geometry": { "type": "LineString", "coordinates": [ [ 1099032.541581087512895, 1753852.721856198273599 ], [ 1100032.541581087512895, 1753852.721856198273599 ] ] } },
{ "type": "Feature", "properties": { "road_id": 2041, "shade_9h": 0, "shade_12h": 0, "shade_15h": 0, "shade_18h": 0 }, "geometry": { "type": "LineString", "coordinates": [ [ 1099032.541581087512895, 1753852.721856198273599 ], [ 1099032.541581087512895, 1754852.721856198273599 ] ] } },
{ "type": "Feature", "properties": { "road_id": 2042, "shade_9h": 0, "shade_12h": 0, "shade_15h": 0, "shade_18h": 0 }, "geometry": { "type": "LineString", "coordinates": [ [ 1099032.541581087512895, 1754852.721856198273599 ], [ 1100032.541581087512895, 1754852.721856198273599 ] ] } },
{ "type": "Feature", "properties": { "road_id": 2043, "shade_9h": 2, "shade_12h": 1, "shade_15h": 2, "shade_18h": 11 }, "geometry": { "type": "LineString", "coordinates": [ [ 1099032.541581087512895, 1754852.721856198273599 ], [ 1099032.541581087512895, 1755852.721856198273599 ] ] } },
{ "type": "Feature", "properties": { "road_id": 2044, "shade_9h": 0, "shade_12h": 0, "shade_15h": 0, "shade_18h": 0 }, "geometry": { "type": "LineString", "coordinates": [ [ 1099032.541581087512895, 1755852.721856198273599 ], [ 1100032.541581087512895, 1755852.721856198273599 ] ] } },
{ "type": "Feature", "properties": { "road_id": 2045, "shade_9h": 0, "shade_12h": 0, "shade_15h": 0, "shade_18h": 0 }, "geometry": { "type": "LineString", "coordinates": [ [ 1099032.541581087512895, 1755852.721856198273599 ], [ 1099032.541581087512895, 1756852.721856198273599 ] ] } },
{ "type": "Feature", "properties": { "road_id": 2046, "shade_9h": 0, "shade_12h": 0, "shade_15h": 0, "shade_18h": 44 }, "geometry": { "type": "LineString", "coordinates": [ [ 1099032.541581087512895, 1756852.721856198273599 ], [ 1100032.541581087512895, 1756852.721856198273599 ] ] } },
{ "type": "Feature", "properties": { "road_id": 2047, "shade_9h": 0, "shade_12h": 0, "shade_15h": 0, "shade_18h": 0 }, "geometry": { "type": "LineString", "coordinates": [ [ 1099032.541581087512895, 1756852.721856198273599 ], [ 1099032.541581087512895, 1757852.721856198273599 ] ] } },
{ "type": "Feature", "properties": { "road_id": 2048, "shade_9h": 0, "shade_12h": 0, "shade_15h": 0, "shade_18h": 0 }, "geometry": { "type": "LineString", "coordinates": [ [ 1099032.541581087512895, 1757852.721856198273599 ], [ 1100032.541581087512895, 1757852.721856198273599 ] ] } },
{ "type": "Feature", "properties": { "road_id": 2049, "shade_9h": 0, "shade_12h": 0, "shade_15h": 0, "shade_18h": 0 }, "geometry": { "type": "LineString", "coordinates": [ [ 1099032.541581087512895, 1757852.721856198273599 ], [ 1099032.541581087512895, 1758852.721856198273599 ] ] } },
{ "type": "Feature", "properties": { "road_id": 2050, "shade_9h": 0, "shade_12h": 0, "shade_15h": 0, "shade_18h": 8 }, "geometry": { "type": "LineString", "coordinates": [ [ 1099032.541581087512895, 1758852.721856198273599 ], [ 1100032.541581087512895, 1758852.721856198273599 ] ] } },
{ "type": "Feature", "properties": { "road_id": 2051, "shade_9h": 0, "shade_12h": 0, "shade_15h": 0, "shade_18h": 0 }, "geometry": { "type": "LineString", "coordinates": [ [ 1099032.541581087512895, 1758852.721856198273599 ], [ 1099032.541581087512895, 1759852.721856198273599 ] ] } },
{ "type": "Feature", "properties": { "road_id": 2052, "shade_9h": 7, "shade_12h": 4, "shade_15h": 7, "shade_18h": 32 }, "geometry": { "type": "LineString", "coordinates": [ [ 1099032.541581087512895, 1759852.721856198273599 ], [ 1100032.541581087512895, 1759852.721856198273599 ] ] } },
{ "type": "Feature", "properties": { "road_id": 2053, "shade_9h": 0, "shade_12h": 0, "shade_15h": 0, "shade_18h": 0 }, "geometry": { "type": "LineString", "coordinates": [ [ 1099032.541581087512895, 1759852.721856198273599 ], [ 1099032.541581087512895, 1760852.721856198273599 ] ] } },
{ "type": "Feature", "properties": { "road_id": 2054, "shade_9h": 0, "shade_12h": 0, "shade_15h": 0, "shade_18h": 0 }, "geometry": { "type": "LineString", "coordinates": [ [ 1099032.541581087512895, 1760852.721856198273599 ], [ 1100032.541581087512895, 1760852.721856198273599 ] ] } },
{ "type": "Feature", "properties": { "road_id": 2055, "shade_9h": 0, "shade_12h": 0, "shade_15h": 0, "shade_18h": 0 }, "geometry": { "type": "LineString", "coordinates": [ [ 1099032.541581087512895, 1760852.721856198273599 ], [ 1099032.541581087512895, 1761852.721856198273599 ] ] } },
{ "type": "Feature", "properties": { "road_id": 2056, "shade_9h": 0, "shade_12h": 0, "shade_15h": 0, "shade_18h": 0 }, "geometry": { "type": "LineString", "coordinates": [ [ 1099032.541581087512895, 1761852.721856198273599 ], [ 1100032.541581087512895, 1761852.721856198273599 ] ] } },
{ "type": "Feature", "properties": { "road_id": 2057, "shade_9h": 0, "shade_12h": 0, "shade_15h": 0, "shade_18h": 0 }, "geometry": { "type": "LineString", "coordinates": [ [ 1099032.541581087512895, 1761852.721856198273599 ], [ 1099032.541581087512895, 1762852.721856198273599 ] ] } },
{ "type": "Feature", "properties": { "road_id": 2058, "shade_9h": 0, "shade_12h": 0, "shade_15h": 0, "shade_18h": 17 }, "geometry": { "type": "LineString", "coordinates": [ [ 1099032.541581087512895, 1762852.721856198273599 ], [ 1100032.541581087512895, 1762852.721856198273599 ] ] } },
{ "type": "Feature", "properties": { "road_id": 2059, "shade_9h": 0, "shade_12h": 0, "shade_15h": 0, "shade_18h": 0 }, "geometry": { "type": "LineString", "coordinates": [ [ 1099032.541581087512895, 1762852.721856198273599 ], [ 1099032.541581087512895, 1763852.721856198273599 ] ] } },
{ "type": "Feature", "properties": { "road_id": 2060, "shade_9h": 0, "shade_12h": 0, "shade_15h": 0, "shade_18h": 0 }, "geometry": { "type": "LineString", "coordinates": [ [ 1099032.541581087512895, 1763852.721856198273599 ], [ 1100032.541581087512895, 1763852.721856198273599 ] ] } },
{ "type": "Feature", "properties": { "road_id": 2061, "shade_9h": 0, "shade_12h": 0, "shade_15h": 0, "shade_18h": 0 }, "geometry": { "type": "LineString", "coordinates": [ [ 1099032.541581087512895, 1763852.721856198273599 ], [ 1099032.541581087512895, 1764852.721856198273599 ] ] } },
{ "type": "Feature", "properties": { "road_id": 2062, "shade_9h": 1, "shade_12h": 1, "shade_15h": 1, "shade_18h": 1 }, "geometry": { "type": "LineString", "coordinates": [ [ 1099032.541581087512895, 1764852.721856198273599 ], [ 1100032.541581087512895, 1764852.721856198273599 ] ] } },
{ "type": "Feature", "properties": { "road_id": 2063, "shade_9h": 0, "shade_12h": 0, "shade_15h": 0, "shade_18h": 0 }, "geometry": { "type": "LineString", "coordinates": [ [ 1099032.541581087512895, 1764852.721856198273599 ], [ 1099032.541581087512895, 1765852.721856198273599 ] ] } },
{ "type": "Feature", "properties": { "road_id": 2064, "shade_9h": 0, "shade_12h": 0, "shade_15h": 0, "shade_18h": 0 }, "geometry": { "type": "LineString", "coordinates": [ [ 1099032.541581087512895, 1765852.721856198273599 ], [ 1100032.541581087512895, 1765852.721856198273599 ] ] } },
{ "type": "Feature", "properties": { "road_id": 2065, "shade_9h": 0, "shade_12h": 0, "shade_15h": 0, "shade_18h": 0 }, "geometry": { "type": "LineString", "coordinates": [ [ 1099032.541581087512895, 1765852.721856198273599 ], [ 1099032.541581087512895, 1766852.721856198273599 ] ] } },
{ "type": "Feature", "properties": { "road_id": 2066, "shade_9h": 0, "shade_12h": 0, "shade_15h": 0, "shade_18h": 23 }, "geometry": { "type": "LineString", "coordinates": [ [ 1099032.541581087512895, 1766852.721856198273599 ], [ 1100032.541581087512895, 1766852.721856198273599 ] ] } },
{ "type": "Feature", "properties": { "road_id": 2067, "shade_9h": 1, "shade_12h": 1, "shade_15h": 1, "shade_18h": 1 }, "geometry": { "type": "LineString", "coordinates": [ [ 1099032.541581087512895, 1766852.721856198273599 ], [ 1099032.541581087512895, 1767852.721856198273599 ] ] } },
{ "type": "Feature", "properties": { "road_id": 2068, "shade_9h": 7, "shade_12h": 0, "shade_15h": 6, "shade_18h": 36 }, "geometry": { "type": "LineString", "coordinates": [ [ 1099032.541581087512895, 1767852.721856198273599 ], [ 1100032.541581087512895, 1767852.721856198273599 ] ] } },
{ "type": "Feature", "properties": { "road_id": 2069, "shade_9h": 0, "shade_12h": 0, "shade_15h": 0, "shade_18h": 0 }, "geometry": { "type": "LineString", "coordinates": [ [ 1099032.541581087512895, 1767852.721856198273599 ], [ 1099032.541581087512895, 1768852.721856198273599 ] ] } },
{ "type": "Feature", "properties": { "road_id": 2070, "shade_9h": 0, "shade_12h": 0, "shade_15h": 0, "shade_18h": 0 }, "geometry": { "type": "LineString", "coordinates": [ [ 1099032.541581087512895, 1768852.721856198273599 ], [ 1100032.541581087512895, 1768852.721856198273599 ] ] } },
{ "type": "Feature", "properties": { "road_id": 2071, "shade_9h": 0, "shade_12h": 0, "shade_15h": 0, "shade_18h": 0 }, "geometry": { "type": "LineString", "coordinates": [ [ 1099032.541581087512895, 1768852.721856198273599 ], [ 1099032.541581087512895, 1769852.721856198273599 ] ] } },
{ "type": "Feature", "properties": { "road_id": 2072, "shade_9h": 8, "shade_12h": 4, "shade_15h": 8, "shade_18h": 40 }, "geometry": { "type": "LineString", "coordinates": [ [ 1099032.541581087512895, 1769852.721856198273599 ], [ 1100032.541581087512895, 1769852.721856198273599 ] ] } },
{ "type": "Feature", "properties": { "road_id": 2073, "shade_9h": 0, "shade_12h": 0, "shade_15h": 0, "shade_18h": 0 }, "geometry": { "type": "LineString", "coordinates": [ [ 1099032.541581087512895, 1769852.721856198273599 ], [ 1099032.541581087512895, 1770852.721856198273599 ] ] } },
{ "type": "Feature", "properties": { "road_id": 2074, "shade_9h": 0, "shade_12h": 0, "shade_15h": 0, "shade_18h": 0 }, "geometry": { "type": "LineString", "coordinates": [ [ 1099032.541581087512895, 1770852.721856198273599 ], [ 1100032.541581087512895, 1770852.721856198273599 ] ] } },
{ "type": "Feature", "properties": { "road_id": 2075, "shade_9h": 0, "shade_12h": 0, "shade_15h": 0, "shade_18h": 0 }, "geometry": { "type": "LineString", "coordinates": [ [ 1099032.541581087512895, 1770852.721856198273599 ], [ 1099032.541581087512895, 1771852.721856198273599 ] ] } },
{ "type": "Feature", "properties": { "road_id": 2076, "shade_9h": 7, "shade_12h": 3, "shade_15h": 7, "shade_18h": 36 }, "geometry": { "type": "LineString", "coordinates": [ [ 1099032.541581087512895, 1771852.721856198273599 ], [ 1100032.541581087512895, 1771852.721856198273599 ] ] } },
{ "type": "Feature", "properties": { "road_id": 2077, "shade_9h": 0, "shade_12h": 0, "shade_15h": 0, "shade_18h": 23 }, "geometry": { "type": "LineString", "coordinates": [ [ 1099032.541581087512895, 1771852.721856198273599 ], [ 1099032.541581087512895, 1772852.721856198273599 ] ] } },
{ "type": "Feature", "properties": { "road_id": 2078, "shade_9h": 0, "shade_12h": 0, "shade_15h": 0, "shade_18h": 14 }, "geometry": { "type": "LineString", "coordinates": [ [ 1099032.541581087512895, 1772852.721856198273599 ], [ 1100032.541581087512895, 1772852.721856198273599 ] ] } },
{ "type": "Feature", "properties": { "road_id": 2079, "shade_9h": 0, "shade_12h": 0, "shade_15h": 0, "shade_18h": 17 }, "geometry": { "type": "LineString", "coordinates": [ [ 1099032.541581087512895, 1772852.721856198273599 ], [ 1099032.541581087512895, 1773852.721856198273599 ] ] } },
{ "type": "Feature", "properties": { "road_id": 2080, "shade_9h": 0, "shade_12h": 0, "shade_15h": 0, "shade_18h": 0 }, "geometry": { "type": "LineString", "coordinates": [ [ 1099032.541581087512895, 1773852.721856198273599 ], [ 1100032.541581087512895, 1773852.721856198273599 ] ] } },
{ "type": "Feature", "properties": { "road_id": 2081, "shade_9h": 0, "shade_12h": 0, "shade_15h": 0, "shade_18h": 0 }, "geometry": { "type": "LineString", "coordinates": [ [ 1099032.541581087512895, 1773852.721856198273599 ], [ 1099032.541581087512895, 1774852.721856198273599 ] ] } },
{ "type": "Feature", "properties": { "road_id": 2082, "shade_9h": 0, "shade_12h": 0, "shade_15h": 0, "shade_18h": 0 }, "geometry": { "type": "LineString", "coordinates": [ [ 1099032.541581087512895, 1774852.721856198273599 ], [ 1100032.541581087512895, 1774852.721856198273599 ] ] } },
{ "type": "Feature", "properties": { "road_id": 2083, "shade_9h": 0, "shade_12h": 0, "shade_15h": 0, "shade_18h": 0 }, "geometry": { "type": "LineString", "coordinates": [ [ 1099032.541581087512895, 1774852.721856198273599 ], [ 1099032.541581087512895, 1775852.721856198273599 ] ] } },
{ "type": "Feature", "properties": { "road_id": 2084, "shade_9h": 0, "shade_12h": 0, "shade_15h": 0, "shade_18h": 0 }, "geometry": { "type": "LineString", "coordinates": [ [ 1099032.541581087512895, 1775852.721856198273599 ], [ 1100032.541581087512895, 1775852.721856198273599 ] ] } },
{ "type": "Feature", "properties": { "road_id": 2085, "shade_9h": 0, "shade_12h": 0, "shade_15h": 0, "shade_18h": 29 }, "geometry": { "type": "LineString", "coordinates": [ [ 1099032.541581087512895, 1775852.721856198273599 ], [ 1099032.541581087512895, 1776852.721856198273599 ] ] } },
{ "type": "Feature", "properties": { "road_id": 2086, "shade_9h": 0, "shade_12h": 0, "shade_15h": 0, "shade_18h": 0 }, "geometry": { "type": "LineString", "coordinates": [ [ 1099032.541581087512895, 1776852.721856198273599 ], [ 1100032.541581087512895, 1776852.721856198273599 ] ] } },
{ "type": "Feature", "properties": { "road_id": 2087, "shade_9h": 0, "shade_12h": 0, "shade_15h": 0, "shade_18h": 0 }, "geometry": { "type": "LineString", "coordinates": [ [ 1099032.541581087512895, 1776852.721856198273599 ], [ 1099032.541581087512895, 1777852.721856198273599 ] ] } },
{ "type": "Feature", "properties": { "road_id": 2088, "shade_9h": 0, "shade_12h": 0, "shade_15h": 0, "shade_18h": 0 }, "geometry": { "type": "LineString", "coordinates": [ [ 1099032.541581087512895, 1777852.721856198273599 ], [ 1100032.541581087512895, 1777852.721856198273599 ] ] } },
{ "type": "Feature", "properties": { "road_id": 2089, "shade_9h": 8, "shade_12h": 4, "shade_15h": 7, "shade_18h": 39 }, "geometry": { "type": "LineString", "coordinates": [ [ 1099032.541581087512895, 1777852.721856198273599 ], [ 1099032.541581087512895, 1778852.721856198273599 ] ] } },
{ "type": "Feature", "properties": { "road_id": 2090, "shade_9h": 0, "shade_12h": 0, "shade_15h": 0, "shade_18h": 0 }, "geometry": { "type": "LineString", "coordinates": [ [ 1099032.541581087512895, 1778852.721856198273599 ], [ 1100032.541581087512895, 1778852.721856198273599 ] ] } },
{ "type": "Feature", "properties": { "road_id": 2091, "shade_9h": 0, "shade_12h": 0, "shade_15h": 0, "shade_18h": 0 }, "geometry": { "type": "LineString", "coordinates": [ [ 1099032.541581087512895, 1778852.721856198273599 ], [ 1099032.541581087512895, 1779852.721856198273599 ] ] } },
{ "type": "Feature", "properties": { "road_id": 2092, "shade_9h": 0, "shade_12h": 0, "shade_15h": 0, "shade_18h": 24 }, "geometry": { "type": "LineString", "coordinates": [ [ 1099032.541581087512895, 1779852.721856198273599 ], [ 1100032.541581087512895, 1779852.721856198273599 ] ] } },
{ "type": "Feature", "properties": { "road_id": 2093, "shade_9h": 0, "shade_12h": 0, "shade_15h": 0, "shade_18h": 0 }, "geometry": { "type": "LineString", "coordinates": [ [ 1100032.541581087512895, 1734852.721856198273599 ], [ 1101032.541581087512895, 1734852.721856198273599 ] ] } },
{ "type": "Feature", "properties": { "road_id": 2094, "shade_9h": 1, "shade_12h": 1, "shade_15h": 1, "shade_18h": 1 }, "geometry": { "type": "LineString", "coordinates": [ [ 1100032.541581087512895, 1734852.721856198273599 ], [ 1100032.541581087512895, 1735852.721856198273599 ] ] } },
{ "type": "Feature", "properties": { "road_id": 2095, "shade_9h": 0, "shade_12h": 0, "shade_15h": 0, "shade_18h": 0 }, "geometry": { "type": "LineString", "coordinates": [ [ 1100032.541581087512895, 1735852.721856198273599 ], [ 1101032.541581087512895, 1735852.721856198273599 ] ] } },
{ "type": "Feature", "properties": { "road_id": 2096, "shade_9h": 0, "shade_12h": 0, "shade_15h": 0, "shade_18h": 0 }, "geometry": { "type": "LineString", "coordinates": [ [ 1100032.541581087512895, 1735852.721856198273599 ], [ 1100032.541581087512895, 1736852.721856198273599 ] ] } },
{ "type": "Feature", "properties": { "road_id": 2097, "shade_9h": 0, "shade_12h": 0, "shade_15h": 0, "shade_18h": 0 }, "geometry": { "type": "LineString", "coordinates": [ [ 1100032.541581087512895, 1736852.721856198273599 ], [ 1101032.541581087512895, 1736852.721856198273599 ] ] } },
{ "type": "Feature", "properties": { "road_id": 2098, "shade_9h": 0, "shade_12h": 0, "shade_15h": 0, "shade_18h": 0 }, "geometry": { "type": "LineString", "coordinates": [ [ 1100032.541581087512895, 1736852.721856198273599 ], [ 1100032.541581087512895, 1737852.721856198273599 ] ] } },
{ "type": "Feature", "properties": { "road_id": 2099, "shade_9h": 0, "shade_12h": 0, "shade_15h": 0, "shade_18h": 0 }, "geometry": { "type": "LineString", "coordinates": [ [ 1100032.541581087512895, 1737852.721856198273599 ], [ 1101032.541581087512895, 1737852.721856198273599 ] ] } },
{ "type": "Feature", "properties": { "road_id": 2100, "shade_9h": 0, "shade_12h": 0, "shade_15h": 0, "shade_18h": 12 }, "geometry": { "type": "LineString", "coordinates": [ [ 1100032.541581087512895, 1737852.721856198273599 ], [ 1100032.541581087512895, 1738852.721856198273599 ] ] } },
{ "type": "Feature", "properties": { "road_id": 2101, "shade_9h": 3, "shade_12h": 0, "shade_15h": 2, "shade_18h": 19 }, "geometry": { "type": "LineString", "coordinates": [ [ 1100032.541581087512895, 1738852.721856198273599 ], [ 1101032.541581087512895, 1738852.721856198273599 ] ] } },
{ "type": "Feature", "properties": { "road_id": 2102, "shade_9h": 0, "shade_12h": 0, "shade_15h": 0, "shade_18h": 0 }, "geometry": { "type": "LineString", "coordinates": [ [ 1100032.541581087512895, 1738852.721856198273599 ], [ 1100032.541581087512895, 1739852.721856198273599 ] ] } },
{ "type": "Feature", "properties": { "road_id": 2103, "shade_9h": 0, "shade_12h": 0, "shade_15h": 0, "shade_18h": 0 }, "geometry": { "type": "LineString", "coordinates": [ [ 1100032.541581087512895, 1739852.721856198273599 ], [ 1101032.541581087512895, 1739852.721856198273599 ] ] } },
{ "type": "Feature", "properties": { "road_id": 2104, "shade_9h": 1, "shade_12h": 1, "shade_15h": 1, "shade_18h": 1 }, "geometry": { "type": "LineString", "coordinates": [ [ 1100032.541581087512895, 1739852.721856198273599 ], [ 1100032.541581087512895, 1740852.721856198273599 ] ] } },
{ "type": "Feature", "properties": { "road_id": 2105, "shade_9h": 1, "shade_12h": 1, "shade_15h": 1, "shade_18h": 1 }, "geometry": { "type": "LineString", "coordinates": [ [ 1100032.541581087512895, 1740852.721856198273599 ], [ 1101032.541581087512895, 1740852.721856198273599 ] ] } },
{ "type": "Feature", "properties": { "road_id": 2106, "shade_9h": 0, "shade_12h": 0, "shade_15h": 0, "shade_18h": 0 }, "geometry": { "type": "LineString", "coordinates": [ [ 1100032.541581087512895, 1740852.721856198273599 ], [ 1100032.541581087512895, 1741852.721856198273599 ] ] } },
{ "type": "Feature", "properties": { "road_id": 2107, "shade_9h": 0, "shade_12h": 0, "shade_15h": 0, "shade_18h": 0 }, "geometry": { "type": "LineString", "coordinates": [ [ 1100032.541581087512895, 1741852.721856198273599 ], [ 1101032.541581087512895, 1741852.721856198273599 ] ] } },
{ "type": "Feature", "properties": { "road_id": 2108, "shade_9h": 7, "shade_12h": 4, "shade_15h": 7, "shade_18h": 29 }, "geometry": { "type": "LineString", "coordinates": [ [ 1100032.541581087512895, 1741852.721856198273599 ], [ 1100032.541581087512895, 1742852.721856198273599 ] ] } },
{ "type": "Feature", "properties": { "road_id": 2109, "shade_9h": 0, "shade_12h": 0, "shade_15h": 0, "shade_18h": 8 }, "geometry": { "type": "LineString", "coordinates": [ [ 1100032.541581087512895, 1742852.721856198273599 ], [ 1101032.541581087512895, 1742852.721856198273599 ] ] } },
{ "type": "Feature", "properties": { "road_id": 2110, "shade_9h": 1, "shade_12h": 1, "shade_15h": 1, "shade_18h": 1 }, "geometry": { "type": "LineString", "coordinates": [ [ 1100032.541581087512895, 1742852.721856198273599 ], [ 1100032.541581087512895, 1743852.721856198273599 ] ] } },
{ "type": "Feature", "properties": { "road_id": 2111, "shade_9h": 0, "shade_12h": 0, "shade_15h": 0, "shade_18h": 0 }, "geometry": { "type": "LineString", "coordinates": [ [ 1100032.541581087512895, 1743852.721856198273599 ], [ 1101032.541581087512895, 1743852.721856198273599 ] ] } },
{ "type": "Feature", "properties": { "road_id": 2112, "shade_9h": 0, "shade_12h": 0, "shade_15h": 0, "shade_18h": 0 }, "geometry": { "type": "LineString", "coordinates": [ [ 1100032.541581087512895, 1743852.721856198273599 ], [ 1100032.541581087512895, 1744852.721856198273599 ] ] } },
{ "type": "Feature", "properties": { "road_id": 2113, "shade_9h": 8, "shade_12h": 0, "shade_15h": 7, "shade_18h": 39 }, "geometry": { "type": "LineString", "coordinates": [ [ 1100032.541581087512895, 1744852.721856198273599 ], [ 1101032.541581087512895, 1744852.721856198273599 ] ] } },
{ "type": "Feature", "properties": { "road_id": 2114, "shade_9h": 0, "shade_12h": 0, "shade_15h": 0, "shade_18h": 0 }, "geometry": { "type": "LineString", "coordinates": [ [ 1100032.541581087512895, 1744852.721856198273599 ], [ 1100032.541581087512895, 1745852.721856198273599 ] ] } },
{ "type": "Feature", "properties": { "road_id": 2115, "shade_9h": 0, "shade_12h": 0, "shade_15h": 0, "shade_18h": 0 }, "geometry": { "type": "LineString", "coordinates": [ [ 1100032.541581087512895, 1745852.721856198273599 ], [ 1101032.541581087512895, 1745852.721856198273599 ] ] } },
{ "type": "Feature", "properties": { "road_id": 2116, "shade_9h": 3, "shade_12h": 2, "shade_15h": 3, "shade_18h": 10 }, "geometry": { "type": "LineString", "coordinates": [ [ 1100032.541581087512895, 1745852.721856198273599 ], [ 1100032.541581087512895, 1746852.721856198273599 ] ] } },
{ "type": "Feature", "properties": { "road_id": 2117, "shade_9h": 0, "shade_12h": 0, "shade_15h": 0, "shade_18h": 0 }, "geometry": { "type": "LineString", "coordinates": [ [ 1100032.541581087512895, 1746852.721856198273599 ], [ 1101032.541581087512895, 1746852.721856198273599 ] ] } },
{ "type": "Feature", "properties": { "road_id": 2118, "shade_9h": 0, "shade_12h": 0, "shade_15h": 0, "shade_18h": 0 }, "geometry": { "type": "LineString", "coordinates": [ [ 1100032.541581087512895, 1746852.721856198273599 ], [ 1100032.541581087512895, 1747852.721856198273599 ] ] } },
{ "type": "Feature", "properties": { "road_id": 2119, "shade_9h": 0, "shade_12h": 0, "shade_15h": 0, "shade_18h": 0 }, "geometry": { "type": "LineString", "coordinates": [ [ 1100032.541581087512895, 1747852.721856198273599 ], [ 1101032.541581087512895, 1747852.721856198273599 ] ] } },
{ "type": "Feature", "properties": { "road_id": 2120, "shade_9h": 0, "shade_12h": 0, "shade_15h": 0, "shade_18h": 0 }, "geometry": { "type": "LineString", "coordinates": [ [ 1100032.541581087512895, 1747852.721856198273599 ], [ 1100032.541581087512895, 1748852.721856198273599 ] ] } },
{ "type": "Feature", "properties": { "road_id": 2121, "shade_9h": 0, "shade_12h": 0, "shade_15h": 0, "shade_18h": 0 }, "geometry": { "type": "LineString", "coordinates": [ [ 1100032.541581087512895, 1748852.721856198273599 ], [ 1101032.541581087512895, 1748852.721856198273599 ] ] } },
{ "type": "Feature", "properties": { "road_id": 2122, "shade_9h": 0, "shade_12h": 0, "shade_15h": 0, "shade_18h": 0 }, "geometry": { "type": "LineString", "coordinates": [ [ 1100032.541581087512895, 1748852.721856198273599 ], [ 1100032.541581087512895, 1749852.721856198273599 ] ] } },
{ "type": "Feature", "properties": { "road_id": 2123, "shade_9h": 0, "shade_12h": 0, "shade_15h": 0, "shade_18h": 0 }, "geometry": { "type": "LineString", "coordinates": [ [ 1100032.541581087512895, 1749852.721856198273599 ], [ 1101032.541581087512895, 1749852.721856198273599 ] ] } },
{ "type": "Feature", "properties": { "road_id": 2124, "shade_9h": 0, "shade_12h": 0, "shade_15h": 0, "shade_18h": 0 }, "geometry": { "type": "LineString", "coordinates": [ [ 1100032.541581087512895, 1749852.721856198273599 ], [ 1100032.541581087512895, 1750852.721856198273599 ] ] } },
{ "type": "Feature", "properties": { "road_id": 2125, "shade_9h": 0, "shade_12h": 0, "shade_15h": 0, "shade_18h": 0 }, "geometry": { "type": "LineString", "coordinates": [ [ 1100032.541581087512895, 1750852.721856198273599 ], [ 1101032.541581087512895, 1750852.721856198273599 ] ] } },
{ "type": "Feature", "properties": { "road_id": 2126, "shade_9h": 0, "shade_12h": 0, "shade_15h": 0, "shade_18h": 15 }, "geometry": { "type": "LineString", "coordinates": [ [ 1100032.541581087512895, 1750852.721856198273599 ], [ 1100032.541581087512895, 1751852.721856198273599 ] ] } },
{ "type": "Feature", "properties": { "road_id": 2127, "shade_9h": 0, "shade_12h": 0, "shade_15h": 0, "shade_18h": 7 }, "geometry": { "type": "LineString", "coordinates": [ [ 1100032.541581087512895, 1751852.721856198273599 ], [ 1101032.541581087512895, 1751852.721856198273599 ] ] } },
{ "type": "Feature", "properties": { "road_id": 2128, "shade_9h": 3, "shade_12h": 0, "shade_15h": 3, "shade_18h": 18 }, "geometry": { "type": "LineString", "coordinates": [ [ 1100032.541581087512895, 1751852.721856198273599 ], [ 1100032.541581087512895, 1752852.721856198273599 ] ] } },
{ "type": "Feature", "properties": { "road_id": 2129, "shade_9h": 0, "shade_12h": 0, "shade_15h": 0, "shade_18h": 11 }, "geometry": { "type": "LineString", "coordinates": [ [ 1100032.541581087512895, 1752852.721856198273599 ], [ 1101032.541581087512895, 1752852.721856198273599 ] ] } },
{ "type": "Feature", "properties": { "road_id": 2130, "shade_9h": 6, "shade_12h": 3, "shade_15h": 6, "shade_18h": 34 }, "geometry": { "type": "LineString", "coordinates": [ [ 1100032.541581087512895, 1752852.721856198273599 ], [ 1100032.541581087512895, 1753852.721856198273599 ] ] } },
{ "type": "Feature", "properties": { "road_id": 2131, "shade_9h": 0, "shade_12h": 0, "shade_15h": 0, "shade_18h": 0 }, "geometry": { "type": "LineString", "coordinates": [ [ 1100032.541581087512895, 1753852.721856198273599 ], [ 1101032.541581087512895, 1753852.721856198273599 ] ] } },
{ "type": "Feature", "properties": { "road_id": 2132, "shade_9h": 0, "shade_12h": 0, "shade_15h": 0, "shade_18h": 0 }, "geometry": { "type": "LineString", "coordinates": [ [ 1100032.541581087512895, 1753852.721856198273599 ], [ 1100032.541581087512895, 1754852.721856198273599 ] ] } },
{ "type": "Feature", "properties": { "road_id": 2133, "shade_9h": 0, "shade_12h": 0, "shade_15h": 0, "shade_18h": 0 }, "geometry": { "type": "LineString", "coordinates": [ [ 1100032.541581087512895, 1754852.721856198273599 ], [ 1101032.541581087512895, 1754852.721856198273599 ] ] } },
{ "type": "Feature", "properties": { "road_id": 2134, "shade_9h": 0, "shade_12h": 0, "shade_15h": 0, "shade_18h": 0 }, "geometry": { "type": "LineString", "coordinates": [ [ 1100032.541581087512895, 1754852.721856198273599 ], [ 1100032.541581087512895, 1755852.721856198273599 ] ] } },
{ "type": "Feature", "properties": { "road_id": 2135, "shade_9h": 0, "shade_12h": 0, "shade_15h": 0, "shade_18h": 0 }, "geometry": { "type": "LineString", "coordinates": [ [ 1100032.541581087512895, 1755852.721856198273599 ], [ 1101032.541581087512895, 1755852.721856198273599 ] ] } },
{ "type": "Feature", "properties": { "road_id": 2136, "shade_9h": 0, "shade_12h": 0, "shade_15h": 0, "shade_18h": 0 }, "geometry": { "type": "LineString", "coordinates": [ [ 1100032.541581087512895, 1755852.721856198273599 ], [ 1100032.541581087512895, 1756852.721856198273599 ] ] } },
{ "type": "Feature", "properties": { "road_id": 2137, "shade_9h": 0, "shade_12h": 0, "shade_15h": 0, "shade_18h": 0 }, "geometry": { "type": "LineString", "coordinates": [ [ 1100032.541581087512895, 1756852.721856198273599 ], [ 1101032.541581087512895, 1756852.721856198273599 ] ] } },
{ "type": "Feature", "properties": { "road_id": 2138, "shade_9h": 0, "shade_12h": 0, "shade_15h": 0, "shade_18h": 0 }, "geometry": { "type": "LineString", "coordinates": [ [ 1100032.541581087512895, 1756852.721856198273599 ], [ 1100032.541581087512895, 1757852.721856198273599 ] ] } },
{ "type": "Feature", "properties": { "road_id": 2139, "shade_9h": 0, "shade_12h": 0, "shade_15h": 0, "shade_18h": 0 }, "geometry": { "type": "LineString", "coordinates": [ [ 1100032.541581087512895, 1757852.721856198273599 ], [ 1101032.541581087512895, 1757852.721856198273599 ] ] } },
{ "type": "Feature", "properties": { "road_id": 2140, "shade_9h": 0, "shade_12h": 0, "shade_15h": 0, "shade_18h": 0 }, "geometry": { "type": "LineString", "coordinates": [ [ 1100032.541581087512895, 1757852.721856198273599 ], [ 1100032.541581087512895, 1758852.721856198273599 ] ] } },
{ "type": "Feature", "properties": { "road_id": 2141, "shade_9h": 9, "shade_12h": 5, "shade_15h": 9, "shade_18h": 34 }, "geometry": { "type": "LineString", "coordinates": [ [ 1100032.541581087512895, 1758852.721856198273599 ], [ 1101032.541581087512895, 1758852.721856198273599 ] ] } },
{ "type": "Feature", "properties": { "road_id": 2142, "shade_9h": 0, "shade_12h": 0, "shade_15h": 0, "shade_18h": 0 }, "geometry": { "type": "LineString", "coordinates": [ [ 1100032.541581087512895, 1758852.721856198273599 ], [ 1100032.541581087512895, 1759852.721856198273599 ] ] } },
{ "type": "Feature", "properties": { "road_id": 2143, "shade_9h": 0, "shade_12h": 0, "shade_15h": 0, "shade_18h": 0 }, "geometry": { "type": "LineString", "coordinates": [ [ 1100032.541581087512895, 1759852.721856198273599 ], [ 1101032.541581087512895, 1759852.721856198273599 ] ] } },
{ "type": "Feature", "properties": { "road_id": 2144, "shade_9h": 0, "shade_12h": 0, "shade_15h": 0, "shade_18h": 0 }, "geometry": { "type": "LineString", "coordinates": [ [ 1100032.541581087512895, 1759852.721856198273599 ], [ 1100032.541581087512895, 1760852.721856198273599 ] ] } },
{ "type": "Feature", "properties": { "road_id": 2145, "shade_9h": 0, "shade_12h": 0, "shade_15h": 0, "shade_18h": 0 }, "geometry": { "type": "LineString", "coordinates": [ [ 1100032.541581087512895, 1760852.721856198273599 ], [ 1101032.541581087512895, 1760852.721856198273599 ] ] } },
{ "type": "Feature", "properties": { "road_id": 2146, "shade_9h": 0, "shade_12h": 0, "shade_15h": 0, "shade_18h": 0 }, "geometry": { "type": "LineString", "coordinates": [ [ 1100032.541581087512895, 1760852.721856198273599 ], [ 1100032.541581087512895, 1761852.721856198273599 ] ] } },
{ "type": "Feature", "properties": { "road_id": 2147, "shade_9h": 0, "shade_12h": 0, "shade_15h": 0, "shade_18h": 0 }, "geometry": { "type": "LineString", "coordinates": [ [ 1100032.541581087512895, 1761852.721856198273599 ], [ 1101032.541581087512895, 1761852.721856198273599 ] ] } },
{ "type": "Feature", "properties": { "road_id": 2148, "shade_9h": 1, "shade_12h": 1, "shade_15h": 1, "shade_18h": 5 }, "geometry": { "type": "LineString", "coordinates": [ [ 1100032.541581087512895, 1761852.721856198273599 ], [ 1100032.541581087512895, 1762852.721856198273599 ] ] } },
{ "type": "Feature", "properties": { "road_id": 2149, "shade_9h": 0, "shade_12h": 0, "shade_15h": 0, "shade_18h": 9 }, "geometry": { "type": "LineString", "coordinates": [ [ 1100032.541581087512895, 1762852.721856198273599 ], [ 1101032.541581087512895, 1762852.721856198273599 ] ] } },
{ "type": "Feature", "properties": { "road_id": 2150, "shade_9h": 0, "shade_12h": 0, "shade_15h": 0, "shade_18h": 26 }, "geometry": { "type": "LineString", "coordinates": [ [ 1100032.541581087512895, 1762852.721856198273599 ], [ 1100032.541581087512895, 1763852.721856198273599 ] ] } },
{ "type": "Feature", "properties": { "road_id": 2151, "shade_9h": 1, "shade_12h": 1, "shade_15h": 1, "shade_18h": 7 }, "geometry": { "type": "LineString", "coordinates": [ [ 1100032.541581087512895, 1763852.721856198273599 ], [ 1101032.541581087512895, 1763852.721856198273599 ] ] } },
{ "type": "Feature", "properties": { "road_id": 2152, "shade_9h": 0, "shade_12h": 0, "shade_15h": 0, "shade_18h": 0 }, "geometry": { "type": "LineString", "coordinates": [ [ 1100032.541581087512895, 1763852.721856198273599 ], [ 1100032.541581087512895, 1764852.721856198273599 ] ] } },
{ "type": "Feature", "properties": { "road_id": 2153, "shade_9h": 0, "shade_12h": 0, "shade_15h": 0, "shade_18h": 0 }, "geometry": { "type": "LineString", "coordinates": [ [ 1100032.541581087512895, 1764852.721856198273599 ], [ 1101032.541581087512895, 1764852.721856198273599 ] ] } },
{ "type": "Feature", "properties": { "road_id": 2154, "shade_9h": 0, "shade_12h": 0, "shade_15h": 0, "shade_18h": 0 }, "geometry": { "type": "LineString", "coordinates": [ [ 1100032.541581087512895, 1764852.721856198273599 ], [ 1100032.541581087512895, 1765852.721856198273599 ] ] } },
{ "type": "Feature", "properties": { "road_id": 2155, "shade_9h": 0, "shade_12h": 0, "shade_15h": 0, "shade_18h": 0 }, "geometry": { "type": "LineString", "coordinates": [ [ 1100032.541581087512895, 1765852.721856198273599 ], [ 1101032.541581087512895, 1765852.721856198273599 ] ] } },
{ "type": "Feature", "properties": { "road_id": 2156, "shade_9h": 9, "shade_12h": 4, "shade_15h": 8, "shade_18h": 30 }, "geometry": { "type": "LineString", "coordinates": [ [ 1100032.541581087512895, 1765852.721856198273599 ], [ 1100032.541581087512895, 1766852.721856198273599 ] ] } },
{ "type": "Feature", "properties": { "road_id": 2157, "shade_9h": 0, "shade_12h": 0, "shade_15h": 0, "shade_18h": 21 }, "geometry": { "type": "LineString", "coordinates": [ [ 1100032.541581087512895, 1766852.721856198273599 ], [ 1101032.541581087512895, 1766852.721856198273599 ] ] } },
{ "type": "Feature", "properties": { "road_id": 2158, "shade_9h": 0, "shade_12h": 0, "shade_15h": 0, "shade_18h": 16 }, "geometry": { "type": "LineString", "coordinates": [ [ 1100032.541581087512895, 1766852.721856198273599 ], [ 1100032.541581087512895, 1767852.721856198273599 ] ] } },
{ "type": "Feature", "properties": { "road_id": 2159, "shade_9h": 0, "shade_12h": 0, "shade_15h": 0, "shade_18h": 0 }, "geometry": { "type": "LineString", "coordinates": [ [ 1100032.541581087512895, 1767852.721856198273599 ], [ 1101032.541581087512895, 1767852.721856198273599 ] ] } },
{ "type": "Feature", "properties": { "road_id": 2160, "shade_9h": 0, "shade_12h": 0, "shade_15h": 0, "shade_18h": 0 }, "geometry": { "type": "LineString", "coordinates": [ [ 1100032.541581087512895, 1767852.721856198273599 ], [ 1100032.541581087512895, 1768852.721856198273599 ] ] } },
{ "type": "Feature", "properties": { "road_id": 2161, "shade_9h": 0, "shade_12h": 0, "shade_15h": 0, "shade_18h": 0 }, "geometry": { "type": "LineString", "coordinates": [ [ 1100032.541581087512895, 1768852.721856198273599 ], [ 1101032.541581087512895, 1768852.721856198273599 ] ] } },
{ "type": "Feature", "properties": { "road_id": 2162, "shade_9h": 0, "shade_12h": 0, "shade_15h": 0, "shade_18h": 0 }, "geometry": { "type": "LineString", "coordinates": [ [ 1100032.541581087512895, 1768852.721856198273599 ], [ 1100032.541581087512895, 1769852.721856198273599 ] ] } },
{ "type": "Feature", "properties": { "road_id": 2163, "shade_9h": 0, "shade_12h": 0, "shade_15h": 0, "shade_18h": 0 }, "geometry": { "type": "LineString", "coordinates": [ [ 1100032.541581087512895, 1769852.721856198273599 ], [ 1101032.541581087512895, 1769852.721856198273599 ] ] } },
{ "type": "Feature", "properties": { "road_id": 2164, "shade_9h": 0, "shade_12h": 0, "shade_15h": 0, "shade_18h": 0 }, "geometry": { "type": "LineString", "coordinates": [ [ 1100032.541581087512895, 1769852.721856198273599 ], [ 1100032.541581087512895, 1770852.721856198273599 ] ] } },
{ "type": "Feature", "properties": { "road_id": 2165, "shade_9h": 0, "shade_12h": 0, "shade_15h": 0, "shade_18h": 0 }, "geometry": { "type": "LineString", "coordinates": [ [ 1100032.541581087512895, 1770852.721856198273599 ], [ 1101032.541581087512895, 1770852.721856198273599 ] ] } },
{ "type": "Feature", "properties": { "road_id": 2166, "shade_9h": 0, "shade_12h": 0, "shade_15h": 0, "shade_18h": 0 }, "geometry": { "type": "LineString", "coordinates": [ [ 1100032.541581087512895, 1770852.721856198273599 ], [ 1100032.541581087512895, 1771852.721856198273599 ] ] } },
{ "type": "Feature", "properties": { "road_id": 2167, "shade_9h": 0, "shade_12h": 0, "shade_15h": 0, "shade_18h": 0 }, "geometry": { "type": "LineString", "coordinates": [ [ 1100032.541581087512895, 1771852.721856198273599 ], [ 1101032.541581087512895, 1771852.721856198273599 ] ] } },
{ "type": "Feature", "properties": { "road_id": 2168, "shade_9h": 0, "shade_12h": 0, "shade_15h": 0, "shade_18h": 0 }, "geometry": { "type": "LineString", "coordinates": [ [ 1100032.541581087512895, 1771852.721856198273599 ], [ 1100032.541581087512895, 1772852.721856198273599 ] ] } },
{ "type": "Feature", "properties": { "road_id": 2169, "shade_9h": 0, "shade_12h": 0, "shade_15h": 0, "shade_18h": 35 }, "geometry": { "type": "LineString", "coordinates": [ [ 1100032.541581087512895, 1772852.721856198273599 ], [ 1101032.541581087512895, 1772852.721856198273599 ] ] } },
{ "type": "Feature", "properties": { "road_id": 2170, "shade_9h": 5, "shade_12h": 0, "shade_15h": 4, "shade_18h": 41 }, "geometry": { "type": "LineString", "coordinates": [ [ 1100032.541581087512895, 1772852.721856198273599 ], [ 1100032.541581087512895, 1773852.721856198273599 ] ] } },
{ "type": "Feature", "properties": { "road_id": 2171, "shade_9h": 6, "shade_12h": 1, "shade_15h": 4, "shade_18h": 51 }, "geometry": { "type": "LineString", "coordinates": [ [ 1100032.541581087512895, 1773852.721856198273599 ], [ 1101032.541581087512895, 1773852.721856198273599 ] ] } },
{ "type": "Feature", "properties": { "road_id": 2172, "shade_9h": 0, "shade_12h": 0, "shade_15h": 0, "shade_18h": 0 }, "geometry": { "type": "LineString", "coordinates": [ [ 1100032.541581087512895, 1773852.721856198273599 ], [ 1100032.541581087512895, 1774852.721856198273599 ] ] } },
{ "type": "Feature", "properties": { "road_id": 2173, "shade_9h": 0, "shade_12h": 0, "shade_15h": 0, "shade_18h": 0 }, "geometry": { "type": "LineString", "coordinates": [ [ 1100032.541581087512895, 1774852.721856198273599 ], [ 1101032.541581087512895, 1774852.721856198273599 ] ] } },
{ "type": "Feature", "properties": { "road_id": 2174, "shade_9h": 0, "shade_12h": 0, "shade_15h": 0, "shade_18h": 0 }, "geometry": { "type": "LineString", "coordinates": [ [ 1100032.541581087512895, 1774852.721856198273599 ], [ 1100032.541581087512895, 1775852.721856198273599 ] ] } },
{ "type": "Feature", "properties": { "road_id": 2175, "shade_9h": 0, "shade_12h": 0, "shade_15h": 0, "shade_18h": 0 }, "geometry": { "type": "LineString", "coordinates": [ [ 1100032.541581087512895, 1775852.721856198273599 ], [ 1101032.541581087512895, 1775852.721856198273599 ] ] } },
{ "type": "Feature", "properties": { "road_id": 2176, "shade_9h": 0, "shade_12h": 0, "shade_15h": 0, "shade_18h": 0 }, "geometry": { "type": "LineString", "coordinates": [ [ 1100032.541581087512895, 1775852.721856198273599 ], [ 1100032.541581087512895, 1776852.721856198273599 ] ] } },
{ "type": "Feature", "properties": { "road_id": 2177, "shade_9h": 0, "shade_12h": 0, "shade_15h": 0, "shade_18h": 0 }, "geometry": { "type": "LineString", "coordinates": [ [ 1100032.541581087512895, 1776852.721856198273599 ], [ 1101032.541581087512895, 1776852.721856198273599 ] ] } },
{ "type": "Feature", "properties": { "road_id": 2178, "shade_9h": 0, "shade_12h": 0, "shade_15h": 0, "shade_18h": 0 }, "geometry": { "type": "LineString", "coordinates": [ [ 1100032.541581087512895, 1776852.721856198273599 ], [ 1100032.541581087512895, 1777852.721856198273599 ] ] } },
{ "type": "Feature", "properties": { "road_id": 2179, "shade_9h": 0, "shade_12h": 0, "shade_15h": 0, "shade_18h": 0 }, "geometry": { "type": "LineString", "coordinates": [ [ 1100032.541581087512895, 1777852.721856198273599 ], [ 1101032.541581087512895, 1777852.721856198273599 ] ] } },
{ "type": "Feature", "properties": { "road_id": 2180, "shade_9h": 0, "shade_12h": 0, "shade_15h": 0, "shade_18h": 0 }, "geometry": { "type": "LineString", "coordinates": [ [ 1100032.541581087512895, 1777852.721856198273599 ], [ 1100032.541581087512895, 1778852.721856198273599 ] ] } },
{ "type": "Feature", "properties": { "road_id": 2181, "shade_9h": 0, "shade_12h": 0, "shade_15h": 0, "shade_18h": 0 }, "geometry": { "type": "LineString", "coordinates": [ [ 1100032.541581087512895, 1778852.721856198273599 ], [ 1101032.541581087512895, 1778852.721856198273599 ] ] } },
{ "type": "Feature", "properties": { "road_id": 2182, "shade_9h": 0, "shade_12h": 0, "shade_15h": 0, "shade_18h": 18 }, "geometry": { "type": "LineString", "coordinates": [ [ 1100032.541581087512895, 1778852.721856198273599 ], [ 1100032.541581087512895, 1779852.721856198273599 ] ] } },
{ "type": "Feature", "properties": { "road_id": 2183, "shade_9h": 1, "shade_12h": 1, "shade_15h": 1, "shade_18h": 19 }, "geometry": { "type": "LineString", "coordinates": [ [ 1100032.541581087512895, 1779852.721856198273599 ], [ 1101032.541581087512895, 1779852.721856198273599 ] ] } },
{ "type": "Feature", "properties": { "road_id": 2184, "shade_9h": 0, "shade_12h": 0, "shade_15h": 0, "shade_18h": 0 }, "geometry": { "type": "LineString", "coordinates": [ [ 1101032.541581087512895, 1734852.721856198273599 ], [ 1102032.541581087512895, 1734852.721856198273599 ] ] } },
{ "type": "Feature", "properties": { "road_id": 2185, "shade_9h": 1, "shade_12h": 1, "shade_15h": 1, "shade_18h": 1 }, "geometry": { "type": "LineString", "coordinates": [ [ 1101032.541581087512895, 1734852.721856198273599 ], [ 1101032.541581087512895, 1735852.721856198273599 ] ] } },
{ "type": "Feature", "properties": { "road_id": 2186, "shade_9h": 0, "shade_12h": 0, "shade_15h": 0, "shade_18h": 0 }, "geometry": { "type": "LineString", "coordinates": [ [ 1101032.541581087512895, 1735852.721856198273599 ], [ 1102032.541581087512895, 1735852.721856198273599 ] ] } },
{ "type": "Feature", "properties": { "road_id": 2187, "shade_9h": 0, "shade_12h": 0, "shade_15h": 0, "shade_18h": 0 }, "geometry": { "type": "LineString", "coordinates": [ [ 1101032.541581087512895, 1735852.721856198273599 ], [ 1101032.541581087512895, 1736852.721856198273599 ] ] } },
{ "type": "Feature", "properties": { "road_id": 2188, "shade_9h": 0, "shade_12h": 0, "shade_15h": 0, "shade_18h": 0 }, "geometry": { "type": "LineString", "coordinates": [ [ 1101032.541581087512895, 1736852.721856198273599 ], [ 1102032.541581087512895, 1736852.721856198273599 ] ] } },
{ "type": "Feature", "properties": { "road_id": 2189, "shade_9h": 0, "shade_12h": 0, "shade_15h": 0, "shade_18h": 0 }, "geometry": { "type": "LineString", "coordinates": [ [ 1101032.541581087512895, 1736852.721856198273599 ], [ 1101032.541581087512895, 1737852.721856198273599 ] ] } },
{ "type": "Feature", "properties": { "road_id": 2190, "shade_9h": 0, "shade_12h": 0, "shade_15h": 0, "shade_18h": 0 }, "geometry": { "type": "LineString", "coordinates": [ [ 1101032.541581087512895, 1737852.721856198273599 ], [ 1102032.541581087512895, 1737852.721856198273599 ] ] } },
{ "type": "Feature", "properties": { "road_id": 2191, "shade_9h": 0, "shade_12h": 0, "shade_15h": 0, "shade_18h": 0 }, "geometry": { "type": "LineString", "coordinates": [ [ 1101032.541581087512895, 1737852.721856198273599 ], [ 1101032.541581087512895, 1738852.721856198273599 ] ] } },
{ "type": "Feature", "properties": { "road_id": 2192, "shade_9h": 1, "shade_12h": 1, "shade_15h": 1, "shade_18h": 1 }, "geometry": { "type": "LineString", "coordinates": [ [ 1101032.541581087512895, 1738852.721856198273599 ], [ 1102032.541581087512895, 1738852.721856198273599 ] ] } },
{ "type": "Feature", "properties": { "road_id": 2193, "shade_9h": 0, "shade_12h": 0, "shade_15h": 0, "shade_18h": 0 }, "geometry": { "type": "LineString", "coordinates": [ [ 1101032.541581087512895, 1738852.721856198273599 ], [ 1101032.541581087512895, 1739852.721856198273599 ] ] } },
{ "type": "Feature", "properties": { "road_id": 2194, "shade_9h": 0, "shade_12h": 0, "shade_15h": 0, "shade_18h": 0 }, "geometry": { "type": "LineString", "coordinates": [ [ 1101032.541581087512895, 1739852.721856198273599 ], [ 1102032.541581087512895, 1739852.721856198273599 ] ] } },
{ "type": "Feature", "properties": { "road_id": 2195, "shade_9h": 0, "shade_12h": 0, "shade_15h": 0, "shade_18h": 0 }, "geometry": { "type": "LineString", "coordinates": [ [ 1101032.541581087512895, 1739852.721856198273599 ], [ 1101032.541581087512895, 1740852.721856198273599 ] ] } },
{ "type": "Feature", "properties": { "road_id": 2196, "shade_9h": 0, "shade_12h": 0, "shade_15h": 0, "shade_18h": 0 }, "geometry": { "type": "LineString", "coordinates": [ [ 1101032.541581087512895, 1740852.721856198273599 ], [ 1102032.541581087512895, 1740852.721856198273599 ] ] } },
{ "type": "Feature", "properties": { "road_id": 2197, "shade_9h": 0, "shade_12h": 0, "shade_15h": 0, "shade_18h": 0 }, "geometry": { "type": "LineString", "coordinates": [ [ 1101032.541581087512895, 1740852.721856198273599 ], [ 1101032.541581087512895, 1741852.721856198273599 ] ] } },
{ "type": "Feature", "properties": { "road_id": 2198, "shade_9h": 0, "shade_12h": 0, "shade_15h": 0, "shade_18h": 0 }, "geometry": { "type": "LineString", "coordinates": [ [ 1101032.541581087512895, 1741852.721856198273599 ], [ 1102032.541581087512895, 1741852.721856198273599 ] ] } },
{ "type": "Feature", "properties": { "road_id": 2199, "shade_9h": 6, "shade_12h": 0, "shade_15h": 5, "shade_18h": 46 }, "geometry": { "type": "LineString", "coordinates": [ [ 1101032.541581087512895, 1741852.721856198273599 ], [ 1101032.541581087512895, 1742852.721856198273599 ] ] } },
{ "type": "Feature", "properties": { "road_id": 2200, "shade_9h": 0, "shade_12h": 0, "shade_15h": 0, "shade_18h": 0 }, "geometry": { "type": "LineString", "coordinates": [ [ 1101032.541581087512895, 1742852.721856198273599 ], [ 1102032.541581087512895, 1742852.721856198273599 ] ] } },
{ "type": "Feature", "properties": { "road_id": 2201, "shade_9h": 0, "shade_12h": 0, "shade_15h": 0, "shade_18h": 0 }, "geometry": { "type": "LineString", "coordinates": [ [ 1101032.541581087512895, 1742852.721856198273599 ], [ 1101032.541581087512895, 1743852.721856198273599 ] ] } },
{ "type": "Feature", "properties": { "road_id": 2202, "shade_9h": 5, "shade_12h": 4, "shade_15h": 5, "shade_18h": 20 }, "geometry": { "type": "LineString", "coordinates": [ [ 1101032.541581087512895, 1743852.721856198273599 ], [ 1102032.541581087512895, 1743852.721856198273599 ] ] } },
{ "type": "Feature", "properties": { "road_id": 2203, "shade_9h": 4, "shade_12h": 0, "shade_15h": 3, "shade_18h": 25 }, "geometry": { "type": "LineString", "coordinates": [ [ 1101032.541581087512895, 1743852.721856198273599 ], [ 1101032.541581087512895, 1744852.721856198273599 ] ] } },
{ "type": "Feature", "properties": { "road_id": 2204, "shade_9h": 0, "shade_12h": 0, "shade_15h": 0, "shade_18h": 10 }, "geometry": { "type": "LineString", "coordinates": [ [ 1101032.541581087512895, 1744852.721856198273599 ], [ 1102032.541581087512895, 1744852.721856198273599 ] ] } },
{ "type": "Feature", "properties": { "road_id": 2205, "shade_9h": 0, "shade_12h": 0, "shade_15h": 0, "shade_18h": 22 }, "geometry": { "type": "LineString", "coordinates": [ [ 1101032.541581087512895, 1744852.721856198273599 ], [ 1101032.541581087512895, 1745852.721856198273599 ] ] } },
{ "type": "Feature", "properties": { "road_id": 2206, "shade_9h": 0, "shade_12h": 0, "shade_15h": 0, "shade_18h": 0 }, "geometry": { "type": "LineString", "coordinates": [ [ 1101032.541581087512895, 1745852.721856198273599 ], [ 1102032.541581087512895, 1745852.721856198273599 ] ] } },
{ "type": "Feature", "properties": { "road_id": 2207, "shade_9h": 0, "shade_12h": 0, "shade_15h": 0, "shade_18h": 0 }, "geometry": { "type": "LineString", "coordinates": [ [ 1101032.541581087512895, 1745852.721856198273599 ], [ 1101032.541581087512895, 1746852.721856198273599 ] ] } },
{ "type": "Feature", "properties": { "road_id": 2208, "shade_9h": 0, "shade_12h": 0, "shade_15h": 0, "shade_18h": 0 }, "geometry": { "type": "LineString", "coordinates": [ [ 1101032.541581087512895, 1746852.721856198273599 ], [ 1102032.541581087512895, 1746852.721856198273599 ] ] } },
{ "type": "Feature", "properties": { "road_id": 2209, "shade_9h": 5, "shade_12h": 0, "shade_15h": 5, "shade_18h": 26 }, "geometry": { "type": "LineString", "coordinates": [ [ 1101032.541581087512895, 1746852.721856198273599 ], [ 1101032.541581087512895, 1747852.721856198273599 ] ] } },
{ "type": "Feature", "properties": { "road_id": 2210, "shade_9h": 0, "shade_12h": 0, "shade_15h": 0, "shade_18h": 0 }, "geometry": { "type": "LineString", "coordinates": [ [ 1101032.541581087512895, 1747852.721856198273599 ], [ 1102032.541581087512895, 1747852.721856198273599 ] ] } },
{ "type": "Feature", "properties": { "road_id": 2211, "shade_9h": 0, "shade_12h": 0, "shade_15h": 0, "shade_18h": 0 }, "geometry": { "type": "LineString", "coordinates": [ [ 1101032.541581087512895, 1747852.721856198273599 ], [ 1101032.541581087512895, 1748852.721856198273599 ] ] } },
{ "type": "Feature", "properties": { "road_id": 2212, "shade_9h": 0, "shade_12h": 0, "shade_15h": 0, "shade_18h": 0 }, "geometry": { "type": "LineString", "coordinates": [ [ 1101032.541581087512895, 1748852.721856198273599 ], [ 1102032.541581087512895, 1748852.721856198273599 ] ] } },
{ "type": "Feature", "properties": { "road_id": 2213, "shade_9h": 0, "shade_12h": 0, "shade_15h": 0, "shade_18h": 0 }, "geometry": { "type": "LineString", "coordinates": [ [ 1101032.541581087512895, 1748852.721856198273599 ], [ 1101032.541581087512895, 1749852.721856198273599 ] ] } },
{ "type": "Feature", "properties": { "road_id": 2214, "shade_9h": 0, "shade_12h": 0, "shade_15h": 0, "shade_18h": 13 }, "geometry": { "type": "LineString", "coordinates": [ [ 1101032.541581087512895, 1749852.721856198273599 ], [ 1102032.541581087512895, 1749852.721856198273599 ] ] } },
{ "type": "Feature", "properties": { "road_id": 2215, "shade_9h": 0, "shade_12h": 0, "shade_15h": 0, "shade_18h": 0 }, "geometry": { "type": "LineString", "coordinates": [ [ 1101032.541581087512895, 1749852.721856198273599 ], [ 1101032.541581087512895, 1750852.721856198273599 ] ] } },
{ "type": "Feature", "properties": { "road_id": 2216, "shade_9h": 0, "shade_12h": 0, "shade_15h": 0, "shade_18h": 0 }, "geometry": { "type": "LineString", "coordinates": [ [ 1101032.541581087512895, 1750852.721856198273599 ], [ 1102032.541581087512895, 1750852.721856198273599 ] ] } },
{ "type": "Feature", "properties": { "road_id": 2217, "shade_9h": 0, "shade_12h": 0, "shade_15h": 0, "shade_18h": 0 }, "geometry": { "type": "LineString", "coordinates": [ [ 1101032.541581087512895, 1750852.721856198273599 ], [ 1101032.541581087512895, 1751852.721856198273599 ] ] } },
{ "type": "Feature", "properties": { "road_id": 2218, "shade_9h": 0, "shade_12h": 0, "shade_15h": 0, "shade_18h": 0 }, "geometry": { "type": "LineString", "coordinates": [ [ 1101032.541581087512895, 1751852.721856198273599 ], [ 1102032.541581087512895, 1751852.721856198273599 ] ] } },
{ "type": "Feature", "properties": { "road_id": 2219, "shade_9h": 0, "shade_12h": 0, "shade_15h": 0, "shade_18h": 0 }, "geometry": { "type": "LineString", "coordinates": [ [ 1101032.541581087512895, 1751852.721856198273599 ], [ 1101032.541581087512895, 1752852.721856198273599 ] ] } },
{ "type": "Feature", "properties": { "road_id": 2220, "shade_9h": 4, "shade_12h": 0, "shade_15h": 4, "shade_18h": 38 }, "geometry": { "type": "LineString", "coordinates": [ [ 1101032.541581087512895, 1752852.721856198273599 ], [ 1102032.541581087512895, 1752852.721856198273599 ] ] } },
{ "type": "Feature", "properties": { "road_id": 2221, "shade_9h": 0, "shade_12h": 0, "shade_15h": 0, "shade_18h": 0 }, "geometry": { "type": "LineString", "coordinates": [ [ 1101032.541581087512895, 1752852.721856198273599 ], [ 1101032.541581087512895, 1753852.721856198273599 ] ] } },
{ "type": "Feature", "properties": { "road_id": 2222, "shade_9h": 0, "shade_12h": 0, "shade_15h": 0, "shade_18h": 0 }, "geometry": { "type": "LineString", "coordinates": [ [ 1101032.541581087512895, 1753852.721856198273599 ], [ 1102032.541581087512895, 1753852.721856198273599 ] ] } },
{ "type": "Feature", "properties": { "road_id": 2223, "shade_9h": 0, "shade_12h": 0, "shade_15h": 0, "shade_18h": 0 }, "geometry": { "type": "LineString", "coordinates": [ [ 1101032.541581087512895, 1753852.721856198273599 ], [ 1101032.541581087512895, 1754852.721856198273599 ] ] } },
{ "type": "Feature", "properties": { "road_id": 2224, "shade_9h": 1, "shade_12h": 1, "shade_15h": 1, "shade_18h": 1 }, "geometry": { "type": "LineString", "coordinates": [ [ 1101032.541581087512895, 1754852.721856198273599 ], [ 1102032.541581087512895, 1754852.721856198273599 ] ] } },
{ "type": "Feature", "properties": { "road_id": 2225, "shade_9h": 0, "shade_12h": 0, "shade_15h": 0, "shade_18h": 0 }, "geometry": { "type": "LineString", "coordinates": [ [ 1101032.541581087512895, 1754852.721856198273599 ], [ 1101032.541581087512895, 1755852.721856198273599 ] ] } },
{ "type": "Feature", "properties": { "road_id": 2226, "shade_9h": 0, "shade_12h": 0, "shade_15h": 0, "shade_18h": 0 }, "geometry": { "type": "LineString", "coordinates": [ [ 1101032.541581087512895, 1755852.721856198273599 ], [ 1102032.541581087512895, 1755852.721856198273599 ] ] } },
{ "type": "Feature", "properties": { "road_id": 2227, "shade_9h": 0, "shade_12h": 0, "shade_15h": 0, "shade_18h": 0 }, "geometry": { "type": "LineString", "coordinates": [ [ 1101032.541581087512895, 1755852.721856198273599 ], [ 1101032.541581087512895, 1756852.721856198273599 ] ] } },
{ "type": "Feature", "properties": { "road_id": 2228, "shade_9h": 0, "shade_12h": 0, "shade_15h": 0, "shade_18h": 0 }, "geometry": { "type": "LineString", "coordinates": [ [ 1101032.541581087512895, 1756852.721856198273599 ], [ 1102032.541581087512895, 1756852.721856198273599 ] ] } },
{ "type": "Feature", "properties": { "road_id": 2229, "shade_9h": 0, "shade_12h": 0, "shade_15h": 0, "shade_18h": 0 }, "geometry": { "type": "LineString", "coordinates": [ [ 1101032.541581087512895, 1756852.721856198273599 ], [ 1101032.541581087512895, 1757852.721856198273599 ] ] } },
{ "type": "Feature", "properties": { "road_id": 2230, "shade_9h": 0, "shade_12h": 0, "shade_15h": 0, "shade_18h": 9 }, "geometry": { "type": "LineString", "coordinates": [ [ 1101032.541581087512895, 1757852.721856198273599 ], [ 1102032.541581087512895, 1757852.721856198273599 ] ] } },
{ "type": "Feature", "properties": { "road_id": 2231, "shade_9h": 0, "shade_12h": 0, "shade_15h": 0, "shade_18h": 18 }, "geometry": { "type": "LineString", "coordinates": [ [ 1101032.541581087512895, 1757852.721856198273599 ], [ 1101032.541581087512895, 1758852.721856198273599 ] ] } },
{ "type": "Feature", "properties": { "road_id": 2232, "shade_9h": 0, "shade_12h": 0, "shade_15h": 0, "shade_18h": 9 }, "geometry": { "type": "LineString", "coordinates": [ [ 1101032.541581087512895, 1758852.721856198273599 ], [ 1102032.541581087512895, 1758852.721856198273599 ] ] } },
{ "type": "Feature", "properties": { "road_id": 2233, "shade_9h": 0, "shade_12h": 0, "shade_15h": 0, "shade_18h": 18 }, "geometry": { "type": "LineString", "coordinates": [ [ 1101032.541581087512895, 1758852.721856198273599 ], [ 1101032.541581087512895, 1759852.721856198273599 ] ] } },
{ "type": "Feature", "properties": { "road_id": 2234, "shade_9h": 1, "shade_12h": 1, "shade_15h": 1, "shade_18h": 1 }, "geometry": { "type": "LineString", "coordinates": [ [ 1101032.541581087512895, 1759852.721856198273599 ], [ 1102032.541581087512895, 1759852.721856198273599 ] ] } },
{ "type": "Feature", "properties": { "road_id": 2235, "shade_9h": 0, "shade_12h": 0, "shade_15h": 0, "shade_18h": 0 }, "geometry": { "type": "LineString", "coordinates": [ [ 1101032.541581087512895, 1759852.721856198273599 ], [ 1101032.541581087512895, 1760852.721856198273599 ] ] } },
{ "type": "Feature", "properties": { "road_id": 2236, "shade_9h": 0, "shade_12h": 0, "shade_15h": 0, "shade_18h": 0 }, "geometry": { "type": "LineString", "coordinates": [ [ 1101032.541581087512895, 1760852.721856198273599 ], [ 1102032.541581087512895, 1760852.721856198273599 ] ] } },
{ "type": "Feature", "properties": { "road_id": 2237, "shade_9h": 0, "shade_12h": 0, "shade_15h": 0, "shade_18h": 0 }, "geometry": { "type": "LineString", "coordinates": [ [ 1101032.541581087512895, 1760852.721856198273599 ], [ 1101032.541581087512895, 1761852.721856198273599 ] ] } },
{ "type": "Feature", "properties": { "road_id": 2238, "shade_9h": 0, "shade_12h": 0, "shade_15h": 0, "shade_18h": 0 }, "geometry": { "type": "LineString", "coordinates": [ [ 1101032.541581087512895, 1761852.721856198273599 ], [ 1102032.541581087512895, 1761852.721856198273599 ] ] } },
{ "type": "Feature", "properties": { "road_id": 2239, "shade_9h": 0, "shade_12h": 0, "shade_15h": 0, "shade_18h": 0 }, "geometry": { "type": "LineString", "coordinates": [ [ 1101032.541581087512895, 1761852.721856198273599 ], [ 1101032.541581087512895, 1762852.721856198273599 ] ] } },
{ "type": "Feature", "properties": { "road_id": 2240, "shade_9h": 0, "shade_12h": 0, "shade_15h": 0, "shade_18h": 0 }, "geometry": { "type": "LineString", "coordinates": [ [ 1101032.541581087512895, 1762852.721856198273599 ], [ 1102032.541581087512895, 1762852.721856198273599 ] ] } },
{ "type": "Feature", "properties": { "road_id": 2241, "shade_9h": 0, "shade_12h": 0, "shade_15h": 0, "shade_18h": 0 }, "geometry": { "type": "LineString", "coordinates": [ [ 1101032.541581087512895, 1762852.721856198273599 ], [ 1101032.541581087512895, 1763852.721856198273599 ] ] } },
{ "type": "Feature", "properties": { "road_id": 2242, "shade_9h": 1, "shade_12h": 1, "shade_15h": 1, "shade_18h": 1 }, "geometry": { "type": "LineString", "coordinates": [ [ 1101032.541581087512895, 1763852.721856198273599 ], [ 1102032.541581087512895, 1763852.721856198273599 ] ] } },
{ "type": "Feature", "properties": { "road_id": 2243, "shade_9h": 6, "shade_12h": 4, "shade_15h": 6, "shade_18h": 24 }, "geometry": { "type": "LineString", "coordinates": [ [ 1101032.541581087512895, 1763852.721856198273599 ], [ 1101032.541581087512895, 1764852.721856198273599 ] ] } },
{ "type": "Feature", "properties": { "road_id": 2244, "shade_9h": 0, "shade_12h": 0, "shade_15h": 0, "shade_18h": 0 }, "geometry": { "type": "LineString", "coordinates": [ [ 1101032.541581087512895, 1764852.721856198273599 ], [ 1102032.541581087512895, 1764852.721856198273599 ] ] } },
{ "type": "Feature", "properties": { "road_id": 2245, "shade_9h": 0, "shade_12h": 0, "shade_15h": 0, "shade_18h": 0 }, "geometry": { "type": "LineString", "coordinates": [ [ 1101032.541581087512895, 1764852.721856198273599 ], [ 1101032.541581087512895, 1765852.721856198273599 ] ] } },
{ "type": "Feature", "properties": { "road_id": 2246, "shade_9h": 10, "shade_12h": 3, "shade_15h": 9, "shade_18h": 51 }, "geometry": { "type": "LineString", "coordinates": [ [ 1101032.541581087512895, 1765852.721856198273599 ], [ 1102032.541581087512895, 1765852.721856198273599 ] ] } },
{ "type": "Feature", "properties": { "road_id": 2247, "shade_9h": 0, "shade_12h": 0, "shade_15h": 0, "shade_18h": 0 }, "geometry": { "type": "LineString", "coordinates": [ [ 1101032.541581087512895, 1765852.721856198273599 ], [ 1101032.541581087512895, 1766852.721856198273599 ] ] } },
{ "type": "Feature", "properties": { "road_id": 2248, "shade_9h": 0, "shade_12h": 0, "shade_15h": 0, "shade_18h": 38 }, "geometry": { "type": "LineString", "coordinates": [ [ 1101032.541581087512895, 1766852.721856198273599 ], [ 1102032.541581087512895, 1766852.721856198273599 ] ] } },
{ "type": "Feature", "properties": { "road_id": 2249, "shade_9h": 0, "shade_12h": 0, "shade_15h": 0, "shade_18h": 0 }, "geometry": { "type": "LineString", "coordinates": [ [ 1101032.541581087512895, 1766852.721856198273599 ], [ 1101032.541581087512895, 1767852.721856198273599 ] ] } },
{ "type": "Feature", "properties": { "road_id": 2250, "shade_9h": 0, "shade_12h": 0, "shade_15h": 0, "shade_18h": 0 }, "geometry": { "type": "LineString", "coordinates": [ [ 1101032.541581087512895, 1767852.721856198273599 ], [ 1102032.541581087512895, 1767852.721856198273599 ] ] } },
{ "type": "Feature", "properties": { "road_id": 2251, "shade_9h": 0, "shade_12h": 0, "shade_15h": 0, "shade_18h": 0 }, "geometry": { "type": "LineString", "coordinates": [ [ 1101032.541581087512895, 1767852.721856198273599 ], [ 1101032.541581087512895, 1768852.721856198273599 ] ] } },
{ "type": "Feature", "properties": { "road_id": 2252, "shade_9h": 0, "shade_12h": 0, "shade_15h": 0, "shade_18h": 0 }, "geometry": { "type": "LineString", "coordinates": [ [ 1101032.541581087512895, 1768852.721856198273599 ], [ 1102032.541581087512895, 1768852.721856198273599 ] ] } },
{ "type": "Feature", "properties": { "road_id": 2253, "shade_9h": 0, "shade_12h": 0, "shade_15h": 0, "shade_18h": 0 }, "geometry": { "type": "LineString", "coordinates": [ [ 1101032.541581087512895, 1768852.721856198273599 ], [ 1101032.541581087512895, 1769852.721856198273599 ] ] } },
{ "type": "Feature", "properties": { "road_id": 2254, "shade_9h": 0, "shade_12h": 0, "shade_15h": 0, "shade_18h": 0 }, "geometry": { "type": "LineString", "coordinates": [ [ 1101032.541581087512895, 1769852.721856198273599 ], [ 1102032.541581087512895, 1769852.721856198273599 ] ] } },
{ "type": "Feature", "properties": { "road_id": 2255, "shade_9h": 0, "shade_12h": 0, "shade_15h": 0, "shade_18h": 0 }, "geometry": { "type": "LineString", "coordinates": [ [ 1101032.541581087512895, 1769852.721856198273599 ], [ 1101032.541581087512895, 1770852.721856198273599 ] ] } },
{ "type": "Feature", "properties": { "road_id": 2256, "shade_9h": 0, "shade_12h": 0, "shade_15h": 0, "shade_18h": 0 }, "geometry": { "type": "LineString", "coordinates": [ [ 1101032.541581087512895, 1770852.721856198273599 ], [ 1102032.541581087512895, 1770852.721856198273599 ] ] } },
{ "type": "Feature", "properties": { "road_id": 2257, "shade_9h": 0, "shade_12h": 0, "shade_15h": 0, "shade_18h": 0 }, "geometry": { "type": "LineString", "coordinates": [ [ 1101032.541581087512895, 1770852.721856198273599 ], [ 1101032.541581087512895, 1771852.721856198273599 ] ] } },
{ "type": "Feature", "properties": { "road_id": 2258, "shade_9h": 0, "shade_12h": 0, "shade_15h": 0, "shade_18h": 0 }, "geometry": { "type": "LineString", "coordinates": [ [ 1101032.541581087512895, 1771852.721856198273599 ], [ 1102032.541581087512895, 1771852.721856198273599 ] ] } },
{ "type": "Feature", "properties": { "road_id": 2259, "shade_9h": 3, "shade_12h": 2, "shade_15h": 3, "shade_18h": 9 }, "geometry": { "type": "LineString", "coordinates": [ [ 1101032.541581087512895, 1771852.721856198273599 ], [ 1101032.541581087512895, 1772852.721856198273599 ] ] } },
{ "type": "Feature", "properties": { "road_id": 2260, "shade_9h": 1, "shade_12h": 1, "shade_15h": 1, "shade_18h": 30 }, "geometry": { "type": "LineString", "coordinates": [ [ 1101032.541581087512895, 1772852.721856198273599 ], [ 1102032.541581087512895, 1772852.721856198273599 ] ] } },
{ "type": "Feature", "properties": { "road_id": 2261, "shade_9h": 0, "shade_12h": 0, "shade_15h": 0, "shade_18h": 0 }, "geometry": { "type": "LineString", "coordinates": [ [ 1101032.541581087512895, 1772852.721856198273599 ], [ 1101032.541581087512895, 1773852.721856198273599 ] ] } },
{ "type": "Feature", "properties": { "road_id": 2262, "shade_9h": 0, "shade_12h": 0, "shade_15h": 0, "shade_18h": 0 }, "geometry": { "type": "LineString", "coordinates": [ [ 1101032.541581087512895, 1773852.721856198273599 ], [ 1102032.541581087512895, 1773852.721856198273599 ] ] } },
{ "type": "Feature", "properties": { "road_id": 2263, "shade_9h": 0, "shade_12h": 0, "shade_15h": 0, "shade_18h": 0 }, "geometry": { "type": "LineString", "coordinates": [ [ 1101032.541581087512895, 1773852.721856198273599 ], [ 1101032.541581087512895, 1774852.721856198273599 ] ] } },
{ "type": "Feature", "properties": { "road_id": 2264, "shade_9h": 0, "shade_12h": 0, "shade_15h": 0, "shade_18h": 0 }, "geometry": { "type": "LineString", "coordinates": [ [ 1101032.541581087512895, 1774852.721856198273599 ], [ 1102032.541581087512895, 1774852.721856198273599 ] ] } },
{ "type": "Feature", "properties": { "road_id": 2265, "shade_9h": 3, "shade_12h": 0, "shade_15h": 3, "shade_18h": 24 }, "geometry": { "type": "LineString", "coordinates": [ [ 1101032.541581087512895, 1774852.721856198273599 ], [ 1101032.541581087512895, 1775852.721856198273599 ] ] } },
{ "type": "Feature", "properties": { "road_id": 2266, "shade_9h": 4, "shade_12h": 0, "shade_15h": 3, "shade_18h": 24 }, "geometry": { "type": "LineString", "coordinates": [ [ 1101032.541581087512895, 1775852.721856198273599 ], [ 1102032.541581087512895, 1775852.721856198273599 ] ] } },
{ "type": "Feature", "properties": { "road_id": 2267, "shade_9h": 0, "shade_12h": 0, "shade_15h": 0, "shade_18h": 0 }, "geometry": { "type": "LineString", "coordinates": [ [ 1101032.541581087512895, 1775852.721856198273599 ], [ 1101032.541581087512895, 1776852.721856198273599 ] ] } },
{ "type": "Feature", "properties": { "road_id": 2268, "shade_9h": 4, "shade_12h": 1, "shade_15h": 3, "shade_18h": 23 }, "geometry": { "type": "LineString", "coordinates": [ [ 1101032.541581087512895, 1776852.721856198273599 ], [ 1102032.541581087512895, 1776852.721856198273599 ] ] } },
{ "type": "Feature", "properties": { "road_id": 2269, "shade_9h": 0, "shade_12h": 0, "shade_15h": 0, "shade_18h": 0 }, "geometry": { "type": "LineString", "coordinates": [ [ 1101032.541581087512895, 1776852.721856198273599 ], [ 1101032.541581087512895, 1777852.721856198273599 ] ] } },
{ "type": "Feature", "properties": { "road_id": 2270, "shade_9h": 0, "shade_12h": 0, "shade_15h": 0, "shade_18h": 0 }, "geometry": { "type": "LineString", "coordinates": [ [ 1101032.541581087512895, 1777852.721856198273599 ], [ 1102032.541581087512895, 1777852.721856198273599 ] ] } },
{ "type": "Feature", "properties": { "road_id": 2271, "shade_9h": 0, "shade_12h": 0, "shade_15h": 0, "shade_18h": 0 }, "geometry": { "type": "LineString", "coordinates": [ [ 1101032.541581087512895, 1777852.721856198273599 ], [ 1101032.541581087512895, 1778852.721856198273599 ] ] } },
{ "type": "Feature", "properties": { "road_id": 2272, "shade_9h": 0, "shade_12h": 0, "shade_15h": 0, "shade_18h": 0 }, "geometry": { "type": "LineString", "coordinates": [ [ 1101032.541581087512895, 1778852.721856198273599 ], [ 1102032.541581087512895, 1778852.721856198273599 ] ] } },
{ "type": "Feature", "properties": { "road_id": 2273, "shade_9h": 5, "shade_12h": 3, "shade_15h": 5, "shade_18h": 19 }, "geometry": { "type": "LineString", "coordinates": [ [ 1101032.541581087512895, 1778852.721856198273599 ], [ 1101032.541581087512895, 1779852.721856198273599 ] ] } },
{ "type": "Feature", "properties": { "road_id": 2274, "shade_9h": 0, "shade_12h": 0, "shade_15h": 0, "shade_18h": 0 }, "geometry": { "type": "LineString", "coordinates": [ [ 1101032.541581087512895, 1779852.721856198273599 ], [ 1102032.541581087512895, 1779852.721856198273599 ] ] } },
{ "type": "Feature", "properties": { "road_id": 2275, "shade_9h": 0, "shade_12h": 0, "shade_15h": 0, "shade_18h": 0 }, "geometry": { "type": "LineString", "coordinates": [ [ 1102032.541581087512895, 1734852.721856198273599 ], [ 1103032.541581087512895, 1734852.721856198273599 ] ] } },
{ "type": "Feature", "properties": { "road_id": 2276, "shade_9h": 0, "shade_12h": 0, "shade_15h": 0, "shade_18h": 0 }, "geometry": { "type": "LineString", "coordinates": [ [ 1102032.541581087512895, 1734852.721856198273599 ], [ 1102032.541581087512895, 1735852.721856198273599 ] ] } },
{ "type": "Feature", "properties": { "road_id": 2277, "shade_9h": 0, "shade_12h": 0, "shade_15h": 0, "shade_18h": 0 }, "geometry": { "type": "LineString", "coordinates": [ [ 1102032.541581087512895, 1735852.721856198273599 ], [ 1103032.541581087512895, 1735852.721856198273599 ] ] } },
{ "type": "Feature", "properties": { "road_id": 2278, "shade_9h": 8, "shade_12h": 3, "shade_15h": 7, "shade_18h": 39 }, "geometry": { "type": "LineString", "coordinates": [ [ 1102032.541581087512895, 1735852.721856198273599 ], [ 1102032.541581087512895, 1736852.721856198273599 ] ] } },
{ "type": "Feature", "properties": { "road_id": 2279, "shade_9h": 0, "shade_12h": 0, "shade_15h": 0, "shade_18h": 0 }, "geometry": { "type": "LineString", "coordinates": [ [ 1102032.541581087512895, 1736852.721856198273599 ], [ 1103032.541581087512895, 1736852.721856198273599 ] ] } },
{ "type": "Feature", "properties": { "road_id": 2280, "shade_9h": 0, "shade_12h": 0, "shade_15h": 0, "shade_18h": 0 }, "geometry": { "type": "LineString", "coordinates": [ [ 1102032.541581087512895, 1736852.721856198273599 ], [ 1102032.541581087512895, 1737852.721856198273599 ] ] } },
{ "type": "Feature", "properties": { "road_id": 2281, "shade_9h": 0, "shade_12h": 0, "shade_15h": 0, "shade_18h": 0 }, "geometry": { "type": "LineString", "coordinates": [ [ 1102032.541581087512895, 1737852.721856198273599 ], [ 1103032.541581087512895, 1737852.721856198273599 ] ] } },
{ "type": "Feature", "properties": { "road_id": 2282, "shade_9h": 2, "shade_12h": 0, "shade_15h": 2, "shade_18h": 16 }, "geometry": { "type": "LineString", "coordinates": [ [ 1102032.541581087512895, 1737852.721856198273599 ], [ 1102032.541581087512895, 1738852.721856198273599 ] ] } },
{ "type": "Feature", "properties": { "road_id": 2283, "shade_9h": 0, "shade_12h": 0, "shade_15h": 0, "shade_18h": 0 }, "geometry": { "type": "LineString", "coordinates": [ [ 1102032.541581087512895, 1738852.721856198273599 ], [ 1103032.541581087512895, 1738852.721856198273599 ] ] } },
{ "type": "Feature", "properties": { "road_id": 2284, "shade_9h": 0, "shade_12h": 0, "shade_15h": 0, "shade_18h": 0 }, "geometry": { "type": "LineString", "coordinates": [ [ 1102032.541581087512895, 1738852.721856198273599 ], [ 1102032.541581087512895, 1739852.721856198273599 ] ] } },
{ "type": "Feature", "properties": { "road_id": 2285, "shade_9h": 0, "shade_12h": 0, "shade_15h": 0, "shade_18h": 0 }, "geometry": { "type": "LineString", "coordinates": [ [ 1102032.541581087512895, 1739852.721856198273599 ], [ 1103032.541581087512895, 1739852.721856198273599 ] ] } },
{ "type": "Feature", "properties": { "road_id": 2286, "shade_9h": 0, "shade_12h": 0, "shade_15h": 0, "shade_18h": 0 }, "geometry": { "type": "LineString", "coordinates": [ [ 1102032.541581087512895, 1739852.721856198273599 ], [ 1102032.541581087512895, 1740852.721856198273599 ] ] } },
{ "type": "Feature", "properties": { "road_id": 2287, "shade_9h": 0, "shade_12h": 0, "shade_15h": 0, "shade_18h": 0 }, "geometry": { "type": "LineString", "coordinates": [ [ 1102032.541581087512895, 1740852.721856198273599 ], [ 1103032.541581087512895, 1740852.721856198273599 ] ] } },
{ "type": "Feature", "properties": { "road_id": 2288, "shade_9h": 0, "shade_12h": 0, "shade_15h": 0, "shade_18h": 0 }, "geometry": { "type": "LineString", "coordinates": [ [ 1102032.541581087512895, 1740852.721856198273599 ], [ 1102032.541581087512895, 1741852.721856198273599 ] ] } },
{ "type": "Feature", "properties": { "road_id": 2289, "shade_9h": 0, "shade_12h": 0, "shade_15h": 0, "shade_18h": 12 }, "geometry": { "type": "LineString", "coordinates": [ [ 1102032.541581087512895, 1741852.721856198273599 ], [ 1103032.541581087512895, 1741852.721856198273599 ] ] } },
{ "type": "Feature", "properties": { "road_id": 2290, "shade_9h": 0, "shade_12h": 0, "shade_15h": 0, "shade_18h": 0 }, "geometry": { "type": "LineString", "coordinates": [ [ 1102032.541581087512895, 1741852.721856198273599 ], [ 1102032.541581087512895, 1742852.721856198273599 ] ] } },
{ "type": "Feature", "properties": { "road_id": 2291, "shade_9h": 0, "shade_12h": 0, "shade_15h": 0, "shade_18h": 0 }, "geometry": { "type": "LineString", "coordinates": [ [ 1102032.541581087512895, 1742852.721856198273599 ], [ 1103032.541581087512895, 1742852.721856198273599 ] ] } },
{ "type": "Feature", "properties": { "road_id": 2292, "shade_9h": 0, "shade_12h": 0, "shade_15h": 0, "shade_18h": 0 }, "geometry": { "type": "LineString", "coordinates": [ [ 1102032.541581087512895, 1742852.721856198273599 ], [ 1102032.541581087512895, 1743852.721856198273599 ] ] } },
{ "type": "Feature", "properties": { "road_id": 2293, "shade_9h": 0, "shade_12h": 0, "shade_15h": 0, "shade_18h": 0 }, "geometry": { "type": "LineString", "coordinates": [ [ 1102032.541581087512895, 1743852.721856198273599 ], [ 1103032.541581087512895, 1743852.721856198273599 ] ] } },
{ "type": "Feature", "properties": { "road_id": 2294, "shade_9h": 0, "shade_12h": 0, "shade_15h": 0, "shade_18h": 0 }, "geometry": { "type": "LineString", "coordinates": [ [ 1102032.541581087512895, 1743852.721856198273599 ], [ 1102032.541581087512895, 1744852.721856198273599 ] ] } },
{ "type": "Feature", "properties": { "road_id": 2295, "shade_9h": 0, "shade_12h": 0, "shade_15h": 0, "shade_18h": 18 }, "geometry": { "type": "LineString", "coordinates": [ [ 1102032.541581087512895, 1744852.721856198273599 ], [ 1103032.541581087512895, 1744852.721856198273599 ] ] } },
{ "type": "Feature", "properties": { "road_id": 2296, "shade_9h": 0, "shade_12h": 0, "shade_15h": 0, "shade_18h": 0 }, "geometry": { "type": "LineString", "coordinates": [ [ 1102032.541581087512895, 1744852.721856198273599 ], [ 1102032.541581087512895, 1745852.721856198273599 ] ] } },
{ "type": "Feature", "properties": { "road_id": 2297, "shade_9h": 0, "shade_12h": 0, "shade_15h": 0, "shade_18h": 0 }, "geometry": { "type": "LineString", "coordinates": [ [ 1102032.541581087512895, 1745852.721856198273599 ], [ 1103032.541581087512895, 1745852.721856198273599 ] ] } },
{ "type": "Feature", "properties": { "road_id": 2298, "shade_9h": 1, "shade_12h": 1, "shade_15h": 1, "shade_18h": 1 }, "geometry": { "type": "LineString", "coordinates": [ [ 1102032.541581087512895, 1745852.721856198273599 ], [ 1102032.541581087512895, 1746852.721856198273599 ] ] } },
{ "type": "Feature", "properties": { "road_id": 2299, "shade_9h": 0, "shade_12h": 0, "shade_15h": 0, "shade_18h": 0 }, "geometry": { "type": "LineString", "coordinates": [ [ 1102032.541581087512895, 1746852.721856198273599 ], [ 1103032.541581087512895, 1746852.721856198273599 ] ] } },
{ "type": "Feature", "properties": { "road_id": 2300, "shade_9h": 4, "shade_12h": 0, "shade_15h": 4, "shade_18h": 25 }, "geometry": { "type": "LineString", "coordinates": [ [ 1102032.541581087512895, 1746852.721856198273599 ], [ 1102032.541581087512895, 1747852.721856198273599 ] ] } },
{ "type": "Feature", "properties": { "road_id": 2301, "shade_9h": 0, "shade_12h": 0, "shade_15h": 0, "shade_18h": 0 }, "geometry": { "type": "LineString", "coordinates": [ [ 1102032.541581087512895, 1747852.721856198273599 ], [ 1103032.541581087512895, 1747852.721856198273599 ] ] } },
{ "type": "Feature", "properties": { "road_id": 2302, "shade_9h": 0, "shade_12h": 0, "shade_15h": 0, "shade_18h": 0 }, "geometry": { "type": "LineString", "coordinates": [ [ 1102032.541581087512895, 1747852.721856198273599 ], [ 1102032.541581087512895, 1748852.721856198273599 ] ] } },
{ "type": "Feature", "properties": { "road_id": 2303, "shade_9h": 0, "shade_12h": 0, "shade_15h": 0, "shade_18h": 0 }, "geometry": { "type": "LineString", "coordinates": [ [ 1102032.541581087512895, 1748852.721856198273599 ], [ 1103032.541581087512895, 1748852.721856198273599 ] ] } },
{ "type": "Feature", "properties": { "road_id": 2304, "shade_9h": 2, "shade_12h": 0, "shade_15h": 0, "shade_18h": 20 }, "geometry": { "type": "LineString", "coordinates": [ [ 1102032.541581087512895, 1748852.721856198273599 ], [ 1102032.541581087512895, 1749852.721856198273599 ] ] } },
{ "type": "Feature", "properties": { "road_id": 2305, "shade_9h": 5, "shade_12h": 0, "shade_15h": 4, "shade_18h": 20 }, "geometry": { "type": "LineString", "coordinates": [ [ 1102032.541581087512895, 1749852.721856198273599 ], [ 1103032.541581087512895, 1749852.721856198273599 ] ] } },
{ "type": "Feature", "properties": { "road_id": 2306, "shade_9h": 0, "shade_12h": 0, "shade_15h": 0, "shade_18h": 13 }, "geometry": { "type": "LineString", "coordinates": [ [ 1102032.541581087512895, 1749852.721856198273599 ], [ 1102032.541581087512895, 1750852.721856198273599 ] ] } },
{ "type": "Feature", "properties": { "road_id": 2307, "shade_9h": 0, "shade_12h": 0, "shade_15h": 0, "shade_18h": 0 }, "geometry": { "type": "LineString", "coordinates": [ [ 1102032.541581087512895, 1750852.721856198273599 ], [ 1103032.541581087512895, 1750852.721856198273599 ] ] } },
{ "type": "Feature", "properties": { "road_id": 2308, "shade_9h": 0, "shade_12h": 0, "shade_15h": 0, "shade_18h": 0 }, "geometry": { "type": "LineString", "coordinates": [ [ 1102032.541581087512895, 1750852.721856198273599 ], [ 1102032.541581087512895, 1751852.721856198273599 ] ] } },
{ "type": "Feature", "properties": { "road_id": 2309, "shade_9h": 1, "shade_12h": 1, "shade_15h": 1, "shade_18h": 1 }, "geometry": { "type": "LineString", "coordinates": [ [ 1102032.541581087512895, 1751852.721856198273599 ], [ 1103032.541581087512895, 1751852.721856198273599 ] ] } },
{ "type": "Feature", "properties": { "road_id": 2310, "shade_9h": 1, "shade_12h": 0, "shade_15h": 1, "shade_18h": 15 }, "geometry": { "type": "LineString", "coordinates": [ [ 1102032.541581087512895, 1751852.721856198273599 ], [ 1102032.541581087512895, 1752852.721856198273599 ] ] } },
{ "type": "Feature", "properties": { "road_id": 2311, "shade_9h": 1, "shade_12h": 0, "shade_15h": 1, "shade_18h": 16 }, "geometry": { "type": "LineString", "coordinates": [ [ 1102032.541581087512895, 1752852.721856198273599 ], [ 1103032.541581087512895, 1752852.721856198273599 ] ] } },
{ "type": "Feature", "properties": { "road_id": 2312, "shade_9h": 6, "shade_12h": 3, "shade_15h": 5, "shade_18h": 20 }, "geometry": { "type": "LineString", "coordinates": [ [ 1102032.541581087512895, 1752852.721856198273599 ], [ 1102032.541581087512895, 1753852.721856198273599 ] ] } },
{ "type": "Feature", "properties": { "road_id": 2313, "shade_9h": 0, "shade_12h": 0, "shade_15h": 0, "shade_18h": 0 }, "geometry": { "type": "LineString", "coordinates": [ [ 1102032.541581087512895, 1753852.721856198273599 ], [ 1103032.541581087512895, 1753852.721856198273599 ] ] } },
{ "type": "Feature", "properties": { "road_id": 2314, "shade_9h": 0, "shade_12h": 0, "shade_15h": 0, "shade_18h": 0 }, "geometry": { "type": "LineString", "coordinates": [ [ 1102032.541581087512895, 1753852.721856198273599 ], [ 1102032.541581087512895, 1754852.721856198273599 ] ] } },
{ "type": "Feature", "properties": { "road_id": 2315, "shade_9h": 0, "shade_12h": 0, "shade_15h": 0, "shade_18h": 0 }, "geometry": { "type": "LineString", "coordinates": [ [ 1102032.541581087512895, 1754852.721856198273599 ], [ 1103032.541581087512895, 1754852.721856198273599 ] ] } },
{ "type": "Feature", "properties": { "road_id": 2316, "shade_9h": 0, "shade_12h": 0, "shade_15h": 0, "shade_18h": 0 }, "geometry": { "type": "LineString", "coordinates": [ [ 1102032.541581087512895, 1754852.721856198273599 ], [ 1102032.541581087512895, 1755852.721856198273599 ] ] } },
{ "type": "Feature", "properties": { "road_id": 2317, "shade_9h": 1, "shade_12h": 1, "shade_15h": 1, "shade_18h": 13 }, "geometry": { "type": "LineString", "coordinates": [ [ 1102032.541581087512895, 1755852.721856198273599 ], [ 1103032.541581087512895, 1755852.721856198273599 ] ] } },
{ "type": "Feature", "properties": { "road_id": 2318, "shade_9h": 0, "shade_12h": 0, "shade_15h": 0, "shade_18h": 0 }, "geometry": { "type": "LineString", "coordinates": [ [ 1102032.541581087512895, 1755852.721856198273599 ], [ 1102032.541581087512895, 1756852.721856198273599 ] ] } },
{ "type": "Feature", "properties": { "road_id": 2319, "shade_9h": 0, "shade_12h": 0, "shade_15h": 0, "shade_18h": 33 }, "geometry": { "type": "LineString", "coordinates": [ [ 1102032.541581087512895, 1756852.721856198273599 ], [ 1103032.541581087512895, 1756852.721856198273599 ] ] } },
{ "type": "Feature", "properties": { "road_id": 2320, "shade_9h": 5, "shade_12h": 3, "shade_15h": 5, "shade_18h": 20 }, "geometry": { "type": "LineString", "coordinates": [ [ 1102032.541581087512895, 1756852.721856198273599 ], [ 1102032.541581087512895, 1757852.721856198273599 ] ] } },
{ "type": "Feature", "properties": { "road_id": 2321, "shade_9h": 0, "shade_12h": 0, "shade_15h": 0, "shade_18h": 11 }, "geometry": { "type": "LineString", "coordinates": [ [ 1102032.541581087512895, 1757852.721856198273599 ], [ 1103032.541581087512895, 1757852.721856198273599 ] ] } },
{ "type": "Feature", "properties": { "road_id": 2322, "shade_9h": 0, "shade_12h": 0, "shade_15h": 0, "shade_18h": 4 }, "geometry": { "type": "LineString", "coordinates": [ [ 1102032.541581087512895, 1757852.721856198273599 ], [ 1102032.541581087512895, 1758852.721856198273599 ] ] } },
{ "type": "Feature", "properties": { "road_id": 2323, "shade_9h": 0, "shade_12h": 0, "shade_15h": 0, "shade_18h": 0 }, "geometry": { "type": "LineString", "coordinates": [ [ 1102032.541581087512895, 1758852.721856198273599 ], [ 1103032.541581087512895, 1758852.721856198273599 ] ] } },
{ "type": "Feature", "properties": { "road_id": 2324, "shade_9h": 1, "shade_12h": 1, "shade_15h": 1, "shade_18h": 1 }, "geometry": { "type": "LineString", "coordinates": [ [ 1102032.541581087512895, 1758852.721856198273599 ], [ 1102032.541581087512895, 1759852.721856198273599 ] ] } },
{ "type": "Feature", "properties": { "road_id": 2325, "shade_9h": 0, "shade_12h": 0, "shade_15h": 0, "shade_18h": 0 }, "geometry": { "type": "LineString", "coordinates": [ [ 1102032.541581087512895, 1759852.721856198273599 ], [ 1103032.541581087512895, 1759852.721856198273599 ] ] } },
{ "type": "Feature", "properties": { "road_id": 2326, "shade_9h": 0, "shade_12h": 0, "shade_15h": 0, "shade_18h": 0 }, "geometry": { "type": "LineString", "coordinates": [ [ 1102032.541581087512895, 1759852.721856198273599 ], [ 1102032.541581087512895, 1760852.721856198273599 ] ] } },
{ "type": "Feature", "properties": { "road_id": 2327, "shade_9h": 0, "shade_12h": 0, "shade_15h": 0, "shade_18h": 0 }, "geometry": { "type": "LineString", "coordinates": [ [ 1102032.541581087512895, 1760852.721856198273599 ], [ 1103032.541581087512895, 1760852.721856198273599 ] ] } },
{ "type": "Feature", "properties": { "road_id": 2328, "shade_9h": 0, "shade_12h": 0, "shade_15h": 0, "shade_18h": 0 }, "geometry": { "type": "LineString", "coordinates": [ [ 1102032.541581087512895, 1760852.721856198273599 ], [ 1102032.541581087512895, 1761852.721856198273599 ] ] } },
{ "type": "Feature", "properties": { "road_id": 2329, "shade_9h": 0, "shade_12h": 0, "shade_15h": 0, "shade_18h": 0 }, "geometry": { "type": "LineString", "coordinates": [ [ 1102032.541581087512895, 1761852.721856198273599 ], [ 1103032.541581087512895, 1761852.721856198273599 ] ] } },
{ "type": "Feature", "properties": { "road_id": 2330, "shade_9h": 0, "shade_12h": 0, "shade_15h": 0, "shade_18h": 0 }, "geometry": { "type": "LineString", "coordinates": [ [ 1102032.541581087512895, 1761852.721856198273599 ], [ 1102032.541581087512895, 1762852.721856198273599 ] ] } },
{ "type": "Feature", "properties": { "road_id": 2331, "shade_9h": 0, "shade_12h": 0, "shade_15h": 0, "shade_18h": 0 }, "geometry": { "type": "LineString", "coordinates": [ [ 1102032.541581087512895, 1762852.721856198273599 ], [ 1103032.541581087512895, 1762852.721856198273599 ] ] } },
{ "type": "Feature", "properties": { "road_id": 2332, "shade_9h": 0, "shade_12h": 0, "shade_15h": 0, "shade_18h": 0 }, "geometry": { "type": "LineString", "coordinates": [ [ 1102032.541581087512895, 1762852.721856198273599 ], [ 1102032.541581087512895, 1763852.721856198273599 ] ] } },
{ "type": "Feature", "properties": { "road_id": 2333, "shade_9h": 0, "shade_12h": 0, "shade_15h": 0, "shade_18h": 0 }, "geometry": { "type": "LineString", "coordinates": [ [ 1102032.541581087512895, 1763852.721856198273599 ], [ 1103032.541581087512895, 1763852.721856198273599 ] ] } },
{ "type": "Feature", "properties": { "road_id": 2334, "shade_9h": 7, "shade_12h": 3, "shade_15h": 7, "shade_18h": 37 }, "geometry": { "type": "LineString", "coordinates": [ [ 1102032.541581087512895, 1763852.721856198273599 ], [ 1102032.541581087512895, 1764852.721856198273599 ] ] } },
{ "type": "Feature", "properties": { "road_id": 2335, "shade_9h": 0, "shade_12h": 0, "shade_15h": 0, "shade_18h": 0 }, "geometry": { "type": "LineString", "coordinates": [ [ 1102032.541581087512895, 1764852.721856198273599 ], [ 1103032.541581087512895, 1764852.721856198273599 ] ] } },
{ "type": "Feature", "properties": { "road_id": 2336, "shade_9h": 0, "shade_12h": 0, "shade_15h": 0, "shade_18h": 0 }, "geometry": { "type": "LineString", "coordinates": [ [ 1102032.541581087512895, 1764852.721856198273599 ], [ 1102032.541581087512895, 1765852.721856198273599 ] ] } },
{ "type": "Feature", "properties": { "road_id": 2337, "shade_9h": 0, "shade_12h": 0, "shade_15h": 0, "shade_18h": 0 }, "geometry": { "type": "LineString", "coordinates": [ [ 1102032.541581087512895, 1765852.721856198273599 ], [ 1103032.541581087512895, 1765852.721856198273599 ] ] } },
{ "type": "Feature", "properties": { "road_id": 2338, "shade_9h": 0, "shade_12h": 0, "shade_15h": 0, "shade_18h": 0 }, "geometry": { "type": "LineString", "coordinates": [ [ 1102032.541581087512895, 1765852.721856198273599 ], [ 1102032.541581087512895, 1766852.721856198273599 ] ] } },
{ "type": "Feature", "properties": { "road_id": 2339, "shade_9h": 0, "shade_12h": 0, "shade_15h": 0, "shade_18h": 0 }, "geometry": { "type": "LineString", "coordinates": [ [ 1102032.541581087512895, 1766852.721856198273599 ], [ 1103032.541581087512895, 1766852.721856198273599 ] ] } },
{ "type": "Feature", "properties": { "road_id": 2340, "shade_9h": 0, "shade_12h": 0, "shade_15h": 0, "shade_18h": 0 }, "geometry": { "type": "LineString", "coordinates": [ [ 1102032.541581087512895, 1766852.721856198273599 ], [ 1102032.541581087512895, 1767852.721856198273599 ] ] } },
{ "type": "Feature", "properties": { "road_id": 2341, "shade_9h": 7, "shade_12h": 3, "shade_15h": 7, "shade_18h": 26 }, "geometry": { "type": "LineString", "coordinates": [ [ 1102032.541581087512895, 1767852.721856198273599 ], [ 1103032.541581087512895, 1767852.721856198273599 ] ] } },
{ "type": "Feature", "properties": { "road_id": 2342, "shade_9h": 0, "shade_12h": 0, "shade_15h": 0, "shade_18h": 0 }, "geometry": { "type": "LineString", "coordinates": [ [ 1102032.541581087512895, 1767852.721856198273599 ], [ 1102032.541581087512895, 1768852.721856198273599 ] ] } },
{ "type": "Feature", "properties": { "road_id": 2343, "shade_9h": 3, "shade_12h": 0, "shade_15h": 3, "shade_18h": 19 }, "geometry": { "type": "LineString", "coordinates": [ [ 1102032.541581087512895, 1768852.721856198273599 ], [ 1103032.541581087512895, 1768852.721856198273599 ] ] } },
{ "type": "Feature", "properties": { "road_id": 2344, "shade_9h": 0, "shade_12h": 0, "shade_15h": 0, "shade_18h": 0 }, "geometry": { "type": "LineString", "coordinates": [ [ 1102032.541581087512895, 1768852.721856198273599 ], [ 1102032.541581087512895, 1769852.721856198273599 ] ] } },
{ "type": "Feature", "properties": { "road_id": 2345, "shade_9h": 0, "shade_12h": 0, "shade_15h": 0, "shade_18h": 0 }, "geometry": { "type": "LineString", "coordinates": [ [ 1102032.541581087512895, 1769852.721856198273599 ], [ 1103032.541581087512895, 1769852.721856198273599 ] ] } },
{ "type": "Feature", "properties": { "road_id": 2346, "shade_9h": 0, "shade_12h": 0, "shade_15h": 0, "shade_18h": 0 }, "geometry": { "type": "LineString", "coordinates": [ [ 1102032.541581087512895, 1769852.721856198273599 ], [ 1102032.541581087512895, 1770852.721856198273599 ] ] } },
{ "type": "Feature", "properties": { "road_id": 2347, "shade_9h": 0, "shade_12h": 0, "shade_15h": 0, "shade_18h": 0 }, "geometry": { "type": "LineString", "coordinates": [ [ 1102032.541581087512895, 1770852.721856198273599 ], [ 1103032.541581087512895, 1770852.721856198273599 ] ] } },
{ "type": "Feature", "properties": { "road_id": 2348, "shade_9h": 0, "shade_12h": 0, "shade_15h": 0, "shade_18h": 0 }, "geometry": { "type": "LineString", "coordinates": [ [ 1102032.541581087512895, 1770852.721856198273599 ], [ 1102032.541581087512895, 1771852.721856198273599 ] ] } },
{ "type": "Feature", "properties": { "road_id": 2349, "shade_9h": 0, "shade_12h": 0, "shade_15h": 0, "shade_18h": 0 }, "geometry": { "type": "LineString", "coordinates": [ [ 1102032.541581087512895, 1771852.721856198273599 ], [ 1103032.541581087512895, 1771852.721856198273599 ] ] } },
{ "type": "Feature", "properties": { "road_id": 2350, "shade_9h": 0, "shade_12h": 0, "shade_15h": 0, "shade_18h": 0 }, "geometry": { "type": "LineString", "coordinates": [ [ 1102032.541581087512895, 1771852.721856198273599 ], [ 1102032.541581087512895, 1772852.721856198273599 ] ] } },
{ "type": "Feature", "properties": { "road_id": 2351, "shade_9h": 0, "shade_12h": 0, "shade_15h": 0, "shade_18h": 0 }, "geometry": { "type": "LineString", "coordinates": [ [ 1102032.541581087512895, 1772852.721856198273599 ], [ 1103032.541581087512895, 1772852.721856198273599 ] ] } },
{ "type": "Feature", "properties": { "road_id": 2352, "shade_9h": 0, "shade_12h": 0, "shade_15h": 0, "shade_18h": 0 }, "geometry": { "type": "LineString", "coordinates": [ [ 1102032.541581087512895, 1772852.721856198273599 ], [ 1102032.541581087512895, 1773852.721856198273599 ] ] } },
{ "type": "Feature", "properties": { "road_id": 2353, "shade_9h": 0, "shade_12h": 0, "shade_15h": 0, "shade_18h": 0 }, "geometry": { "type": "LineString", "coordinates": [ [ 1102032.541581087512895, 1773852.721856198273599 ], [ 1103032.541581087512895, 1773852.721856198273599 ] ] } },
{ "type": "Feature", "properties": { "road_id": 2354, "shade_9h": 0, "shade_12h": 0, "shade_15h": 0, "shade_18h": 0 }, "geometry": { "type": "LineString", "coordinates": [ [ 1102032.541581087512895, 1773852.721856198273599 ], [ 1102032.541581087512895, 1774852.721856198273599 ] ] } },
{ "type": "Feature", "properties": { "road_id": 2355, "shade_9h": 0, "shade_12h": 0, "shade_15h": 0, "shade_18h": 0 }, "geometry": { "type": "LineString", "coordinates": [ [ 1102032.541581087512895, 1774852.721856198273599 ], [ 1103032.541581087512895, 1774852.721856198273599 ] ] } },
{ "type": "Feature", "properties": { "road_id": 2356, "shade_9h": 0, "shade_12h": 0, "shade_15h": 0, "shade_18h": 0 }, "geometry": { "type": "LineString", "coordinates": [ [ 1102032.541581087512895, 1774852.721856198273599 ], [ 1102032.541581087512895, 1775852.721856198273599 ] ] } },
{ "type": "Feature", "properties": { "road_id": 2357, "shade_9h": 0, "shade_12h": 0, "shade_15h": 0, "shade_18h": 0 }, "geometry": { "type": "LineString", "coordinates": [ [ 1102032.541581087512895, 1775852.721856198273599 ], [ 1103032.541581087512895, 1775852.721856198273599 ] ] } },
{ "type": "Feature", "properties": { "road_id": 2358, "shade_9h": 5, "shade_12h": 3, "shade_15h": 5, "shade_18h": 25 }, "geometry": { "type": "LineString", "coordinates": [ [ 1102032.541581087512895, 1775852.721856198273599 ], [ 1102032.541581087512895, 1776852.721856198273599 ] ] } },
{ "type": "Feature", "properties": { "road_id": 2359, "shade_9h": 6, "shade_12h": 4, "shade_15h": 6, "shade_18h": 26 }, "geometry": { "type": "LineString", "coordinates": [ [ 1102032.541581087512895, 1776852.721856198273599 ], [ 1103032.541581087512895, 1776852.721856198273599 ] ] } },
{ "type": "Feature", "properties": { "road_id": 2360, "shade_9h": 5, "shade_12h": 2, "shade_15h": 4, "shade_18h": 24 }, "geometry": { "type": "LineString", "coordinates": [ [ 1102032.541581087512895, 1776852.721856198273599 ], [ 1102032.541581087512895, 1777852.721856198273599 ] ] } },
{ "type": "Feature", "properties": { "road_id": 2361, "shade_9h": 0, "shade_12h": 0, "shade_15h": 0, "shade_18h": 13 }, "geometry": { "type": "LineString", "coordinates": [ [ 1102032.541581087512895, 1777852.721856198273599 ], [ 1103032.541581087512895, 1777852.721856198273599 ] ] } },
{ "type": "Feature", "properties": { "road_id": 2362, "shade_9h": 0, "shade_12h": 0, "shade_15h": 0, "shade_18h": 0 }, "geometry": { "type": "LineString", "coordinates": [ [ 1102032.541581087512895, 1777852.721856198273599 ], [ 1102032.541581087512895, 1778852.721856198273599 ] ] } },
{ "type": "Feature", "properties": { "road_id": 2363, "shade_9h": 0, "shade_12h": 0, "shade_15h": 0, "shade_18h": 0 }, "geometry": { "type": "LineString", "coordinates": [ [ 1102032.541581087512895, 1778852.721856198273599 ], [ 1103032.541581087512895, 1778852.721856198273599 ] ] } },
{ "type": "Feature", "properties": { "road_id": 2364, "shade_9h": 0, "shade_12h": 0, "shade_15h": 0, "shade_18h": 0 }, "geometry": { "type": "LineString", "coordinates": [ [ 1102032.541581087512895, 1778852.721856198273599 ], [ 1102032.541581087512895, 1779852.721856198273599 ] ] } },
{ "type": "Feature", "properties": { "road_id": 2365, "shade_9h": 0, "shade_12h": 0, "shade_15h": 0, "shade_18h": 0 }, "geometry": { "type": "LineString", "coordinates": [ [ 1102032.541581087512895, 1779852.721856198273599 ], [ 1103032.541581087512895, 1779852.721856198273599 ] ] } },
{ "type": "Feature", "properties": { "road_id": 2366, "shade_9h": 0, "shade_12h": 0, "shade_15h": 0, "shade_18h": 0 }, "geometry": { "type": "LineString", "coordinates": [ [ 1103032.541581087512895, 1734852.721856198273599 ], [ 1104032.541581087512895, 1734852.721856198273599 ] ] } },
{ "type": "Feature", "properties": { "road_id": 2367, "shade_9h": 0, "shade_12h": 0, "shade_15h": 0, "shade_18h": 0 }, "geometry": { "type": "LineString", "coordinates": [ [ 1103032.541581087512895, 1734852.721856198273599 ], [ 1103032.541581087512895, 1735852.721856198273599 ] ] } },
{ "type": "Feature", "properties": { "road_id": 2368, "shade_9h": 0, "shade_12h": 0, "shade_15h": 0, "shade_18h": 0 }, "geometry": { "type": "LineString", "coordinates": [ [ 1103032.541581087512895, 1735852.721856198273599 ], [ 1104032.541581087512895, 1735852.721856198273599 ] ] } },
{ "type": "Feature", "properties": { "road_id": 2369, "shade_9h": 0, "shade_12h": 0, "shade_15h": 0, "shade_18h": 0 }, "geometry": { "type": "LineString", "coordinates": [ [ 1103032.541581087512895, 1735852.721856198273599 ], [ 1103032.541581087512895, 1736852.721856198273599 ] ] } },
{ "type": "Feature", "properties": { "road_id": 2370, "shade_9h": 0, "shade_12h": 0, "shade_15h": 0, "shade_18h": 0 }, "geometry": { "type": "LineString", "coordinates": [ [ 1103032.541581087512895, 1736852.721856198273599 ], [ 1104032.541581087512895, 1736852.721856198273599 ] ] } },
{ "type": "Feature", "properties": { "road_id": 2371, "shade_9h": 0, "shade_12h": 0, "shade_15h": 0, "shade_18h": 0 }, "geometry": { "type": "LineString", "coordinates": [ [ 1103032.541581087512895, 1736852.721856198273599 ], [ 1103032.541581087512895, 1737852.721856198273599 ] ] } },
{ "type": "Feature", "properties": { "road_id": 2372, "shade_9h": 0, "shade_12h": 0, "shade_15h": 0, "shade_18h": 0 }, "geometry": { "type": "LineString", "coordinates": [ [ 1103032.541581087512895, 1737852.721856198273599 ], [ 1104032.541581087512895, 1737852.721856198273599 ] ] } },
{ "type": "Feature", "properties": { "road_id": 2373, "shade_9h": 0, "shade_12h": 0, "shade_15h": 0, "shade_18h": 0 }, "geometry": { "type": "LineString", "coordinates": [ [ 1103032.541581087512895, 1737852.721856198273599 ], [ 1103032.541581087512895, 1738852.721856198273599 ] ] } },
{ "type": "Feature", "properties": { "road_id": 2374, "shade_9h": 0, "shade_12h": 0, "shade_15h": 0, "shade_18h": 0 }, "geometry": { "type": "LineString", "coordinates": [ [ 1103032.541581087512895, 1738852.721856198273599 ], [ 1104032.541581087512895, 1738852.721856198273599 ] ] } },
{ "type": "Feature", "properties": { "road_id": 2375, "shade_9h": 0, "shade_12h": 0, "shade_15h": 0, "shade_18h": 0 }, "geometry": { "type": "LineString", "coordinates": [ [ 1103032.541581087512895, 1738852.721856198273599 ], [ 1103032.541581087512895, 1739852.721856198273599 ] ] } },
{ "type": "Feature", "properties": { "road_id": 2376, "shade_9h": 0, "shade_12h": 0, "shade_15h": 0, "shade_18h": 0 }, "geometry": { "type": "LineString", "coordinates": [ [ 1103032.541581087512895, 1739852.721856198273599 ], [ 1104032.541581087512895, 1739852.721856198273599 ] ] } },
{ "type": "Feature", "properties": { "road_id": 2377, "shade_9h": 0, "shade_12h": 0, "shade_15h": 0, "shade_18h": 0 }, "geometry": { "type": "LineString", "coordinates": [ [ 1103032.541581087512895, 1739852.721856198273599 ], [ 1103032.541581087512895, 1740852.721856198273599 ] ] } },
{ "type": "Feature", "properties": { "road_id": 2378, "shade_9h": 4, "shade_12h": 0, "shade_15h": 3, "shade_18h": 26 }, "geometry": { "type": "LineString", "coordinates": [ [ 1103032.541581087512895, 1740852.721856198273599 ], [ 1104032.541581087512895, 1740852.721856198273599 ] ] } },
{ "type": "Feature", "properties": { "road_id": 2379, "shade_9h": 4, "shade_12h": 0, "shade_15h": 4, "shade_18h": 25 }, "geometry": { "type": "LineString", "coordinates": [ [ 1103032.541581087512895, 1740852.721856198273599 ], [ 1103032.541581087512895, 1741852.721856198273599 ] ] } },
{ "type": "Feature", "properties": { "road_id": 2380, "shade_9h": 0, "shade_12h": 0, "shade_15h": 0, "shade_18h": 6 }, "geometry": { "type": "LineString", "coordinates": [ [ 1103032.541581087512895, 1741852.721856198273599 ], [ 1104032.541581087512895, 1741852.721856198273599 ] ] } },
{ "type": "Feature", "properties": { "road_id": 2381, "shade_9h": 0, "shade_12h": 0, "shade_15h": 0, "shade_18h": 45 }, "geometry": { "type": "LineString", "coordinates": [ [ 1103032.541581087512895, 1741852.721856198273599 ], [ 1103032.541581087512895, 1742852.721856198273599 ] ] } },
{ "type": "Feature", "properties": { "road_id": 2382, "shade_9h": 1, "shade_12h": 1, "shade_15h": 1, "shade_18h": 1 }, "geometry": { "type": "LineString", "coordinates": [ [ 1103032.541581087512895, 1742852.721856198273599 ], [ 1104032.541581087512895, 1742852.721856198273599 ] ] } },
{ "type": "Feature", "properties": { "road_id": 2383, "shade_9h": 4, "shade_12h": 2, "shade_15h": 3, "shade_18h": 18 }, "geometry": { "type": "LineString", "coordinates": [ [ 1103032.541581087512895, 1742852.721856198273599 ], [ 1103032.541581087512895, 1743852.721856198273599 ] ] } },
{ "type": "Feature", "properties": { "road_id": 2384, "shade_9h": 0, "shade_12h": 0, "shade_15h": 0, "shade_18h": 8 }, "geometry": { "type": "LineString", "coordinates": [ [ 1103032.541581087512895, 1743852.721856198273599 ], [ 1104032.541581087512895, 1743852.721856198273599 ] ] } },
{ "type": "Feature", "properties": { "road_id": 2385, "shade_9h": 10, "shade_12h": 5, "shade_15h": 9, "shade_18h": 41 }, "geometry": { "type": "LineString", "coordinates": [ [ 1103032.541581087512895, 1743852.721856198273599 ], [ 1103032.541581087512895, 1744852.721856198273599 ] ] } },
{ "type": "Feature", "properties": { "road_id": 2386, "shade_9h": 0, "shade_12h": 0, "shade_15h": 0, "shade_18h": 15 }, "geometry": { "type": "LineString", "coordinates": [ [ 1103032.541581087512895, 1744852.721856198273599 ], [ 1104032.541581087512895, 1744852.721856198273599 ] ] } },
{ "type": "Feature", "properties": { "road_id": 2387, "shade_9h": 0, "shade_12h": 0, "shade_15h": 0, "shade_18h": 6 }, "geometry": { "type": "LineString", "coordinates": [ [ 1103032.541581087512895, 1744852.721856198273599 ], [ 1103032.541581087512895, 1745852.721856198273599 ] ] } },
{ "type": "Feature", "properties": { "road_id": 2388, "shade_9h": 0, "shade_12h": 0, "shade_15h": 0, "shade_18h": 0 }, "geometry": { "type": "LineString", "coordinates": [ [ 1103032.541581087512895, 1745852.721856198273599 ], [ 1104032.541581087512895, 1745852.721856198273599 ] ] } },
{ "type": "Feature", "properties": { "road_id": 2389, "shade_9h": 0, "shade_12h": 0, "shade_15h": 0, "shade_18h": 0 }, "geometry": { "type": "LineString", "coordinates": [ [ 1103032.541581087512895, 1745852.721856198273599 ], [ 1103032.541581087512895, 1746852.721856198273599 ] ] } },
{ "type": "Feature", "properties": { "road_id": 2390, "shade_9h": 1, "shade_12h": 1, "shade_15h": 1, "shade_18h": 1 }, "geometry": { "type": "LineString", "coordinates": [ [ 1103032.541581087512895, 1746852.721856198273599 ], [ 1104032.541581087512895, 1746852.721856198273599 ] ] } },
{ "type": "Feature", "properties": { "road_id": 2391, "shade_9h": 0, "shade_12h": 0, "shade_15h": 0, "shade_18h": 0 }, "geometry": { "type": "LineString", "coordinates": [ [ 1103032.541581087512895, 1746852.721856198273599 ], [ 1103032.541581087512895, 1747852.721856198273599 ] ] } },
{ "type": "Feature", "properties": { "road_id": 2392, "shade_9h": 0, "shade_12h": 0, "shade_15h": 0, "shade_18h": 0 }, "geometry": { "type": "LineString", "coordinates": [ [ 1103032.541581087512895, 1747852.721856198273599 ], [ 1104032.541581087512895, 1747852.721856198273599 ] ] } },
{ "type": "Feature", "properties": { "road_id": 2393, "shade_9h": 0, "shade_12h": 0, "shade_15h": 0, "shade_18h": 0 }, "geometry": { "type": "LineString", "coordinates": [ [ 1103032.541581087512895, 1747852.721856198273599 ], [ 1103032.541581087512895, 1748852.721856198273599 ] ] } },
{ "type": "Feature", "properties": { "road_id": 2394, "shade_9h": 0, "shade_12h": 0, "shade_15h": 0, "shade_18h": 0 }, "geometry": { "type": "LineString", "coordinates": [ [ 1103032.541581087512895, 1748852.721856198273599 ], [ 1104032.541581087512895, 1748852.721856198273599 ] ] } },
{ "type": "Feature", "properties": { "road_id": 2395, "shade_9h": 1, "shade_12h": 1, "shade_15h": 1, "shade_18h": 4 }, "geometry": { "type": "LineString", "coordinates": [ [ 1103032.541581087512895, 1748852.721856198273599 ], [ 1103032.541581087512895, 1749852.721856198273599 ] ] } },
{ "type": "Feature", "properties": { "road_id": 2396, "shade_9h": 0, "shade_12h": 0, "shade_15h": 0, "shade_18h": 12 }, "geometry": { "type": "LineString", "coordinates": [ [ 1103032.541581087512895, 1749852.721856198273599 ], [ 1104032.541581087512895, 1749852.721856198273599 ] ] } },
{ "type": "Feature", "properties": { "road_id": 2397, "shade_9h": 9, "shade_12h": 5, "shade_15h": 8, "shade_18h": 37 }, "geometry": { "type": "LineString", "coordinates": [ [ 1103032.541581087512895, 1749852.721856198273599 ], [ 1103032.541581087512895, 1750852.721856198273599 ] ] } },
{ "type": "Feature", "properties": { "road_id": 2398, "shade_9h": 0, "shade_12h": 0, "shade_15h": 0, "shade_18h": 0 }, "geometry": { "type": "LineString", "coordinates": [ [ 1103032.541581087512895, 1750852.721856198273599 ], [ 1104032.541581087512895, 1750852.721856198273599 ] ] } },
{ "type": "Feature", "properties": { "road_id": 2399, "shade_9h": 0, "shade_12h": 0, "shade_15h": 0, "shade_18h": 0 }, "geometry": { "type": "LineString", "coordinates": [ [ 1103032.541581087512895, 1750852.721856198273599 ], [ 1103032.541581087512895, 1751852.721856198273599 ] ] } },
{ "type": "Feature", "properties": { "road_id": 2400, "shade_9h": 0, "shade_12h": 0, "shade_15h": 0, "shade_18h": 16 }, "geometry": { "type": "LineString", "coordinates": [ [ 1103032.541581087512895, 1751852.721856198273599 ], [ 1104032.541581087512895, 1751852.721856198273599 ] ] } },
{ "type": "Feature", "properties": { "road_id": 2401, "shade_9h": 0, "shade_12h": 0, "shade_15h": 0, "shade_18h": 32 }, "geometry": { "type": "LineString", "coordinates": [ [ 1103032.541581087512895, 1751852.721856198273599 ], [ 1103032.541581087512895, 1752852.721856198273599 ] ] } },
{ "type": "Feature", "properties": { "road_id": 2402, "shade_9h": 0, "shade_12h": 0, "shade_15h": 0, "shade_18h": 0 }, "geometry": { "type": "LineString", "coordinates": [ [ 1103032.541581087512895, 1752852.721856198273599 ], [ 1104032.541581087512895, 1752852.721856198273599 ] ] } },
{ "type": "Feature", "properties": { "road_id": 2403, "shade_9h": 0, "shade_12h": 0, "shade_15h": 0, "shade_18h": 0 }, "geometry": { "type": "LineString", "coordinates": [ [ 1103032.541581087512895, 1752852.721856198273599 ], [ 1103032.541581087512895, 1753852.721856198273599 ] ] } },
{ "type": "Feature", "properties": { "road_id": 2404, "shade_9h": 0, "shade_12h": 0, "shade_15h": 0, "shade_18h": 0 }, "geometry": { "type": "LineString", "coordinates": [ [ 1103032.541581087512895, 1753852.721856198273599 ], [ 1104032.541581087512895, 1753852.721856198273599 ] ] } },
{ "type": "Feature", "properties": { "road_id": 2405, "shade_9h": 0, "shade_12h": 0, "shade_15h": 0, "shade_18h": 0 }, "geometry": { "type": "LineString", "coordinates": [ [ 1103032.541581087512895, 1753852.721856198273599 ], [ 1103032.541581087512895, 1754852.721856198273599 ] ] } },
{ "type": "Feature", "properties": { "road_id": 2406, "shade_9h": 0, "shade_12h": 0, "shade_15h": 0, "shade_18h": 0 }, "geometry": { "type": "LineString", "coordinates": [ [ 1103032.541581087512895, 1754852.721856198273599 ], [ 1104032.541581087512895, 1754852.721856198273599 ] ] } },
{ "type": "Feature", "properties": { "road_id": 2407, "shade_9h": 0, "shade_12h": 0, "shade_15h": 0, "shade_18h": 22 }, "geometry": { "type": "LineString", "coordinates": [ [ 1103032.541581087512895, 1754852.721856198273599 ], [ 1103032.541581087512895, 1755852.721856198273599 ] ] } },
{ "type": "Feature", "properties": { "road_id": 2408, "shade_9h": 8, "shade_12h": 4, "shade_15h": 8, "shade_18h": 32 }, "geometry": { "type": "LineString", "coordinates": [ [ 1103032.541581087512895, 1755852.721856198273599 ], [ 1104032.541581087512895, 1755852.721856198273599 ] ] } },
{ "type": "Feature", "properties": { "road_id": 2409, "shade_9h": 0, "shade_12h": 0, "shade_15h": 0, "shade_18h": 20 }, "geometry": { "type": "LineString", "coordinates": [ [ 1103032.541581087512895, 1755852.721856198273599 ], [ 1103032.541581087512895, 1756852.721856198273599 ] ] } },
{ "type": "Feature", "properties": { "road_id": 2410, "shade_9h": 0, "shade_12h": 0, "shade_15h": 0, "shade_18h": 0 }, "geometry": { "type": "LineString", "coordinates": [ [ 1103032.541581087512895, 1756852.721856198273599 ], [ 1104032.541581087512895, 1756852.721856198273599 ] ] } },
{ "type": "Feature", "properties": { "road_id": 2411, "shade_9h": 0, "shade_12h": 0, "shade_15h": 0, "shade_18h": 0 }, "geometry": { "type": "LineString", "coordinates": [ [ 1103032.541581087512895, 1756852.721856198273599 ], [ 1103032.541581087512895, 1757852.721856198273599 ] ] } },
{ "type": "Feature", "properties": { "road_id": 2412, "shade_9h": 1, "shade_12h": 1, "shade_15h": 1, "shade_18h": 1 }, "geometry": { "type": "LineString", "coordinates": [ [ 1103032.541581087512895, 1757852.721856198273599 ], [ 1104032.541581087512895, 1757852.721856198273599 ] ] } },
{ "type": "Feature", "properties": { "road_id": 2413, "shade_9h": 0, "shade_12h": 0, "shade_15h": 0, "shade_18h": 0 }, "geometry": { "type": "LineString", "coordinates": [ [ 1103032.541581087512895, 1757852.721856198273599 ], [ 1103032.541581087512895, 1758852.721856198273599 ] ] } },
{ "type": "Feature", "properties": { "road_id": 2414, "shade_9h": 0, "shade_12h": 0, "shade_15h": 0, "shade_18h": 0 }, "geometry": { "type": "LineString", "coordinates": [ [ 1103032.541581087512895, 1758852.721856198273599 ], [ 1104032.541581087512895, 1758852.721856198273599 ] ] } },
{ "type": "Feature", "properties": { "road_id": 2415, "shade_9h": 0, "shade_12h": 0, "shade_15h": 0, "shade_18h": 0 }, "geometry": { "type": "LineString", "coordinates": [ [ 1103032.541581087512895, 1758852.721856198273599 ], [ 1103032.541581087512895, 1759852.721856198273599 ] ] } },
{ "type": "Feature", "properties": { "road_id": 2416, "shade_9h": 0, "shade_12h": 0, "shade_15h": 0, "shade_18h": 0 }, "geometry": { "type": "LineString", "coordinates": [ [ 1103032.541581087512895, 1759852.721856198273599 ], [ 1104032.541581087512895, 1759852.721856198273599 ] ] } },
{ "type": "Feature", "properties": { "road_id": 2417, "shade_9h": 0, "shade_12h": 0, "shade_15h": 0, "shade_18h": 0 }, "geometry": { "type": "LineString", "coordinates": [ [ 1103032.541581087512895, 1759852.721856198273599 ], [ 1103032.541581087512895, 1760852.721856198273599 ] ] } },
{ "type": "Feature", "properties": { "road_id": 2418, "shade_9h": 0, "shade_12h": 0, "shade_15h": 0, "shade_18h": 0 }, "geometry": { "type": "LineString", "coordinates": [ [ 1103032.541581087512895, 1760852.721856198273599 ], [ 1104032.541581087512895, 1760852.721856198273599 ] ] } },
{ "type": "Feature", "properties": { "road_id": 2419, "shade_9h": 0, "shade_12h": 0, "shade_15h": 0, "shade_18h": 0 }, "geometry": { "type": "LineString", "coordinates": [ [ 1103032.541581087512895, 1760852.721856198273599 ], [ 1103032.541581087512895, 1761852.721856198273599 ] ] } },
{ "type": "Feature", "properties": { "road_id": 2420, "shade_9h": 0, "shade_12h": 0, "shade_15h": 0, "shade_18h": 0 }, "geometry": { "type": "LineString", "coordinates": [ [ 1103032.541581087512895, 1761852.721856198273599 ], [ 1104032.541581087512895, 1761852.721856198273599 ] ] } },
{ "type": "Feature", "properties": { "road_id": 2421, "shade_9h": 8, "shade_12h": 2, "shade_15h": 8, "shade_18h": 50 }, "geometry": { "type": "LineString", "coordinates": [ [ 1103032.541581087512895, 1761852.721856198273599 ], [ 1103032.541581087512895, 1762852.721856198273599 ] ] } },
{ "type": "Feature", "properties": { "road_id": 2422, "shade_9h": 1, "shade_12h": 1, "shade_15h": 1, "shade_18h": 1 }, "geometry": { "type": "LineString", "coordinates": [ [ 1103032.541581087512895, 1762852.721856198273599 ], [ 1104032.541581087512895, 1762852.721856198273599 ] ] } },
{ "type": "Feature", "properties": { "road_id": 2423, "shade_9h": 0, "shade_12h": 0, "shade_15h": 0, "shade_18h": 0 }, "geometry": { "type": "LineString", "coordinates": [ [ 1103032.541581087512895, 1762852.721856198273599 ], [ 1103032.541581087512895, 1763852.721856198273599 ] ] } },
{ "type": "Feature", "properties": { "road_id": 2424, "shade_9h": 0, "shade_12h": 0, "shade_15h": 0, "shade_18h": 0 }, "geometry": { "type": "LineString", "coordinates": [ [ 1103032.541581087512895, 1763852.721856198273599 ], [ 1104032.541581087512895, 1763852.721856198273599 ] ] } },
{ "type": "Feature", "properties": { "road_id": 2425, "shade_9h": 0, "shade_12h": 0, "shade_15h": 0, "shade_18h": 0 }, "geometry": { "type": "LineString", "coordinates": [ [ 1103032.541581087512895, 1763852.721856198273599 ], [ 1103032.541581087512895, 1764852.721856198273599 ] ] } },
{ "type": "Feature", "properties": { "road_id": 2426, "shade_9h": 0, "shade_12h": 0, "shade_15h": 0, "shade_18h": 36 }, "geometry": { "type": "LineString", "coordinates": [ [ 1103032.541581087512895, 1764852.721856198273599 ], [ 1104032.541581087512895, 1764852.721856198273599 ] ] } },
{ "type": "Feature", "properties": { "road_id": 2427, "shade_9h": 0, "shade_12h": 0, "shade_15h": 0, "shade_18h": 0 }, "geometry": { "type": "LineString", "coordinates": [ [ 1103032.541581087512895, 1764852.721856198273599 ], [ 1103032.541581087512895, 1765852.721856198273599 ] ] } },
{ "type": "Feature", "properties": { "road_id": 2428, "shade_9h": 0, "shade_12h": 0, "shade_15h": 0, "shade_18h": 0 }, "geometry": { "type": "LineString", "coordinates": [ [ 1103032.541581087512895, 1765852.721856198273599 ], [ 1104032.541581087512895, 1765852.721856198273599 ] ] } },
{ "type": "Feature", "properties": { "road_id": 2429, "shade_9h": 4, "shade_12h": 1, "shade_15h": 3, "shade_18h": 22 }, "geometry": { "type": "LineString", "coordinates": [ [ 1103032.541581087512895, 1765852.721856198273599 ], [ 1103032.541581087512895, 1766852.721856198273599 ] ] } },
{ "type": "Feature", "properties": { "road_id": 2430, "shade_9h": 0, "shade_12h": 0, "shade_15h": 0, "shade_18h": 0 }, "geometry": { "type": "LineString", "coordinates": [ [ 1103032.541581087512895, 1766852.721856198273599 ], [ 1104032.541581087512895, 1766852.721856198273599 ] ] } },
{ "type": "Feature", "properties": { "road_id": 2431, "shade_9h": 0, "shade_12h": 0, "shade_15h": 0, "shade_18h": 19 }, "geometry": { "type": "LineString", "coordinates": [ [ 1103032.541581087512895, 1766852.721856198273599 ], [ 1103032.541581087512895, 1767852.721856198273599 ] ] } },
{ "type": "Feature", "properties": { "road_id": 2432, "shade_9h": 0, "shade_12h": 0, "shade_15h": 0, "shade_18h": 14 }, "geometry": { "type": "LineString", "coordinates": [ [ 1103032.541581087512895, 1767852.721856198273599 ], [ 1104032.541581087512895, 1767852.721856198273599 ] ] } },
{ "type": "Feature", "properties": { "road_id": 2433, "shade_9h": 0, "shade_12h": 0, "shade_15h": 0, "shade_18h": 19 }, "geometry": { "type": "LineString", "coordinates": [ [ 1103032.541581087512895, 1767852.721856198273599 ], [ 1103032.541581087512895, 1768852.721856198273599 ] ] } },
{ "type": "Feature", "properties": { "road_id": 2434, "shade_9h": 9, "shade_12h": 4, "shade_15h": 8, "shade_18h": 41 }, "geometry": { "type": "LineString", "coordinates": [ [ 1103032.541581087512895, 1768852.721856198273599 ], [ 1104032.541581087512895, 1768852.721856198273599 ] ] } },
{ "type": "Feature", "properties": { "road_id": 2435, "shade_9h": 0, "shade_12h": 0, "shade_15h": 0, "shade_18h": 0 }, "geometry": { "type": "LineString", "coordinates": [ [ 1103032.541581087512895, 1768852.721856198273599 ], [ 1103032.541581087512895, 1769852.721856198273599 ] ] } },
{ "type": "Feature", "properties": { "road_id": 2436, "shade_9h": 0, "shade_12h": 0, "shade_15h": 0, "shade_18h": 19 }, "geometry": { "type": "LineString", "coordinates": [ [ 1103032.541581087512895, 1769852.721856198273599 ], [ 1104032.541581087512895, 1769852.721856198273599 ] ] } },
{ "type": "Feature", "properties": { "road_id": 2437, "shade_9h": 0, "shade_12h": 0, "shade_15h": 0, "shade_18h": 0 }, "geometry": { "type": "LineString", "coordinates": [ [ 1103032.541581087512895, 1769852.721856198273599 ], [ 1103032.541581087512895, 1770852.721856198273599 ] ] } },
{ "type": "Feature", "properties": { "road_id": 2438, "shade_9h": 0, "shade_12h": 0, "shade_15h": 0, "shade_18h": 0 }, "geometry": { "type": "LineString", "coordinates": [ [ 1103032.541581087512895, 1770852.721856198273599 ], [ 1104032.541581087512895, 1770852.721856198273599 ] ] } },
{ "type": "Feature", "properties": { "road_id": 2439, "shade_9h": 0, "shade_12h": 0, "shade_15h": 0, "shade_18h": 0 }, "geometry": { "type": "LineString", "coordinates": [ [ 1103032.541581087512895, 1770852.721856198273599 ], [ 1103032.541581087512895, 1771852.721856198273599 ] ] } },
{ "type": "Feature", "properties": { "road_id": 2440, "shade_9h": 0, "shade_12h": 0, "shade_15h": 0, "shade_18h": 0 }, "geometry": { "type": "LineString", "coordinates": [ [ 1103032.541581087512895, 1771852.721856198273599 ], [ 1104032.541581087512895, 1771852.721856198273599 ] ] } },
{ "type": "Feature", "properties": { "road_id": 2441, "shade_9h": 0, "shade_12h": 0, "shade_15h": 0, "shade_18h": 0 }, "geometry": { "type": "LineString", "coordinates": [ [ 1103032.541581087512895, 1771852.721856198273599 ], [ 1103032.541581087512895, 1772852.721856198273599 ] ] } },
{ "type": "Feature", "properties": { "road_id": 2442, "shade_9h": 8, "shade_12h": 4, "shade_15h": 7, "shade_18h": 34 }, "geometry": { "type": "LineString", "coordinates": [ [ 1103032.541581087512895, 1772852.721856198273599 ], [ 1104032.541581087512895, 1772852.721856198273599 ] ] } },
{ "type": "Feature", "properties": { "road_id": 2443, "shade_9h": 0, "shade_12h": 0, "shade_15h": 0, "shade_18h": 0 }, "geometry": { "type": "LineString", "coordinates": [ [ 1103032.541581087512895, 1772852.721856198273599 ], [ 1103032.541581087512895, 1773852.721856198273599 ] ] } },
{ "type": "Feature", "properties": { "road_id": 2444, "shade_9h": 3, "shade_12h": 2, "shade_15h": 3, "shade_18h": 11 }, "geometry": { "type": "LineString", "coordinates": [ [ 1103032.541581087512895, 1773852.721856198273599 ], [ 1104032.541581087512895, 1773852.721856198273599 ] ] } },
{ "type": "Feature", "properties": { "road_id": 2445, "shade_9h": 0, "shade_12h": 0, "shade_15h": 0, "shade_18h": 0 }, "geometry": { "type": "LineString", "coordinates": [ [ 1103032.541581087512895, 1773852.721856198273599 ], [ 1103032.541581087512895, 1774852.721856198273599 ] ] } },
{ "type": "Feature", "properties": { "road_id": 2446, "shade_9h": 0, "shade_12h": 0, "shade_15h": 0, "shade_18h": 0 }, "geometry": { "type": "LineString", "coordinates": [ [ 1103032.541581087512895, 1774852.721856198273599 ], [ 1104032.541581087512895, 1774852.721856198273599 ] ] } },
{ "type": "Feature", "properties": { "road_id": 2447, "shade_9h": 0, "shade_12h": 0, "shade_15h": 0, "shade_18h": 0 }, "geometry": { "type": "LineString", "coordinates": [ [ 1103032.541581087512895, 1774852.721856198273599 ], [ 1103032.541581087512895, 1775852.721856198273599 ] ] } },
{ "type": "Feature", "properties": { "road_id": 2448, "shade_9h": 3, "shade_12h": 1, "shade_15h": 3, "shade_18h": 22 }, "geometry": { "type": "LineString", "coordinates": [ [ 1103032.541581087512895, 1775852.721856198273599 ], [ 1104032.541581087512895, 1775852.721856198273599 ] ] } },
{ "type": "Feature", "properties": { "road_id": 2449, "shade_9h": 0, "shade_12h": 0, "shade_15h": 0, "shade_18h": 0 }, "geometry": { "type": "LineString", "coordinates": [ [ 1103032.541581087512895, 1775852.721856198273599 ], [ 1103032.541581087512895, 1776852.721856198273599 ] ] } },
{ "type": "Feature", "properties": { "road_id": 2450, "shade_9h": 0, "shade_12h": 0, "shade_15h": 0, "shade_18h": 0 }, "geometry": { "type": "LineString", "coordinates": [ [ 1103032.541581087512895, 1776852.721856198273599 ], [ 1104032.541581087512895, 1776852.721856198273599 ] ] } },
{ "type": "Feature", "properties": { "road_id": 2451, "shade_9h": 0, "shade_12h": 0, "shade_15h": 0, "shade_18h": 14 }, "geometry": { "type": "LineString", "coordinates": [ [ 1103032.541581087512895, 1776852.721856198273599 ], [ 1103032.541581087512895, 1777852.721856198273599 ] ] } },
{ "type": "Feature", "properties": { "road_id": 2452, "shade_9h": 3, "shade_12h": 0, "shade_15h": 2, "shade_18h": 20 }, "geometry": { "type": "LineString", "coordinates": [ [ 1103032.541581087512895, 1777852.721856198273599 ], [ 1104032.541581087512895, 1777852.721856198273599 ] ] } },
{ "type": "Feature", "properties": { "road_id": 2453, "shade_9h": 1, "shade_12h": 0, "shade_15h": 0, "shade_18h": 20 }, "geometry": { "type": "LineString", "coordinates": [ [ 1103032.541581087512895, 1777852.721856198273599 ], [ 1103032.541581087512895, 1778852.721856198273599 ] ] } },
{ "type": "Feature", "properties": { "road_id": 2454, "shade_9h": 0, "shade_12h": 0, "shade_15h": 0, "shade_18h": 21 }, "geometry": { "type": "LineString", "coordinates": [ [ 1103032.541581087512895, 1778852.721856198273599 ], [ 1104032.541581087512895, 1778852.721856198273599 ] ] } },
{ "type": "Feature", "properties": { "road_id": 2455, "shade_9h": 0, "shade_12h": 0, "shade_15h": 0, "shade_18h": 0 }, "geometry": { "type": "LineString", "coordinates": [ [ 1103032.541581087512895, 1778852.721856198273599 ], [ 1103032.541581087512895, 1779852.721856198273599 ] ] } },
{ "type": "Feature", "properties": { "road_id": 2456, "shade_9h": 0, "shade_12h": 0, "shade_15h": 0, "shade_18h": 0 }, "geometry": { "type": "LineString", "coordinates": [ [ 1103032.541581087512895, 1779852.721856198273599 ], [ 1104032.541581087512895, 1779852.721856198273599 ] ] } },
{ "type": "Feature", "properties": { "road_id": 2457, "shade_9h": 0, "shade_12h": 0, "shade_15h": 0, "shade_18h": 0 }, "geometry": { "type": "LineString", "coordinates": [ [ 1104032.541581087512895, 1734852.721856198273599 ], [ 1105032.541581087512895, 1734852.721856198273599 ] ] } },
{ "type": "Feature", "properties": { "road_id": 2458, "shade_9h": 0, "shade_12h": 0, "shade_15h": 0, "shade_18h": 0 }, "geometry": { "type": "LineString", "coordinates": [ [ 1104032.541581087512895, 1734852.721856198273599 ], [ 1104032.541581087512895, 1735852.721856198273599 ] ] } },
{ "type": "Feature", "properties": { "road_id": 2459, "shade_9h": 0, "shade_12h": 0, "shade_15h": 0, "shade_18h": 0 }, "geometry": { "type": "LineString", "coordinates": [ [ 1104032.541581087512895, 1735852.721856198273599 ], [ 1105032.541581087512895, 1735852.721856198273599 ] ] } },
{ "type": "Feature", "properties": { "road_id": 2460, "shade_9h": 0, "shade_12h": 0, "shade_15h": 0, "shade_18h": 0 }, "geometry": { "type": "LineString", "coordinates": [ [ 1104032.541581087512895, 1735852.721856198273599 ], [ 1104032.541581087512895, 1736852.721856198273599 ] ] } },
{ "type": "Feature", "properties": { "road_id": 2461, "shade_9h": 0, "shade_12h": 0, "shade_15h": 0, "shade_18h": 0 }, "geometry": { "type": "LineString", "coordinates": [ [ 1104032.541581087512895, 1736852.721856198273599 ], [ 1105032.541581087512895, 1736852.721856198273599 ] ] } },
{ "type": "Feature", "properties": { "road_id": 2462, "shade_9h": 0, "shade_12h": 0, "shade_15h": 0, "shade_18h": 0 }, "geometry": { "type": "LineString", "coordinates": [ [ 1104032.541581087512895, 1736852.721856198273599 ], [ 1104032.541581087512895, 1737852.721856198273599 ] ] } },
{ "type": "Feature", "properties": { "road_id": 2463, "shade_9h": 0, "shade_12h": 0, "shade_15h": 0, "shade_18h": 0 }, "geometry": { "type": "LineString", "coordinates": [ [ 1104032.541581087512895, 1737852.721856198273599 ], [ 1105032.541581087512895, 1737852.721856198273599 ] ] } },
{ "type": "Feature", "properties": { "road_id": 2464, "shade_9h": 0, "shade_12h": 0, "shade_15h": 0, "shade_18h": 0 }, "geometry": { "type": "LineString", "coordinates": [ [ 1104032.541581087512895, 1737852.721856198273599 ], [ 1104032.541581087512895, 1738852.721856198273599 ] ] } },
{ "type": "Feature", "properties": { "road_id": 2465, "shade_9h": 0, "shade_12h": 0, "shade_15h": 0, "shade_18h": 0 }, "geometry": { "type": "LineString", "coordinates": [ [ 1104032.541581087512895, 1738852.721856198273599 ], [ 1105032.541581087512895, 1738852.721856198273599 ] ] } },
{ "type": "Feature", "properties": { "road_id": 2466, "shade_9h": 0, "shade_12h": 0, "shade_15h": 0, "shade_18h": 34 }, "geometry": { "type": "LineString", "coordinates": [ [ 1104032.541581087512895, 1738852.721856198273599 ], [ 1104032.541581087512895, 1739852.721856198273599 ] ] } },
{ "type": "Feature", "properties": { "road_id": 2467, "shade_9h": 0, "shade_12h": 0, "shade_15h": 0, "shade_18h": 0 }, "geometry": { "type": "LineString", "coordinates": [ [ 1104032.541581087512895, 1739852.721856198273599 ], [ 1105032.541581087512895, 1739852.721856198273599 ] ] } },
{ "type": "Feature", "properties": { "road_id": 2468, "shade_9h": 6, "shade_12h": 0, "shade_15h": 6, "shade_18h": 38 }, "geometry": { "type": "LineString", "coordinates": [ [ 1104032.541581087512895, 1739852.721856198273599 ], [ 1104032.541581087512895, 1740852.721856198273599 ] ] } },
{ "type": "Feature", "properties": { "road_id": 2469, "shade_9h": 4, "shade_12h": 0, "shade_15h": 4, "shade_18h": 25 }, "geometry": { "type": "LineString", "coordinates": [ [ 1104032.541581087512895, 1740852.721856198273599 ], [ 1105032.541581087512895, 1740852.721856198273599 ] ] } },
{ "type": "Feature", "properties": { "road_id": 2470, "shade_9h": 0, "shade_12h": 0, "shade_15h": 0, "shade_18h": 0 }, "geometry": { "type": "LineString", "coordinates": [ [ 1104032.541581087512895, 1740852.721856198273599 ], [ 1104032.541581087512895, 1741852.721856198273599 ] ] } },
{ "type": "Feature", "properties": { "road_id": 2471, "shade_9h": 0, "shade_12h": 0, "shade_15h": 0, "shade_18h": 0 }, "geometry": { "type": "LineString", "coordinates": [ [ 1104032.541581087512895, 1741852.721856198273599 ], [ 1105032.541581087512895, 1741852.721856198273599 ] ] } },
{ "type": "Feature", "properties": { "road_id": 2472, "shade_9h": 0, "shade_12h": 0, "shade_15h": 0, "shade_18h": 0 }, "geometry": { "type": "LineString", "coordinates": [ [ 1104032.541581087512895, 1741852.721856198273599 ], [ 1104032.541581087512895, 1742852.721856198273599 ] ] } },
{ "type": "Feature", "properties": { "road_id": 2473, "shade_9h": 0, "shade_12h": 0, "shade_15h": 0, "shade_18h": 6 }, "geometry": { "type": "LineString", "coordinates": [ [ 1104032.541581087512895, 1742852.721856198273599 ], [ 1105032.541581087512895, 1742852.721856198273599 ] ] } },
{ "type": "Feature", "properties": { "road_id": 2474, "shade_9h": 9, "shade_12h": 5, "shade_15h": 9, "shade_18h": 43 }, "geometry": { "type": "LineString", "coordinates": [ [ 1104032.541581087512895, 1742852.721856198273599 ], [ 1104032.541581087512895, 1743852.721856198273599 ] ] } },
{ "type": "Feature", "properties": { "road_id": 2475, "shade_9h": 0, "shade_12h": 0, "shade_15h": 0, "shade_18h": 0 }, "geometry": { "type": "LineString", "coordinates": [ [ 1104032.541581087512895, 1743852.721856198273599 ], [ 1105032.541581087512895, 1743852.721856198273599 ] ] } },
{ "type": "Feature", "properties": { "road_id": 2476, "shade_9h": 0, "shade_12h": 0, "shade_15h": 0, "shade_18h": 0 }, "geometry": { "type": "LineString", "coordinates": [ [ 1104032.541581087512895, 1743852.721856198273599 ], [ 1104032.541581087512895, 1744852.721856198273599 ] ] } },
{ "type": "Feature", "properties": { "road_id": 2477, "shade_9h": 0, "shade_12h": 0, "shade_15h": 0, "shade_18h": 0 }, "geometry": { "type": "LineString", "coordinates": [ [ 1104032.541581087512895, 1744852.721856198273599 ], [ 1105032.541581087512895, 1744852.721856198273599 ] ] } },
{ "type": "Feature", "properties": { "road_id": 2478, "shade_9h": 0, "shade_12h": 0, "shade_15h": 0, "shade_18h": 0 }, "geometry": { "type": "LineString", "coordinates": [ [ 1104032.541581087512895, 1744852.721856198273599 ], [ 1104032.541581087512895, 1745852.721856198273599 ] ] } },
{ "type": "Feature", "properties": { "road_id": 2479, "shade_9h": 0, "shade_12h": 0, "shade_15h": 0, "shade_18h": 0 }, "geometry": { "type": "LineString", "coordinates": [ [ 1104032.541581087512895, 1745852.721856198273599 ], [ 1105032.541581087512895, 1745852.721856198273599 ] ] } },
{ "type": "Feature", "properties": { "road_id": 2480, "shade_9h": 0, "shade_12h": 0, "shade_15h": 0, "shade_18h": 0 }, "geometry": { "type": "LineString", "coordinates": [ [ 1104032.541581087512895, 1745852.721856198273599 ], [ 1104032.541581087512895, 1746852.721856198273599 ] ] } },
{ "type": "Feature", "properties": { "road_id": 2481, "shade_9h": 0, "shade_12h": 0, "shade_15h": 0, "shade_18h": 0 }, "geometry": { "type": "LineString", "coordinates": [ [ 1104032.541581087512895, 1746852.721856198273599 ], [ 1105032.541581087512895, 1746852.721856198273599 ] ] } },
{ "type": "Feature", "properties": { "road_id": 2482, "shade_9h": 0, "shade_12h": 0, "shade_15h": 0, "shade_18h": 0 }, "geometry": { "type": "LineString", "coordinates": [ [ 1104032.541581087512895, 1746852.721856198273599 ], [ 1104032.541581087512895, 1747852.721856198273599 ] ] } },
{ "type": "Feature", "properties": { "road_id": 2483, "shade_9h": 0, "shade_12h": 0, "shade_15h": 0, "shade_18h": 0 }, "geometry": { "type": "LineString", "coordinates": [ [ 1104032.541581087512895, 1747852.721856198273599 ], [ 1105032.541581087512895, 1747852.721856198273599 ] ] } },
{ "type": "Feature", "properties": { "road_id": 2484, "shade_9h": 0, "shade_12h": 0, "shade_15h": 0, "shade_18h": 0 }, "geometry": { "type": "LineString", "coordinates": [ [ 1104032.541581087512895, 1747852.721856198273599 ], [ 1104032.541581087512895, 1748852.721856198273599 ] ] } },
{ "type": "Feature", "properties": { "road_id": 2485, "shade_9h": 0, "shade_12h": 0, "shade_15h": 0, "shade_18h": 0 }, "geometry": { "type": "LineString", "coordinates": [ [ 1104032.541581087512895, 1748852.721856198273599 ], [ 1105032.541581087512895, 1748852.721856198273599 ] ] } },
{ "type": "Feature", "properties": { "road_id": 2486, "shade_9h": 0, "shade_12h": 0, "shade_15h": 0, "shade_18h": 0 }, "geometry": { "type": "LineString", "coordinates": [ [ 1104032.541581087512895, 1748852.721856198273599 ], [ 1104032.541581087512895, 1749852.721856198273599 ] ] } },
{ "type": "Feature", "properties": { "road_id": 2487, "shade_9h": 0, "shade_12h": 0, "shade_15h": 0, "shade_18h": 0 }, "geometry": { "type": "LineString", "coordinates": [ [ 1104032.541581087512895, 1749852.721856198273599 ], [ 1105032.541581087512895, 1749852.721856198273599 ] ] } },
{ "type": "Feature", "properties": { "road_id": 2488, "shade_9h": 0, "shade_12h": 0, "shade_15h": 0, "shade_18h": 0 }, "geometry": { "type": "LineString", "coordinates": [ [ 1104032.541581087512895, 1749852.721856198273599 ], [ 1104032.541581087512895, 1750852.721856198273599 ] ] } },
{ "type": "Feature", "properties": { "road_id": 2489, "shade_9h": 0, "shade_12h": 0, "shade_15h": 0, "shade_18h": 0 }, "geometry": { "type": "LineString", "coordinates": [ [ 1104032.541581087512895, 1750852.721856198273599 ], [ 1105032.541581087512895, 1750852.721856198273599 ] ] } },
{ "type": "Feature", "properties": { "road_id": 2490, "shade_9h": 0, "shade_12h": 0, "shade_15h": 0, "shade_18h": 5 }, "geometry": { "type": "LineString", "coordinates": [ [ 1104032.541581087512895, 1750852.721856198273599 ], [ 1104032.541581087512895, 1751852.721856198273599 ] ] } },
{ "type": "Feature", "properties": { "road_id": 2491, "shade_9h": 0, "shade_12h": 0, "shade_15h": 0, "shade_18h": 9 }, "geometry": { "type": "LineString", "coordinates": [ [ 1104032.541581087512895, 1751852.721856198273599 ], [ 1105032.541581087512895, 1751852.721856198273599 ] ] } },
{ "type": "Feature", "properties": { "road_id": 2492, "shade_9h": 2, "shade_12h": 0, "shade_15h": 0, "shade_18h": 31 }, "geometry": { "type": "LineString", "coordinates": [ [ 1104032.541581087512895, 1751852.721856198273599 ], [ 1104032.541581087512895, 1752852.721856198273599 ] ] } },
{ "type": "Feature", "properties": { "road_id": 2493, "shade_9h": 0, "shade_12h": 0, "shade_15h": 0, "shade_18h": 0 }, "geometry": { "type": "LineString", "coordinates": [ [ 1104032.541581087512895, 1752852.721856198273599 ], [ 1105032.541581087512895, 1752852.721856198273599 ] ] } },
{ "type": "Feature", "properties": { "road_id": 2494, "shade_9h": 5, "shade_12h": 2, "shade_15h": 5, "shade_18h": 24 }, "geometry": { "type": "LineString", "coordinates": [ [ 1104032.541581087512895, 1752852.721856198273599 ], [ 1104032.541581087512895, 1753852.721856198273599 ] ] } },
{ "type": "Feature", "properties": { "road_id": 2495, "shade_9h": 0, "shade_12h": 0, "shade_15h": 0, "shade_18h": 0 }, "geometry": { "type": "LineString", "coordinates": [ [ 1104032.541581087512895, 1753852.721856198273599 ], [ 1105032.541581087512895, 1753852.721856198273599 ] ] } },
{ "type": "Feature", "properties": { "road_id": 2496, "shade_9h": 0, "shade_12h": 0, "shade_15h": 0, "shade_18h": 0 }, "geometry": { "type": "LineString", "coordinates": [ [ 1104032.541581087512895, 1753852.721856198273599 ], [ 1104032.541581087512895, 1754852.721856198273599 ] ] } },
{ "type": "Feature", "properties": { "road_id": 2497, "shade_9h": 0, "shade_12h": 0, "shade_15h": 0, "shade_18h": 0 }, "geometry": { "type": "LineString", "coordinates": [ [ 1104032.541581087512895, 1754852.721856198273599 ], [ 1105032.541581087512895, 1754852.721856198273599 ] ] } },
{ "type": "Feature", "properties": { "road_id": 2498, "shade_9h": 0, "shade_12h": 0, "shade_15h": 0, "shade_18h": 0 }, "geometry": { "type": "LineString", "coordinates": [ [ 1104032.541581087512895, 1754852.721856198273599 ], [ 1104032.541581087512895, 1755852.721856198273599 ] ] } },
{ "type": "Feature", "properties": { "road_id": 2499, "shade_9h": 0, "shade_12h": 0, "shade_15h": 0, "shade_18h": 0 }, "geometry": { "type": "LineString", "coordinates": [ [ 1104032.541581087512895, 1755852.721856198273599 ], [ 1105032.541581087512895, 1755852.721856198273599 ] ] } },
{ "type": "Feature", "properties": { "road_id": 2500, "shade_9h": 0, "shade_12h": 0, "shade_15h": 0, "shade_18h": 0 }, "geometry": { "type": "LineString", "coordinates": [ [ 1104032.541581087512895, 1755852.721856198273599 ], [ 1104032.541581087512895, 1756852.721856198273599 ] ] } },
{ "type": "Feature", "properties": { "road_id": 2501, "shade_9h": 6, "shade_12h": 2, "shade_15h": 6, "shade_18h": 23 }, "geometry": { "type": "LineString", "coordinates": [ [ 1104032.541581087512895, 1756852.721856198273599 ], [ 1105032.541581087512895, 1756852.721856198273599 ] ] } },
{ "type": "Feature", "properties": { "road_id": 2502, "shade_9h": 1, "shade_12h": 1, "shade_15h": 1, "shade_18h": 1 }, "geometry": { "type": "LineString", "coordinates": [ [ 1104032.541581087512895, 1756852.721856198273599 ], [ 1104032.541581087512895, 1757852.721856198273599 ] ] } },
{ "type": "Feature", "properties": { "road_id": 2503, "shade_9h": 0, "shade_12h": 0, "shade_15h": 0, "shade_18h": 0 }, "geometry": { "type": "LineString", "coordinates": [ [ 1104032.541581087512895, 1757852.721856198273599 ], [ 1105032.541581087512895, 1757852.721856198273599 ] ] } },
{ "type": "Feature", "properties": { "road_id": 2504, "shade_9h": 0, "shade_12h": 0, "shade_15h": 0, "shade_18h": 18 }, "geometry": { "type": "LineString", "coordinates": [ [ 1104032.541581087512895, 1757852.721856198273599 ], [ 1104032.541581087512895, 1758852.721856198273599 ] ] } },
{ "type": "Feature", "properties": { "road_id": 2505, "shade_9h": 0, "shade_12h": 0, "shade_15h": 0, "shade_18h": 0 }, "geometry": { "type": "LineString", "coordinates": [ [ 1104032.541581087512895, 1758852.721856198273599 ], [ 1105032.541581087512895, 1758852.721856198273599 ] ] } },
{ "type": "Feature", "properties": { "road_id": 2506, "shade_9h": 4, "shade_12h": 3, "shade_15h": 4, "shade_18h": 13 }, "geometry": { "type": "LineString", "coordinates": [ [ 1104032.541581087512895, 1758852.721856198273599 ], [ 1104032.541581087512895, 1759852.721856198273599 ] ] } },
{ "type": "Feature", "properties": { "road_id": 2507, "shade_9h": 0, "shade_12h": 0, "shade_15h": 0, "shade_18h": 0 }, "geometry": { "type": "LineString", "coordinates": [ [ 1104032.541581087512895, 1759852.721856198273599 ], [ 1105032.541581087512895, 1759852.721856198273599 ] ] } },
{ "type": "Feature", "properties": { "road_id": 2508, "shade_9h": 0, "shade_12h": 0, "shade_15h": 0, "shade_18h": 0 }, "geometry": { "type": "LineString", "coordinates": [ [ 1104032.541581087512895, 1759852.721856198273599 ], [ 1104032.541581087512895, 1760852.721856198273599 ] ] } },
{ "type": "Feature", "properties": { "road_id": 2509, "shade_9h": 0, "shade_12h": 0, "shade_15h": 0, "shade_18h": 0 }, "geometry": { "type": "LineString", "coordinates": [ [ 1104032.541581087512895, 1760852.721856198273599 ], [ 1105032.541581087512895, 1760852.721856198273599 ] ] } },
{ "type": "Feature", "properties": { "road_id": 2510, "shade_9h": 0, "shade_12h": 0, "shade_15h": 0, "shade_18h": 0 }, "geometry": { "type": "LineString", "coordinates": [ [ 1104032.541581087512895, 1760852.721856198273599 ], [ 1104032.541581087512895, 1761852.721856198273599 ] ] } },
{ "type": "Feature", "properties": { "road_id": 2511, "shade_9h": 0, "shade_12h": 0, "shade_15h": 0, "shade_18h": 20 }, "geometry": { "type": "LineString", "coordinates": [ [ 1104032.541581087512895, 1761852.721856198273599 ], [ 1105032.541581087512895, 1761852.721856198273599 ] ] } },
{ "type": "Feature", "properties": { "road_id": 2512, "shade_9h": 0, "shade_12h": 0, "shade_15h": 0, "shade_18h": 0 }, "geometry": { "type": "LineString", "coordinates": [ [ 1104032.541581087512895, 1761852.721856198273599 ], [ 1104032.541581087512895, 1762852.721856198273599 ] ] } },
{ "type": "Feature", "properties": { "road_id": 2513, "shade_9h": 0, "shade_12h": 0, "shade_15h": 0, "shade_18h": 0 }, "geometry": { "type": "LineString", "coordinates": [ [ 1104032.541581087512895, 1762852.721856198273599 ], [ 1105032.541581087512895, 1762852.721856198273599 ] ] } },
{ "type": "Feature", "properties": { "road_id": 2514, "shade_9h": 0, "shade_12h": 0, "shade_15h": 0, "shade_18h": 0 }, "geometry": { "type": "LineString", "coordinates": [ [ 1104032.541581087512895, 1762852.721856198273599 ], [ 1104032.541581087512895, 1763852.721856198273599 ] ] } },
{ "type": "Feature", "properties": { "road_id": 2515, "shade_9h": 0, "shade_12h": 0, "shade_15h": 0, "shade_18h": 0 }, "geometry": { "type": "LineString", "coordinates": [ [ 1104032.541581087512895, 1763852.721856198273599 ], [ 1105032.541581087512895, 1763852.721856198273599 ] ] } },
{ "type": "Feature", "properties": { "road_id": 2516, "shade_9h": 0, "shade_12h": 0, "shade_15h": 0, "shade_18h": 0 }, "geometry": { "type": "LineString", "coordinates": [ [ 1104032.541581087512895, 1763852.721856198273599 ], [ 1104032.541581087512895, 1764852.721856198273599 ] ] } },
{ "type": "Feature", "properties": { "road_id": 2517, "shade_9h": 0, "shade_12h": 0, "shade_15h": 0, "shade_18h": 0 }, "geometry": { "type": "LineString", "coordinates": [ [ 1104032.541581087512895, 1764852.721856198273599 ], [ 1105032.541581087512895, 1764852.721856198273599 ] ] } },
{ "type": "Feature", "properties": { "road_id": 2518, "shade_9h": 0, "shade_12h": 0, "shade_15h": 0, "shade_18h": 0 }, "geometry": { "type": "LineString", "coordinates": [ [ 1104032.541581087512895, 1764852.721856198273599 ], [ 1104032.541581087512895, 1765852.721856198273599 ] ] } },
{ "type": "Feature", "properties": { "road_id": 2519, "shade_9h": 0, "shade_12h": 0, "shade_15h": 0, "shade_18h": 0 }, "geometry": { "type": "LineString", "coordinates": [ [ 1104032.541581087512895, 1765852.721856198273599 ], [ 1105032.541581087512895, 1765852.721856198273599 ] ] } },
{ "type": "Feature", "properties": { "road_id": 2520, "shade_9h": 0, "shade_12h": 0, "shade_15h": 0, "shade_18h": 0 }, "geometry": { "type": "LineString", "coordinates": [ [ 1104032.541581087512895, 1765852.721856198273599 ], [ 1104032.541581087512895, 1766852.721856198273599 ] ] } },
{ "type": "Feature", "properties": { "road_id": 2521, "shade_9h": 0, "shade_12h": 0, "shade_15h": 0, "shade_18h": 0 }, "geometry": { "type": "LineString", "coordinates": [ [ 1104032.541581087512895, 1766852.721856198273599 ], [ 1105032.541581087512895, 1766852.721856198273599 ] ] } },
{ "type": "Feature", "properties": { "road_id": 2522, "shade_9h": 0, "shade_12h": 0, "shade_15h": 0, "shade_18h": 0 }, "geometry": { "type": "LineString", "coordinates": [ [ 1104032.541581087512895, 1766852.721856198273599 ], [ 1104032.541581087512895, 1767852.721856198273599 ] ] } },
{ "type": "Feature", "properties": { "road_id": 2523, "shade_9h": 0, "shade_12h": 0, "shade_15h": 0, "shade_18h": 0 }, "geometry": { "type": "LineString", "coordinates": [ [ 1104032.541581087512895, 1767852.721856198273599 ], [ 1105032.541581087512895, 1767852.721856198273599 ] ] } },
{ "type": "Feature", "properties": { "road_id": 2524, "shade_9h": 0, "shade_12h": 0, "shade_15h": 0, "shade_18h": 11 }, "geometry": { "type": "LineString", "coordinates": [ [ 1104032.541581087512895, 1767852.721856198273599 ], [ 1104032.541581087512895, 1768852.721856198273599 ] ] } },
{ "type": "Feature", "properties": { "road_id": 2525, "shade_9h": 0, "shade_12h": 0, "shade_15h": 0, "shade_18h": 11 }, "geometry": { "type": "LineString", "coordinates": [ [ 1104032.541581087512895, 1768852.721856198273599 ], [ 1105032.541581087512895, 1768852.721856198273599 ] ] } },
{ "type": "Feature", "properties": { "road_id": 2526, "shade_9h": 0, "shade_12h": 0, "shade_15h": 0, "shade_18h": 12 }, "geometry": { "type": "LineString", "coordinates": [ [ 1104032.541581087512895, 1768852.721856198273599 ], [ 1104032.541581087512895, 1769852.721856198273599 ] ] } },
{ "type": "Feature", "properties": { "road_id": 2527, "shade_9h": 0, "shade_12h": 0, "shade_15h": 0, "shade_18h": 19 }, "geometry": { "type": "LineString", "coordinates": [ [ 1104032.541581087512895, 1769852.721856198273599 ], [ 1105032.541581087512895, 1769852.721856198273599 ] ] } },
{ "type": "Feature", "properties": { "road_id": 2528, "shade_9h": 8, "shade_12h": 4, "shade_15h": 8, "shade_18h": 28 }, "geometry": { "type": "LineString", "coordinates": [ [ 1104032.541581087512895, 1769852.721856198273599 ], [ 1104032.541581087512895, 1770852.721856198273599 ] ] } },
{ "type": "Feature", "properties": { "road_id": 2529, "shade_9h": 0, "shade_12h": 0, "shade_15h": 0, "shade_18h": 0 }, "geometry": { "type": "LineString", "coordinates": [ [ 1104032.541581087512895, 1770852.721856198273599 ], [ 1105032.541581087512895, 1770852.721856198273599 ] ] } },
{ "type": "Feature", "properties": { "road_id": 2530, "shade_9h": 0, "shade_12h": 0, "shade_15h": 0, "shade_18h": 0 }, "geometry": { "type": "LineString", "coordinates": [ [ 1104032.541581087512895, 1770852.721856198273599 ], [ 1104032.541581087512895, 1771852.721856198273599 ] ] } },
{ "type": "Feature", "properties": { "road_id": 2531, "shade_9h": 0, "shade_12h": 0, "shade_15h": 0, "shade_18h": 0 }, "geometry": { "type": "LineString", "coordinates": [ [ 1104032.541581087512895, 1771852.721856198273599 ], [ 1105032.541581087512895, 1771852.721856198273599 ] ] } },
{ "type": "Feature", "properties": { "road_id": 2532, "shade_9h": 0, "shade_12h": 0, "shade_15h": 0, "shade_18h": 0 }, "geometry": { "type": "LineString", "coordinates": [ [ 1104032.541581087512895, 1771852.721856198273599 ], [ 1104032.541581087512895, 1772852.721856198273599 ] ] } },
{ "type": "Feature", "properties": { "road_id": 2533, "shade_9h": 0, "shade_12h": 0, "shade_15h": 0, "shade_18h": 0 }, "geometry": { "type": "LineString", "coordinates": [ [ 1104032.541581087512895, 1772852.721856198273599 ], [ 1105032.541581087512895, 1772852.721856198273599 ] ] } },
{ "type": "Feature", "properties": { "road_id": 2534, "shade_9h": 0, "shade_12h": 0, "shade_15h": 0, "shade_18h": 0 }, "geometry": { "type": "LineString", "coordinates": [ [ 1104032.541581087512895, 1772852.721856198273599 ], [ 1104032.541581087512895, 1773852.721856198273599 ] ] } },
{ "type": "Feature", "properties": { "road_id": 2535, "shade_9h": 0, "shade_12h": 0, "shade_15h": 0, "shade_18h": 0 }, "geometry": { "type": "LineString", "coordinates": [ [ 1104032.541581087512895, 1773852.721856198273599 ], [ 1105032.541581087512895, 1773852.721856198273599 ] ] } },
{ "type": "Feature", "properties": { "road_id": 2536, "shade_9h": 0, "shade_12h": 0, "shade_15h": 0, "shade_18h": 0 }, "geometry": { "type": "LineString", "coordinates": [ [ 1104032.541581087512895, 1773852.721856198273599 ], [ 1104032.541581087512895, 1774852.721856198273599 ] ] } },
{ "type": "Feature", "properties": { "road_id": 2537, "shade_9h": 5, "shade_12h": 0, "shade_15h": 4, "shade_18h": 31 }, "geometry": { "type": "LineString", "coordinates": [ [ 1104032.541581087512895, 1774852.721856198273599 ], [ 1105032.541581087512895, 1774852.721856198273599 ] ] } },
{ "type": "Feature", "properties": { "road_id": 2538, "shade_9h": 4, "shade_12h": 2, "shade_15h": 4, "shade_18h": 23 }, "geometry": { "type": "LineString", "coordinates": [ [ 1104032.541581087512895, 1774852.721856198273599 ], [ 1104032.541581087512895, 1775852.721856198273599 ] ] } },
{ "type": "Feature", "properties": { "road_id": 2539, "shade_9h": 5, "shade_12h": 3, "shade_15h": 5, "shade_18h": 24 }, "geometry": { "type": "LineString", "coordinates": [ [ 1104032.541581087512895, 1775852.721856198273599 ], [ 1105032.541581087512895, 1775852.721856198273599 ] ] } },
{ "type": "Feature", "properties": { "road_id": 2540, "shade_9h": 4, "shade_12h": 1, "shade_15h": 4, "shade_18h": 23 }, "geometry": { "type": "LineString", "coordinates": [ [ 1104032.541581087512895, 1775852.721856198273599 ], [ 1104032.541581087512895, 1776852.721856198273599 ] ] } },
{ "type": "Feature", "properties": { "road_id": 2541, "shade_9h": 5, "shade_12h": 0, "shade_15h": 4, "shade_18h": 25 }, "geometry": { "type": "LineString", "coordinates": [ [ 1104032.541581087512895, 1776852.721856198273599 ], [ 1105032.541581087512895, 1776852.721856198273599 ] ] } },
{ "type": "Feature", "properties": { "road_id": 2542, "shade_9h": 1, "shade_12h": 1, "shade_15h": 1, "shade_18h": 1 }, "geometry": { "type": "LineString", "coordinates": [ [ 1104032.541581087512895, 1776852.721856198273599 ], [ 1104032.541581087512895, 1777852.721856198273599 ] ] } },
{ "type": "Feature", "properties": { "road_id": 2543, "shade_9h": 0, "shade_12h": 0, "shade_15h": 0, "shade_18h": 0 }, "geometry": { "type": "LineString", "coordinates": [ [ 1104032.541581087512895, 1777852.721856198273599 ], [ 1105032.541581087512895, 1777852.721856198273599 ] ] } },
{ "type": "Feature", "properties": { "road_id": 2544, "shade_9h": 8, "shade_12h": 4, "shade_15h": 7, "shade_18h": 36 }, "geometry": { "type": "LineString", "coordinates": [ [ 1104032.541581087512895, 1777852.721856198273599 ], [ 1104032.541581087512895, 1778852.721856198273599 ] ] } },
{ "type": "Feature", "properties": { "road_id": 2545, "shade_9h": 0, "shade_12h": 0, "shade_15h": 0, "shade_18h": 13 }, "geometry": { "type": "LineString", "coordinates": [ [ 1104032.541581087512895, 1778852.721856198273599 ], [ 1105032.541581087512895, 1778852.721856198273599 ] ] } },
{ "type": "Feature", "properties": { "road_id": 2546, "shade_9h": 3, "shade_12h": 0, "shade_15h": 0, "shade_18h": 36 }, "geometry": { "type": "LineString", "coordinates": [ [ 1104032.541581087512895, 1778852.721856198273599 ], [ 1104032.541581087512895, 1779852.721856198273599 ] ] } },
{ "type": "Feature", "properties": { "road_id": 2547, "shade_9h": 0, "shade_12h": 0, "shade_15h": 0, "shade_18h": 0 }, "geometry": { "type": "LineString", "coordinates": [ [ 1104032.541581087512895, 1779852.721856198273599 ], [ 1105032.541581087512895, 1779852.721856198273599 ] ] } },
{ "type": "Feature", "properties": { "road_id": 2548, "shade_9h": 0, "shade_12h": 0, "shade_15h": 0, "shade_18h": 0 }, "geometry": { "type": "LineString", "coordinates": [ [ 1105032.541581087512895, 1734852.721856198273599 ], [ 1106032.541581087512895, 1734852.721856198273599 ] ] } },
{ "type": "Feature", "properties": { "road_id": 2549, "shade_9h": 0, "shade_12h": 0, "shade_15h": 0, "shade_18h": 0 }, "geometry": { "type": "LineString", "coordinates": [ [ 1105032.541581087512895, 1734852.721856198273599 ], [ 1105032.541581087512895, 1735852.721856198273599 ] ] } },
{ "type": "Feature", "properties": { "road_id": 2550, "shade_9h": 0, "shade_12h": 0, "shade_15h": 0, "shade_18h": 0 }, "geometry": { "type": "LineString", "coordinates": [ [ 1105032.541581087512895, 1735852.721856198273599 ], [ 1106032.541581087512895, 1735852.721856198273599 ] ] } },
{ "type": "Feature", "properties": { "road_id": 2551, "shade_9h": 0, "shade_12h": 0, "shade_15h": 0, "shade_18h": 0 }, "geometry": { "type": "LineString", "coordinates": [ [ 1105032.541581087512895, 1735852.721856198273599 ], [ 1105032.541581087512895, 1736852.721856198273599 ] ] } },
{ "type": "Feature", "properties": { "road_id": 2552, "shade_9h": 0, "shade_12h": 0, "shade_15h": 0, "shade_18h": 0 }, "geometry": { "type": "LineString", "coordinates": [ [ 1105032.541581087512895, 1736852.721856198273599 ], [ 1106032.541581087512895, 1736852.721856198273599 ] ] } },
{ "type": "Feature", "properties": { "road_id": 2553, "shade_9h": 0, "shade_12h": 0, "shade_15h": 0, "shade_18h": 0 }, "geometry": { "type": "LineString", "coordinates": [ [ 1105032.541581087512895, 1736852.721856198273599 ], [ 1105032.541581087512895, 1737852.721856198273599 ] ] } },
{ "type": "Feature", "properties": { "road_id": 2554, "shade_9h": 0, "shade_12h": 0, "shade_15h": 0, "shade_18h": 0 }, "geometry": { "type": "LineString", "coordinates": [ [ 1105032.541581087512895, 1737852.721856198273599 ], [ 1106032.541581087512895, 1737852.721856198273599 ] ] } },
{ "type": "Feature", "properties": { "road_id": 2555, "shade_9h": 4, "shade_12h": 3, "shade_15h": 4, "shade_18h": 17 }, "geometry": { "type": "LineString", "coordinates": [ [ 1105032.541581087512895, 1737852.721856198273599 ], [ 1105032.541581087512895, 1738852.721856198273599 ] ] } },
{ "type": "Feature", "properties": { "road_id": 2556, "shade_9h": 0, "shade_12h": 0, "shade_15h": 0, "shade_18h": 0 }, "geometry": { "type": "LineString", "coordinates": [ [ 1105032.541581087512895, 1738852.721856198273599 ], [ 1106032.541581087512895, 1738852.721856198273599 ] ] } },
{ "type": "Feature", "properties": { "road_id": 2557, "shade_9h": 0, "shade_12h": 0, "shade_15h": 0, "shade_18h": 0 }, "geometry": { "type": "LineString", "coordinates": [ [ 1105032.541581087512895, 1738852.721856198273599 ], [ 1105032.541581087512895, 1739852.721856198273599 ] ] } },
{ "type": "Feature", "properties": { "road_id": 2558, "shade_9h": 0, "shade_12h": 0, "shade_15h": 0, "shade_18h": 0 }, "geometry": { "type": "LineString", "coordinates": [ [ 1105032.541581087512895, 1739852.721856198273599 ], [ 1106032.541581087512895, 1739852.721856198273599 ] ] } },
{ "type": "Feature", "properties": { "road_id": 2559, "shade_9h": 0, "shade_12h": 0, "shade_15h": 0, "shade_18h": 0 }, "geometry": { "type": "LineString", "coordinates": [ [ 1105032.541581087512895, 1739852.721856198273599 ], [ 1105032.541581087512895, 1740852.721856198273599 ] ] } },
{ "type": "Feature", "properties": { "road_id": 2560, "shade_9h": 0, "shade_12h": 0, "shade_15h": 0, "shade_18h": 0 }, "geometry": { "type": "LineString", "coordinates": [ [ 1105032.541581087512895, 1740852.721856198273599 ], [ 1106032.541581087512895, 1740852.721856198273599 ] ] } },
{ "type": "Feature", "properties": { "road_id": 2561, "shade_9h": 0, "shade_12h": 0, "shade_15h": 0, "shade_18h": 0 }, "geometry": { "type": "LineString", "coordinates": [ [ 1105032.541581087512895, 1740852.721856198273599 ], [ 1105032.541581087512895, 1741852.721856198273599 ] ] } },
{ "type": "Feature", "properties": { "road_id": 2562, "shade_9h": 0, "shade_12h": 0, "shade_15h": 0, "shade_18h": 14 }, "geometry": { "type": "LineString", "coordinates": [ [ 1105032.541581087512895, 1741852.721856198273599 ], [ 1106032.541581087512895, 1741852.721856198273599 ] ] } },
{ "type": "Feature", "properties": { "road_id": 2563, "shade_9h": 0, "shade_12h": 0, "shade_15h": 0, "shade_18h": 15 }, "geometry": { "type": "LineString", "coordinates": [ [ 1105032.541581087512895, 1741852.721856198273599 ], [ 1105032.541581087512895, 1742852.721856198273599 ] ] } },
{ "type": "Feature", "properties": { "road_id": 2564, "shade_9h": 6, "shade_12h": 0, "shade_15h": 6, "shade_18h": 25 }, "geometry": { "type": "LineString", "coordinates": [ [ 1105032.541581087512895, 1742852.721856198273599 ], [ 1106032.541581087512895, 1742852.721856198273599 ] ] } },
{ "type": "Feature", "properties": { "road_id": 2565, "shade_9h": 0, "shade_12h": 0, "shade_15h": 0, "shade_18h": 11 }, "geometry": { "type": "LineString", "coordinates": [ [ 1105032.541581087512895, 1742852.721856198273599 ], [ 1105032.541581087512895, 1743852.721856198273599 ] ] } },
{ "type": "Feature", "properties": { "road_id": 2566, "shade_9h": 0, "shade_12h": 0, "shade_15h": 0, "shade_18h": 0 }, "geometry": { "type": "LineString", "coordinates": [ [ 1105032.541581087512895, 1743852.721856198273599 ], [ 1106032.541581087512895, 1743852.721856198273599 ] ] } },
{ "type": "Feature", "properties": { "road_id": 2567, "shade_9h": 9, "shade_12h": 5, "shade_15h": 9, "shade_18h": 43 }, "geometry": { "type": "LineString", "coordinates": [ [ 1105032.541581087512895, 1743852.721856198273599 ], [ 1105032.541581087512895, 1744852.721856198273599 ] ] } },
{ "type": "Feature", "properties": { "road_id": 2568, "shade_9h": 0, "shade_12h": 0, "shade_15h": 0, "shade_18h": 0 }, "geometry": { "type": "LineString", "coordinates": [ [ 1105032.541581087512895, 1744852.721856198273599 ], [ 1106032.541581087512895, 1744852.721856198273599 ] ] } },
{ "type": "Feature", "properties": { "road_id": 2569, "shade_9h": 0, "shade_12h": 0, "shade_15h": 0, "shade_18h": 0 }, "geometry": { "type": "LineString", "coordinates": [ [ 1105032.541581087512895, 1744852.721856198273599 ], [ 1105032.541581087512895, 1745852.721856198273599 ] ] } },
{ "type": "Feature", "properties": { "road_id": 2570, "shade_9h": 0, "shade_12h": 0, "shade_15h": 0, "shade_18h": 0 }, "geometry": { "type": "LineString", "coordinates": [ [ 1105032.541581087512895, 1745852.721856198273599 ], [ 1106032.541581087512895, 1745852.721856198273599 ] ] } },
{ "type": "Feature", "properties": { "road_id": 2571, "shade_9h": 0, "shade_12h": 0, "shade_15h": 0, "shade_18h": 0 }, "geometry": { "type": "LineString", "coordinates": [ [ 1105032.541581087512895, 1745852.721856198273599 ], [ 1105032.541581087512895, 1746852.721856198273599 ] ] } },
{ "type": "Feature", "properties": { "road_id": 2572, "shade_9h": 0, "shade_12h": 0, "shade_15h": 0, "shade_18h": 0 }, "geometry": { "type": "LineString", "coordinates": [ [ 1105032.541581087512895, 1746852.721856198273599 ], [ 1106032.541581087512895, 1746852.721856198273599 ] ] } },
{ "type": "Feature", "properties": { "road_id": 2573, "shade_9h": 0, "shade_12h": 0, "shade_15h": 0, "shade_18h": 0 }, "geometry": { "type": "LineString", "coordinates": [ [ 1105032.541581087512895, 1746852.721856198273599 ], [ 1105032.541581087512895, 1747852.721856198273599 ] ] } },
{ "type": "Feature", "properties": { "road_id": 2574, "shade_9h": 0, "shade_12h": 0, "shade_15h": 0, "shade_18h": 0 }, "geometry": { "type": "LineString", "coordinates": [ [ 1105032.541581087512895, 1747852.721856198273599 ], [ 1106032.541581087512895, 1747852.721856198273599 ] ] } },
{ "type": "Feature", "properties": { "road_id": 2575, "shade_9h": 0, "shade_12h": 0, "shade_15h": 0, "shade_18h": 0 }, "geometry": { "type": "LineString", "coordinates": [ [ 1105032.541581087512895, 1747852.721856198273599 ], [ 1105032.541581087512895, 1748852.721856198273599 ] ] } },
{ "type": "Feature", "properties": { "road_id": 2576, "shade_9h": 0, "shade_12h": 0, "shade_15h": 0, "shade_18h": 5 }, "geometry": { "type": "LineString", "coordinates": [ [ 1105032.541581087512895, 1748852.721856198273599 ], [ 1106032.541581087512895, 1748852.721856198273599 ] ] } },
{ "type": "Feature", "properties": { "road_id": 2577, "shade_9h": 0, "shade_12h": 0, "shade_15h": 0, "shade_18h": 0 }, "geometry": { "type": "LineString", "coordinates": [ [ 1105032.541581087512895, 1748852.721856198273599 ], [ 1105032.541581087512895, 1749852.721856198273599 ] ] } },
{ "type": "Feature", "properties": { "road_id": 2578, "shade_9h": 0, "shade_12h": 0, "shade_15h": 0, "shade_18h": 0 }, "geometry": { "type": "LineString", "coordinates": [ [ 1105032.541581087512895, 1749852.721856198273599 ], [ 1106032.541581087512895, 1749852.721856198273599 ] ] } },
{ "type": "Feature", "properties": { "road_id": 2579, "shade_9h": 0, "shade_12h": 0, "shade_15h": 0, "shade_18h": 0 }, "geometry": { "type": "LineString", "coordinates": [ [ 1105032.541581087512895, 1749852.721856198273599 ], [ 1105032.541581087512895, 1750852.721856198273599 ] ] } },
{ "type": "Feature", "properties": { "road_id": 2580, "shade_9h": 0, "shade_12h": 0, "shade_15h": 0, "shade_18h": 13 }, "geometry": { "type": "LineString", "coordinates": [ [ 1105032.541581087512895, 1750852.721856198273599 ], [ 1106032.541581087512895, 1750852.721856198273599 ] ] } },
{ "type": "Feature", "properties": { "road_id": 2581, "shade_9h": 2, "shade_12h": 0, "shade_15h": 0, "shade_18h": 35 }, "geometry": { "type": "LineString", "coordinates": [ [ 1105032.541581087512895, 1750852.721856198273599 ], [ 1105032.541581087512895, 1751852.721856198273599 ] ] } },
{ "type": "Feature", "properties": { "road_id": 2582, "shade_9h": 0, "shade_12h": 0, "shade_15h": 0, "shade_18h": 0 }, "geometry": { "type": "LineString", "coordinates": [ [ 1105032.541581087512895, 1751852.721856198273599 ], [ 1106032.541581087512895, 1751852.721856198273599 ] ] } },
{ "type": "Feature", "properties": { "road_id": 2583, "shade_9h": 0, "shade_12h": 0, "shade_15h": 0, "shade_18h": 19 }, "geometry": { "type": "LineString", "coordinates": [ [ 1105032.541581087512895, 1751852.721856198273599 ], [ 1105032.541581087512895, 1752852.721856198273599 ] ] } },
{ "type": "Feature", "properties": { "road_id": 2584, "shade_9h": 0, "shade_12h": 0, "shade_15h": 0, "shade_18h": 0 }, "geometry": { "type": "LineString", "coordinates": [ [ 1105032.541581087512895, 1752852.721856198273599 ], [ 1106032.541581087512895, 1752852.721856198273599 ] ] } },
{ "type": "Feature", "properties": { "road_id": 2585, "shade_9h": 0, "shade_12h": 0, "shade_15h": 0, "shade_18h": 0 }, "geometry": { "type": "LineString", "coordinates": [ [ 1105032.541581087512895, 1752852.721856198273599 ], [ 1105032.541581087512895, 1753852.721856198273599 ] ] } },
{ "type": "Feature", "properties": { "road_id": 2586, "shade_9h": 0, "shade_12h": 0, "shade_15h": 0, "shade_18h": 0 }, "geometry": { "type": "LineString", "coordinates": [ [ 1105032.541581087512895, 1753852.721856198273599 ], [ 1106032.541581087512895, 1753852.721856198273599 ] ] } },
{ "type": "Feature", "properties": { "road_id": 2587, "shade_9h": 0, "shade_12h": 0, "shade_15h": 0, "shade_18h": 0 }, "geometry": { "type": "LineString", "coordinates": [ [ 1105032.541581087512895, 1753852.721856198273599 ], [ 1105032.541581087512895, 1754852.721856198273599 ] ] } },
{ "type": "Feature", "properties": { "road_id": 2588, "shade_9h": 0, "shade_12h": 0, "shade_15h": 0, "shade_18h": 0 }, "geometry": { "type": "LineString", "coordinates": [ [ 1105032.541581087512895, 1754852.721856198273599 ], [ 1106032.541581087512895, 1754852.721856198273599 ] ] } },
{ "type": "Feature", "properties": { "road_id": 2589, "shade_9h": 0, "shade_12h": 0, "shade_15h": 0, "shade_18h": 0 }, "geometry": { "type": "LineString", "coordinates": [ [ 1105032.541581087512895, 1754852.721856198273599 ], [ 1105032.541581087512895, 1755852.721856198273599 ] ] } },
{ "type": "Feature", "properties": { "road_id": 2590, "shade_9h": 0, "shade_12h": 0, "shade_15h": 0, "shade_18h": 0 }, "geometry": { "type": "LineString", "coordinates": [ [ 1105032.541581087512895, 1755852.721856198273599 ], [ 1106032.541581087512895, 1755852.721856198273599 ] ] } },
{ "type": "Feature", "properties": { "road_id": 2591, "shade_9h": 9, "shade_12h": 4, "shade_15h": 9, "shade_18h": 45 }, "geometry": { "type": "LineString", "coordinates": [ [ 1105032.541581087512895, 1755852.721856198273599 ], [ 1105032.541581087512895, 1756852.721856198273599 ] ] } },
{ "type": "Feature", "properties": { "road_id": 2592, "shade_9h": 0, "shade_12h": 0, "shade_15h": 0, "shade_18h": 15 }, "geometry": { "type": "LineString", "coordinates": [ [ 1105032.541581087512895, 1756852.721856198273599 ], [ 1106032.541581087512895, 1756852.721856198273599 ] ] } },
{ "type": "Feature", "properties": { "road_id": 2593, "shade_9h": 0, "shade_12h": 0, "shade_15h": 0, "shade_18h": 13 }, "geometry": { "type": "LineString", "coordinates": [ [ 1105032.541581087512895, 1756852.721856198273599 ], [ 1105032.541581087512895, 1757852.721856198273599 ] ] } },
{ "type": "Feature", "properties": { "road_id": 2594, "shade_9h": 0, "shade_12h": 0, "shade_15h": 0, "shade_18h": 0 }, "geometry": { "type": "LineString", "coordinates": [ [ 1105032.541581087512895, 1757852.721856198273599 ], [ 1106032.541581087512895, 1757852.721856198273599 ] ] } },
{ "type": "Feature", "properties": { "road_id": 2595, "shade_9h": 0, "shade_12h": 0, "shade_15h": 0, "shade_18h": 0 }, "geometry": { "type": "LineString", "coordinates": [ [ 1105032.541581087512895, 1757852.721856198273599 ], [ 1105032.541581087512895, 1758852.721856198273599 ] ] } },
{ "type": "Feature", "properties": { "road_id": 2596, "shade_9h": 0, "shade_12h": 0, "shade_15h": 0, "shade_18h": 0 }, "geometry": { "type": "LineString", "coordinates": [ [ 1105032.541581087512895, 1758852.721856198273599 ], [ 1106032.541581087512895, 1758852.721856198273599 ] ] } },
{ "type": "Feature", "properties": { "road_id": 2597, "shade_9h": 0, "shade_12h": 0, "shade_15h": 0, "shade_18h": 0 }, "geometry": { "type": "LineString", "coordinates": [ [ 1105032.541581087512895, 1758852.721856198273599 ], [ 1105032.541581087512895, 1759852.721856198273599 ] ] } },
{ "type": "Feature", "properties": { "road_id": 2598, "shade_9h": 0, "shade_12h": 0, "shade_15h": 0, "shade_18h": 0 }, "geometry": { "type": "LineString", "coordinates": [ [ 1105032.541581087512895, 1759852.721856198273599 ], [ 1106032.541581087512895, 1759852.721856198273599 ] ] } },
{ "type": "Feature", "properties": { "road_id": 2599, "shade_9h": 0, "shade_12h": 0, "shade_15h": 0, "shade_18h": 0 }, "geometry": { "type": "LineString", "coordinates": [ [ 1105032.541581087512895, 1759852.721856198273599 ], [ 1105032.541581087512895, 1760852.721856198273599 ] ] } },
{ "type": "Feature", "properties": { "road_id": 2600, "shade_9h": 0, "shade_12h": 0, "shade_15h": 0, "shade_18h": 0 }, "geometry": { "type": "LineString", "coordinates": [ [ 1105032.541581087512895, 1760852.721856198273599 ], [ 1106032.541581087512895, 1760852.721856198273599 ] ] } },
{ "type": "Feature", "properties": { "road_id": 2601, "shade_9h": 9, "shade_12h": 5, "shade_15h": 9, "shade_18h": 32 }, "geometry": { "type": "LineString", "coordinates": [ [ 1105032.541581087512895, 1760852.721856198273599 ], [ 1105032.541581087512895, 1761852.721856198273599 ] ] } },
{ "type": "Feature", "properties": { "road_id": 2602, "shade_9h": 2, "shade_12h": 0, "shade_15h": 0, "shade_18h": 46 }, "geometry": { "type": "LineString", "coordinates": [ [ 1105032.541581087512895, 1761852.721856198273599 ], [ 1106032.541581087512895, 1761852.721856198273599 ] ] } },
{ "type": "Feature", "properties": { "road_id": 2603, "shade_9h": 0, "shade_12h": 0, "shade_15h": 0, "shade_18h": 12 }, "geometry": { "type": "LineString", "coordinates": [ [ 1105032.541581087512895, 1761852.721856198273599 ], [ 1105032.541581087512895, 1762852.721856198273599 ] ] } },
{ "type": "Feature", "properties": { "road_id": 2604, "shade_9h": 0, "shade_12h": 0, "shade_15h": 0, "shade_18h": 0 }, "geometry": { "type": "LineString", "coordinates": [ [ 1105032.541581087512895, 1762852.721856198273599 ], [ 1106032.541581087512895, 1762852.721856198273599 ] ] } },
{ "type": "Feature", "properties": { "road_id": 2605, "shade_9h": 0, "shade_12h": 0, "shade_15h": 0, "shade_18h": 0 }, "geometry": { "type": "LineString", "coordinates": [ [ 1105032.541581087512895, 1762852.721856198273599 ], [ 1105032.541581087512895, 1763852.721856198273599 ] ] } },
{ "type": "Feature", "properties": { "road_id": 2606, "shade_9h": 0, "shade_12h": 0, "shade_15h": 0, "shade_18h": 16 }, "geometry": { "type": "LineString", "coordinates": [ [ 1105032.541581087512895, 1763852.721856198273599 ], [ 1106032.541581087512895, 1763852.721856198273599 ] ] } },
{ "type": "Feature", "properties": { "road_id": 2607, "shade_9h": 0, "shade_12h": 0, "shade_15h": 0, "shade_18h": 0 }, "geometry": { "type": "LineString", "coordinates": [ [ 1105032.541581087512895, 1763852.721856198273599 ], [ 1105032.541581087512895, 1764852.721856198273599 ] ] } },
{ "type": "Feature", "properties": { "road_id": 2608, "shade_9h": 0, "shade_12h": 0, "shade_15h": 0, "shade_18h": 0 }, "geometry": { "type": "LineString", "coordinates": [ [ 1105032.541581087512895, 1764852.721856198273599 ], [ 1106032.541581087512895, 1764852.721856198273599 ] ] } },
{ "type": "Feature", "properties": { "road_id": 2609, "shade_9h": 1, "shade_12h": 1, "shade_15h": 1, "shade_18h": 1 }, "geometry": { "type": "LineString", "coordinates": [ [ 1105032.541581087512895, 1764852.721856198273599 ], [ 1105032.541581087512895, 1765852.721856198273599 ] ] } },
{ "type": "Feature", "properties": { "road_id": 2610, "shade_9h": 0, "shade_12h": 0, "shade_15h": 0, "shade_18h": 0 }, "geometry": { "type": "LineString", "coordinates": [ [ 1105032.541581087512895, 1765852.721856198273599 ], [ 1106032.541581087512895, 1765852.721856198273599 ] ] } },
{ "type": "Feature", "properties": { "road_id": 2611, "shade_9h": 0, "shade_12h": 0, "shade_15h": 0, "shade_18h": 11 }, "geometry": { "type": "LineString", "coordinates": [ [ 1105032.541581087512895, 1765852.721856198273599 ], [ 1105032.541581087512895, 1766852.721856198273599 ] ] } },
{ "type": "Feature", "properties": { "road_id": 2612, "shade_9h": 0, "shade_12h": 0, "shade_15h": 0, "shade_18h": 0 }, "geometry": { "type": "LineString", "coordinates": [ [ 1105032.541581087512895, 1766852.721856198273599 ], [ 1106032.541581087512895, 1766852.721856198273599 ] ] } },
{ "type": "Feature", "properties": { "road_id": 2613, "shade_9h": 0, "shade_12h": 0, "shade_15h": 0, "shade_18h": 0 }, "geometry": { "type": "LineString", "coordinates": [ [ 1105032.541581087512895, 1766852.721856198273599 ], [ 1105032.541581087512895, 1767852.721856198273599 ] ] } },
{ "type": "Feature", "properties": { "road_id": 2614, "shade_9h": 0, "shade_12h": 0, "shade_15h": 0, "shade_18h": 0 }, "geometry": { "type": "LineString", "coordinates": [ [ 1105032.541581087512895, 1767852.721856198273599 ], [ 1106032.541581087512895, 1767852.721856198273599 ] ] } },
{ "type": "Feature", "properties": { "road_id": 2615, "shade_9h": 0, "shade_12h": 0, "shade_15h": 0, "shade_18h": 7 }, "geometry": { "type": "LineString", "coordinates": [ [ 1105032.541581087512895, 1767852.721856198273599 ], [ 1105032.541581087512895, 1768852.721856198273599 ] ] } },
{ "type": "Feature", "properties": { "road_id": 2616, "shade_9h": 0, "shade_12h": 0, "shade_15h": 0, "shade_18h": 10 }, "geometry": { "type": "LineString", "coordinates": [ [ 1105032.541581087512895, 1768852.721856198273599 ], [ 1106032.541581087512895, 1768852.721856198273599 ] ] } },
{ "type": "Feature", "properties": { "road_id": 2617, "shade_9h": 5, "shade_12h": 3, "shade_15h": 5, "shade_18h": 15 }, "geometry": { "type": "LineString", "coordinates": [ [ 1105032.541581087512895, 1768852.721856198273599 ], [ 1105032.541581087512895, 1769852.721856198273599 ] ] } },
{ "type": "Feature", "properties": { "road_id": 2618, "shade_9h": 0, "shade_12h": 0, "shade_15h": 0, "shade_18h": 5 }, "geometry": { "type": "LineString", "coordinates": [ [ 1105032.541581087512895, 1769852.721856198273599 ], [ 1106032.541581087512895, 1769852.721856198273599 ] ] } },
{ "type": "Feature", "properties": { "road_id": 2619, "shade_9h": 0, "shade_12h": 0, "shade_15h": 0, "shade_18h": 0 }, "geometry": { "type": "LineString", "coordinates": [ [ 1105032.541581087512895, 1769852.721856198273599 ], [ 1105032.541581087512895, 1770852.721856198273599 ] ] } },
{ "type": "Feature", "properties": { "road_id": 2620, "shade_9h": 0, "shade_12h": 0, "shade_15h": 0, "shade_18h": 0 }, "geometry": { "type": "LineString", "coordinates": [ [ 1105032.541581087512895, 1770852.721856198273599 ], [ 1106032.541581087512895, 1770852.721856198273599 ] ] } },
{ "type": "Feature", "properties": { "road_id": 2621, "shade_9h": 0, "shade_12h": 0, "shade_15h": 0, "shade_18h": 0 }, "geometry": { "type": "LineString", "coordinates": [ [ 1105032.541581087512895, 1770852.721856198273599 ], [ 1105032.541581087512895, 1771852.721856198273599 ] ] } },
{ "type": "Feature", "properties": { "road_id": 2622, "shade_9h": 0, "shade_12h": 0, "shade_15h": 0, "shade_18h": 0 }, "geometry": { "type": "LineString", "coordinates": [ [ 1105032.541581087512895, 1771852.721856198273599 ], [ 1106032.541581087512895, 1771852.721856198273599 ] ] } },
{ "type": "Feature", "properties": { "road_id": 2623, "shade_9h": 0, "shade_12h": 0, "shade_15h": 0, "shade_18h": 0 }, "geometry": { "type": "LineString", "coordinates": [ [ 1105032.541581087512895, 1771852.721856198273599 ], [ 1105032.541581087512895, 1772852.721856198273599 ] ] } },
{ "type": "Feature", "properties": { "road_id": 2624, "shade_9h": 0, "shade_12h": 0, "shade_15h": 0, "shade_18h": 0 }, "geometry": { "type": "LineString", "coordinates": [ [ 1105032.541581087512895, 1772852.721856198273599 ], [ 1106032.541581087512895, 1772852.721856198273599 ] ] } },
{ "type": "Feature", "properties": { "road_id": 2625, "shade_9h": 3, "shade_12h": 0, "shade_15h": 0, "shade_18h": 16 }, "geometry": { "type": "LineString", "coordinates": [ [ 1105032.541581087512895, 1772852.721856198273599 ], [ 1105032.541581087512895, 1773852.721856198273599 ] ] } },
{ "type": "Feature", "properties": { "road_id": 2626, "shade_9h": 0, "shade_12h": 0, "shade_15h": 0, "shade_18h": 0 }, "geometry": { "type": "LineString", "coordinates": [ [ 1105032.541581087512895, 1773852.721856198273599 ], [ 1106032.541581087512895, 1773852.721856198273599 ] ] } },
{ "type": "Feature", "properties": { "road_id": 2627, "shade_9h": 0, "shade_12h": 0, "shade_15h": 0, "shade_18h": 10 }, "geometry": { "type": "LineString", "coordinates": [ [ 1105032.541581087512895, 1773852.721856198273599 ], [ 1105032.541581087512895, 1774852.721856198273599 ] ] } },
{ "type": "Feature", "properties": { "road_id": 2628, "shade_9h": 0, "shade_12h": 0, "shade_15h": 0, "shade_18h": 1 }, "geometry": { "type": "LineString", "coordinates": [ [ 1105032.541581087512895, 1774852.721856198273599 ], [ 1106032.541581087512895, 1774852.721856198273599 ] ] } },
{ "type": "Feature", "properties": { "road_id": 2629, "shade_9h": 0, "shade_12h": 0, "shade_15h": 0, "shade_18h": 4 }, "geometry": { "type": "LineString", "coordinates": [ [ 1105032.541581087512895, 1774852.721856198273599 ], [ 1105032.541581087512895, 1775852.721856198273599 ] ] } },
{ "type": "Feature", "properties": { "road_id": 2630, "shade_9h": 0, "shade_12h": 0, "shade_15h": 0, "shade_18h": 0 }, "geometry": { "type": "LineString", "coordinates": [ [ 1105032.541581087512895, 1775852.721856198273599 ], [ 1106032.541581087512895, 1775852.721856198273599 ] ] } },
{ "type": "Feature", "properties": { "road_id": 2631, "shade_9h": 8, "shade_12h": 0, "shade_15h": 7, "shade_18h": 26 }, "geometry": { "type": "LineString", "coordinates": [ [ 1105032.541581087512895, 1775852.721856198273599 ], [ 1105032.541581087512895, 1776852.721856198273599 ] ] } },
{ "type": "Feature", "properties": { "road_id": 2632, "shade_9h": 0, "shade_12h": 0, "shade_15h": 0, "shade_18h": 18 }, "geometry": { "type": "LineString", "coordinates": [ [ 1105032.541581087512895, 1776852.721856198273599 ], [ 1106032.541581087512895, 1776852.721856198273599 ] ] } },
{ "type": "Feature", "properties": { "road_id": 2633, "shade_9h": 0, "shade_12h": 0, "shade_15h": 0, "shade_18h": 18 }, "geometry": { "type": "LineString", "coordinates": [ [ 1105032.541581087512895, 1776852.721856198273599 ], [ 1105032.541581087512895, 1777852.721856198273599 ] ] } },
{ "type": "Feature", "properties": { "road_id": 2634, "shade_9h": 0, "shade_12h": 0, "shade_15h": 0, "shade_18h": 0 }, "geometry": { "type": "LineString", "coordinates": [ [ 1105032.541581087512895, 1777852.721856198273599 ], [ 1106032.541581087512895, 1777852.721856198273599 ] ] } },
{ "type": "Feature", "properties": { "road_id": 2635, "shade_9h": 10, "shade_12h": 5, "shade_15h": 9, "shade_18h": 46 }, "geometry": { "type": "LineString", "coordinates": [ [ 1105032.541581087512895, 1777852.721856198273599 ], [ 1105032.541581087512895, 1778852.721856198273599 ] ] } },
{ "type": "Feature", "properties": { "road_id": 2636, "shade_9h": 0, "shade_12h": 0, "shade_15h": 0, "shade_18h": 0 }, "geometry": { "type": "LineString", "coordinates": [ [ 1105032.541581087512895, 1778852.721856198273599 ], [ 1106032.541581087512895, 1778852.721856198273599 ] ] } },
{ "type": "Feature", "properties": { "road_id": 2637, "shade_9h": 0, "shade_12h": 0, "shade_15h": 0, "shade_18h": 0 }, "geometry": { "type": "LineString", "coordinates": [ [ 1105032.541581087512895, 1778852.721856198273599 ], [ 1105032.541581087512895, 1779852.721856198273599 ] ] } },
{ "type": "Feature", "properties": { "road_id": 2638, "shade_9h": 0, "shade_12h": 0, "shade_15h": 0, "shade_18h": 0 }, "geometry": { "type": "LineString", "coordinates": [ [ 1105032.541581087512895, 1779852.721856198273599 ], [ 1106032.541581087512895, 1779852.721856198273599 ] ] } },
{ "type": "Feature", "properties": { "road_id": 2639, "shade_9h": 0, "shade_12h": 0, "shade_15h": 0, "shade_18h": 0 }, "geometry": { "type": "LineString", "coordinates": [ [ 1106032.541581087512895, 1734852.721856198273599 ], [ 1107032.541581087512895, 1734852.721856198273599 ] ] } },
{ "type": "Feature", "properties": { "road_id": 2640, "shade_9h": 0, "shade_12h": 0, "shade_15h": 0, "shade_18h": 0 }, "geometry": { "type": "LineString", "coordinates": [ [ 1106032.541581087512895, 1734852.721856198273599 ], [ 1106032.541581087512895, 1735852.721856198273599 ] ] } },
{ "type": "Feature", "properties": { "road_id": 2641, "shade_9h": 0, "shade_12h": 0, "shade_15h": 0, "shade_18h": 0 }, "geometry": { "type": "LineString", "coordinates": [ [ 1106032.541581087512895, 1735852.721856198273599 ], [ 1107032.541581087512895, 1735852.721856198273599 ] ] } },
{ "type": "Feature", "properties": { "road_id": 2642, "shade_9h": 0, "shade_12h": 0, "shade_15h": 0, "shade_18h": 0 }, "geometry": { "type": "LineString", "coordinates": [ [ 1106032.541581087512895, 1735852.721856198273599 ], [ 1106032.541581087512895, 1736852.721856198273599 ] ] } },
{ "type": "Feature", "properties": { "road_id": 2643, "shade_9h": 0, "shade_12h": 0, "shade_15h": 0, "shade_18h": 0 }, "geometry": { "type": "LineString", "coordinates": [ [ 1106032.541581087512895, 1736852.721856198273599 ], [ 1107032.541581087512895, 1736852.721856198273599 ] ] } },
{ "type": "Feature", "properties": { "road_id": 2644, "shade_9h": 0, "shade_12h": 0, "shade_15h": 0, "shade_18h": 0 }, "geometry": { "type": "LineString", "coordinates": [ [ 1106032.541581087512895, 1736852.721856198273599 ], [ 1106032.541581087512895, 1737852.721856198273599 ] ] } },
{ "type": "Feature", "properties": { "road_id": 2645, "shade_9h": 0, "shade_12h": 0, "shade_15h": 0, "shade_18h": 0 }, "geometry": { "type": "LineString", "coordinates": [ [ 1106032.541581087512895, 1737852.721856198273599 ], [ 1107032.541581087512895, 1737852.721856198273599 ] ] } },
{ "type": "Feature", "properties": { "road_id": 2646, "shade_9h": 0, "shade_12h": 0, "shade_15h": 0, "shade_18h": 0 }, "geometry": { "type": "LineString", "coordinates": [ [ 1106032.541581087512895, 1737852.721856198273599 ], [ 1106032.541581087512895, 1738852.721856198273599 ] ] } },
{ "type": "Feature", "properties": { "road_id": 2647, "shade_9h": 0, "shade_12h": 0, "shade_15h": 0, "shade_18h": 0 }, "geometry": { "type": "LineString", "coordinates": [ [ 1106032.541581087512895, 1738852.721856198273599 ], [ 1107032.541581087512895, 1738852.721856198273599 ] ] } },
{ "type": "Feature", "properties": { "road_id": 2648, "shade_9h": 0, "shade_12h": 0, "shade_15h": 0, "shade_18h": 29 }, "geometry": { "type": "LineString", "coordinates": [ [ 1106032.541581087512895, 1738852.721856198273599 ], [ 1106032.541581087512895, 1739852.721856198273599 ] ] } },
{ "type": "Feature", "properties": { "road_id": 2649, "shade_9h": 0, "shade_12h": 0, "shade_15h": 0, "shade_18h": 0 }, "geometry": { "type": "LineString", "coordinates": [ [ 1106032.541581087512895, 1739852.721856198273599 ], [ 1107032.541581087512895, 1739852.721856198273599 ] ] } },
{ "type": "Feature", "properties": { "road_id": 2650, "shade_9h": 0, "shade_12h": 0, "shade_15h": 0, "shade_18h": 0 }, "geometry": { "type": "LineString", "coordinates": [ [ 1106032.541581087512895, 1739852.721856198273599 ], [ 1106032.541581087512895, 1740852.721856198273599 ] ] } },
{ "type": "Feature", "properties": { "road_id": 2651, "shade_9h": 0, "shade_12h": 0, "shade_15h": 0, "shade_18h": 0 }, "geometry": { "type": "LineString", "coordinates": [ [ 1106032.541581087512895, 1740852.721856198273599 ], [ 1107032.541581087512895, 1740852.721856198273599 ] ] } },
{ "type": "Feature", "properties": { "road_id": 2652, "shade_9h": 7, "shade_12h": 4, "shade_15h": 7, "shade_18h": 32 }, "geometry": { "type": "LineString", "coordinates": [ [ 1106032.541581087512895, 1740852.721856198273599 ], [ 1106032.541581087512895, 1741852.721856198273599 ] ] } },
{ "type": "Feature", "properties": { "road_id": 2653, "shade_9h": 0, "shade_12h": 0, "shade_15h": 0, "shade_18h": 14 }, "geometry": { "type": "LineString", "coordinates": [ [ 1106032.541581087512895, 1741852.721856198273599 ], [ 1107032.541581087512895, 1741852.721856198273599 ] ] } },
{ "type": "Feature", "properties": { "road_id": 2654, "shade_9h": 0, "shade_12h": 0, "shade_15h": 0, "shade_18h": 6 }, "geometry": { "type": "LineString", "coordinates": [ [ 1106032.541581087512895, 1741852.721856198273599 ], [ 1106032.541581087512895, 1742852.721856198273599 ] ] } },
{ "type": "Feature", "properties": { "road_id": 2655, "shade_9h": 1, "shade_12h": 1, "shade_15h": 1, "shade_18h": 1 }, "geometry": { "type": "LineString", "coordinates": [ [ 1106032.541581087512895, 1742852.721856198273599 ], [ 1107032.541581087512895, 1742852.721856198273599 ] ] } },
{ "type": "Feature", "properties": { "road_id": 2656, "shade_9h": 0, "shade_12h": 0, "shade_15h": 0, "shade_18h": 0 }, "geometry": { "type": "LineString", "coordinates": [ [ 1106032.541581087512895, 1742852.721856198273599 ], [ 1106032.541581087512895, 1743852.721856198273599 ] ] } },
{ "type": "Feature", "properties": { "road_id": 2657, "shade_9h": 8, "shade_12h": 3, "shade_15h": 8, "shade_18h": 49 }, "geometry": { "type": "LineString", "coordinates": [ [ 1106032.541581087512895, 1743852.721856198273599 ], [ 1107032.541581087512895, 1743852.721856198273599 ] ] } },
{ "type": "Feature", "properties": { "road_id": 2658, "shade_9h": 0, "shade_12h": 0, "shade_15h": 0, "shade_18h": 0 }, "geometry": { "type": "LineString", "coordinates": [ [ 1106032.541581087512895, 1743852.721856198273599 ], [ 1106032.541581087512895, 1744852.721856198273599 ] ] } },
{ "type": "Feature", "properties": { "road_id": 2659, "shade_9h": 9, "shade_12h": 4, "shade_15h": 8, "shade_18h": 46 }, "geometry": { "type": "LineString", "coordinates": [ [ 1106032.541581087512895, 1744852.721856198273599 ], [ 1107032.541581087512895, 1744852.721856198273599 ] ] } },
{ "type": "Feature", "properties": { "road_id": 2660, "shade_9h": 5, "shade_12h": 3, "shade_15h": 5, "shade_18h": 23 }, "geometry": { "type": "LineString", "coordinates": [ [ 1106032.541581087512895, 1744852.721856198273599 ], [ 1106032.541581087512895, 1745852.721856198273599 ] ] } },
{ "type": "Feature", "properties": { "road_id": 2661, "shade_9h": 0, "shade_12h": 0, "shade_15h": 0, "shade_18h": 0 }, "geometry": { "type": "LineString", "coordinates": [ [ 1106032.541581087512895, 1745852.721856198273599 ], [ 1107032.541581087512895, 1745852.721856198273599 ] ] } },
{ "type": "Feature", "properties": { "road_id": 2662, "shade_9h": 0, "shade_12h": 0, "shade_15h": 0, "shade_18h": 0 }, "geometry": { "type": "LineString", "coordinates": [ [ 1106032.541581087512895, 1745852.721856198273599 ], [ 1106032.541581087512895, 1746852.721856198273599 ] ] } },
{ "type": "Feature", "properties": { "road_id": 2663, "shade_9h": 0, "shade_12h": 0, "shade_15h": 0, "shade_18h": 0 }, "geometry": { "type": "LineString", "coordinates": [ [ 1106032.541581087512895, 1746852.721856198273599 ], [ 1107032.541581087512895, 1746852.721856198273599 ] ] } },
{ "type": "Feature", "properties": { "road_id": 2664, "shade_9h": 0, "shade_12h": 0, "shade_15h": 0, "shade_18h": 0 }, "geometry": { "type": "LineString", "coordinates": [ [ 1106032.541581087512895, 1746852.721856198273599 ], [ 1106032.541581087512895, 1747852.721856198273599 ] ] } },
{ "type": "Feature", "properties": { "road_id": 2665, "shade_9h": 0, "shade_12h": 0, "shade_15h": 0, "shade_18h": 0 }, "geometry": { "type": "LineString", "coordinates": [ [ 1106032.541581087512895, 1747852.721856198273599 ], [ 1107032.541581087512895, 1747852.721856198273599 ] ] } },
{ "type": "Feature", "properties": { "road_id": 2666, "shade_9h": 0, "shade_12h": 0, "shade_15h": 0, "shade_18h": 11 }, "geometry": { "type": "LineString", "coordinates": [ [ 1106032.541581087512895, 1747852.721856198273599 ], [ 1106032.541581087512895, 1748852.721856198273599 ] ] } },
{ "type": "Feature", "properties": { "road_id": 2667, "shade_9h": 5, "shade_12h": 3, "shade_15h": 5, "shade_18h": 20 }, "geometry": { "type": "LineString", "coordinates": [ [ 1106032.541581087512895, 1748852.721856198273599 ], [ 1107032.541581087512895, 1748852.721856198273599 ] ] } },
{ "type": "Feature", "properties": { "road_id": 2668, "shade_9h": 4, "shade_12h": 2, "shade_15h": 4, "shade_18h": 18 }, "geometry": { "type": "LineString", "coordinates": [ [ 1106032.541581087512895, 1748852.721856198273599 ], [ 1106032.541581087512895, 1749852.721856198273599 ] ] } },
{ "type": "Feature", "properties": { "road_id": 2669, "shade_9h": 0, "shade_12h": 0, "shade_15h": 0, "shade_18h": 0 }, "geometry": { "type": "LineString", "coordinates": [ [ 1106032.541581087512895, 1749852.721856198273599 ], [ 1107032.541581087512895, 1749852.721856198273599 ] ] } },
{ "type": "Feature", "properties": { "road_id": 2670, "shade_9h": 0, "shade_12h": 0, "shade_15h": 0, "shade_18h": 0 }, "geometry": { "type": "LineString", "coordinates": [ [ 1106032.541581087512895, 1749852.721856198273599 ], [ 1106032.541581087512895, 1750852.721856198273599 ] ] } },
{ "type": "Feature", "properties": { "road_id": 2671, "shade_9h": 0, "shade_12h": 0, "shade_15h": 0, "shade_18h": 0 }, "geometry": { "type": "LineString", "coordinates": [ [ 1106032.541581087512895, 1750852.721856198273599 ], [ 1107032.541581087512895, 1750852.721856198273599 ] ] } },
{ "type": "Feature", "properties": { "road_id": 2672, "shade_9h": 0, "shade_12h": 0, "shade_15h": 0, "shade_18h": 0 }, "geometry": { "type": "LineString", "coordinates": [ [ 1106032.541581087512895, 1750852.721856198273599 ], [ 1106032.541581087512895, 1751852.721856198273599 ] ] } },
{ "type": "Feature", "properties": { "road_id": 2673, "shade_9h": 0, "shade_12h": 0, "shade_15h": 0, "shade_18h": 0 }, "geometry": { "type": "LineString", "coordinates": [ [ 1106032.541581087512895, 1751852.721856198273599 ], [ 1107032.541581087512895, 1751852.721856198273599 ] ] } },
{ "type": "Feature", "properties": { "road_id": 2674, "shade_9h": 0, "shade_12h": 0, "shade_15h": 0, "shade_18h": 0 }, "geometry": { "type": "LineString", "coordinates": [ [ 1106032.541581087512895, 1751852.721856198273599 ], [ 1106032.541581087512895, 1752852.721856198273599 ] ] } },
{ "type": "Feature", "properties": { "road_id": 2675, "shade_9h": 7, "shade_12h": 4, "shade_15h": 7, "shade_18h": 25 }, "geometry": { "type": "LineString", "coordinates": [ [ 1106032.541581087512895, 1752852.721856198273599 ], [ 1107032.541581087512895, 1752852.721856198273599 ] ] } },
{ "type": "Feature", "properties": { "road_id": 2676, "shade_9h": 0, "shade_12h": 0, "shade_15h": 0, "shade_18h": 0 }, "geometry": { "type": "LineString", "coordinates": [ [ 1106032.541581087512895, 1752852.721856198273599 ], [ 1106032.541581087512895, 1753852.721856198273599 ] ] } },
{ "type": "Feature", "properties": { "road_id": 2677, "shade_9h": 0, "shade_12h": 0, "shade_15h": 0, "shade_18h": 0 }, "geometry": { "type": "LineString", "coordinates": [ [ 1106032.541581087512895, 1753852.721856198273599 ], [ 1107032.541581087512895, 1753852.721856198273599 ] ] } },
{ "type": "Feature", "properties": { "road_id": 2678, "shade_9h": 0, "shade_12h": 0, "shade_15h": 0, "shade_18h": 0 }, "geometry": { "type": "LineString", "coordinates": [ [ 1106032.541581087512895, 1753852.721856198273599 ], [ 1106032.541581087512895, 1754852.721856198273599 ] ] } },
{ "type": "Feature", "properties": { "road_id": 2679, "shade_9h": 0, "shade_12h": 0, "shade_15h": 0, "shade_18h": 0 }, "geometry": { "type": "LineString", "coordinates": [ [ 1106032.541581087512895, 1754852.721856198273599 ], [ 1107032.541581087512895, 1754852.721856198273599 ] ] } },
{ "type": "Feature", "properties": { "road_id": 2680, "shade_9h": 6, "shade_12h": 3, "shade_15h": 6, "shade_18h": 29 }, "geometry": { "type": "LineString", "coordinates": [ [ 1106032.541581087512895, 1754852.721856198273599 ], [ 1106032.541581087512895, 1755852.721856198273599 ] ] } },
{ "type": "Feature", "properties": { "road_id": 2681, "shade_9h": 0, "shade_12h": 0, "shade_15h": 0, "shade_18h": 0 }, "geometry": { "type": "LineString", "coordinates": [ [ 1106032.541581087512895, 1755852.721856198273599 ], [ 1107032.541581087512895, 1755852.721856198273599 ] ] } },
{ "type": "Feature", "properties": { "road_id": 2682, "shade_9h": 0, "shade_12h": 0, "shade_15h": 0, "shade_18h": 0 }, "geometry": { "type": "LineString", "coordinates": [ [ 1106032.541581087512895, 1755852.721856198273599 ], [ 1106032.541581087512895, 1756852.721856198273599 ] ] } },
{ "type": "Feature", "properties": { "road_id": 2683, "shade_9h": 0, "shade_12h": 0, "shade_15h": 0, "shade_18h": 0 }, "geometry": { "type": "LineString", "coordinates": [ [ 1106032.541581087512895, 1756852.721856198273599 ], [ 1107032.541581087512895, 1756852.721856198273599 ] ] } },
{ "type": "Feature", "properties": { "road_id": 2684, "shade_9h": 0, "shade_12h": 0, "shade_15h": 0, "shade_18h": 0 }, "geometry": { "type": "LineString", "coordinates": [ [ 1106032.541581087512895, 1756852.721856198273599 ], [ 1106032.541581087512895, 1757852.721856198273599 ] ] } },
{ "type": "Feature", "properties": { "road_id": 2685, "shade_9h": 0, "shade_12h": 0, "shade_15h": 0, "shade_18h": 0 }, "geometry": { "type": "LineString", "coordinates": [ [ 1106032.541581087512895, 1757852.721856198273599 ], [ 1107032.541581087512895, 1757852.721856198273599 ] ] } },
{ "type": "Feature", "properties": { "road_id": 2686, "shade_9h": 0, "shade_12h": 0, "shade_15h": 0, "shade_18h": 0 }, "geometry": { "type": "LineString", "coordinates": [ [ 1106032.541581087512895, 1757852.721856198273599 ], [ 1106032.541581087512895, 1758852.721856198273599 ] ] } },
{ "type": "Feature", "properties": { "road_id": 2687, "shade_9h": 0, "shade_12h": 0, "shade_15h": 0, "shade_18h": 0 }, "geometry": { "type": "LineString", "coordinates": [ [ 1106032.541581087512895, 1758852.721856198273599 ], [ 1107032.541581087512895, 1758852.721856198273599 ] ] } },
{ "type": "Feature", "properties": { "road_id": 2688, "shade_9h": 0, "shade_12h": 0, "shade_15h": 0, "shade_18h": 0 }, "geometry": { "type": "LineString", "coordinates": [ [ 1106032.541581087512895, 1758852.721856198273599 ], [ 1106032.541581087512895, 1759852.721856198273599 ] ] } },
{ "type": "Feature", "properties": { "road_id": 2689, "shade_9h": 0, "shade_12h": 0, "shade_15h": 0, "shade_18h": 4 }, "geometry": { "type": "LineString", "coordinates": [ [ 1106032.541581087512895, 1759852.721856198273599 ], [ 1107032.541581087512895, 1759852.721856198273599 ] ] } },
{ "type": "Feature", "properties": { "road_id": 2690, "shade_9h": 6, "shade_12h": 3, "shade_15h": 6, "shade_18h": 38 }, "geometry": { "type": "LineString", "coordinates": [ [ 1106032.541581087512895, 1759852.721856198273599 ], [ 1106032.541581087512895, 1760852.721856198273599 ] ] } },
{ "type": "Feature", "properties": { "road_id": 2691, "shade_9h": 5, "shade_12h": 0, "shade_15h": 5, "shade_18h": 30 }, "geometry": { "type": "LineString", "coordinates": [ [ 1106032.541581087512895, 1760852.721856198273599 ], [ 1107032.541581087512895, 1760852.721856198273599 ] ] } },
{ "type": "Feature", "properties": { "road_id": 2692, "shade_9h": 0, "shade_12h": 0, "shade_15h": 0, "shade_18h": 0 }, "geometry": { "type": "LineString", "coordinates": [ [ 1106032.541581087512895, 1760852.721856198273599 ], [ 1106032.541581087512895, 1761852.721856198273599 ] ] } },
{ "type": "Feature", "properties": { "road_id": 2693, "shade_9h": 0, "shade_12h": 0, "shade_15h": 0, "shade_18h": 0 }, "geometry": { "type": "LineString", "coordinates": [ [ 1106032.541581087512895, 1761852.721856198273599 ], [ 1107032.541581087512895, 1761852.721856198273599 ] ] } },
{ "type": "Feature", "properties": { "road_id": 2694, "shade_9h": 0, "shade_12h": 0, "shade_15h": 0, "shade_18h": 0 }, "geometry": { "type": "LineString", "coordinates": [ [ 1106032.541581087512895, 1761852.721856198273599 ], [ 1106032.541581087512895, 1762852.721856198273599 ] ] } },
{ "type": "Feature", "properties": { "road_id": 2695, "shade_9h": 0, "shade_12h": 0, "shade_15h": 0, "shade_18h": 0 }, "geometry": { "type": "LineString", "coordinates": [ [ 1106032.541581087512895, 1762852.721856198273599 ], [ 1107032.541581087512895, 1762852.721856198273599 ] ] } },
{ "type": "Feature", "properties": { "road_id": 2696, "shade_9h": 0, "shade_12h": 0, "shade_15h": 0, "shade_18h": 0 }, "geometry": { "type": "LineString", "coordinates": [ [ 1106032.541581087512895, 1762852.721856198273599 ], [ 1106032.541581087512895, 1763852.721856198273599 ] ] } },
{ "type": "Feature", "properties": { "road_id": 2697, "shade_9h": 0, "shade_12h": 0, "shade_15h": 0, "shade_18h": 0 }, "geometry": { "type": "LineString", "coordinates": [ [ 1106032.541581087512895, 1763852.721856198273599 ], [ 1107032.541581087512895, 1763852.721856198273599 ] ] } },
{ "type": "Feature", "properties": { "road_id": 2698, "shade_9h": 0, "shade_12h": 0, "shade_15h": 0, "shade_18h": 0 }, "geometry": { "type": "LineString", "coordinates": [ [ 1106032.541581087512895, 1763852.721856198273599 ], [ 1106032.541581087512895, 1764852.721856198273599 ] ] } },
{ "type": "Feature", "properties": { "road_id": 2699, "shade_9h": 0, "shade_12h": 0, "shade_15h": 0, "shade_18h": 0 }, "geometry": { "type": "LineString", "coordinates": [ [ 1106032.541581087512895, 1764852.721856198273599 ], [ 1107032.541581087512895, 1764852.721856198273599 ] ] } },
{ "type": "Feature", "properties": { "road_id": 2700, "shade_9h": 0, "shade_12h": 0, "shade_15h": 0, "shade_18h": 0 }, "geometry": { "type": "LineString", "coordinates": [ [ 1106032.541581087512895, 1764852.721856198273599 ], [ 1106032.541581087512895, 1765852.721856198273599 ] ] } },
{ "type": "Feature", "properties": { "road_id": 2701, "shade_9h": 0, "shade_12h": 0, "shade_15h": 0, "shade_18h": 0 }, "geometry": { "type": "LineString", "coordinates": [ [ 1106032.541581087512895, 1765852.721856198273599 ], [ 1107032.541581087512895, 1765852.721856198273599 ] ] } },
{ "type": "Feature", "properties": { "road_id": 2702, "shade_9h": 6, "shade_12h": 2, "shade_15h": 6, "shade_18h": 33 }, "geometry": { "type": "LineString", "coordinates": [ [ 1106032.541581087512895, 1765852.721856198273599 ], [ 1106032.541581087512895, 1766852.721856198273599 ] ] } },
{ "type": "Feature", "properties": { "road_id": 2703, "shade_9h": 0, "shade_12h": 0, "shade_15h": 0, "shade_18h": 0 }, "geometry": { "type": "LineString", "coordinates": [ [ 1106032.541581087512895, 1766852.721856198273599 ], [ 1107032.541581087512895, 1766852.721856198273599 ] ] } },
{ "type": "Feature", "properties": { "road_id": 2704, "shade_9h": 0, "shade_12h": 0, "shade_15h": 0, "shade_18h": 0 }, "geometry": { "type": "LineString", "coordinates": [ [ 1106032.541581087512895, 1766852.721856198273599 ], [ 1106032.541581087512895, 1767852.721856198273599 ] ] } },
{ "type": "Feature", "properties": { "road_id": 2705, "shade_9h": 0, "shade_12h": 0, "shade_15h": 0, "shade_18h": 4 }, "geometry": { "type": "LineString", "coordinates": [ [ 1106032.541581087512895, 1767852.721856198273599 ], [ 1107032.541581087512895, 1767852.721856198273599 ] ] } },
{ "type": "Feature", "properties": { "road_id": 2706, "shade_9h": 0, "shade_12h": 0, "shade_15h": 0, "shade_18h": 0 }, "geometry": { "type": "LineString", "coordinates": [ [ 1106032.541581087512895, 1767852.721856198273599 ], [ 1106032.541581087512895, 1768852.721856198273599 ] ] } },
{ "type": "Feature", "properties": { "road_id": 2707, "shade_9h": 0, "shade_12h": 0, "shade_15h": 0, "shade_18h": 0 }, "geometry": { "type": "LineString", "coordinates": [ [ 1106032.541581087512895, 1768852.721856198273599 ], [ 1107032.541581087512895, 1768852.721856198273599 ] ] } },
{ "type": "Feature", "properties": { "road_id": 2708, "shade_9h": 4, "shade_12h": 3, "shade_15h": 4, "shade_18h": 14 }, "geometry": { "type": "LineString", "coordinates": [ [ 1106032.541581087512895, 1768852.721856198273599 ], [ 1106032.541581087512895, 1769852.721856198273599 ] ] } },
{ "type": "Feature", "properties": { "road_id": 2709, "shade_9h": 1, "shade_12h": 1, "shade_15h": 1, "shade_18h": 6 }, "geometry": { "type": "LineString", "coordinates": [ [ 1106032.541581087512895, 1769852.721856198273599 ], [ 1107032.541581087512895, 1769852.721856198273599 ] ] } },
{ "type": "Feature", "properties": { "road_id": 2710, "shade_9h": 0, "shade_12h": 0, "shade_15h": 0, "shade_18h": 2 }, "geometry": { "type": "LineString", "coordinates": [ [ 1106032.541581087512895, 1769852.721856198273599 ], [ 1106032.541581087512895, 1770852.721856198273599 ] ] } },
{ "type": "Feature", "properties": { "road_id": 2711, "shade_9h": 0, "shade_12h": 0, "shade_15h": 0, "shade_18h": 0 }, "geometry": { "type": "LineString", "coordinates": [ [ 1106032.541581087512895, 1770852.721856198273599 ], [ 1107032.541581087512895, 1770852.721856198273599 ] ] } },
{ "type": "Feature", "properties": { "road_id": 2712, "shade_9h": 0, "shade_12h": 0, "shade_15h": 0, "shade_18h": 0 }, "geometry": { "type": "LineString", "coordinates": [ [ 1106032.541581087512895, 1770852.721856198273599 ], [ 1106032.541581087512895, 1771852.721856198273599 ] ] } },
{ "type": "Feature", "properties": { "road_id": 2713, "shade_9h": 0, "shade_12h": 0, "shade_15h": 0, "shade_18h": 0 }, "geometry": { "type": "LineString", "coordinates": [ [ 1106032.541581087512895, 1771852.721856198273599 ], [ 1107032.541581087512895, 1771852.721856198273599 ] ] } },
{ "type": "Feature", "properties": { "road_id": 2714, "shade_9h": 1, "shade_12h": 1, "shade_15h": 1, "shade_18h": 1 }, "geometry": { "type": "LineString", "coordinates": [ [ 1106032.541581087512895, 1771852.721856198273599 ], [ 1106032.541581087512895, 1772852.721856198273599 ] ] } },
{ "type": "Feature", "properties": { "road_id": 2715, "shade_9h": 0, "shade_12h": 0, "shade_15h": 0, "shade_18h": 0 }, "geometry": { "type": "LineString", "coordinates": [ [ 1106032.541581087512895, 1772852.721856198273599 ], [ 1107032.541581087512895, 1772852.721856198273599 ] ] } },
{ "type": "Feature", "properties": { "road_id": 2716, "shade_9h": 0, "shade_12h": 0, "shade_15h": 0, "shade_18h": 0 }, "geometry": { "type": "LineString", "coordinates": [ [ 1106032.541581087512895, 1772852.721856198273599 ], [ 1106032.541581087512895, 1773852.721856198273599 ] ] } },
{ "type": "Feature", "properties": { "road_id": 2717, "shade_9h": 0, "shade_12h": 0, "shade_15h": 0, "shade_18h": 0 }, "geometry": { "type": "LineString", "coordinates": [ [ 1106032.541581087512895, 1773852.721856198273599 ], [ 1107032.541581087512895, 1773852.721856198273599 ] ] } },
{ "type": "Feature", "properties": { "road_id": 2718, "shade_9h": 0, "shade_12h": 0, "shade_15h": 0, "shade_18h": 0 }, "geometry": { "type": "LineString", "coordinates": [ [ 1106032.541581087512895, 1773852.721856198273599 ], [ 1106032.541581087512895, 1774852.721856198273599 ] ] } },
{ "type": "Feature", "properties": { "road_id": 2719, "shade_9h": 0, "shade_12h": 0, "shade_15h": 0, "shade_18h": 9 }, "geometry": { "type": "LineString", "coordinates": [ [ 1106032.541581087512895, 1774852.721856198273599 ], [ 1107032.541581087512895, 1774852.721856198273599 ] ] } },
{ "type": "Feature", "properties": { "road_id": 2720, "shade_9h": 0, "shade_12h": 0, "shade_15h": 0, "shade_18h": 0 }, "geometry": { "type": "LineString", "coordinates": [ [ 1106032.541581087512895, 1774852.721856198273599 ], [ 1106032.541581087512895, 1775852.721856198273599 ] ] } },
{ "type": "Feature", "properties": { "road_id": 2721, "shade_9h": 0, "shade_12h": 0, "shade_15h": 0, "shade_18h": 0 }, "geometry": { "type": "LineString", "coordinates": [ [ 1106032.541581087512895, 1775852.721856198273599 ], [ 1107032.541581087512895, 1775852.721856198273599 ] ] } },
{ "type": "Feature", "properties": { "road_id": 2722, "shade_9h": 1, "shade_12h": 1, "shade_15h": 1, "shade_18h": 1 }, "geometry": { "type": "LineString", "coordinates": [ [ 1106032.541581087512895, 1775852.721856198273599 ], [ 1106032.541581087512895, 1776852.721856198273599 ] ] } },
{ "type": "Feature", "properties": { "road_id": 2723, "shade_9h": 9, "shade_12h": 4, "shade_15h": 9, "shade_18h": 50 }, "geometry": { "type": "LineString", "coordinates": [ [ 1106032.541581087512895, 1776852.721856198273599 ], [ 1107032.541581087512895, 1776852.721856198273599 ] ] } },
{ "type": "Feature", "properties": { "road_id": 2724, "shade_9h": 0, "shade_12h": 0, "shade_15h": 0, "shade_18h": 0 }, "geometry": { "type": "LineString", "coordinates": [ [ 1106032.541581087512895, 1776852.721856198273599 ], [ 1106032.541581087512895, 1777852.721856198273599 ] ] } },
{ "type": "Feature", "properties": { "road_id": 2725, "shade_9h": 0, "shade_12h": 0, "shade_15h": 0, "shade_18h": 0 }, "geometry": { "type": "LineString", "coordinates": [ [ 1106032.541581087512895, 1777852.721856198273599 ], [ 1107032.541581087512895, 1777852.721856198273599 ] ] } },
{ "type": "Feature", "properties": { "road_id": 2726, "shade_9h": 1, "shade_12h": 1, "shade_15h": 1, "shade_18h": 1 }, "geometry": { "type": "LineString", "coordinates": [ [ 1106032.541581087512895, 1777852.721856198273599 ], [ 1106032.541581087512895, 1778852.721856198273599 ] ] } },
{ "type": "Feature", "properties": { "road_id": 2727, "shade_9h": 0, "shade_12h": 0, "shade_15h": 0, "shade_18h": 0 }, "geometry": { "type": "LineString", "coordinates": [ [ 1106032.541581087512895, 1778852.721856198273599 ], [ 1107032.541581087512895, 1778852.721856198273599 ] ] } },
{ "type": "Feature", "properties": { "road_id": 2728, "shade_9h": 0, "shade_12h": 0, "shade_15h": 0, "shade_18h": 0 }, "geometry": { "type": "LineString", "coordinates": [ [ 1106032.541581087512895, 1778852.721856198273599 ], [ 1106032.541581087512895, 1779852.721856198273599 ] ] } },
{ "type": "Feature", "properties": { "road_id": 2729, "shade_9h": 0, "shade_12h": 0, "shade_15h": 0, "shade_18h": 0 }, "geometry": { "type": "LineString", "coordinates": [ [ 1106032.541581087512895, 1779852.721856198273599 ], [ 1107032.541581087512895, 1779852.721856198273599 ] ] } },
{ "type": "Feature", "properties": { "road_id": 2730, "shade_9h": 0, "shade_12h": 0, "shade_15h": 0, "shade_18h": 0 }, "geometry": { "type": "LineString", "coordinates": [ [ 1107032.541581087512895, 1734852.721856198273599 ], [ 1108032.541581087512895, 1734852.721856198273599 ] ] } },
{ "type": "Feature", "properties": { "road_id": 2731, "shade_9h": 1, "shade_12h": 1, "shade_15h": 1, "shade_18h": 1 }, "geometry": { "type": "LineString", "coordinates": [ [ 1107032.541581087512895, 1734852.721856198273599 ], [ 1107032.541581087512895, 1735852.721856198273599 ] ] } },
{ "type": "Feature", "properties": { "road_id": 2732, "shade_9h": 0, "shade_12h": 0, "shade_15h": 0, "shade_18h": 0 }, "geometry": { "type": "LineString", "coordinates": [ [ 1107032.541581087512895, 1735852.721856198273599 ], [ 1108032.541581087512895, 1735852.721856198273599 ] ] } },
{ "type": "Feature", "properties": { "road_id": 2733, "shade_9h": 0, "shade_12h": 0, "shade_15h": 0, "shade_18h": 0 }, "geometry": { "type": "LineString", "coordinates": [ [ 1107032.541581087512895, 1735852.721856198273599 ], [ 1107032.541581087512895, 1736852.721856198273599 ] ] } },
{ "type": "Feature", "properties": { "road_id": 2734, "shade_9h": 0, "shade_12h": 0, "shade_15h": 0, "shade_18h": 0 }, "geometry": { "type": "LineString", "coordinates": [ [ 1107032.541581087512895, 1736852.721856198273599 ], [ 1108032.541581087512895, 1736852.721856198273599 ] ] } },
{ "type": "Feature", "properties": { "road_id": 2735, "shade_9h": 0, "shade_12h": 0, "shade_15h": 0, "shade_18h": 0 }, "geometry": { "type": "LineString", "coordinates": [ [ 1107032.541581087512895, 1736852.721856198273599 ], [ 1107032.541581087512895, 1737852.721856198273599 ] ] } },
{ "type": "Feature", "properties": { "road_id": 2736, "shade_9h": 0, "shade_12h": 0, "shade_15h": 0, "shade_18h": 0 }, "geometry": { "type": "LineString", "coordinates": [ [ 1107032.541581087512895, 1737852.721856198273599 ], [ 1108032.541581087512895, 1737852.721856198273599 ] ] } },
{ "type": "Feature", "properties": { "road_id": 2737, "shade_9h": 0, "shade_12h": 0, "shade_15h": 0, "shade_18h": 0 }, "geometry": { "type": "LineString", "coordinates": [ [ 1107032.541581087512895, 1737852.721856198273599 ], [ 1107032.541581087512895, 1738852.721856198273599 ] ] } },
{ "type": "Feature", "properties": { "road_id": 2738, "shade_9h": 0, "shade_12h": 0, "shade_15h": 0, "shade_18h": 0 }, "geometry": { "type": "LineString", "coordinates": [ [ 1107032.541581087512895, 1738852.721856198273599 ], [ 1108032.541581087512895, 1738852.721856198273599 ] ] } },
{ "type": "Feature", "properties": { "road_id": 2739, "shade_9h": 0, "shade_12h": 0, "shade_15h": 0, "shade_18h": 0 }, "geometry": { "type": "LineString", "coordinates": [ [ 1107032.541581087512895, 1738852.721856198273599 ], [ 1107032.541581087512895, 1739852.721856198273599 ] ] } },
{ "type": "Feature", "properties": { "road_id": 2740, "shade_9h": 0, "shade_12h": 0, "shade_15h": 0, "shade_18h": 0 }, "geometry": { "type": "LineString", "coordinates": [ [ 1107032.541581087512895, 1739852.721856198273599 ], [ 1108032.541581087512895, 1739852.721856198273599 ] ] } },
{ "type": "Feature", "properties": { "road_id": 2741, "shade_9h": 0, "shade_12h": 0, "shade_15h": 0, "shade_18h": 0 }, "geometry": { "type": "LineString", "coordinates": [ [ 1107032.541581087512895, 1739852.721856198273599 ], [ 1107032.541581087512895, 1740852.721856198273599 ] ] } },
{ "type": "Feature", "properties": { "road_id": 2742, "shade_9h": 0, "shade_12h": 0, "shade_15h": 0, "shade_18h": 0 }, "geometry": { "type": "LineString", "coordinates": [ [ 1107032.541581087512895, 1740852.721856198273599 ], [ 1108032.541581087512895, 1740852.721856198273599 ] ] } },
{ "type": "Feature", "properties": { "road_id": 2743, "shade_9h": 0, "shade_12h": 0, "shade_15h": 0, "shade_18h": 0 }, "geometry": { "type": "LineString", "coordinates": [ [ 1107032.541581087512895, 1740852.721856198273599 ], [ 1107032.541581087512895, 1741852.721856198273599 ] ] } },
{ "type": "Feature", "properties": { "road_id": 2744, "shade_9h": 0, "shade_12h": 0, "shade_15h": 0, "shade_18h": 0 }, "geometry": { "type": "LineString", "coordinates": [ [ 1107032.541581087512895, 1741852.721856198273599 ], [ 1108032.541581087512895, 1741852.721856198273599 ] ] } },
{ "type": "Feature", "properties": { "road_id": 2745, "shade_9h": 6, "shade_12h": 3, "shade_15h": 5, "shade_18h": 45 }, "geometry": { "type": "LineString", "coordinates": [ [ 1107032.541581087512895, 1741852.721856198273599 ], [ 1107032.541581087512895, 1742852.721856198273599 ] ] } },
{ "type": "Feature", "properties": { "road_id": 2746, "shade_9h": 0, "shade_12h": 0, "shade_15h": 0, "shade_18h": 0 }, "geometry": { "type": "LineString", "coordinates": [ [ 1107032.541581087512895, 1742852.721856198273599 ], [ 1108032.541581087512895, 1742852.721856198273599 ] ] } },
{ "type": "Feature", "properties": { "road_id": 2747, "shade_9h": 0, "shade_12h": 0, "shade_15h": 0, "shade_18h": 0 }, "geometry": { "type": "LineString", "coordinates": [ [ 1107032.541581087512895, 1742852.721856198273599 ], [ 1107032.541581087512895, 1743852.721856198273599 ] ] } },
{ "type": "Feature", "properties": { "road_id": 2748, "shade_9h": 0, "shade_12h": 0, "shade_15h": 0, "shade_18h": 0 }, "geometry": { "type": "LineString", "coordinates": [ [ 1107032.541581087512895, 1743852.721856198273599 ], [ 1108032.541581087512895, 1743852.721856198273599 ] ] } },
{ "type": "Feature", "properties": { "road_id": 2749, "shade_9h": 0, "shade_12h": 0, "shade_15h": 0, "shade_18h": 9 }, "geometry": { "type": "LineString", "coordinates": [ [ 1107032.541581087512895, 1743852.721856198273599 ], [ 1107032.541581087512895, 1744852.721856198273599 ] ] } },
{ "type": "Feature", "properties": { "road_id": 2750, "shade_9h": 0, "shade_12h": 0, "shade_15h": 0, "shade_18h": 2 }, "geometry": { "type": "LineString", "coordinates": [ [ 1107032.541581087512895, 1744852.721856198273599 ], [ 1108032.541581087512895, 1744852.721856198273599 ] ] } },
{ "type": "Feature", "properties": { "road_id": 2751, "shade_9h": 0, "shade_12h": 0, "shade_15h": 0, "shade_18h": 11 }, "geometry": { "type": "LineString", "coordinates": [ [ 1107032.541581087512895, 1744852.721856198273599 ], [ 1107032.541581087512895, 1745852.721856198273599 ] ] } },
{ "type": "Feature", "properties": { "road_id": 2752, "shade_9h": 0, "shade_12h": 0, "shade_15h": 0, "shade_18h": 0 }, "geometry": { "type": "LineString", "coordinates": [ [ 1107032.541581087512895, 1745852.721856198273599 ], [ 1108032.541581087512895, 1745852.721856198273599 ] ] } },
{ "type": "Feature", "properties": { "road_id": 2753, "shade_9h": 0, "shade_12h": 0, "shade_15h": 0, "shade_18h": 0 }, "geometry": { "type": "LineString", "coordinates": [ [ 1107032.541581087512895, 1745852.721856198273599 ], [ 1107032.541581087512895, 1746852.721856198273599 ] ] } },
{ "type": "Feature", "properties": { "road_id": 2754, "shade_9h": 0, "shade_12h": 0, "shade_15h": 0, "shade_18h": 0 }, "geometry": { "type": "LineString", "coordinates": [ [ 1107032.541581087512895, 1746852.721856198273599 ], [ 1108032.541581087512895, 1746852.721856198273599 ] ] } },
{ "type": "Feature", "properties": { "road_id": 2755, "shade_9h": 0, "shade_12h": 0, "shade_15h": 0, "shade_18h": 0 }, "geometry": { "type": "LineString", "coordinates": [ [ 1107032.541581087512895, 1746852.721856198273599 ], [ 1107032.541581087512895, 1747852.721856198273599 ] ] } },
{ "type": "Feature", "properties": { "road_id": 2756, "shade_9h": 0, "shade_12h": 0, "shade_15h": 0, "shade_18h": 0 }, "geometry": { "type": "LineString", "coordinates": [ [ 1107032.541581087512895, 1747852.721856198273599 ], [ 1108032.541581087512895, 1747852.721856198273599 ] ] } },
{ "type": "Feature", "properties": { "road_id": 2757, "shade_9h": 0, "shade_12h": 0, "shade_15h": 0, "shade_18h": 0 }, "geometry": { "type": "LineString", "coordinates": [ [ 1107032.541581087512895, 1747852.721856198273599 ], [ 1107032.541581087512895, 1748852.721856198273599 ] ] } },
{ "type": "Feature", "properties": { "road_id": 2758, "shade_9h": 0, "shade_12h": 0, "shade_15h": 0, "shade_18h": 0 }, "geometry": { "type": "LineString", "coordinates": [ [ 1107032.541581087512895, 1748852.721856198273599 ], [ 1108032.541581087512895, 1748852.721856198273599 ] ] } },
{ "type": "Feature", "properties": { "road_id": 2759, "shade_9h": 0, "shade_12h": 0, "shade_15h": 0, "shade_18h": 0 }, "geometry": { "type": "LineString", "coordinates": [ [ 1107032.541581087512895, 1748852.721856198273599 ], [ 1107032.541581087512895, 1749852.721856198273599 ] ] } },
{ "type": "Feature", "properties": { "road_id": 2760, "shade_9h": 1, "shade_12h": 1, "shade_15h": 1, "shade_18h": 1 }, "geometry": { "type": "LineString", "coordinates": [ [ 1107032.541581087512895, 1749852.721856198273599 ], [ 1108032.541581087512895, 1749852.721856198273599 ] ] } },
{ "type": "Feature", "properties": { "road_id": 2761, "shade_9h": 4, "shade_12h": 2, "shade_15h": 4, "shade_18h": 17 }, "geometry": { "type": "LineString", "coordinates": [ [ 1107032.541581087512895, 1749852.721856198273599 ], [ 1107032.541581087512895, 1750852.721856198273599 ] ] } },
{ "type": "Feature", "properties": { "road_id": 2762, "shade_9h": 3, "shade_12h": 1, "shade_15h": 3, "shade_18h": 14 }, "geometry": { "type": "LineString", "coordinates": [ [ 1107032.541581087512895, 1750852.721856198273599 ], [ 1108032.541581087512895, 1750852.721856198273599 ] ] } },
{ "type": "Feature", "properties": { "road_id": 2763, "shade_9h": 0, "shade_12h": 0, "shade_15h": 0, "shade_18h": 0 }, "geometry": { "type": "LineString", "coordinates": [ [ 1107032.541581087512895, 1750852.721856198273599 ], [ 1107032.541581087512895, 1751852.721856198273599 ] ] } },
{ "type": "Feature", "properties": { "road_id": 2764, "shade_9h": 0, "shade_12h": 0, "shade_15h": 0, "shade_18h": 0 }, "geometry": { "type": "LineString", "coordinates": [ [ 1107032.541581087512895, 1751852.721856198273599 ], [ 1108032.541581087512895, 1751852.721856198273599 ] ] } },
{ "type": "Feature", "properties": { "road_id": 2765, "shade_9h": 0, "shade_12h": 0, "shade_15h": 0, "shade_18h": 13 }, "geometry": { "type": "LineString", "coordinates": [ [ 1107032.541581087512895, 1751852.721856198273599 ], [ 1107032.541581087512895, 1752852.721856198273599 ] ] } },
{ "type": "Feature", "properties": { "road_id": 2766, "shade_9h": 0, "shade_12h": 0, "shade_15h": 0, "shade_18h": 8 }, "geometry": { "type": "LineString", "coordinates": [ [ 1107032.541581087512895, 1752852.721856198273599 ], [ 1108032.541581087512895, 1752852.721856198273599 ] ] } },
{ "type": "Feature", "properties": { "road_id": 2767, "shade_9h": 0, "shade_12h": 0, "shade_15h": 0, "shade_18h": 16 }, "geometry": { "type": "LineString", "coordinates": [ [ 1107032.541581087512895, 1752852.721856198273599 ], [ 1107032.541581087512895, 1753852.721856198273599 ] ] } },
{ "type": "Feature", "properties": { "road_id": 2768, "shade_9h": 0, "shade_12h": 0, "shade_15h": 0, "shade_18h": 0 }, "geometry": { "type": "LineString", "coordinates": [ [ 1107032.541581087512895, 1753852.721856198273599 ], [ 1108032.541581087512895, 1753852.721856198273599 ] ] } },
{ "type": "Feature", "properties": { "road_id": 2769, "shade_9h": 0, "shade_12h": 0, "shade_15h": 0, "shade_18h": 0 }, "geometry": { "type": "LineString", "coordinates": [ [ 1107032.541581087512895, 1753852.721856198273599 ], [ 1107032.541581087512895, 1754852.721856198273599 ] ] } },
{ "type": "Feature", "properties": { "road_id": 2770, "shade_9h": 0, "shade_12h": 0, "shade_15h": 0, "shade_18h": 0 }, "geometry": { "type": "LineString", "coordinates": [ [ 1107032.541581087512895, 1754852.721856198273599 ], [ 1108032.541581087512895, 1754852.721856198273599 ] ] } },
{ "type": "Feature", "properties": { "road_id": 2771, "shade_9h": 0, "shade_12h": 0, "shade_15h": 0, "shade_18h": 0 }, "geometry": { "type": "LineString", "coordinates": [ [ 1107032.541581087512895, 1754852.721856198273599 ], [ 1107032.541581087512895, 1755852.721856198273599 ] ] } },
{ "type": "Feature", "properties": { "road_id": 2772, "shade_9h": 0, "shade_12h": 0, "shade_15h": 0, "shade_18h": 0 }, "geometry": { "type": "LineString", "coordinates": [ [ 1107032.541581087512895, 1755852.721856198273599 ], [ 1108032.541581087512895, 1755852.721856198273599 ] ] } },
{ "type": "Feature", "properties": { "road_id": 2773, "shade_9h": 0, "shade_12h": 0, "shade_15h": 0, "shade_18h": 31 }, "geometry": { "type": "LineString", "coordinates": [ [ 1107032.541581087512895, 1755852.721856198273599 ], [ 1107032.541581087512895, 1756852.721856198273599 ] ] } },
{ "type": "Feature", "properties": { "road_id": 2774, "shade_9h": 0, "shade_12h": 0, "shade_15h": 0, "shade_18h": 0 }, "geometry": { "type": "LineString", "coordinates": [ [ 1107032.541581087512895, 1756852.721856198273599 ], [ 1108032.541581087512895, 1756852.721856198273599 ] ] } },
{ "type": "Feature", "properties": { "road_id": 2775, "shade_9h": 0, "shade_12h": 0, "shade_15h": 0, "shade_18h": 0 }, "geometry": { "type": "LineString", "coordinates": [ [ 1107032.541581087512895, 1756852.721856198273599 ], [ 1107032.541581087512895, 1757852.721856198273599 ] ] } },
{ "type": "Feature", "properties": { "road_id": 2776, "shade_9h": 0, "shade_12h": 0, "shade_15h": 0, "shade_18h": 0 }, "geometry": { "type": "LineString", "coordinates": [ [ 1107032.541581087512895, 1757852.721856198273599 ], [ 1108032.541581087512895, 1757852.721856198273599 ] ] } },
{ "type": "Feature", "properties": { "road_id": 2777, "shade_9h": 0, "shade_12h": 0, "shade_15h": 0, "shade_18h": 0 }, "geometry": { "type": "LineString", "coordinates": [ [ 1107032.541581087512895, 1757852.721856198273599 ], [ 1107032.541581087512895, 1758852.721856198273599 ] ] } },
{ "type": "Feature", "properties": { "road_id": 2778, "shade_9h": 0, "shade_12h": 0, "shade_15h": 0, "shade_18h": 0 }, "geometry": { "type": "LineString", "coordinates": [ [ 1107032.541581087512895, 1758852.721856198273599 ], [ 1108032.541581087512895, 1758852.721856198273599 ] ] } },
{ "type": "Feature", "properties": { "road_id": 2779, "shade_9h": 0, "shade_12h": 0, "shade_15h": 0, "shade_18h": 0 }, "geometry": { "type": "LineString", "coordinates": [ [ 1107032.541581087512895, 1758852.721856198273599 ], [ 1107032.541581087512895, 1759852.721856198273599 ] ] } },
{ "type": "Feature", "properties": { "road_id": 2780, "shade_9h": 0, "shade_12h": 0, "shade_15h": 0, "shade_18h": 4 }, "geometry": { "type": "LineString", "coordinates": [ [ 1107032.541581087512895, 1759852.721856198273599 ], [ 1108032.541581087512895, 1759852.721856198273599 ] ] } },
{ "type": "Feature", "properties": { "road_id": 2781, "shade_9h": 4, "shade_12h": 2, "shade_15h": 4, "shade_18h": 17 }, "geometry": { "type": "LineString", "coordinates": [ [ 1107032.541581087512895, 1759852.721856198273599 ], [ 1107032.541581087512895, 1760852.721856198273599 ] ] } },
{ "type": "Feature", "properties": { "road_id": 2782, "shade_9h": 0, "shade_12h": 0, "shade_15h": 0, "shade_18h": 0 }, "geometry": { "type": "LineString", "coordinates": [ [ 1107032.541581087512895, 1760852.721856198273599 ], [ 1108032.541581087512895, 1760852.721856198273599 ] ] } },
{ "type": "Feature", "properties": { "road_id": 2783, "shade_9h": 8, "shade_12h": 0, "shade_15h": 7, "shade_18h": 42 }, "geometry": { "type": "LineString", "coordinates": [ [ 1107032.541581087512895, 1760852.721856198273599 ], [ 1107032.541581087512895, 1761852.721856198273599 ] ] } },
{ "type": "Feature", "properties": { "road_id": 2784, "shade_9h": 5, "shade_12h": 3, "shade_15h": 5, "shade_18h": 26 }, "geometry": { "type": "LineString", "coordinates": [ [ 1107032.541581087512895, 1761852.721856198273599 ], [ 1108032.541581087512895, 1761852.721856198273599 ] ] } },
{ "type": "Feature", "properties": { "road_id": 2785, "shade_9h": 0, "shade_12h": 0, "shade_15h": 0, "shade_18h": 0 }, "geometry": { "type": "LineString", "coordinates": [ [ 1107032.541581087512895, 1761852.721856198273599 ], [ 1107032.541581087512895, 1762852.721856198273599 ] ] } },
{ "type": "Feature", "properties": { "road_id": 2786, "shade_9h": 0, "shade_12h": 0, "shade_15h": 0, "shade_18h": 0 }, "geometry": { "type": "LineString", "coordinates": [ [ 1107032.541581087512895, 1762852.721856198273599 ], [ 1108032.541581087512895, 1762852.721856198273599 ] ] } },
{ "type": "Feature", "properties": { "road_id": 2787, "shade_9h": 0, "shade_12h": 0, "shade_15h": 0, "shade_18h": 0 }, "geometry": { "type": "LineString", "coordinates": [ [ 1107032.541581087512895, 1762852.721856198273599 ], [ 1107032.541581087512895, 1763852.721856198273599 ] ] } },
{ "type": "Feature", "properties": { "road_id": 2788, "shade_9h": 0, "shade_12h": 0, "shade_15h": 0, "shade_18h": 0 }, "geometry": { "type": "LineString", "coordinates": [ [ 1107032.541581087512895, 1763852.721856198273599 ], [ 1108032.541581087512895, 1763852.721856198273599 ] ] } },
{ "type": "Feature", "properties": { "road_id": 2789, "shade_9h": 0, "shade_12h": 0, "shade_15h": 0, "shade_18h": 0 }, "geometry": { "type": "LineString", "coordinates": [ [ 1107032.541581087512895, 1763852.721856198273599 ], [ 1107032.541581087512895, 1764852.721856198273599 ] ] } },
{ "type": "Feature", "properties": { "road_id": 2790, "shade_9h": 0, "shade_12h": 0, "shade_15h": 0, "shade_18h": 0 }, "geometry": { "type": "LineString", "coordinates": [ [ 1107032.541581087512895, 1764852.721856198273599 ], [ 1108032.541581087512895, 1764852.721856198273599 ] ] } },
{ "type": "Feature", "properties": { "road_id": 2791, "shade_9h": 0, "shade_12h": 0, "shade_15h": 0, "shade_18h": 0 }, "geometry": { "type": "LineString", "coordinates": [ [ 1107032.541581087512895, 1764852.721856198273599 ], [ 1107032.541581087512895, 1765852.721856198273599 ] ] } },
{ "type": "Feature", "properties": { "road_id": 2792, "shade_9h": 0, "shade_12h": 0, "shade_15h": 0, "shade_18h": 0 }, "geometry": { "type": "LineString", "coordinates": [ [ 1107032.541581087512895, 1765852.721856198273599 ], [ 1108032.541581087512895, 1765852.721856198273599 ] ] } },
{ "type": "Feature", "properties": { "road_id": 2793, "shade_9h": 0, "shade_12h": 0, "shade_15h": 0, "shade_18h": 0 }, "geometry": { "type": "LineString", "coordinates": [ [ 1107032.541581087512895, 1765852.721856198273599 ], [ 1107032.541581087512895, 1766852.721856198273599 ] ] } },
{ "type": "Feature", "properties": { "road_id": 2794, "shade_9h": 0, "shade_12h": 0, "shade_15h": 0, "shade_18h": 0 }, "geometry": { "type": "LineString", "coordinates": [ [ 1107032.541581087512895, 1766852.721856198273599 ], [ 1108032.541581087512895, 1766852.721856198273599 ] ] } },
{ "type": "Feature", "properties": { "road_id": 2795, "shade_9h": 4, "shade_12h": 1, "shade_15h": 4, "shade_18h": 19 }, "geometry": { "type": "LineString", "coordinates": [ [ 1107032.541581087512895, 1766852.721856198273599 ], [ 1107032.541581087512895, 1767852.721856198273599 ] ] } },
{ "type": "Feature", "properties": { "road_id": 2796, "shade_9h": 8, "shade_12h": 1, "shade_15h": 7, "shade_18h": 44 }, "geometry": { "type": "LineString", "coordinates": [ [ 1107032.541581087512895, 1767852.721856198273599 ], [ 1108032.541581087512895, 1767852.721856198273599 ] ] } },
{ "type": "Feature", "properties": { "road_id": 2797, "shade_9h": 2, "shade_12h": 1, "shade_15h": 2, "shade_18h": 8 }, "geometry": { "type": "LineString", "coordinates": [ [ 1107032.541581087512895, 1767852.721856198273599 ], [ 1107032.541581087512895, 1768852.721856198273599 ] ] } },
{ "type": "Feature", "properties": { "road_id": 2798, "shade_9h": 0, "shade_12h": 0, "shade_15h": 0, "shade_18h": 11 }, "geometry": { "type": "LineString", "coordinates": [ [ 1107032.541581087512895, 1768852.721856198273599 ], [ 1108032.541581087512895, 1768852.721856198273599 ] ] } },
{ "type": "Feature", "properties": { "road_id": 2799, "shade_9h": 0, "shade_12h": 0, "shade_15h": 0, "shade_18h": 0 }, "geometry": { "type": "LineString", "coordinates": [ [ 1107032.541581087512895, 1768852.721856198273599 ], [ 1107032.541581087512895, 1769852.721856198273599 ] ] } },
{ "type": "Feature", "properties": { "road_id": 2800, "shade_9h": 1, "shade_12h": 1, "shade_15h": 1, "shade_18h": 1 }, "geometry": { "type": "LineString", "coordinates": [ [ 1107032.541581087512895, 1769852.721856198273599 ], [ 1108032.541581087512895, 1769852.721856198273599 ] ] } },
{ "type": "Feature", "properties": { "road_id": 2801, "shade_9h": 0, "shade_12h": 0, "shade_15h": 0, "shade_18h": 0 }, "geometry": { "type": "LineString", "coordinates": [ [ 1107032.541581087512895, 1769852.721856198273599 ], [ 1107032.541581087512895, 1770852.721856198273599 ] ] } },
{ "type": "Feature", "properties": { "road_id": 2802, "shade_9h": 0, "shade_12h": 0, "shade_15h": 0, "shade_18h": 0 }, "geometry": { "type": "LineString", "coordinates": [ [ 1107032.541581087512895, 1770852.721856198273599 ], [ 1108032.541581087512895, 1770852.721856198273599 ] ] } },
{ "type": "Feature", "properties": { "road_id": 2803, "shade_9h": 0, "shade_12h": 0, "shade_15h": 0, "shade_18h": 0 }, "geometry": { "type": "LineString", "coordinates": [ [ 1107032.541581087512895, 1770852.721856198273599 ], [ 1107032.541581087512895, 1771852.721856198273599 ] ] } },
{ "type": "Feature", "properties": { "road_id": 2804, "shade_9h": 0, "shade_12h": 0, "shade_15h": 0, "shade_18h": 0 }, "geometry": { "type": "LineString", "coordinates": [ [ 1107032.541581087512895, 1771852.721856198273599 ], [ 1108032.541581087512895, 1771852.721856198273599 ] ] } },
{ "type": "Feature", "properties": { "road_id": 2805, "shade_9h": 0, "shade_12h": 0, "shade_15h": 0, "shade_18h": 0 }, "geometry": { "type": "LineString", "coordinates": [ [ 1107032.541581087512895, 1771852.721856198273599 ], [ 1107032.541581087512895, 1772852.721856198273599 ] ] } },
{ "type": "Feature", "properties": { "road_id": 2806, "shade_9h": 7, "shade_12h": 3, "shade_15h": 7, "shade_18h": 42 }, "geometry": { "type": "LineString", "coordinates": [ [ 1107032.541581087512895, 1772852.721856198273599 ], [ 1108032.541581087512895, 1772852.721856198273599 ] ] } },
{ "type": "Feature", "properties": { "road_id": 2807, "shade_9h": 0, "shade_12h": 0, "shade_15h": 0, "shade_18h": 0 }, "geometry": { "type": "LineString", "coordinates": [ [ 1107032.541581087512895, 1772852.721856198273599 ], [ 1107032.541581087512895, 1773852.721856198273599 ] ] } },
{ "type": "Feature", "properties": { "road_id": 2808, "shade_9h": 0, "shade_12h": 0, "shade_15h": 0, "shade_18h": 0 }, "geometry": { "type": "LineString", "coordinates": [ [ 1107032.541581087512895, 1773852.721856198273599 ], [ 1108032.541581087512895, 1773852.721856198273599 ] ] } },
{ "type": "Feature", "properties": { "road_id": 2809, "shade_9h": 0, "shade_12h": 0, "shade_15h": 0, "shade_18h": 9 }, "geometry": { "type": "LineString", "coordinates": [ [ 1107032.541581087512895, 1773852.721856198273599 ], [ 1107032.541581087512895, 1774852.721856198273599 ] ] } },
{ "type": "Feature", "properties": { "road_id": 2810, "shade_9h": 0, "shade_12h": 0, "shade_15h": 0, "shade_18h": 3 }, "geometry": { "type": "LineString", "coordinates": [ [ 1107032.541581087512895, 1774852.721856198273599 ], [ 1108032.541581087512895, 1774852.721856198273599 ] ] } },
{ "type": "Feature", "properties": { "road_id": 2811, "shade_9h": 0, "shade_12h": 0, "shade_15h": 0, "shade_18h": 13 }, "geometry": { "type": "LineString", "coordinates": [ [ 1107032.541581087512895, 1774852.721856198273599 ], [ 1107032.541581087512895, 1775852.721856198273599 ] ] } },
{ "type": "Feature", "properties": { "road_id": 2812, "shade_9h": 0, "shade_12h": 0, "shade_15h": 0, "shade_18h": 0 }, "geometry": { "type": "LineString", "coordinates": [ [ 1107032.541581087512895, 1775852.721856198273599 ], [ 1108032.541581087512895, 1775852.721856198273599 ] ] } },
{ "type": "Feature", "properties": { "road_id": 2813, "shade_9h": 1, "shade_12h": 1, "shade_15h": 1, "shade_18h": 1 }, "geometry": { "type": "LineString", "coordinates": [ [ 1107032.541581087512895, 1775852.721856198273599 ], [ 1107032.541581087512895, 1776852.721856198273599 ] ] } },
{ "type": "Feature", "properties": { "road_id": 2814, "shade_9h": 0, "shade_12h": 0, "shade_15h": 0, "shade_18h": 0 }, "geometry": { "type": "LineString", "coordinates": [ [ 1107032.541581087512895, 1776852.721856198273599 ], [ 1108032.541581087512895, 1776852.721856198273599 ] ] } },
{ "type": "Feature", "properties": { "road_id": 2815, "shade_9h": 0, "shade_12h": 0, "shade_15h": 0, "shade_18h": 0 }, "geometry": { "type": "LineString", "coordinates": [ [ 1107032.541581087512895, 1776852.721856198273599 ], [ 1107032.541581087512895, 1777852.721856198273599 ] ] } },
{ "type": "Feature", "properties": { "road_id": 2816, "shade_9h": 0, "shade_12h": 0, "shade_15h": 0, "shade_18h": 0 }, "geometry": { "type": "LineString", "coordinates": [ [ 1107032.541581087512895, 1777852.721856198273599 ], [ 1108032.541581087512895, 1777852.721856198273599 ] ] } },
{ "type": "Feature", "properties": { "road_id": 2817, "shade_9h": 0, "shade_12h": 0, "shade_15h": 0, "shade_18h": 0 }, "geometry": { "type": "LineString", "coordinates": [ [ 1107032.541581087512895, 1777852.721856198273599 ], [ 1107032.541581087512895, 1778852.721856198273599 ] ] } },
{ "type": "Feature", "properties": { "road_id": 2818, "shade_9h": 0, "shade_12h": 0, "shade_15h": 0, "shade_18h": 0 }, "geometry": { "type": "LineString", "coordinates": [ [ 1107032.541581087512895, 1778852.721856198273599 ], [ 1108032.541581087512895, 1778852.721856198273599 ] ] } },
{ "type": "Feature", "properties": { "road_id": 2819, "shade_9h": 0, "shade_12h": 0, "shade_15h": 0, "shade_18h": 0 }, "geometry": { "type": "LineString", "coordinates": [ [ 1107032.541581087512895, 1778852.721856198273599 ], [ 1107032.541581087512895, 1779852.721856198273599 ] ] } },
{ "type": "Feature", "properties": { "road_id": 2820, "shade_9h": 0, "shade_12h": 0, "shade_15h": 0, "shade_18h": 0 }, "geometry": { "type": "LineString", "coordinates": [ [ 1107032.541581087512895, 1779852.721856198273599 ], [ 1108032.541581087512895, 1779852.721856198273599 ] ] } },
{ "type": "Feature", "properties": { "road_id": 2821, "shade_9h": 0, "shade_12h": 0, "shade_15h": 0, "shade_18h": 0 }, "geometry": { "type": "LineString", "coordinates": [ [ 1108032.541581087512895, 1734852.721856198273599 ], [ 1109032.541581087512895, 1734852.721856198273599 ] ] } },
{ "type": "Feature", "properties": { "road_id": 2822, "shade_9h": 0, "shade_12h": 0, "shade_15h": 0, "shade_18h": 0 }, "geometry": { "type": "LineString", "coordinates": [ [ 1108032.541581087512895, 1734852.721856198273599 ], [ 1108032.541581087512895, 1735852.721856198273599 ] ] } },
{ "type": "Feature", "properties": { "road_id": 2823, "shade_9h": 0, "shade_12h": 0, "shade_15h": 0, "shade_18h": 0 }, "geometry": { "type": "LineString", "coordinates": [ [ 1108032.541581087512895, 1735852.721856198273599 ], [ 1109032.541581087512895, 1735852.721856198273599 ] ] } },
{ "type": "Feature", "properties": { "road_id": 2824, "shade_9h": 0, "shade_12h": 0, "shade_15h": 0, "shade_18h": 0 }, "geometry": { "type": "LineString", "coordinates": [ [ 1108032.541581087512895, 1735852.721856198273599 ], [ 1108032.541581087512895, 1736852.721856198273599 ] ] } },
{ "type": "Feature", "properties": { "road_id": 2825, "shade_9h": 0, "shade_12h": 0, "shade_15h": 0, "shade_18h": 0 }, "geometry": { "type": "LineString", "coordinates": [ [ 1108032.541581087512895, 1736852.721856198273599 ], [ 1109032.541581087512895, 1736852.721856198273599 ] ] } },
{ "type": "Feature", "properties": { "road_id": 2826, "shade_9h": 8, "shade_12h": 3, "shade_15h": 7, "shade_18h": 44 }, "geometry": { "type": "LineString", "coordinates": [ [ 1108032.541581087512895, 1736852.721856198273599 ], [ 1108032.541581087512895, 1737852.721856198273599 ] ] } },
{ "type": "Feature", "properties": { "road_id": 2827, "shade_9h": 0, "shade_12h": 0, "shade_15h": 0, "shade_18h": 0 }, "geometry": { "type": "LineString", "coordinates": [ [ 1108032.541581087512895, 1737852.721856198273599 ], [ 1109032.541581087512895, 1737852.721856198273599 ] ] } },
{ "type": "Feature", "properties": { "road_id": 2828, "shade_9h": 0, "shade_12h": 0, "shade_15h": 0, "shade_18h": 0 }, "geometry": { "type": "LineString", "coordinates": [ [ 1108032.541581087512895, 1737852.721856198273599 ], [ 1108032.541581087512895, 1738852.721856198273599 ] ] } },
{ "type": "Feature", "properties": { "road_id": 2829, "shade_9h": 0, "shade_12h": 0, "shade_15h": 0, "shade_18h": 0 }, "geometry": { "type": "LineString", "coordinates": [ [ 1108032.541581087512895, 1738852.721856198273599 ], [ 1109032.541581087512895, 1738852.721856198273599 ] ] } },
{ "type": "Feature", "properties": { "road_id": 2830, "shade_9h": 0, "shade_12h": 0, "shade_15h": 0, "shade_18h": 0 }, "geometry": { "type": "LineString", "coordinates": [ [ 1108032.541581087512895, 1738852.721856198273599 ], [ 1108032.541581087512895, 1739852.721856198273599 ] ] } },
{ "type": "Feature", "properties": { "road_id": 2831, "shade_9h": 0, "shade_12h": 0, "shade_15h": 0, "shade_18h": 0 }, "geometry": { "type": "LineString", "coordinates": [ [ 1108032.541581087512895, 1739852.721856198273599 ], [ 1109032.541581087512895, 1739852.721856198273599 ] ] } },
{ "type": "Feature", "properties": { "road_id": 2832, "shade_9h": 0, "shade_12h": 0, "shade_15h": 0, "shade_18h": 0 }, "geometry": { "type": "LineString", "coordinates": [ [ 1108032.541581087512895, 1739852.721856198273599 ], [ 1108032.541581087512895, 1740852.721856198273599 ] ] } },
{ "type": "Feature", "properties": { "road_id": 2833, "shade_9h": 0, "shade_12h": 0, "shade_15h": 0, "shade_18h": 0 }, "geometry": { "type": "LineString", "coordinates": [ [ 1108032.541581087512895, 1740852.721856198273599 ], [ 1109032.541581087512895, 1740852.721856198273599 ] ] } },
{ "type": "Feature", "properties": { "road_id": 2834, "shade_9h": 0, "shade_12h": 0, "shade_15h": 0, "shade_18h": 0 }, "geometry": { "type": "LineString", "coordinates": [ [ 1108032.541581087512895, 1740852.721856198273599 ], [ 1108032.541581087512895, 1741852.721856198273599 ] ] } },
{ "type": "Feature", "properties": { "road_id": 2835, "shade_9h": 0, "shade_12h": 0, "shade_15h": 0, "shade_18h": 0 }, "geometry": { "type": "LineString", "coordinates": [ [ 1108032.541581087512895, 1741852.721856198273599 ], [ 1109032.541581087512895, 1741852.721856198273599 ] ] } },
{ "type": "Feature", "properties": { "road_id": 2836, "shade_9h": 0, "shade_12h": 0, "shade_15h": 0, "shade_18h": 0 }, "geometry": { "type": "LineString", "coordinates": [ [ 1108032.541581087512895, 1741852.721856198273599 ], [ 1108032.541581087512895, 1742852.721856198273599 ] ] } },
{ "type": "Feature", "properties": { "road_id": 2837, "shade_9h": 8, "shade_12h": 4, "shade_15h": 8, "shade_18h": 37 }, "geometry": { "type": "LineString", "coordinates": [ [ 1108032.541581087512895, 1742852.721856198273599 ], [ 1109032.541581087512895, 1742852.721856198273599 ] ] } },
{ "type": "Feature", "properties": { "road_id": 2838, "shade_9h": 0, "shade_12h": 0, "shade_15h": 0, "shade_18h": 0 }, "geometry": { "type": "LineString", "coordinates": [ [ 1108032.541581087512895, 1742852.721856198273599 ], [ 1108032.541581087512895, 1743852.721856198273599 ] ] } },
{ "type": "Feature", "properties": { "road_id": 2839, "shade_9h": 0, "shade_12h": 0, "shade_15h": 0, "shade_18h": 0 }, "geometry": { "type": "LineString", "coordinates": [ [ 1108032.541581087512895, 1743852.721856198273599 ], [ 1109032.541581087512895, 1743852.721856198273599 ] ] } },
{ "type": "Feature", "properties": { "road_id": 2840, "shade_9h": 0, "shade_12h": 0, "shade_15h": 0, "shade_18h": 0 }, "geometry": { "type": "LineString", "coordinates": [ [ 1108032.541581087512895, 1743852.721856198273599 ], [ 1108032.541581087512895, 1744852.721856198273599 ] ] } },
{ "type": "Feature", "properties": { "road_id": 2841, "shade_9h": 0, "shade_12h": 0, "shade_15h": 0, "shade_18h": 0 }, "geometry": { "type": "LineString", "coordinates": [ [ 1108032.541581087512895, 1744852.721856198273599 ], [ 1109032.541581087512895, 1744852.721856198273599 ] ] } },
{ "type": "Feature", "properties": { "road_id": 2842, "shade_9h": 0, "shade_12h": 0, "shade_15h": 0, "shade_18h": 0 }, "geometry": { "type": "LineString", "coordinates": [ [ 1108032.541581087512895, 1744852.721856198273599 ], [ 1108032.541581087512895, 1745852.721856198273599 ] ] } },
{ "type": "Feature", "properties": { "road_id": 2843, "shade_9h": 3, "shade_12h": 0, "shade_15h": 0, "shade_18h": 27 }, "geometry": { "type": "LineString", "coordinates": [ [ 1108032.541581087512895, 1745852.721856198273599 ], [ 1109032.541581087512895, 1745852.721856198273599 ] ] } },
{ "type": "Feature", "properties": { "road_id": 2844, "shade_9h": 0, "shade_12h": 0, "shade_15h": 0, "shade_18h": 0 }, "geometry": { "type": "LineString", "coordinates": [ [ 1108032.541581087512895, 1745852.721856198273599 ], [ 1108032.541581087512895, 1746852.721856198273599 ] ] } },
{ "type": "Feature", "properties": { "road_id": 2845, "shade_9h": 0, "shade_12h": 0, "shade_15h": 0, "shade_18h": 0 }, "geometry": { "type": "LineString", "coordinates": [ [ 1108032.541581087512895, 1746852.721856198273599 ], [ 1109032.541581087512895, 1746852.721856198273599 ] ] } },
{ "type": "Feature", "properties": { "road_id": 2846, "shade_9h": 0, "shade_12h": 0, "shade_15h": 0, "shade_18h": 0 }, "geometry": { "type": "LineString", "coordinates": [ [ 1108032.541581087512895, 1746852.721856198273599 ], [ 1108032.541581087512895, 1747852.721856198273599 ] ] } },
{ "type": "Feature", "properties": { "road_id": 2847, "shade_9h": 1, "shade_12h": 1, "shade_15h": 1, "shade_18h": 12 }, "geometry": { "type": "LineString", "coordinates": [ [ 1108032.541581087512895, 1747852.721856198273599 ], [ 1109032.541581087512895, 1747852.721856198273599 ] ] } },
{ "type": "Feature", "properties": { "road_id": 2848, "shade_9h": 0, "shade_12h": 0, "shade_15h": 0, "shade_18h": 0 }, "geometry": { "type": "LineString", "coordinates": [ [ 1108032.541581087512895, 1747852.721856198273599 ], [ 1108032.541581087512895, 1748852.721856198273599 ] ] } },
{ "type": "Feature", "properties": { "road_id": 2849, "shade_9h": 0, "shade_12h": 0, "shade_15h": 0, "shade_18h": 0 }, "geometry": { "type": "LineString", "coordinates": [ [ 1108032.541581087512895, 1748852.721856198273599 ], [ 1109032.541581087512895, 1748852.721856198273599 ] ] } },
{ "type": "Feature", "properties": { "road_id": 2850, "shade_9h": 0, "shade_12h": 0, "shade_15h": 0, "shade_18h": 0 }, "geometry": { "type": "LineString", "coordinates": [ [ 1108032.541581087512895, 1748852.721856198273599 ], [ 1108032.541581087512895, 1749852.721856198273599 ] ] } },
{ "type": "Feature", "properties": { "road_id": 2851, "shade_9h": 0, "shade_12h": 0, "shade_15h": 0, "shade_18h": 0 }, "geometry": { "type": "LineString", "coordinates": [ [ 1108032.541581087512895, 1749852.721856198273599 ], [ 1109032.541581087512895, 1749852.721856198273599 ] ] } },
{ "type": "Feature", "properties": { "road_id": 2852, "shade_9h": 1, "shade_12h": 0, "shade_15h": 1, "shade_18h": 11 }, "geometry": { "type": "LineString", "coordinates": [ [ 1108032.541581087512895, 1749852.721856198273599 ], [ 1108032.541581087512895, 1750852.721856198273599 ] ] } },
{ "type": "Feature", "properties": { "road_id": 2853, "shade_9h": 2, "shade_12h": 0, "shade_15h": 2, "shade_18h": 13 }, "geometry": { "type": "LineString", "coordinates": [ [ 1108032.541581087512895, 1750852.721856198273599 ], [ 1109032.541581087512895, 1750852.721856198273599 ] ] } },
{ "type": "Feature", "properties": { "road_id": 2854, "shade_9h": 4, "shade_12h": 3, "shade_15h": 4, "shade_18h": 15 }, "geometry": { "type": "LineString", "coordinates": [ [ 1108032.541581087512895, 1750852.721856198273599 ], [ 1108032.541581087512895, 1751852.721856198273599 ] ] } },
{ "type": "Feature", "properties": { "road_id": 2855, "shade_9h": 0, "shade_12h": 0, "shade_15h": 0, "shade_18h": 0 }, "geometry": { "type": "LineString", "coordinates": [ [ 1108032.541581087512895, 1751852.721856198273599 ], [ 1109032.541581087512895, 1751852.721856198273599 ] ] } },
{ "type": "Feature", "properties": { "road_id": 2856, "shade_9h": 0, "shade_12h": 0, "shade_15h": 0, "shade_18h": 0 }, "geometry": { "type": "LineString", "coordinates": [ [ 1108032.541581087512895, 1751852.721856198273599 ], [ 1108032.541581087512895, 1752852.721856198273599 ] ] } },
{ "type": "Feature", "properties": { "road_id": 2857, "shade_9h": 0, "shade_12h": 0, "shade_15h": 0, "shade_18h": 0 }, "geometry": { "type": "LineString", "coordinates": [ [ 1108032.541581087512895, 1752852.721856198273599 ], [ 1109032.541581087512895, 1752852.721856198273599 ] ] } },
{ "type": "Feature", "properties": { "road_id": 2858, "shade_9h": 0, "shade_12h": 0, "shade_15h": 0, "shade_18h": 0 }, "geometry": { "type": "LineString", "coordinates": [ [ 1108032.541581087512895, 1752852.721856198273599 ], [ 1108032.541581087512895, 1753852.721856198273599 ] ] } },
{ "type": "Feature", "properties": { "road_id": 2859, "shade_9h": 0, "shade_12h": 0, "shade_15h": 0, "shade_18h": 0 }, "geometry": { "type": "LineString", "coordinates": [ [ 1108032.541581087512895, 1753852.721856198273599 ], [ 1109032.541581087512895, 1753852.721856198273599 ] ] } },
{ "type": "Feature", "properties": { "road_id": 2860, "shade_9h": 0, "shade_12h": 0, "shade_15h": 0, "shade_18h": 0 }, "geometry": { "type": "LineString", "coordinates": [ [ 1108032.541581087512895, 1753852.721856198273599 ], [ 1108032.541581087512895, 1754852.721856198273599 ] ] } },
{ "type": "Feature", "properties": { "road_id": 2861, "shade_9h": 0, "shade_12h": 0, "shade_15h": 0, "shade_18h": 0 }, "geometry": { "type": "LineString", "coordinates": [ [ 1108032.541581087512895, 1754852.721856198273599 ], [ 1109032.541581087512895, 1754852.721856198273599 ] ] } },
{ "type": "Feature", "properties": { "road_id": 2862, "shade_9h": 0, "shade_12h": 0, "shade_15h": 0, "shade_18h": 0 }, "geometry": { "type": "LineString", "coordinates": [ [ 1108032.541581087512895, 1754852.721856198273599 ], [ 1108032.541581087512895, 1755852.721856198273599 ] ] } },
{ "type": "Feature", "properties": { "road_id": 2863, "shade_9h": 0, "shade_12h": 0, "shade_15h": 0, "shade_18h": 0 }, "geometry": { "type": "LineString", "coordinates": [ [ 1108032.541581087512895, 1755852.721856198273599 ], [ 1109032.541581087512895, 1755852.721856198273599 ] ] } },
{ "type": "Feature", "properties": { "road_id": 2864, "shade_9h": 0, "shade_12h": 0, "shade_15h": 0, "shade_18h": 0 }, "geometry": { "type": "LineString", "coordinates": [ [ 1108032.541581087512895, 1755852.721856198273599 ], [ 1108032.541581087512895, 1756852.721856198273599 ] ] } },
{ "type": "Feature", "properties": { "road_id": 2865, "shade_9h": 0, "shade_12h": 0, "shade_15h": 0, "shade_18h": 0 }, "geometry": { "type": "LineString", "coordinates": [ [ 1108032.541581087512895, 1756852.721856198273599 ], [ 1109032.541581087512895, 1756852.721856198273599 ] ] } },
{ "type": "Feature", "properties": { "road_id": 2866, "shade_9h": 0, "shade_12h": 0, "shade_15h": 0, "shade_18h": 0 }, "geometry": { "type": "LineString", "coordinates": [ [ 1108032.541581087512895, 1756852.721856198273599 ], [ 1108032.541581087512895, 1757852.721856198273599 ] ] } },
{ "type": "Feature", "properties": { "road_id": 2867, "shade_9h": 7, "shade_12h": 4, "shade_15h": 7, "shade_18h": 35 }, "geometry": { "type": "LineString", "coordinates": [ [ 1108032.541581087512895, 1757852.721856198273599 ], [ 1109032.541581087512895, 1757852.721856198273599 ] ] } },
{ "type": "Feature", "properties": { "road_id": 2868, "shade_9h": 0, "shade_12h": 0, "shade_15h": 0, "shade_18h": 0 }, "geometry": { "type": "LineString", "coordinates": [ [ 1108032.541581087512895, 1757852.721856198273599 ], [ 1108032.541581087512895, 1758852.721856198273599 ] ] } },
{ "type": "Feature", "properties": { "road_id": 2869, "shade_9h": 3, "shade_12h": 0, "shade_15h": 3, "shade_18h": 21 }, "geometry": { "type": "LineString", "coordinates": [ [ 1108032.541581087512895, 1758852.721856198273599 ], [ 1109032.541581087512895, 1758852.721856198273599 ] ] } },
{ "type": "Feature", "properties": { "road_id": 2870, "shade_9h": 0, "shade_12h": 0, "shade_15h": 0, "shade_18h": 0 }, "geometry": { "type": "LineString", "coordinates": [ [ 1108032.541581087512895, 1758852.721856198273599 ], [ 1108032.541581087512895, 1759852.721856198273599 ] ] } },
{ "type": "Feature", "properties": { "road_id": 2871, "shade_9h": 0, "shade_12h": 0, "shade_15h": 0, "shade_18h": 0 }, "geometry": { "type": "LineString", "coordinates": [ [ 1108032.541581087512895, 1759852.721856198273599 ], [ 1109032.541581087512895, 1759852.721856198273599 ] ] } },
{ "type": "Feature", "properties": { "road_id": 2872, "shade_9h": 0, "shade_12h": 0, "shade_15h": 0, "shade_18h": 0 }, "geometry": { "type": "LineString", "coordinates": [ [ 1108032.541581087512895, 1759852.721856198273599 ], [ 1108032.541581087512895, 1760852.721856198273599 ] ] } },
{ "type": "Feature", "properties": { "road_id": 2873, "shade_9h": 0, "shade_12h": 0, "shade_15h": 0, "shade_18h": 0 }, "geometry": { "type": "LineString", "coordinates": [ [ 1108032.541581087512895, 1760852.721856198273599 ], [ 1109032.541581087512895, 1760852.721856198273599 ] ] } },
{ "type": "Feature", "properties": { "road_id": 2874, "shade_9h": 0, "shade_12h": 0, "shade_15h": 0, "shade_18h": 7 }, "geometry": { "type": "LineString", "coordinates": [ [ 1108032.541581087512895, 1760852.721856198273599 ], [ 1108032.541581087512895, 1761852.721856198273599 ] ] } },
{ "type": "Feature", "properties": { "road_id": 2875, "shade_9h": 0, "shade_12h": 0, "shade_15h": 0, "shade_18h": 10 }, "geometry": { "type": "LineString", "coordinates": [ [ 1108032.541581087512895, 1761852.721856198273599 ], [ 1109032.541581087512895, 1761852.721856198273599 ] ] } },
{ "type": "Feature", "properties": { "road_id": 2876, "shade_9h": 0, "shade_12h": 0, "shade_15h": 0, "shade_18h": 0 }, "geometry": { "type": "LineString", "coordinates": [ [ 1108032.541581087512895, 1761852.721856198273599 ], [ 1108032.541581087512895, 1762852.721856198273599 ] ] } },
{ "type": "Feature", "properties": { "road_id": 2877, "shade_9h": 0, "shade_12h": 0, "shade_15h": 0, "shade_18h": 0 }, "geometry": { "type": "LineString", "coordinates": [ [ 1108032.541581087512895, 1762852.721856198273599 ], [ 1109032.541581087512895, 1762852.721856198273599 ] ] } },
{ "type": "Feature", "properties": { "road_id": 2878, "shade_9h": 0, "shade_12h": 0, "shade_15h": 0, "shade_18h": 0 }, "geometry": { "type": "LineString", "coordinates": [ [ 1108032.541581087512895, 1762852.721856198273599 ], [ 1108032.541581087512895, 1763852.721856198273599 ] ] } },
{ "type": "Feature", "properties": { "road_id": 2879, "shade_9h": 0, "shade_12h": 0, "shade_15h": 0, "shade_18h": 0 }, "geometry": { "type": "LineString", "coordinates": [ [ 1108032.541581087512895, 1763852.721856198273599 ], [ 1109032.541581087512895, 1763852.721856198273599 ] ] } },
{ "type": "Feature", "properties": { "road_id": 2880, "shade_9h": 0, "shade_12h": 0, "shade_15h": 0, "shade_18h": 0 }, "geometry": { "type": "LineString", "coordinates": [ [ 1108032.541581087512895, 1763852.721856198273599 ], [ 1108032.541581087512895, 1764852.721856198273599 ] ] } },
{ "type": "Feature", "properties": { "road_id": 2881, "shade_9h": 0, "shade_12h": 0, "shade_15h": 0, "shade_18h": 0 }, "geometry": { "type": "LineString", "coordinates": [ [ 1108032.541581087512895, 1764852.721856198273599 ], [ 1109032.541581087512895, 1764852.721856198273599 ] ] } },
{ "type": "Feature", "properties": { "road_id": 2882, "shade_9h": 0, "shade_12h": 0, "shade_15h": 0, "shade_18h": 0 }, "geometry": { "type": "LineString", "coordinates": [ [ 1108032.541581087512895, 1764852.721856198273599 ], [ 1108032.541581087512895, 1765852.721856198273599 ] ] } },
{ "type": "Feature", "properties": { "road_id": 2883, "shade_9h": 0, "shade_12h": 0, "shade_15h": 0, "shade_18h": 0 }, "geometry": { "type": "LineString", "coordinates": [ [ 1108032.541581087512895, 1765852.721856198273599 ], [ 1109032.541581087512895, 1765852.721856198273599 ] ] } },
{ "type": "Feature", "properties": { "road_id": 2884, "shade_9h": 0, "shade_12h": 0, "shade_15h": 0, "shade_18h": 0 }, "geometry": { "type": "LineString", "coordinates": [ [ 1108032.541581087512895, 1765852.721856198273599 ], [ 1108032.541581087512895, 1766852.721856198273599 ] ] } },
{ "type": "Feature", "properties": { "road_id": 2885, "shade_9h": 0, "shade_12h": 0, "shade_15h": 0, "shade_18h": 0 }, "geometry": { "type": "LineString", "coordinates": [ [ 1108032.541581087512895, 1766852.721856198273599 ], [ 1109032.541581087512895, 1766852.721856198273599 ] ] } },
{ "type": "Feature", "properties": { "road_id": 2886, "shade_9h": 0, "shade_12h": 0, "shade_15h": 0, "shade_18h": 0 }, "geometry": { "type": "LineString", "coordinates": [ [ 1108032.541581087512895, 1766852.721856198273599 ], [ 1108032.541581087512895, 1767852.721856198273599 ] ] } },
{ "type": "Feature", "properties": { "road_id": 2887, "shade_9h": 0, "shade_12h": 0, "shade_15h": 0, "shade_18h": 0 }, "geometry": { "type": "LineString", "coordinates": [ [ 1108032.541581087512895, 1767852.721856198273599 ], [ 1109032.541581087512895, 1767852.721856198273599 ] ] } },
{ "type": "Feature", "properties": { "road_id": 2888, "shade_9h": 1, "shade_12h": 1, "shade_15h": 1, "shade_18h": 7 }, "geometry": { "type": "LineString", "coordinates": [ [ 1108032.541581087512895, 1767852.721856198273599 ], [ 1108032.541581087512895, 1768852.721856198273599 ] ] } },
{ "type": "Feature", "properties": { "road_id": 2889, "shade_9h": 0, "shade_12h": 0, "shade_15h": 0, "shade_18h": 14 }, "geometry": { "type": "LineString", "coordinates": [ [ 1108032.541581087512895, 1768852.721856198273599 ], [ 1109032.541581087512895, 1768852.721856198273599 ] ] } },
{ "type": "Feature", "properties": { "road_id": 2890, "shade_9h": 5, "shade_12h": 0, "shade_15h": 4, "shade_18h": 22 }, "geometry": { "type": "LineString", "coordinates": [ [ 1108032.541581087512895, 1768852.721856198273599 ], [ 1108032.541581087512895, 1769852.721856198273599 ] ] } },
{ "type": "Feature", "properties": { "road_id": 2891, "shade_9h": 0, "shade_12h": 0, "shade_15h": 0, "shade_18h": 0 }, "geometry": { "type": "LineString", "coordinates": [ [ 1108032.541581087512895, 1769852.721856198273599 ], [ 1109032.541581087512895, 1769852.721856198273599 ] ] } },
{ "type": "Feature", "properties": { "road_id": 2892, "shade_9h": 0, "shade_12h": 0, "shade_15h": 0, "shade_18h": 0 }, "geometry": { "type": "LineString", "coordinates": [ [ 1108032.541581087512895, 1769852.721856198273599 ], [ 1108032.541581087512895, 1770852.721856198273599 ] ] } },
{ "type": "Feature", "properties": { "road_id": 2893, "shade_9h": 0, "shade_12h": 0, "shade_15h": 0, "shade_18h": 0 }, "geometry": { "type": "LineString", "coordinates": [ [ 1108032.541581087512895, 1770852.721856198273599 ], [ 1109032.541581087512895, 1770852.721856198273599 ] ] } },
{ "type": "Feature", "properties": { "road_id": 2894, "shade_9h": 0, "shade_12h": 0, "shade_15h": 0, "shade_18h": 0 }, "geometry": { "type": "LineString", "coordinates": [ [ 1108032.541581087512895, 1770852.721856198273599 ], [ 1108032.541581087512895, 1771852.721856198273599 ] ] } },
{ "type": "Feature", "properties": { "road_id": 2895, "shade_9h": 0, "shade_12h": 0, "shade_15h": 0, "shade_18h": 0 }, "geometry": { "type": "LineString", "coordinates": [ [ 1108032.541581087512895, 1771852.721856198273599 ], [ 1109032.541581087512895, 1771852.721856198273599 ] ] } },
{ "type": "Feature", "properties": { "road_id": 2896, "shade_9h": 0, "shade_12h": 0, "shade_15h": 0, "shade_18h": 0 }, "geometry": { "type": "LineString", "coordinates": [ [ 1108032.541581087512895, 1771852.721856198273599 ], [ 1108032.541581087512895, 1772852.721856198273599 ] ] } },
{ "type": "Feature", "properties": { "road_id": 2897, "shade_9h": 0, "shade_12h": 0, "shade_15h": 0, "shade_18h": 0 }, "geometry": { "type": "LineString", "coordinates": [ [ 1108032.541581087512895, 1772852.721856198273599 ], [ 1109032.541581087512895, 1772852.721856198273599 ] ] } },
{ "type": "Feature", "properties": { "road_id": 2898, "shade_9h": 0, "shade_12h": 0, "shade_15h": 0, "shade_18h": 0 }, "geometry": { "type": "LineString", "coordinates": [ [ 1108032.541581087512895, 1772852.721856198273599 ], [ 1108032.541581087512895, 1773852.721856198273599 ] ] } },
{ "type": "Feature", "properties": { "road_id": 2899, "shade_9h": 0, "shade_12h": 0, "shade_15h": 0, "shade_18h": 0 }, "geometry": { "type": "LineString", "coordinates": [ [ 1108032.541581087512895, 1773852.721856198273599 ], [ 1109032.541581087512895, 1773852.721856198273599 ] ] } },
{ "type": "Feature", "properties": { "road_id": 2900, "shade_9h": 0, "shade_12h": 0, "shade_15h": 0, "shade_18h": 0 }, "geometry": { "type": "LineString", "coordinates": [ [ 1108032.541581087512895, 1773852.721856198273599 ], [ 1108032.541581087512895, 1774852.721856198273599 ] ] } },
{ "type": "Feature", "properties": { "road_id": 2901, "shade_9h": 9, "shade_12h": 5, "shade_15h": 9, "shade_18h": 39 }, "geometry": { "type": "LineString", "coordinates": [ [ 1108032.541581087512895, 1774852.721856198273599 ], [ 1109032.541581087512895, 1774852.721856198273599 ] ] } },
{ "type": "Feature", "properties": { "road_id": 2902, "shade_9h": 0, "shade_12h": 0, "shade_15h": 0, "shade_18h": 0 }, "geometry": { "type": "LineString", "coordinates": [ [ 1108032.541581087512895, 1774852.721856198273599 ], [ 1108032.541581087512895, 1775852.721856198273599 ] ] } },
{ "type": "Feature", "properties": { "road_id": 2903, "shade_9h": 0, "shade_12h": 0, "shade_15h": 0, "shade_18h": 0 }, "geometry": { "type": "LineString", "coordinates": [ [ 1108032.541581087512895, 1775852.721856198273599 ], [ 1109032.541581087512895, 1775852.721856198273599 ] ] } },
{ "type": "Feature", "properties": { "road_id": 2904, "shade_9h": 2, "shade_12h": 0, "shade_15h": 2, "shade_18h": 17 }, "geometry": { "type": "LineString", "coordinates": [ [ 1108032.541581087512895, 1775852.721856198273599 ], [ 1108032.541581087512895, 1776852.721856198273599 ] ] } },
{ "type": "Feature", "properties": { "road_id": 2905, "shade_9h": 0, "shade_12h": 0, "shade_15h": 0, "shade_18h": 0 }, "geometry": { "type": "LineString", "coordinates": [ [ 1108032.541581087512895, 1776852.721856198273599 ], [ 1109032.541581087512895, 1776852.721856198273599 ] ] } },
{ "type": "Feature", "properties": { "road_id": 2906, "shade_9h": 0, "shade_12h": 0, "shade_15h": 0, "shade_18h": 0 }, "geometry": { "type": "LineString", "coordinates": [ [ 1108032.541581087512895, 1776852.721856198273599 ], [ 1108032.541581087512895, 1777852.721856198273599 ] ] } },
{ "type": "Feature", "properties": { "road_id": 2907, "shade_9h": 0, "shade_12h": 0, "shade_15h": 0, "shade_18h": 0 }, "geometry": { "type": "LineString", "coordinates": [ [ 1108032.541581087512895, 1777852.721856198273599 ], [ 1109032.541581087512895, 1777852.721856198273599 ] ] } },
{ "type": "Feature", "properties": { "road_id": 2908, "shade_9h": 0, "shade_12h": 0, "shade_15h": 0, "shade_18h": 0 }, "geometry": { "type": "LineString", "coordinates": [ [ 1108032.541581087512895, 1777852.721856198273599 ], [ 1108032.541581087512895, 1778852.721856198273599 ] ] } },
{ "type": "Feature", "properties": { "road_id": 2909, "shade_9h": 0, "shade_12h": 0, "shade_15h": 0, "shade_18h": 0 }, "geometry": { "type": "LineString", "coordinates": [ [ 1108032.541581087512895, 1778852.721856198273599 ], [ 1109032.541581087512895, 1778852.721856198273599 ] ] } },
{ "type": "Feature", "properties": { "road_id": 2910, "shade_9h": 0, "shade_12h": 0, "shade_15h": 0, "shade_18h": 0 }, "geometry": { "type": "LineString", "coordinates": [ [ 1108032.541581087512895, 1778852.721856198273599 ], [ 1108032.541581087512895, 1779852.721856198273599 ] ] } },
{ "type": "Feature", "properties": { "road_id": 2911, "shade_9h": 7, "shade_12h": 3, "shade_15h": 7, "shade_18h": 42 }, "geometry": { "type": "LineString", "coordinates": [ [ 1108032.541581087512895, 1779852.721856198273599 ], [ 1109032.541581087512895, 1779852.721856198273599 ] ] } },
{ "type": "Feature", "properties": { "road_id": 2912, "shade_9h": 0, "shade_12h": 0, "shade_15h": 0, "shade_18h": 0 }, "geometry": { "type": "LineString", "coordinates": [ [ 1109032.541581087512895, 1734852.721856198273599 ], [ 1110032.541581087512895, 1734852.721856198273599 ] ] } },
{ "type": "Feature", "properties": { "road_id": 2913, "shade_9h": 0, "shade_12h": 0, "shade_15h": 0, "shade_18h": 0 }, "geometry": { "type": "LineString", "coordinates": [ [ 1109032.541581087512895, 1734852.721856198273599 ], [ 1109032.541581087512895, 1735852.721856198273599 ] ] } },
{ "type": "Feature", "properties": { "road_id": 2914, "shade_9h": 3, "shade_12h": 2, "shade_15h": 3, "shade_18h": 10 }, "geometry": { "type": "LineString", "coordinates": [ [ 1109032.541581087512895, 1735852.721856198273599 ], [ 1110032.541581087512895, 1735852.721856198273599 ] ] } },
{ "type": "Feature", "properties": { "road_id": 2915, "shade_9h": 0, "shade_12h": 0, "shade_15h": 0, "shade_18h": 0 }, "geometry": { "type": "LineString", "coordinates": [ [ 1109032.541581087512895, 1735852.721856198273599 ], [ 1109032.541581087512895, 1736852.721856198273599 ] ] } },
{ "type": "Feature", "properties": { "road_id": 2916, "shade_9h": 0, "shade_12h": 0, "shade_15h": 0, "shade_18h": 0 }, "geometry": { "type": "LineString", "coordinates": [ [ 1109032.541581087512895, 1736852.721856198273599 ], [ 1110032.541581087512895, 1736852.721856198273599 ] ] } },
{ "type": "Feature", "properties": { "road_id": 2917, "shade_9h": 0, "shade_12h": 0, "shade_15h": 0, "shade_18h": 0 }, "geometry": { "type": "LineString", "coordinates": [ [ 1109032.541581087512895, 1736852.721856198273599 ], [ 1109032.541581087512895, 1737852.721856198273599 ] ] } },
{ "type": "Feature", "properties": { "road_id": 2918, "shade_9h": 0, "shade_12h": 0, "shade_15h": 0, "shade_18h": 0 }, "geometry": { "type": "LineString", "coordinates": [ [ 1109032.541581087512895, 1737852.721856198273599 ], [ 1110032.541581087512895, 1737852.721856198273599 ] ] } },
{ "type": "Feature", "properties": { "road_id": 2919, "shade_9h": 0, "shade_12h": 0, "shade_15h": 0, "shade_18h": 0 }, "geometry": { "type": "LineString", "coordinates": [ [ 1109032.541581087512895, 1737852.721856198273599 ], [ 1109032.541581087512895, 1738852.721856198273599 ] ] } },
{ "type": "Feature", "properties": { "road_id": 2920, "shade_9h": 0, "shade_12h": 0, "shade_15h": 0, "shade_18h": 0 }, "geometry": { "type": "LineString", "coordinates": [ [ 1109032.541581087512895, 1738852.721856198273599 ], [ 1110032.541581087512895, 1738852.721856198273599 ] ] } },
{ "type": "Feature", "properties": { "road_id": 2921, "shade_9h": 0, "shade_12h": 0, "shade_15h": 0, "shade_18h": 0 }, "geometry": { "type": "LineString", "coordinates": [ [ 1109032.541581087512895, 1738852.721856198273599 ], [ 1109032.541581087512895, 1739852.721856198273599 ] ] } },
{ "type": "Feature", "properties": { "road_id": 2922, "shade_9h": 0, "shade_12h": 0, "shade_15h": 0, "shade_18h": 0 }, "geometry": { "type": "LineString", "coordinates": [ [ 1109032.541581087512895, 1739852.721856198273599 ], [ 1110032.541581087512895, 1739852.721856198273599 ] ] } },
{ "type": "Feature", "properties": { "road_id": 2923, "shade_9h": 0, "shade_12h": 0, "shade_15h": 0, "shade_18h": 0 }, "geometry": { "type": "LineString", "coordinates": [ [ 1109032.541581087512895, 1739852.721856198273599 ], [ 1109032.541581087512895, 1740852.721856198273599 ] ] } },
{ "type": "Feature", "properties": { "road_id": 2924, "shade_9h": 0, "shade_12h": 0, "shade_15h": 0, "shade_18h": 0 }, "geometry": { "type": "LineString", "coordinates": [ [ 1109032.541581087512895, 1740852.721856198273599 ], [ 1110032.541581087512895, 1740852.721856198273599 ] ] } },
{ "type": "Feature", "properties": { "road_id": 2925, "shade_9h": 0, "shade_12h": 0, "shade_15h": 0, "shade_18h": 0 }, "geometry": { "type": "LineString", "coordinates": [ [ 1109032.541581087512895, 1740852.721856198273599 ], [ 1109032.541581087512895, 1741852.721856198273599 ] ] } },
{ "type": "Feature", "properties": { "road_id": 2926, "shade_9h": 0, "shade_12h": 0, "shade_15h": 0, "shade_18h": 0 }, "geometry": { "type": "LineString", "coordinates": [ [ 1109032.541581087512895, 1741852.721856198273599 ], [ 1110032.541581087512895, 1741852.721856198273599 ] ] } },
{ "type": "Feature", "properties": { "road_id": 2927, "shade_9h": 0, "shade_12h": 0, "shade_15h": 0, "shade_18h": 11 }, "geometry": { "type": "LineString", "coordinates": [ [ 1109032.541581087512895, 1741852.721856198273599 ], [ 1109032.541581087512895, 1742852.721856198273599 ] ] } },
{ "type": "Feature", "properties": { "road_id": 2928, "shade_9h": 7, "shade_12h": 3, "shade_15h": 6, "shade_18h": 33 }, "geometry": { "type": "LineString", "coordinates": [ [ 1109032.541581087512895, 1742852.721856198273599 ], [ 1110032.541581087512895, 1742852.721856198273599 ] ] } },
{ "type": "Feature", "properties": { "road_id": 2929, "shade_9h": 0, "shade_12h": 0, "shade_15h": 0, "shade_18h": 13 }, "geometry": { "type": "LineString", "coordinates": [ [ 1109032.541581087512895, 1742852.721856198273599 ], [ 1109032.541581087512895, 1743852.721856198273599 ] ] } },
{ "type": "Feature", "properties": { "road_id": 2930, "shade_9h": 0, "shade_12h": 0, "shade_15h": 0, "shade_18h": 0 }, "geometry": { "type": "LineString", "coordinates": [ [ 1109032.541581087512895, 1743852.721856198273599 ], [ 1110032.541581087512895, 1743852.721856198273599 ] ] } },
{ "type": "Feature", "properties": { "road_id": 2931, "shade_9h": 0, "shade_12h": 0, "shade_15h": 0, "shade_18h": 0 }, "geometry": { "type": "LineString", "coordinates": [ [ 1109032.541581087512895, 1743852.721856198273599 ], [ 1109032.541581087512895, 1744852.721856198273599 ] ] } },
{ "type": "Feature", "properties": { "road_id": 2932, "shade_9h": 0, "shade_12h": 0, "shade_15h": 0, "shade_18h": 0 }, "geometry": { "type": "LineString", "coordinates": [ [ 1109032.541581087512895, 1744852.721856198273599 ], [ 1110032.541581087512895, 1744852.721856198273599 ] ] } },
{ "type": "Feature", "properties": { "road_id": 2933, "shade_9h": 0, "shade_12h": 0, "shade_15h": 0, "shade_18h": 12 }, "geometry": { "type": "LineString", "coordinates": [ [ 1109032.541581087512895, 1744852.721856198273599 ], [ 1109032.541581087512895, 1745852.721856198273599 ] ] } },
{ "type": "Feature", "properties": { "road_id": 2934, "shade_9h": 0, "shade_12h": 0, "shade_15h": 0, "shade_18h": 8 }, "geometry": { "type": "LineString", "coordinates": [ [ 1109032.541581087512895, 1745852.721856198273599 ], [ 1110032.541581087512895, 1745852.721856198273599 ] ] } },
{ "type": "Feature", "properties": { "road_id": 2935, "shade_9h": 1, "shade_12h": 1, "shade_15h": 1, "shade_18h": 19 }, "geometry": { "type": "LineString", "coordinates": [ [ 1109032.541581087512895, 1745852.721856198273599 ], [ 1109032.541581087512895, 1746852.721856198273599 ] ] } },
{ "type": "Feature", "properties": { "road_id": 2936, "shade_9h": 0, "shade_12h": 0, "shade_15h": 0, "shade_18h": 0 }, "geometry": { "type": "LineString", "coordinates": [ [ 1109032.541581087512895, 1746852.721856198273599 ], [ 1110032.541581087512895, 1746852.721856198273599 ] ] } },
{ "type": "Feature", "properties": { "road_id": 2937, "shade_9h": 0, "shade_12h": 0, "shade_15h": 0, "shade_18h": 9 }, "geometry": { "type": "LineString", "coordinates": [ [ 1109032.541581087512895, 1746852.721856198273599 ], [ 1109032.541581087512895, 1747852.721856198273599 ] ] } },
{ "type": "Feature", "properties": { "road_id": 2938, "shade_9h": 0, "shade_12h": 0, "shade_15h": 0, "shade_18h": 21 }, "geometry": { "type": "LineString", "coordinates": [ [ 1109032.541581087512895, 1747852.721856198273599 ], [ 1110032.541581087512895, 1747852.721856198273599 ] ] } },
{ "type": "Feature", "properties": { "road_id": 2939, "shade_9h": 0, "shade_12h": 0, "shade_15h": 0, "shade_18h": 29 }, "geometry": { "type": "LineString", "coordinates": [ [ 1109032.541581087512895, 1747852.721856198273599 ], [ 1109032.541581087512895, 1748852.721856198273599 ] ] } },
{ "type": "Feature", "properties": { "road_id": 2940, "shade_9h": 0, "shade_12h": 0, "shade_15h": 0, "shade_18h": 0 }, "geometry": { "type": "LineString", "coordinates": [ [ 1109032.541581087512895, 1748852.721856198273599 ], [ 1110032.541581087512895, 1748852.721856198273599 ] ] } },
{ "type": "Feature", "properties": { "road_id": 2941, "shade_9h": 0, "shade_12h": 0, "shade_15h": 0, "shade_18h": 0 }, "geometry": { "type": "LineString", "coordinates": [ [ 1109032.541581087512895, 1748852.721856198273599 ], [ 1109032.541581087512895, 1749852.721856198273599 ] ] } },
{ "type": "Feature", "properties": { "road_id": 2942, "shade_9h": 0, "shade_12h": 0, "shade_15h": 0, "shade_18h": 0 }, "geometry": { "type": "LineString", "coordinates": [ [ 1109032.541581087512895, 1749852.721856198273599 ], [ 1110032.541581087512895, 1749852.721856198273599 ] ] } },
{ "type": "Feature", "properties": { "road_id": 2943, "shade_9h": 0, "shade_12h": 0, "shade_15h": 0, "shade_18h": 0 }, "geometry": { "type": "LineString", "coordinates": [ [ 1109032.541581087512895, 1749852.721856198273599 ], [ 1109032.541581087512895, 1750852.721856198273599 ] ] } },
{ "type": "Feature", "properties": { "road_id": 2944, "shade_9h": 0, "shade_12h": 0, "shade_15h": 0, "shade_18h": 0 }, "geometry": { "type": "LineString", "coordinates": [ [ 1109032.541581087512895, 1750852.721856198273599 ], [ 1110032.541581087512895, 1750852.721856198273599 ] ] } },
{ "type": "Feature", "properties": { "road_id": 2945, "shade_9h": 0, "shade_12h": 0, "shade_15h": 0, "shade_18h": 0 }, "geometry": { "type": "LineString", "coordinates": [ [ 1109032.541581087512895, 1750852.721856198273599 ], [ 1109032.541581087512895, 1751852.721856198273599 ] ] } },
{ "type": "Feature", "properties": { "road_id": 2946, "shade_9h": 0, "shade_12h": 0, "shade_15h": 0, "shade_18h": 0 }, "geometry": { "type": "LineString", "coordinates": [ [ 1109032.541581087512895, 1751852.721856198273599 ], [ 1110032.541581087512895, 1751852.721856198273599 ] ] } },
{ "type": "Feature", "properties": { "road_id": 2947, "shade_9h": 0, "shade_12h": 0, "shade_15h": 0, "shade_18h": 0 }, "geometry": { "type": "LineString", "coordinates": [ [ 1109032.541581087512895, 1751852.721856198273599 ], [ 1109032.541581087512895, 1752852.721856198273599 ] ] } },
{ "type": "Feature", "properties": { "road_id": 2948, "shade_9h": 1, "shade_12h": 0, "shade_15h": 0, "shade_18h": 19 }, "geometry": { "type": "LineString", "coordinates": [ [ 1109032.541581087512895, 1752852.721856198273599 ], [ 1110032.541581087512895, 1752852.721856198273599 ] ] } },
{ "type": "Feature", "properties": { "road_id": 2949, "shade_9h": 4, "shade_12h": 0, "shade_15h": 4, "shade_18h": 18 }, "geometry": { "type": "LineString", "coordinates": [ [ 1109032.541581087512895, 1752852.721856198273599 ], [ 1109032.541581087512895, 1753852.721856198273599 ] ] } },
{ "type": "Feature", "properties": { "road_id": 2950, "shade_9h": 0, "shade_12h": 0, "shade_15h": 0, "shade_18h": 0 }, "geometry": { "type": "LineString", "coordinates": [ [ 1109032.541581087512895, 1753852.721856198273599 ], [ 1110032.541581087512895, 1753852.721856198273599 ] ] } },
{ "type": "Feature", "properties": { "road_id": 2951, "shade_9h": 1, "shade_12h": 1, "shade_15h": 1, "shade_18h": 1 }, "geometry": { "type": "LineString", "coordinates": [ [ 1109032.541581087512895, 1753852.721856198273599 ], [ 1109032.541581087512895, 1754852.721856198273599 ] ] } },
{ "type": "Feature", "properties": { "road_id": 2952, "shade_9h": 0, "shade_12h": 0, "shade_15h": 0, "shade_18h": 0 }, "geometry": { "type": "LineString", "coordinates": [ [ 1109032.541581087512895, 1754852.721856198273599 ], [ 1110032.541581087512895, 1754852.721856198273599 ] ] } },
{ "type": "Feature", "properties": { "road_id": 2953, "shade_9h": 0, "shade_12h": 0, "shade_15h": 0, "shade_18h": 0 }, "geometry": { "type": "LineString", "coordinates": [ [ 1109032.541581087512895, 1754852.721856198273599 ], [ 1109032.541581087512895, 1755852.721856198273599 ] ] } },
{ "type": "Feature", "properties": { "road_id": 2954, "shade_9h": 0, "shade_12h": 0, "shade_15h": 0, "shade_18h": 0 }, "geometry": { "type": "LineString", "coordinates": [ [ 1109032.541581087512895, 1755852.721856198273599 ], [ 1110032.541581087512895, 1755852.721856198273599 ] ] } },
{ "type": "Feature", "properties": { "road_id": 2955, "shade_9h": 0, "shade_12h": 0, "shade_15h": 0, "shade_18h": 0 }, "geometry": { "type": "LineString", "coordinates": [ [ 1109032.541581087512895, 1755852.721856198273599 ], [ 1109032.541581087512895, 1756852.721856198273599 ] ] } },
{ "type": "Feature", "properties": { "road_id": 2956, "shade_9h": 0, "shade_12h": 0, "shade_15h": 0, "shade_18h": 0 }, "geometry": { "type": "LineString", "coordinates": [ [ 1109032.541581087512895, 1756852.721856198273599 ], [ 1110032.541581087512895, 1756852.721856198273599 ] ] } },
{ "type": "Feature", "properties": { "road_id": 2957, "shade_9h": 0, "shade_12h": 0, "shade_15h": 0, "shade_18h": 0 }, "geometry": { "type": "LineString", "coordinates": [ [ 1109032.541581087512895, 1756852.721856198273599 ], [ 1109032.541581087512895, 1757852.721856198273599 ] ] } },
{ "type": "Feature", "properties": { "road_id": 2958, "shade_9h": 0, "shade_12h": 0, "shade_15h": 0, "shade_18h": 8 }, "geometry": { "type": "LineString", "coordinates": [ [ 1109032.541581087512895, 1757852.721856198273599 ], [ 1110032.541581087512895, 1757852.721856198273599 ] ] } },
{ "type": "Feature", "properties": { "road_id": 2959, "shade_9h": 0, "shade_12h": 0, "shade_15h": 0, "shade_18h": 0 }, "geometry": { "type": "LineString", "coordinates": [ [ 1109032.541581087512895, 1757852.721856198273599 ], [ 1109032.541581087512895, 1758852.721856198273599 ] ] } },
{ "type": "Feature", "properties": { "road_id": 2960, "shade_9h": 0, "shade_12h": 0, "shade_15h": 0, "shade_18h": 0 }, "geometry": { "type": "LineString", "coordinates": [ [ 1109032.541581087512895, 1758852.721856198273599 ], [ 1110032.541581087512895, 1758852.721856198273599 ] ] } },
{ "type": "Feature", "properties": { "road_id": 2961, "shade_9h": 0, "shade_12h": 0, "shade_15h": 0, "shade_18h": 15 }, "geometry": { "type": "LineString", "coordinates": [ [ 1109032.541581087512895, 1758852.721856198273599 ], [ 1109032.541581087512895, 1759852.721856198273599 ] ] } },
{ "type": "Feature", "properties": { "road_id": 2962, "shade_9h": 0, "shade_12h": 0, "shade_15h": 0, "shade_18h": 0 }, "geometry": { "type": "LineString", "coordinates": [ [ 1109032.541581087512895, 1759852.721856198273599 ], [ 1110032.541581087512895, 1759852.721856198273599 ] ] } },
{ "type": "Feature", "properties": { "road_id": 2963, "shade_9h": 1, "shade_12h": 1, "shade_15h": 1, "shade_18h": 1 }, "geometry": { "type": "LineString", "coordinates": [ [ 1109032.541581087512895, 1759852.721856198273599 ], [ 1109032.541581087512895, 1760852.721856198273599 ] ] } },
{ "type": "Feature", "properties": { "road_id": 2964, "shade_9h": 0, "shade_12h": 0, "shade_15h": 0, "shade_18h": 0 }, "geometry": { "type": "LineString", "coordinates": [ [ 1109032.541581087512895, 1760852.721856198273599 ], [ 1110032.541581087512895, 1760852.721856198273599 ] ] } },
{ "type": "Feature", "properties": { "road_id": 2965, "shade_9h": 0, "shade_12h": 0, "shade_15h": 0, "shade_18h": 0 }, "geometry": { "type": "LineString", "coordinates": [ [ 1109032.541581087512895, 1760852.721856198273599 ], [ 1109032.541581087512895, 1761852.721856198273599 ] ] } },
{ "type": "Feature", "properties": { "road_id": 2966, "shade_9h": 0, "shade_12h": 0, "shade_15h": 0, "shade_18h": 0 }, "geometry": { "type": "LineString", "coordinates": [ [ 1109032.541581087512895, 1761852.721856198273599 ], [ 1110032.541581087512895, 1761852.721856198273599 ] ] } },
{ "type": "Feature", "properties": { "road_id": 2967, "shade_9h": 4, "shade_12h": 0, "shade_15h": 3, "shade_18h": 32 }, "geometry": { "type": "LineString", "coordinates": [ [ 1109032.541581087512895, 1761852.721856198273599 ], [ 1109032.541581087512895, 1762852.721856198273599 ] ] } },
{ "type": "Feature", "properties": { "road_id": 2968, "shade_9h": 0, "shade_12h": 0, "shade_15h": 0, "shade_18h": 0 }, "geometry": { "type": "LineString", "coordinates": [ [ 1109032.541581087512895, 1762852.721856198273599 ], [ 1110032.541581087512895, 1762852.721856198273599 ] ] } },
{ "type": "Feature", "properties": { "road_id": 2969, "shade_9h": 0, "shade_12h": 0, "shade_15h": 0, "shade_18h": 0 }, "geometry": { "type": "LineString", "coordinates": [ [ 1109032.541581087512895, 1762852.721856198273599 ], [ 1109032.541581087512895, 1763852.721856198273599 ] ] } },
{ "type": "Feature", "properties": { "road_id": 2970, "shade_9h": 0, "shade_12h": 0, "shade_15h": 0, "shade_18h": 0 }, "geometry": { "type": "LineString", "coordinates": [ [ 1109032.541581087512895, 1763852.721856198273599 ], [ 1110032.541581087512895, 1763852.721856198273599 ] ] } },
{ "type": "Feature", "properties": { "road_id": 2971, "shade_9h": 0, "shade_12h": 0, "shade_15h": 0, "shade_18h": 0 }, "geometry": { "type": "LineString", "coordinates": [ [ 1109032.541581087512895, 1763852.721856198273599 ], [ 1109032.541581087512895, 1764852.721856198273599 ] ] } },
{ "type": "Feature", "properties": { "road_id": 2972, "shade_9h": 0, "shade_12h": 0, "shade_15h": 0, "shade_18h": 0 }, "geometry": { "type": "LineString", "coordinates": [ [ 1109032.541581087512895, 1764852.721856198273599 ], [ 1110032.541581087512895, 1764852.721856198273599 ] ] } },
{ "type": "Feature", "properties": { "road_id": 2973, "shade_9h": 0, "shade_12h": 0, "shade_15h": 0, "shade_18h": 0 }, "geometry": { "type": "LineString", "coordinates": [ [ 1109032.541581087512895, 1764852.721856198273599 ], [ 1109032.541581087512895, 1765852.721856198273599 ] ] } },
{ "type": "Feature", "properties": { "road_id": 2974, "shade_9h": 0, "shade_12h": 0, "shade_15h": 0, "shade_18h": 0 }, "geometry": { "type": "LineString", "coordinates": [ [ 1109032.541581087512895, 1765852.721856198273599 ], [ 1110032.541581087512895, 1765852.721856198273599 ] ] } },
{ "type": "Feature", "properties": { "road_id": 2975, "shade_9h": 0, "shade_12h": 0, "shade_15h": 0, "shade_18h": 0 }, "geometry": { "type": "LineString", "coordinates": [ [ 1109032.541581087512895, 1765852.721856198273599 ], [ 1109032.541581087512895, 1766852.721856198273599 ] ] } },
{ "type": "Feature", "properties": { "road_id": 2976, "shade_9h": 0, "shade_12h": 0, "shade_15h": 0, "shade_18h": 0 }, "geometry": { "type": "LineString", "coordinates": [ [ 1109032.541581087512895, 1766852.721856198273599 ], [ 1110032.541581087512895, 1766852.721856198273599 ] ] } },
{ "type": "Feature", "properties": { "road_id": 2977, "shade_9h": 0, "shade_12h": 0, "shade_15h": 0, "shade_18h": 0 }, "geometry": { "type": "LineString", "coordinates": [ [ 1109032.541581087512895, 1766852.721856198273599 ], [ 1109032.541581087512895, 1767852.721856198273599 ] ] } },
{ "type": "Feature", "properties": { "road_id": 2978, "shade_9h": 6, "shade_12h": 3, "shade_15h": 6, "shade_18h": 29 }, "geometry": { "type": "LineString", "coordinates": [ [ 1109032.541581087512895, 1767852.721856198273599 ], [ 1110032.541581087512895, 1767852.721856198273599 ] ] } },
{ "type": "Feature", "properties": { "road_id": 2979, "shade_9h": 0, "shade_12h": 0, "shade_15h": 0, "shade_18h": 0 }, "geometry": { "type": "LineString", "coordinates": [ [ 1109032.541581087512895, 1767852.721856198273599 ], [ 1109032.541581087512895, 1768852.721856198273599 ] ] } },
{ "type": "Feature", "properties": { "road_id": 2980, "shade_9h": 0, "shade_12h": 0, "shade_15h": 0, "shade_18h": 0 }, "geometry": { "type": "LineString", "coordinates": [ [ 1109032.541581087512895, 1768852.721856198273599 ], [ 1110032.541581087512895, 1768852.721856198273599 ] ] } },
{ "type": "Feature", "properties": { "road_id": 2981, "shade_9h": 0, "shade_12h": 0, "shade_15h": 0, "shade_18h": 0 }, "geometry": { "type": "LineString", "coordinates": [ [ 1109032.541581087512895, 1768852.721856198273599 ], [ 1109032.541581087512895, 1769852.721856198273599 ] ] } },
{ "type": "Feature", "properties": { "road_id": 2982, "shade_9h": 0, "shade_12h": 0, "shade_15h": 0, "shade_18h": 0 }, "geometry": { "type": "LineString", "coordinates": [ [ 1109032.541581087512895, 1769852.721856198273599 ], [ 1110032.541581087512895, 1769852.721856198273599 ] ] } },
{ "type": "Feature", "properties": { "road_id": 2983, "shade_9h": 0, "shade_12h": 0, "shade_15h": 0, "shade_18h": 0 }, "geometry": { "type": "LineString", "coordinates": [ [ 1109032.541581087512895, 1769852.721856198273599 ], [ 1109032.541581087512895, 1770852.721856198273599 ] ] } },
{ "type": "Feature", "properties": { "road_id": 2984, "shade_9h": 0, "shade_12h": 0, "shade_15h": 0, "shade_18h": 0 }, "geometry": { "type": "LineString", "coordinates": [ [ 1109032.541581087512895, 1770852.721856198273599 ], [ 1110032.541581087512895, 1770852.721856198273599 ] ] } },
{ "type": "Feature", "properties": { "road_id": 2985, "shade_9h": 0, "shade_12h": 0, "shade_15h": 0, "shade_18h": 0 }, "geometry": { "type": "LineString", "coordinates": [ [ 1109032.541581087512895, 1770852.721856198273599 ], [ 1109032.541581087512895, 1771852.721856198273599 ] ] } },
{ "type": "Feature", "properties": { "road_id": 2986, "shade_9h": 0, "shade_12h": 0, "shade_15h": 0, "shade_18h": 0 }, "geometry": { "type": "LineString", "coordinates": [ [ 1109032.541581087512895, 1771852.721856198273599 ], [ 1110032.541581087512895, 1771852.721856198273599 ] ] } },
{ "type": "Feature", "properties": { "road_id": 2987, "shade_9h": 0, "shade_12h": 0, "shade_15h": 0, "shade_18h": 0 }, "geometry": { "type": "LineString", "coordinates": [ [ 1109032.541581087512895, 1771852.721856198273599 ], [ 1109032.541581087512895, 1772852.721856198273599 ] ] } },
{ "type": "Feature", "properties": { "road_id": 2988, "shade_9h": 0, "shade_12h": 0, "shade_15h": 0, "shade_18h": 0 }, "geometry": { "type": "LineString", "coordinates": [ [ 1109032.541581087512895, 1772852.721856198273599 ], [ 1110032.541581087512895, 1772852.721856198273599 ] ] } },
{ "type": "Feature", "properties": { "road_id": 2989, "shade_9h": 0, "shade_12h": 0, "shade_15h": 0, "shade_18h": 0 }, "geometry": { "type": "LineString", "coordinates": [ [ 1109032.541581087512895, 1772852.721856198273599 ], [ 1109032.541581087512895, 1773852.721856198273599 ] ] } },
{ "type": "Feature", "properties": { "road_id": 2990, "shade_9h": 0, "shade_12h": 0, "shade_15h": 0, "shade_18h": 0 }, "geometry": { "type": "LineString", "coordinates": [ [ 1109032.541581087512895, 1773852.721856198273599 ], [ 1110032.541581087512895, 1773852.721856198273599 ] ] } },
{ "type": "Feature", "properties": { "road_id": 2991, "shade_9h": 0, "shade_12h": 0, "shade_15h": 0, "shade_18h": 14 }, "geometry": { "type": "LineString", "coordinates": [ [ 1109032.541581087512895, 1773852.721856198273599 ], [ 1109032.541581087512895, 1774852.721856198273599 ] ] } },
{ "type": "Feature", "properties": { "road_id": 2992, "shade_9h": 1, "shade_12h": 1, "shade_15h": 1, "shade_18h": 4 }, "geometry": { "type": "LineString", "coordinates": [ [ 1109032.541581087512895, 1774852.721856198273599 ], [ 1110032.541581087512895, 1774852.721856198273599 ] ] } },
{ "type": "Feature", "properties": { "road_id": 2993, "shade_9h": 0, "shade_12h": 0, "shade_15h": 0, "shade_18h": 14 }, "geometry": { "type": "LineString", "coordinates": [ [ 1109032.541581087512895, 1774852.721856198273599 ], [ 1109032.541581087512895, 1775852.721856198273599 ] ] } },
{ "type": "Feature", "properties": { "road_id": 2994, "shade_9h": 7, "shade_12h": 4, "shade_15h": 7, "shade_18h": 34 }, "geometry": { "type": "LineString", "coordinates": [ [ 1109032.541581087512895, 1775852.721856198273599 ], [ 1110032.541581087512895, 1775852.721856198273599 ] ] } },
{ "type": "Feature", "properties": { "road_id": 2995, "shade_9h": 1, "shade_12h": 1, "shade_15h": 1, "shade_18h": 1 }, "geometry": { "type": "LineString", "coordinates": [ [ 1109032.541581087512895, 1775852.721856198273599 ], [ 1109032.541581087512895, 1776852.721856198273599 ] ] } },
{ "type": "Feature", "properties": { "road_id": 2996, "shade_9h": 4, "shade_12h": 2, "shade_15h": 4, "shade_18h": 24 }, "geometry": { "type": "LineString", "coordinates": [ [ 1109032.541581087512895, 1776852.721856198273599 ], [ 1110032.541581087512895, 1776852.721856198273599 ] ] } },
{ "type": "Feature", "properties": { "road_id": 2997, "shade_9h": 0, "shade_12h": 0, "shade_15h": 0, "shade_18h": 0 }, "geometry": { "type": "LineString", "coordinates": [ [ 1109032.541581087512895, 1776852.721856198273599 ], [ 1109032.541581087512895, 1777852.721856198273599 ] ] } },
{ "type": "Feature", "properties": { "road_id": 2998, "shade_9h": 1, "shade_12h": 1, "shade_15h": 1, "shade_18h": 1 }, "geometry": { "type": "LineString", "coordinates": [ [ 1109032.541581087512895, 1777852.721856198273599 ], [ 1110032.541581087512895, 1777852.721856198273599 ] ] } },
{ "type": "Feature", "properties": { "road_id": 2999, "shade_9h": 0, "shade_12h": 0, "shade_15h": 0, "shade_18h": 0 }, "geometry": { "type": "LineString", "coordinates": [ [ 1109032.541581087512895, 1777852.721856198273599 ], [ 1109032.541581087512895, 1778852.721856198273599 ] ] } },
{ "type": "Feature", "properties": { "road_id": 3000, "shade_9h": 9, "shade_12h": 3, "shade_15h": 9, "shade_18h": 51 }, "geometry": { "type": "LineString", "coordinates": [ [ 1109032.541581087512895, 1778852.721856198273599 ], [ 1110032.541581087512895, 1778852.721856198273599 ] ] } },
{ "type": "Feature", "properties": { "road_id": 3001, "shade_9h": 1, "shade_12h": 1, "shade_15h": 1, "shade_18h": 1 }, "geometry": { "type": "LineString", "coordinates": [ [ 1109032.541581087512895, 1778852.721856198273599 ], [ 1109032.541581087512895, 1779852.721856198273599 ] ] } },
{ "type": "Feature", "properties": { "road_id": 3002, "shade_9h": 0, "shade_12h": 0, "shade_15h": 0, "shade_18h": 0 }, "geometry": { "type": "LineString", "coordinates": [ [ 1109032.541581087512895, 1779852.721856198273599 ], [ 1110032.541581087512895, 1779852.721856198273599 ] ] } },
{ "type": "Feature", "properties": { "road_id": 3003, "shade_9h": 0, "shade_12h": 0, "shade_15h": 0, "shade_18h": 0 }, "geometry": { "type": "LineString", "coordinates": [ [ 1110032.541581087512895, 1734852.721856198273599 ], [ 1111032.541581087512895, 1734852.721856198273599 ] ] } },
{ "type": "Feature", "properties": { "road_id": 3004, "shade_9h": 0, "shade_12h": 0, "shade_15h": 0, "shade_18h": 0 }, "geometry": { "type": "LineString", "coordinates": [ [ 1110032.541581087512895, 1734852.721856198273599 ], [ 1110032.541581087512895, 1735852.721856198273599 ] ] } },
{ "type": "Feature", "properties": { "road_id": 3005, "shade_9h": 0, "shade_12h": 0, "shade_15h": 0, "shade_18h": 0 }, "geometry": { "type": "LineString", "coordinates": [ [ 1110032.541581087512895, 1735852.721856198273599 ], [ 1111032.541581087512895, 1735852.721856198273599 ] ] } },
{ "type": "Feature", "properties": { "road_id": 3006, "shade_9h": 2, "shade_12h": 0, "shade_15h": 2, "shade_18h": 11 }, "geometry": { "type": "LineString", "coordinates": [ [ 1110032.541581087512895, 1735852.721856198273599 ], [ 1110032.541581087512895, 1736852.721856198273599 ] ] } },
{ "type": "Feature", "properties": { "road_id": 3007, "shade_9h": 0, "shade_12h": 0, "shade_15h": 0, "shade_18h": 0 }, "geometry": { "type": "LineString", "coordinates": [ [ 1110032.541581087512895, 1736852.721856198273599 ], [ 1111032.541581087512895, 1736852.721856198273599 ] ] } },
{ "type": "Feature", "properties": { "road_id": 3008, "shade_9h": 0, "shade_12h": 0, "shade_15h": 0, "shade_18h": 0 }, "geometry": { "type": "LineString", "coordinates": [ [ 1110032.541581087512895, 1736852.721856198273599 ], [ 1110032.541581087512895, 1737852.721856198273599 ] ] } },
{ "type": "Feature", "properties": { "road_id": 3009, "shade_9h": 0, "shade_12h": 0, "shade_15h": 0, "shade_18h": 0 }, "geometry": { "type": "LineString", "coordinates": [ [ 1110032.541581087512895, 1737852.721856198273599 ], [ 1111032.541581087512895, 1737852.721856198273599 ] ] } },
{ "type": "Feature", "properties": { "road_id": 3010, "shade_9h": 0, "shade_12h": 0, "shade_15h": 0, "shade_18h": 0 }, "geometry": { "type": "LineString", "coordinates": [ [ 1110032.541581087512895, 1737852.721856198273599 ], [ 1110032.541581087512895, 1738852.721856198273599 ] ] } },
{ "type": "Feature", "properties": { "road_id": 3011, "shade_9h": 0, "shade_12h": 0, "shade_15h": 0, "shade_18h": 0 }, "geometry": { "type": "LineString", "coordinates": [ [ 1110032.541581087512895, 1738852.721856198273599 ], [ 1111032.541581087512895, 1738852.721856198273599 ] ] } },
{ "type": "Feature", "properties": { "road_id": 3012, "shade_9h": 0, "shade_12h": 0, "shade_15h": 0, "shade_18h": 0 }, "geometry": { "type": "LineString", "coordinates": [ [ 1110032.541581087512895, 1738852.721856198273599 ], [ 1110032.541581087512895, 1739852.721856198273599 ] ] } },
{ "type": "Feature", "properties": { "road_id": 3013, "shade_9h": 0, "shade_12h": 0, "shade_15h": 0, "shade_18h": 0 }, "geometry": { "type": "LineString", "coordinates": [ [ 1110032.541581087512895, 1739852.721856198273599 ], [ 1111032.541581087512895, 1739852.721856198273599 ] ] } },
{ "type": "Feature", "properties": { "road_id": 3014, "shade_9h": 1, "shade_12h": 1, "shade_15h": 1, "shade_18h": 1 }, "geometry": { "type": "LineString", "coordinates": [ [ 1110032.541581087512895, 1739852.721856198273599 ], [ 1110032.541581087512895, 1740852.721856198273599 ] ] } },
{ "type": "Feature", "properties": { "road_id": 3015, "shade_9h": 10, "shade_12h": 4, "shade_15h": 9, "shade_18h": 50 }, "geometry": { "type": "LineString", "coordinates": [ [ 1110032.541581087512895, 1740852.721856198273599 ], [ 1111032.541581087512895, 1740852.721856198273599 ] ] } },
{ "type": "Feature", "properties": { "road_id": 3016, "shade_9h": 0, "shade_12h": 0, "shade_15h": 0, "shade_18h": 0 }, "geometry": { "type": "LineString", "coordinates": [ [ 1110032.541581087512895, 1740852.721856198273599 ], [ 1110032.541581087512895, 1741852.721856198273599 ] ] } },
{ "type": "Feature", "properties": { "road_id": 3017, "shade_9h": 0, "shade_12h": 0, "shade_15h": 0, "shade_18h": 0 }, "geometry": { "type": "LineString", "coordinates": [ [ 1110032.541581087512895, 1741852.721856198273599 ], [ 1111032.541581087512895, 1741852.721856198273599 ] ] } },
{ "type": "Feature", "properties": { "road_id": 3018, "shade_9h": 0, "shade_12h": 0, "shade_15h": 0, "shade_18h": 0 }, "geometry": { "type": "LineString", "coordinates": [ [ 1110032.541581087512895, 1741852.721856198273599 ], [ 1110032.541581087512895, 1742852.721856198273599 ] ] } },
{ "type": "Feature", "properties": { "road_id": 3019, "shade_9h": 0, "shade_12h": 0, "shade_15h": 0, "shade_18h": 0 }, "geometry": { "type": "LineString", "coordinates": [ [ 1110032.541581087512895, 1742852.721856198273599 ], [ 1111032.541581087512895, 1742852.721856198273599 ] ] } },
{ "type": "Feature", "properties": { "road_id": 3020, "shade_9h": 0, "shade_12h": 0, "shade_15h": 0, "shade_18h": 0 }, "geometry": { "type": "LineString", "coordinates": [ [ 1110032.541581087512895, 1742852.721856198273599 ], [ 1110032.541581087512895, 1743852.721856198273599 ] ] } },
{ "type": "Feature", "properties": { "road_id": 3021, "shade_9h": 0, "shade_12h": 0, "shade_15h": 0, "shade_18h": 0 }, "geometry": { "type": "LineString", "coordinates": [ [ 1110032.541581087512895, 1743852.721856198273599 ], [ 1111032.541581087512895, 1743852.721856198273599 ] ] } },
{ "type": "Feature", "properties": { "road_id": 3022, "shade_9h": 0, "shade_12h": 0, "shade_15h": 0, "shade_18h": 0 }, "geometry": { "type": "LineString", "coordinates": [ [ 1110032.541581087512895, 1743852.721856198273599 ], [ 1110032.541581087512895, 1744852.721856198273599 ] ] } },
{ "type": "Feature", "properties": { "road_id": 3023, "shade_9h": 1, "shade_12h": 1, "shade_15h": 1, "shade_18h": 1 }, "geometry": { "type": "LineString", "coordinates": [ [ 1110032.541581087512895, 1744852.721856198273599 ], [ 1111032.541581087512895, 1744852.721856198273599 ] ] } },
{ "type": "Feature", "properties": { "road_id": 3024, "shade_9h": 0, "shade_12h": 0, "shade_15h": 0, "shade_18h": 0 }, "geometry": { "type": "LineString", "coordinates": [ [ 1110032.541581087512895, 1744852.721856198273599 ], [ 1110032.541581087512895, 1745852.721856198273599 ] ] } },
{ "type": "Feature", "properties": { "road_id": 3025, "shade_9h": 0, "shade_12h": 0, "shade_15h": 0, "shade_18h": 0 }, "geometry": { "type": "LineString", "coordinates": [ [ 1110032.541581087512895, 1745852.721856198273599 ], [ 1111032.541581087512895, 1745852.721856198273599 ] ] } },
{ "type": "Feature", "properties": { "road_id": 3026, "shade_9h": 0, "shade_12h": 0, "shade_15h": 0, "shade_18h": 0 }, "geometry": { "type": "LineString", "coordinates": [ [ 1110032.541581087512895, 1745852.721856198273599 ], [ 1110032.541581087512895, 1746852.721856198273599 ] ] } },
{ "type": "Feature", "properties": { "road_id": 3027, "shade_9h": 9, "shade_12h": 3, "shade_15h": 8, "shade_18h": 51 }, "geometry": { "type": "LineString", "coordinates": [ [ 1110032.541581087512895, 1746852.721856198273599 ], [ 1111032.541581087512895, 1746852.721856198273599 ] ] } },
{ "type": "Feature", "properties": { "road_id": 3028, "shade_9h": 0, "shade_12h": 0, "shade_15h": 0, "shade_18h": 0 }, "geometry": { "type": "LineString", "coordinates": [ [ 1110032.541581087512895, 1746852.721856198273599 ], [ 1110032.541581087512895, 1747852.721856198273599 ] ] } },
{ "type": "Feature", "properties": { "road_id": 3029, "shade_9h": 0, "shade_12h": 0, "shade_15h": 0, "shade_18h": 0 }, "geometry": { "type": "LineString", "coordinates": [ [ 1110032.541581087512895, 1747852.721856198273599 ], [ 1111032.541581087512895, 1747852.721856198273599 ] ] } },
{ "type": "Feature", "properties": { "road_id": 3030, "shade_9h": 9, "shade_12h": 5, "shade_15h": 8, "shade_18h": 40 }, "geometry": { "type": "LineString", "coordinates": [ [ 1110032.541581087512895, 1747852.721856198273599 ], [ 1110032.541581087512895, 1748852.721856198273599 ] ] } },
{ "type": "Feature", "properties": { "road_id": 3031, "shade_9h": 0, "shade_12h": 0, "shade_15h": 0, "shade_18h": 0 }, "geometry": { "type": "LineString", "coordinates": [ [ 1110032.541581087512895, 1748852.721856198273599 ], [ 1111032.541581087512895, 1748852.721856198273599 ] ] } },
{ "type": "Feature", "properties": { "road_id": 3032, "shade_9h": 0, "shade_12h": 0, "shade_15h": 0, "shade_18h": 0 }, "geometry": { "type": "LineString", "coordinates": [ [ 1110032.541581087512895, 1748852.721856198273599 ], [ 1110032.541581087512895, 1749852.721856198273599 ] ] } },
{ "type": "Feature", "properties": { "road_id": 3033, "shade_9h": 0, "shade_12h": 0, "shade_15h": 0, "shade_18h": 0 }, "geometry": { "type": "LineString", "coordinates": [ [ 1110032.541581087512895, 1749852.721856198273599 ], [ 1111032.541581087512895, 1749852.721856198273599 ] ] } },
{ "type": "Feature", "properties": { "road_id": 3034, "shade_9h": 0, "shade_12h": 0, "shade_15h": 0, "shade_18h": 0 }, "geometry": { "type": "LineString", "coordinates": [ [ 1110032.541581087512895, 1749852.721856198273599 ], [ 1110032.541581087512895, 1750852.721856198273599 ] ] } },
{ "type": "Feature", "properties": { "road_id": 3035, "shade_9h": 0, "shade_12h": 0, "shade_15h": 0, "shade_18h": 0 }, "geometry": { "type": "LineString", "coordinates": [ [ 1110032.541581087512895, 1750852.721856198273599 ], [ 1111032.541581087512895, 1750852.721856198273599 ] ] } },
{ "type": "Feature", "properties": { "road_id": 3036, "shade_9h": 0, "shade_12h": 0, "shade_15h": 0, "shade_18h": 0 }, "geometry": { "type": "LineString", "coordinates": [ [ 1110032.541581087512895, 1750852.721856198273599 ], [ 1110032.541581087512895, 1751852.721856198273599 ] ] } },
{ "type": "Feature", "properties": { "road_id": 3037, "shade_9h": 0, "shade_12h": 0, "shade_15h": 0, "shade_18h": 0 }, "geometry": { "type": "LineString", "coordinates": [ [ 1110032.541581087512895, 1751852.721856198273599 ], [ 1111032.541581087512895, 1751852.721856198273599 ] ] } },
{ "type": "Feature", "properties": { "road_id": 3038, "shade_9h": 0, "shade_12h": 0, "shade_15h": 0, "shade_18h": 18 }, "geometry": { "type": "LineString", "coordinates": [ [ 1110032.541581087512895, 1751852.721856198273599 ], [ 1110032.541581087512895, 1752852.721856198273599 ] ] } },
{ "type": "Feature", "properties": { "road_id": 3039, "shade_9h": 6, "shade_12h": 0, "shade_15h": 6, "shade_18h": 24 }, "geometry": { "type": "LineString", "coordinates": [ [ 1110032.541581087512895, 1752852.721856198273599 ], [ 1111032.541581087512895, 1752852.721856198273599 ] ] } },
{ "type": "Feature", "properties": { "road_id": 3040, "shade_9h": 8, "shade_12h": 3, "shade_15h": 8, "shade_18h": 25 }, "geometry": { "type": "LineString", "coordinates": [ [ 1110032.541581087512895, 1752852.721856198273599 ], [ 1110032.541581087512895, 1753852.721856198273599 ] ] } },
{ "type": "Feature", "properties": { "road_id": 3041, "shade_9h": 0, "shade_12h": 0, "shade_15h": 0, "shade_18h": 0 }, "geometry": { "type": "LineString", "coordinates": [ [ 1110032.541581087512895, 1753852.721856198273599 ], [ 1111032.541581087512895, 1753852.721856198273599 ] ] } },
{ "type": "Feature", "properties": { "road_id": 3042, "shade_9h": 1, "shade_12h": 1, "shade_15h": 1, "shade_18h": 1 }, "geometry": { "type": "LineString", "coordinates": [ [ 1110032.541581087512895, 1753852.721856198273599 ], [ 1110032.541581087512895, 1754852.721856198273599 ] ] } },
{ "type": "Feature", "properties": { "road_id": 3043, "shade_9h": 0, "shade_12h": 0, "shade_15h": 0, "shade_18h": 7 }, "geometry": { "type": "LineString", "coordinates": [ [ 1110032.541581087512895, 1754852.721856198273599 ], [ 1111032.541581087512895, 1754852.721856198273599 ] ] } },
{ "type": "Feature", "properties": { "road_id": 3044, "shade_9h": 0, "shade_12h": 0, "shade_15h": 0, "shade_18h": 0 }, "geometry": { "type": "LineString", "coordinates": [ [ 1110032.541581087512895, 1754852.721856198273599 ], [ 1110032.541581087512895, 1755852.721856198273599 ] ] } },
{ "type": "Feature", "properties": { "road_id": 3045, "shade_9h": 0, "shade_12h": 0, "shade_15h": 0, "shade_18h": 0 }, "geometry": { "type": "LineString", "coordinates": [ [ 1110032.541581087512895, 1755852.721856198273599 ], [ 1111032.541581087512895, 1755852.721856198273599 ] ] } },
{ "type": "Feature", "properties": { "road_id": 3046, "shade_9h": 0, "shade_12h": 0, "shade_15h": 0, "shade_18h": 0 }, "geometry": { "type": "LineString", "coordinates": [ [ 1110032.541581087512895, 1755852.721856198273599 ], [ 1110032.541581087512895, 1756852.721856198273599 ] ] } },
{ "type": "Feature", "properties": { "road_id": 3047, "shade_9h": 0, "shade_12h": 0, "shade_15h": 0, "shade_18h": 0 }, "geometry": { "type": "LineString", "coordinates": [ [ 1110032.541581087512895, 1756852.721856198273599 ], [ 1111032.541581087512895, 1756852.721856198273599 ] ] } },
{ "type": "Feature", "properties": { "road_id": 3048, "shade_9h": 0, "shade_12h": 0, "shade_15h": 0, "shade_18h": 9 }, "geometry": { "type": "LineString", "coordinates": [ [ 1110032.541581087512895, 1756852.721856198273599 ], [ 1110032.541581087512895, 1757852.721856198273599 ] ] } },
{ "type": "Feature", "properties": { "road_id": 3049, "shade_9h": 0, "shade_12h": 0, "shade_15h": 0, "shade_18h": 3 }, "geometry": { "type": "LineString", "coordinates": [ [ 1110032.541581087512895, 1757852.721856198273599 ], [ 1111032.541581087512895, 1757852.721856198273599 ] ] } },
{ "type": "Feature", "properties": { "road_id": 3050, "shade_9h": 0, "shade_12h": 0, "shade_15h": 0, "shade_18h": 3 }, "geometry": { "type": "LineString", "coordinates": [ [ 1110032.541581087512895, 1757852.721856198273599 ], [ 1110032.541581087512895, 1758852.721856198273599 ] ] } },
{ "type": "Feature", "properties": { "road_id": 3051, "shade_9h": 0, "shade_12h": 0, "shade_15h": 0, "shade_18h": 0 }, "geometry": { "type": "LineString", "coordinates": [ [ 1110032.541581087512895, 1758852.721856198273599 ], [ 1111032.541581087512895, 1758852.721856198273599 ] ] } },
{ "type": "Feature", "properties": { "road_id": 3052, "shade_9h": 4, "shade_12h": 0, "shade_15h": 3, "shade_18h": 24 }, "geometry": { "type": "LineString", "coordinates": [ [ 1110032.541581087512895, 1758852.721856198273599 ], [ 1110032.541581087512895, 1759852.721856198273599 ] ] } },
{ "type": "Feature", "properties": { "road_id": 3053, "shade_9h": 0, "shade_12h": 0, "shade_15h": 0, "shade_18h": 0 }, "geometry": { "type": "LineString", "coordinates": [ [ 1110032.541581087512895, 1759852.721856198273599 ], [ 1111032.541581087512895, 1759852.721856198273599 ] ] } },
{ "type": "Feature", "properties": { "road_id": 3054, "shade_9h": 0, "shade_12h": 0, "shade_15h": 0, "shade_18h": 0 }, "geometry": { "type": "LineString", "coordinates": [ [ 1110032.541581087512895, 1759852.721856198273599 ], [ 1110032.541581087512895, 1760852.721856198273599 ] ] } },
{ "type": "Feature", "properties": { "road_id": 3055, "shade_9h": 0, "shade_12h": 0, "shade_15h": 0, "shade_18h": 0 }, "geometry": { "type": "LineString", "coordinates": [ [ 1110032.541581087512895, 1760852.721856198273599 ], [ 1111032.541581087512895, 1760852.721856198273599 ] ] } },
{ "type": "Feature", "properties": { "road_id": 3056, "shade_9h": 0, "shade_12h": 0, "shade_15h": 0, "shade_18h": 0 }, "geometry": { "type": "LineString", "coordinates": [ [ 1110032.541581087512895, 1760852.721856198273599 ], [ 1110032.541581087512895, 1761852.721856198273599 ] ] } },
{ "type": "Feature", "properties": { "road_id": 3057, "shade_9h": 0, "shade_12h": 0, "shade_15h": 0, "shade_18h": 0 }, "geometry": { "type": "LineString", "coordinates": [ [ 1110032.541581087512895, 1761852.721856198273599 ], [ 1111032.541581087512895, 1761852.721856198273599 ] ] } },
{ "type": "Feature", "properties": { "road_id": 3058, "shade_9h": 0, "shade_12h": 0, "shade_15h": 0, "shade_18h": 0 }, "geometry": { "type": "LineString", "coordinates": [ [ 1110032.541581087512895, 1761852.721856198273599 ], [ 1110032.541581087512895, 1762852.721856198273599 ] ] } },
{ "type": "Feature", "properties": { "road_id": 3059, "shade_9h": 0, "shade_12h": 0, "shade_15h": 0, "shade_18h": 0 }, "geometry": { "type": "LineString", "coordinates": [ [ 1110032.541581087512895, 1762852.721856198273599 ], [ 1111032.541581087512895, 1762852.721856198273599 ] ] } },
{ "type": "Feature", "properties": { "road_id": 3060, "shade_9h": 0, "shade_12h": 0, "shade_15h": 0, "shade_18h": 0 }, "geometry": { "type": "LineString", "coordinates": [ [ 1110032.541581087512895, 1762852.721856198273599 ], [ 1110032.541581087512895, 1763852.721856198273599 ] ] } },
{ "type": "Feature", "properties": { "road_id": 3061, "shade_9h": 0, "shade_12h": 0, "shade_15h": 0, "shade_18h": 0 }, "geometry": { "type": "LineString", "coordinates": [ [ 1110032.541581087512895, 1763852.721856198273599 ], [ 1111032.541581087512895, 1763852.721856198273599 ] ] } },
{ "type": "Feature", "properties": { "road_id": 3062, "shade_9h": 1, "shade_12h": 0, "shade_15h": 1, "shade_18h": 8 }, "geometry": { "type": "LineString", "coordinates": [ [ 1110032.541581087512895, 1763852.721856198273599 ], [ 1110032.541581087512895, 1764852.721856198273599 ] ] } },
{ "type": "Feature", "properties": { "road_id": 3063, "shade_9h": 0, "shade_12h": 0, "shade_15h": 0, "shade_18h": 0 }, "geometry": { "type": "LineString", "coordinates": [ [ 1110032.541581087512895, 1764852.721856198273599 ], [ 1111032.541581087512895, 1764852.721856198273599 ] ] } },
{ "type": "Feature", "properties": { "road_id": 3064, "shade_9h": 0, "shade_12h": 0, "shade_15h": 0, "shade_18h": 0 }, "geometry": { "type": "LineString", "coordinates": [ [ 1110032.541581087512895, 1764852.721856198273599 ], [ 1110032.541581087512895, 1765852.721856198273599 ] ] } },
{ "type": "Feature", "properties": { "road_id": 3065, "shade_9h": 4, "shade_12h": 0, "shade_15h": 3, "shade_18h": 23 }, "geometry": { "type": "LineString", "coordinates": [ [ 1110032.541581087512895, 1765852.721856198273599 ], [ 1111032.541581087512895, 1765852.721856198273599 ] ] } },
{ "type": "Feature", "properties": { "road_id": 3066, "shade_9h": 0, "shade_12h": 0, "shade_15h": 0, "shade_18h": 0 }, "geometry": { "type": "LineString", "coordinates": [ [ 1110032.541581087512895, 1765852.721856198273599 ], [ 1110032.541581087512895, 1766852.721856198273599 ] ] } },
{ "type": "Feature", "properties": { "road_id": 3067, "shade_9h": 0, "shade_12h": 0, "shade_15h": 0, "shade_18h": 0 }, "geometry": { "type": "LineString", "coordinates": [ [ 1110032.541581087512895, 1766852.721856198273599 ], [ 1111032.541581087512895, 1766852.721856198273599 ] ] } },
{ "type": "Feature", "properties": { "road_id": 3068, "shade_9h": 0, "shade_12h": 0, "shade_15h": 0, "shade_18h": 0 }, "geometry": { "type": "LineString", "coordinates": [ [ 1110032.541581087512895, 1766852.721856198273599 ], [ 1110032.541581087512895, 1767852.721856198273599 ] ] } },
{ "type": "Feature", "properties": { "road_id": 3069, "shade_9h": 0, "shade_12h": 0, "shade_15h": 0, "shade_18h": 0 }, "geometry": { "type": "LineString", "coordinates": [ [ 1110032.541581087512895, 1767852.721856198273599 ], [ 1111032.541581087512895, 1767852.721856198273599 ] ] } },
{ "type": "Feature", "properties": { "road_id": 3070, "shade_9h": 6, "shade_12h": 3, "shade_15h": 6, "shade_18h": 25 }, "geometry": { "type": "LineString", "coordinates": [ [ 1110032.541581087512895, 1767852.721856198273599 ], [ 1110032.541581087512895, 1768852.721856198273599 ] ] } },
{ "type": "Feature", "properties": { "road_id": 3071, "shade_9h": 0, "shade_12h": 0, "shade_15h": 0, "shade_18h": 0 }, "geometry": { "type": "LineString", "coordinates": [ [ 1110032.541581087512895, 1768852.721856198273599 ], [ 1111032.541581087512895, 1768852.721856198273599 ] ] } },
{ "type": "Feature", "properties": { "road_id": 3072, "shade_9h": 0, "shade_12h": 0, "shade_15h": 0, "shade_18h": 0 }, "geometry": { "type": "LineString", "coordinates": [ [ 1110032.541581087512895, 1768852.721856198273599 ], [ 1110032.541581087512895, 1769852.721856198273599 ] ] } },
{ "type": "Feature", "properties": { "road_id": 3073, "shade_9h": 9, "shade_12h": 0, "shade_15h": 8, "shade_18h": 43 }, "geometry": { "type": "LineString", "coordinates": [ [ 1110032.541581087512895, 1769852.721856198273599 ], [ 1111032.541581087512895, 1769852.721856198273599 ] ] } },
{ "type": "Feature", "properties": { "road_id": 3074, "shade_9h": 0, "shade_12h": 0, "shade_15h": 0, "shade_18h": 0 }, "geometry": { "type": "LineString", "coordinates": [ [ 1110032.541581087512895, 1769852.721856198273599 ], [ 1110032.541581087512895, 1770852.721856198273599 ] ] } },
{ "type": "Feature", "properties": { "road_id": 3075, "shade_9h": 0, "shade_12h": 0, "shade_15h": 0, "shade_18h": 0 }, "geometry": { "type": "LineString", "coordinates": [ [ 1110032.541581087512895, 1770852.721856198273599 ], [ 1111032.541581087512895, 1770852.721856198273599 ] ] } },
{ "type": "Feature", "properties": { "road_id": 3076, "shade_9h": 0, "shade_12h": 0, "shade_15h": 0, "shade_18h": 0 }, "geometry": { "type": "LineString", "coordinates": [ [ 1110032.541581087512895, 1770852.721856198273599 ], [ 1110032.541581087512895, 1771852.721856198273599 ] ] } },
{ "type": "Feature", "properties": { "road_id": 3077, "shade_9h": 0, "shade_12h": 0, "shade_15h": 0, "shade_18h": 0 }, "geometry": { "type": "LineString", "coordinates": [ [ 1110032.541581087512895, 1771852.721856198273599 ], [ 1111032.541581087512895, 1771852.721856198273599 ] ] } },
{ "type": "Feature", "properties": { "road_id": 3078, "shade_9h": 0, "shade_12h": 0, "shade_15h": 0, "shade_18h": 0 }, "geometry": { "type": "LineString", "coordinates": [ [ 1110032.541581087512895, 1771852.721856198273599 ], [ 1110032.541581087512895, 1772852.721856198273599 ] ] } },
{ "type": "Feature", "properties": { "road_id": 3079, "shade_9h": 0, "shade_12h": 0, "shade_15h": 0, "shade_18h": 0 }, "geometry": { "type": "LineString", "coordinates": [ [ 1110032.541581087512895, 1772852.721856198273599 ], [ 1111032.541581087512895, 1772852.721856198273599 ] ] } },
{ "type": "Feature", "properties": { "road_id": 3080, "shade_9h": 0, "shade_12h": 0, "shade_15h": 0, "shade_18h": 0 }, "geometry": { "type": "LineString", "coordinates": [ [ 1110032.541581087512895, 1772852.721856198273599 ], [ 1110032.541581087512895, 1773852.721856198273599 ] ] } },
{ "type": "Feature", "properties": { "road_id": 3081, "shade_9h": 1, "shade_12h": 1, "shade_15h": 1, "shade_18h": 1 }, "geometry": { "type": "LineString", "coordinates": [ [ 1110032.541581087512895, 1773852.721856198273599 ], [ 1111032.541581087512895, 1773852.721856198273599 ] ] } },
{ "type": "Feature", "properties": { "road_id": 3082, "shade_9h": 0, "shade_12h": 0, "shade_15h": 0, "shade_18h": 0 }, "geometry": { "type": "LineString", "coordinates": [ [ 1110032.541581087512895, 1773852.721856198273599 ], [ 1110032.541581087512895, 1774852.721856198273599 ] ] } },
{ "type": "Feature", "properties": { "road_id": 3083, "shade_9h": 0, "shade_12h": 0, "shade_15h": 0, "shade_18h": 0 }, "geometry": { "type": "LineString", "coordinates": [ [ 1110032.541581087512895, 1774852.721856198273599 ], [ 1111032.541581087512895, 1774852.721856198273599 ] ] } },
{ "type": "Feature", "properties": { "road_id": 3084, "shade_9h": 0, "shade_12h": 0, "shade_15h": 0, "shade_18h": 0 }, "geometry": { "type": "LineString", "coordinates": [ [ 1110032.541581087512895, 1774852.721856198273599 ], [ 1110032.541581087512895, 1775852.721856198273599 ] ] } },
{ "type": "Feature", "properties": { "road_id": 3085, "shade_9h": 0, "shade_12h": 0, "shade_15h": 0, "shade_18h": 30 }, "geometry": { "type": "LineString", "coordinates": [ [ 1110032.541581087512895, 1775852.721856198273599 ], [ 1111032.541581087512895, 1775852.721856198273599 ] ] } },
{ "type": "Feature", "properties": { "road_id": 3086, "shade_9h": 5, "shade_12h": 2, "shade_15h": 5, "shade_18h": 25 }, "geometry": { "type": "LineString", "coordinates": [ [ 1110032.541581087512895, 1775852.721856198273599 ], [ 1110032.541581087512895, 1776852.721856198273599 ] ] } },
{ "type": "Feature", "properties": { "road_id": 3087, "shade_9h": 8, "shade_12h": 3, "shade_15h": 7, "shade_18h": 42 }, "geometry": { "type": "LineString", "coordinates": [ [ 1110032.541581087512895, 1776852.721856198273599 ], [ 1111032.541581087512895, 1776852.721856198273599 ] ] } },
{ "type": "Feature", "properties": { "road_id": 3088, "shade_9h": 3, "shade_12h": 1, "shade_15h": 3, "shade_18h": 23 }, "geometry": { "type": "LineString", "coordinates": [ [ 1110032.541581087512895, 1776852.721856198273599 ], [ 1110032.541581087512895, 1777852.721856198273599 ] ] } },
{ "type": "Feature", "properties": { "road_id": 3089, "shade_9h": 0, "shade_12h": 0, "shade_15h": 0, "shade_18h": 0 }, "geometry": { "type": "LineString", "coordinates": [ [ 1110032.541581087512895, 1777852.721856198273599 ], [ 1111032.541581087512895, 1777852.721856198273599 ] ] } },
{ "type": "Feature", "properties": { "road_id": 3090, "shade_9h": 0, "shade_12h": 0, "shade_15h": 0, "shade_18h": 0 }, "geometry": { "type": "LineString", "coordinates": [ [ 1110032.541581087512895, 1777852.721856198273599 ], [ 1110032.541581087512895, 1778852.721856198273599 ] ] } },
{ "type": "Feature", "properties": { "road_id": 3091, "shade_9h": 0, "shade_12h": 0, "shade_15h": 0, "shade_18h": 0 }, "geometry": { "type": "LineString", "coordinates": [ [ 1110032.541581087512895, 1778852.721856198273599 ], [ 1111032.541581087512895, 1778852.721856198273599 ] ] } },
{ "type": "Feature", "properties": { "road_id": 3092, "shade_9h": 0, "shade_12h": 0, "shade_15h": 0, "shade_18h": 0 }, "geometry": { "type": "LineString", "coordinates": [ [ 1110032.541581087512895, 1778852.721856198273599 ], [ 1110032.541581087512895, 1779852.721856198273599 ] ] } },
{ "type": "Feature", "properties": { "road_id": 3093, "shade_9h": 0, "shade_12h": 0, "shade_15h": 0, "shade_18h": 0 }, "geometry": { "type": "LineString", "coordinates": [ [ 1110032.541581087512895, 1779852.721856198273599 ], [ 1111032.541581087512895, 1779852.721856198273599 ] ] } },
{ "type": "Feature", "properties": { "road_id": 3094, "shade_9h": 0, "shade_12h": 0, "shade_15h": 0, "shade_18h": 0 }, "geometry": { "type": "LineString", "coordinates": [ [ 1111032.541581087512895, 1734852.721856198273599 ], [ 1112032.541581087512895, 1734852.721856198273599 ] ] } },
{ "type": "Feature", "properties": { "road_id": 3095, "shade_9h": 0, "shade_12h": 0, "shade_15h": 0, "shade_18h": 0 }, "geometry": { "type": "LineString", "coordinates": [ [ 1111032.541581087512895, 1734852.721856198273599 ], [ 1111032.541581087512895, 1735852.721856198273599 ] ] } },
{ "type": "Feature", "properties": { "road_id": 3096, "shade_9h": 0, "shade_12h": 0, "shade_15h": 0, "shade_18h": 0 }, "geometry": { "type": "LineString", "coordinates": [ [ 1111032.541581087512895, 1735852.721856198273599 ], [ 1112032.541581087512895, 1735852.721856198273599 ] ] } },
{ "type": "Feature", "properties": { "road_id": 3097, "shade_9h": 0, "shade_12h": 0, "shade_15h": 0, "shade_18h": 0 }, "geometry": { "type": "LineString", "coordinates": [ [ 1111032.541581087512895, 1735852.721856198273599 ], [ 1111032.541581087512895, 1736852.721856198273599 ] ] } },
{ "type": "Feature", "properties": { "road_id": 3098, "shade_9h": 0, "shade_12h": 0, "shade_15h": 0, "shade_18h": 0 }, "geometry": { "type": "LineString", "coordinates": [ [ 1111032.541581087512895, 1736852.721856198273599 ], [ 1112032.541581087512895, 1736852.721856198273599 ] ] } },
{ "type": "Feature", "properties": { "road_id": 3099, "shade_9h": 0, "shade_12h": 0, "shade_15h": 0, "shade_18h": 0 }, "geometry": { "type": "LineString", "coordinates": [ [ 1111032.541581087512895, 1736852.721856198273599 ], [ 1111032.541581087512895, 1737852.721856198273599 ] ] } },
{ "type": "Feature", "properties": { "road_id": 3100, "shade_9h": 0, "shade_12h": 0, "shade_15h": 0, "shade_18h": 0 }, "geometry": { "type": "LineString", "coordinates": [ [ 1111032.541581087512895, 1737852.721856198273599 ], [ 1112032.541581087512895, 1737852.721856198273599 ] ] } },
{ "type": "Feature", "properties": { "road_id": 3101, "shade_9h": 0, "shade_12h": 0, "shade_15h": 0, "shade_18h": 0 }, "geometry": { "type": "LineString", "coordinates": [ [ 1111032.541581087512895, 1737852.721856198273599 ], [ 1111032.541581087512895, 1738852.721856198273599 ] ] } },
{ "type": "Feature", "properties": { "road_id": 3102, "shade_9h": 0, "shade_12h": 0, "shade_15h": 0, "shade_18h": 0 }, "geometry": { "type": "LineString", "coordinates": [ [ 1111032.541581087512895, 1738852.721856198273599 ], [ 1112032.541581087512895, 1738852.721856198273599 ] ] } },
{ "type": "Feature", "properties": { "road_id": 3103, "shade_9h": 0, "shade_12h": 0, "shade_15h": 0, "shade_18h": 0 }, "geometry": { "type": "LineString", "coordinates": [ [ 1111032.541581087512895, 1738852.721856198273599 ], [ 1111032.541581087512895, 1739852.721856198273599 ] ] } },
{ "type": "Feature", "properties": { "road_id": 3104, "shade_9h": 0, "shade_12h": 0, "shade_15h": 0, "shade_18h": 0 }, "geometry": { "type": "LineString", "coordinates": [ [ 1111032.541581087512895, 1739852.721856198273599 ], [ 1112032.541581087512895, 1739852.721856198273599 ] ] } },
{ "type": "Feature", "properties": { "road_id": 3105, "shade_9h": 0, "shade_12h": 0, "shade_15h": 0, "shade_18h": 0 }, "geometry": { "type": "LineString", "coordinates": [ [ 1111032.541581087512895, 1739852.721856198273599 ], [ 1111032.541581087512895, 1740852.721856198273599 ] ] } },
{ "type": "Feature", "properties": { "road_id": 3106, "shade_9h": 5, "shade_12h": 1, "shade_15h": 5, "shade_18h": 32 }, "geometry": { "type": "LineString", "coordinates": [ [ 1111032.541581087512895, 1740852.721856198273599 ], [ 1112032.541581087512895, 1740852.721856198273599 ] ] } },
{ "type": "Feature", "properties": { "road_id": 3107, "shade_9h": 0, "shade_12h": 0, "shade_15h": 0, "shade_18h": 0 }, "geometry": { "type": "LineString", "coordinates": [ [ 1111032.541581087512895, 1740852.721856198273599 ], [ 1111032.541581087512895, 1741852.721856198273599 ] ] } },
{ "type": "Feature", "properties": { "road_id": 3108, "shade_9h": 0, "shade_12h": 0, "shade_15h": 0, "shade_18h": 0 }, "geometry": { "type": "LineString", "coordinates": [ [ 1111032.541581087512895, 1741852.721856198273599 ], [ 1112032.541581087512895, 1741852.721856198273599 ] ] } },
{ "type": "Feature", "properties": { "road_id": 3109, "shade_9h": 0, "shade_12h": 0, "shade_15h": 0, "shade_18h": 0 }, "geometry": { "type": "LineString", "coordinates": [ [ 1111032.541581087512895, 1741852.721856198273599 ], [ 1111032.541581087512895, 1742852.721856198273599 ] ] } },
{ "type": "Feature", "properties": { "road_id": 3110, "shade_9h": 0, "shade_12h": 0, "shade_15h": 0, "shade_18h": 0 }, "geometry": { "type": "LineString", "coordinates": [ [ 1111032.541581087512895, 1742852.721856198273599 ], [ 1112032.541581087512895, 1742852.721856198273599 ] ] } },
{ "type": "Feature", "properties": { "road_id": 3111, "shade_9h": 0, "shade_12h": 0, "shade_15h": 0, "shade_18h": 0 }, "geometry": { "type": "LineString", "coordinates": [ [ 1111032.541581087512895, 1742852.721856198273599 ], [ 1111032.541581087512895, 1743852.721856198273599 ] ] } },
{ "type": "Feature", "properties": { "road_id": 3112, "shade_9h": 0, "shade_12h": 0, "shade_15h": 0, "shade_18h": 0 }, "geometry": { "type": "LineString", "coordinates": [ [ 1111032.541581087512895, 1743852.721856198273599 ], [ 1112032.541581087512895, 1743852.721856198273599 ] ] } },
{ "type": "Feature", "properties": { "road_id": 3113, "shade_9h": 0, "shade_12h": 0, "shade_15h": 0, "shade_18h": 0 }, "geometry": { "type": "LineString", "coordinates": [ [ 1111032.541581087512895, 1743852.721856198273599 ], [ 1111032.541581087512895, 1744852.721856198273599 ] ] } },
{ "type": "Feature", "properties": { "road_id": 3114, "shade_9h": 0, "shade_12h": 0, "shade_15h": 0, "shade_18h": 0 }, "geometry": { "type": "LineString", "coordinates": [ [ 1111032.541581087512895, 1744852.721856198273599 ], [ 1112032.541581087512895, 1744852.721856198273599 ] ] } },
{ "type": "Feature", "properties": { "road_id": 3115, "shade_9h": 0, "shade_12h": 0, "shade_15h": 0, "shade_18h": 0 }, "geometry": { "type": "LineString", "coordinates": [ [ 1111032.541581087512895, 1744852.721856198273599 ], [ 1111032.541581087512895, 1745852.721856198273599 ] ] } },
{ "type": "Feature", "properties": { "road_id": 3116, "shade_9h": 0, "shade_12h": 0, "shade_15h": 0, "shade_18h": 0 }, "geometry": { "type": "LineString", "coordinates": [ [ 1111032.541581087512895, 1745852.721856198273599 ], [ 1112032.541581087512895, 1745852.721856198273599 ] ] } },
{ "type": "Feature", "properties": { "road_id": 3117, "shade_9h": 0, "shade_12h": 0, "shade_15h": 0, "shade_18h": 0 }, "geometry": { "type": "LineString", "coordinates": [ [ 1111032.541581087512895, 1745852.721856198273599 ], [ 1111032.541581087512895, 1746852.721856198273599 ] ] } },
{ "type": "Feature", "properties": { "road_id": 3118, "shade_9h": 2, "shade_12h": 1, "shade_15h": 2, "shade_18h": 14 }, "geometry": { "type": "LineString", "coordinates": [ [ 1111032.541581087512895, 1746852.721856198273599 ], [ 1112032.541581087512895, 1746852.721856198273599 ] ] } },
{ "type": "Feature", "properties": { "road_id": 3119, "shade_9h": 0, "shade_12h": 0, "shade_15h": 0, "shade_18h": 0 }, "geometry": { "type": "LineString", "coordinates": [ [ 1111032.541581087512895, 1746852.721856198273599 ], [ 1111032.541581087512895, 1747852.721856198273599 ] ] } },
{ "type": "Feature", "properties": { "road_id": 3120, "shade_9h": 0, "shade_12h": 0, "shade_15h": 0, "shade_18h": 3 }, "geometry": { "type": "LineString", "coordinates": [ [ 1111032.541581087512895, 1747852.721856198273599 ], [ 1112032.541581087512895, 1747852.721856198273599 ] ] } },
{ "type": "Feature", "properties": { "road_id": 3121, "shade_9h": 0, "shade_12h": 0, "shade_15h": 0, "shade_18h": 0 }, "geometry": { "type": "LineString", "coordinates": [ [ 1111032.541581087512895, 1747852.721856198273599 ], [ 1111032.541581087512895, 1748852.721856198273599 ] ] } },
{ "type": "Feature", "properties": { "road_id": 3122, "shade_9h": 6, "shade_12h": 0, "shade_15h": 5, "shade_18h": 35 }, "geometry": { "type": "LineString", "coordinates": [ [ 1111032.541581087512895, 1748852.721856198273599 ], [ 1112032.541581087512895, 1748852.721856198273599 ] ] } },
{ "type": "Feature", "properties": { "road_id": 3123, "shade_9h": 0, "shade_12h": 0, "shade_15h": 0, "shade_18h": 0 }, "geometry": { "type": "LineString", "coordinates": [ [ 1111032.541581087512895, 1748852.721856198273599 ], [ 1111032.541581087512895, 1749852.721856198273599 ] ] } },
{ "type": "Feature", "properties": { "road_id": 3124, "shade_9h": 4, "shade_12h": 0, "shade_15h": 4, "shade_18h": 30 }, "geometry": { "type": "LineString", "coordinates": [ [ 1111032.541581087512895, 1749852.721856198273599 ], [ 1112032.541581087512895, 1749852.721856198273599 ] ] } },
{ "type": "Feature", "properties": { "road_id": 3125, "shade_9h": 0, "shade_12h": 0, "shade_15h": 0, "shade_18h": 0 }, "geometry": { "type": "LineString", "coordinates": [ [ 1111032.541581087512895, 1749852.721856198273599 ], [ 1111032.541581087512895, 1750852.721856198273599 ] ] } },
{ "type": "Feature", "properties": { "road_id": 3126, "shade_9h": 0, "shade_12h": 0, "shade_15h": 0, "shade_18h": 0 }, "geometry": { "type": "LineString", "coordinates": [ [ 1111032.541581087512895, 1750852.721856198273599 ], [ 1112032.541581087512895, 1750852.721856198273599 ] ] } },
{ "type": "Feature", "properties": { "road_id": 3127, "shade_9h": 0, "shade_12h": 0, "shade_15h": 0, "shade_18h": 0 }, "geometry": { "type": "LineString", "coordinates": [ [ 1111032.541581087512895, 1750852.721856198273599 ], [ 1111032.541581087512895, 1751852.721856198273599 ] ] } },
{ "type": "Feature", "properties": { "road_id": 3128, "shade_9h": 0, "shade_12h": 0, "shade_15h": 0, "shade_18h": 0 }, "geometry": { "type": "LineString", "coordinates": [ [ 1111032.541581087512895, 1751852.721856198273599 ], [ 1112032.541581087512895, 1751852.721856198273599 ] ] } },
{ "type": "Feature", "properties": { "road_id": 3129, "shade_9h": 0, "shade_12h": 0, "shade_15h": 0, "shade_18h": 0 }, "geometry": { "type": "LineString", "coordinates": [ [ 1111032.541581087512895, 1751852.721856198273599 ], [ 1111032.541581087512895, 1752852.721856198273599 ] ] } },
{ "type": "Feature", "properties": { "road_id": 3130, "shade_9h": 9, "shade_12h": 4, "shade_15h": 9, "shade_18h": 43 }, "geometry": { "type": "LineString", "coordinates": [ [ 1111032.541581087512895, 1752852.721856198273599 ], [ 1112032.541581087512895, 1752852.721856198273599 ] ] } },
{ "type": "Feature", "properties": { "road_id": 3131, "shade_9h": 0, "shade_12h": 0, "shade_15h": 0, "shade_18h": 0 }, "geometry": { "type": "LineString", "coordinates": [ [ 1111032.541581087512895, 1752852.721856198273599 ], [ 1111032.541581087512895, 1753852.721856198273599 ] ] } },
{ "type": "Feature", "properties": { "road_id": 3132, "shade_9h": 0, "shade_12h": 0, "shade_15h": 0, "shade_18h": 0 }, "geometry": { "type": "LineString", "coordinates": [ [ 1111032.541581087512895, 1753852.721856198273599 ], [ 1112032.541581087512895, 1753852.721856198273599 ] ] } },
{ "type": "Feature", "properties": { "road_id": 3133, "shade_9h": 0, "shade_12h": 0, "shade_15h": 0, "shade_18h": 18 }, "geometry": { "type": "LineString", "coordinates": [ [ 1111032.541581087512895, 1753852.721856198273599 ], [ 1111032.541581087512895, 1754852.721856198273599 ] ] } },
{ "type": "Feature", "properties": { "road_id": 3134, "shade_9h": 7, "shade_12h": 0, "shade_15h": 7, "shade_18h": 31 }, "geometry": { "type": "LineString", "coordinates": [ [ 1111032.541581087512895, 1754852.721856198273599 ], [ 1112032.541581087512895, 1754852.721856198273599 ] ] } },
{ "type": "Feature", "properties": { "road_id": 3135, "shade_9h": 0, "shade_12h": 0, "shade_15h": 0, "shade_18h": 13 }, "geometry": { "type": "LineString", "coordinates": [ [ 1111032.541581087512895, 1754852.721856198273599 ], [ 1111032.541581087512895, 1755852.721856198273599 ] ] } },
{ "type": "Feature", "properties": { "road_id": 3136, "shade_9h": 0, "shade_12h": 0, "shade_15h": 0, "shade_18h": 0 }, "geometry": { "type": "LineString", "coordinates": [ [ 1111032.541581087512895, 1755852.721856198273599 ], [ 1112032.541581087512895, 1755852.721856198273599 ] ] } },
{ "type": "Feature", "properties": { "road_id": 3137, "shade_9h": 2, "shade_12h": 0, "shade_15h": 2, "shade_18h": 10 }, "geometry": { "type": "LineString", "coordinates": [ [ 1111032.541581087512895, 1755852.721856198273599 ], [ 1111032.541581087512895, 1756852.721856198273599 ] ] } },
{ "type": "Feature", "properties": { "road_id": 3138, "shade_9h": 0, "shade_12h": 0, "shade_15h": 0, "shade_18h": 0 }, "geometry": { "type": "LineString", "coordinates": [ [ 1111032.541581087512895, 1756852.721856198273599 ], [ 1112032.541581087512895, 1756852.721856198273599 ] ] } },
{ "type": "Feature", "properties": { "road_id": 3139, "shade_9h": 0, "shade_12h": 0, "shade_15h": 0, "shade_18h": 0 }, "geometry": { "type": "LineString", "coordinates": [ [ 1111032.541581087512895, 1756852.721856198273599 ], [ 1111032.541581087512895, 1757852.721856198273599 ] ] } },
{ "type": "Feature", "properties": { "road_id": 3140, "shade_9h": 8, "shade_12h": 0, "shade_15h": 8, "shade_18h": 43 }, "geometry": { "type": "LineString", "coordinates": [ [ 1111032.541581087512895, 1757852.721856198273599 ], [ 1112032.541581087512895, 1757852.721856198273599 ] ] } },
{ "type": "Feature", "properties": { "road_id": 3141, "shade_9h": 0, "shade_12h": 0, "shade_15h": 0, "shade_18h": 0 }, "geometry": { "type": "LineString", "coordinates": [ [ 1111032.541581087512895, 1757852.721856198273599 ], [ 1111032.541581087512895, 1758852.721856198273599 ] ] } },
{ "type": "Feature", "properties": { "road_id": 3142, "shade_9h": 0, "shade_12h": 0, "shade_15h": 0, "shade_18h": 0 }, "geometry": { "type": "LineString", "coordinates": [ [ 1111032.541581087512895, 1758852.721856198273599 ], [ 1112032.541581087512895, 1758852.721856198273599 ] ] } },
{ "type": "Feature", "properties": { "road_id": 3143, "shade_9h": 0, "shade_12h": 0, "shade_15h": 0, "shade_18h": 0 }, "geometry": { "type": "LineString", "coordinates": [ [ 1111032.541581087512895, 1758852.721856198273599 ], [ 1111032.541581087512895, 1759852.721856198273599 ] ] } },
{ "type": "Feature", "properties": { "road_id": 3144, "shade_9h": 0, "shade_12h": 0, "shade_15h": 0, "shade_18h": 29 }, "geometry": { "type": "LineString", "coordinates": [ [ 1111032.541581087512895, 1759852.721856198273599 ], [ 1112032.541581087512895, 1759852.721856198273599 ] ] } },
{ "type": "Feature", "properties": { "road_id": 3145, "shade_9h": 0, "shade_12h": 0, "shade_15h": 0, "shade_18h": 0 }, "geometry": { "type": "LineString", "coordinates": [ [ 1111032.541581087512895, 1759852.721856198273599 ], [ 1111032.541581087512895, 1760852.721856198273599 ] ] } },
{ "type": "Feature", "properties": { "road_id": 3146, "shade_9h": 0, "shade_12h": 0, "shade_15h": 0, "shade_18h": 0 }, "geometry": { "type": "LineString", "coordinates": [ [ 1111032.541581087512895, 1760852.721856198273599 ], [ 1112032.541581087512895, 1760852.721856198273599 ] ] } },
{ "type": "Feature", "properties": { "road_id": 3147, "shade_9h": 0, "shade_12h": 0, "shade_15h": 0, "shade_18h": 4 }, "geometry": { "type": "LineString", "coordinates": [ [ 1111032.541581087512895, 1760852.721856198273599 ], [ 1111032.541581087512895, 1761852.721856198273599 ] ] } },
{ "type": "Feature", "properties": { "road_id": 3148, "shade_9h": 0, "shade_12h": 0, "shade_15h": 0, "shade_18h": 0 }, "geometry": { "type": "LineString", "coordinates": [ [ 1111032.541581087512895, 1761852.721856198273599 ], [ 1112032.541581087512895, 1761852.721856198273599 ] ] } },
{ "type": "Feature", "properties": { "road_id": 3149, "shade_9h": 0, "shade_12h": 0, "shade_15h": 0, "shade_18h": 0 }, "geometry": { "type": "LineString", "coordinates": [ [ 1111032.541581087512895, 1761852.721856198273599 ], [ 1111032.541581087512895, 1762852.721856198273599 ] ] } },
{ "type": "Feature", "properties": { "road_id": 3150, "shade_9h": 0, "shade_12h": 0, "shade_15h": 0, "shade_18h": 0 }, "geometry": { "type": "LineString", "coordinates": [ [ 1111032.541581087512895, 1762852.721856198273599 ], [ 1112032.541581087512895, 1762852.721856198273599 ] ] } },
{ "type": "Feature", "properties": { "road_id": 3151, "shade_9h": 0, "shade_12h": 0, "shade_15h": 0, "shade_18h": 0 }, "geometry": { "type": "LineString", "coordinates": [ [ 1111032.541581087512895, 1762852.721856198273599 ], [ 1111032.541581087512895, 1763852.721856198273599 ] ] } },
{ "type": "Feature", "properties": { "road_id": 3152, "shade_9h": 0, "shade_12h": 0, "shade_15h": 0, "shade_18h": 0 }, "geometry": { "type": "LineString", "coordinates": [ [ 1111032.541581087512895, 1763852.721856198273599 ], [ 1112032.541581087512895, 1763852.721856198273599 ] ] } },
{ "type": "Feature", "properties": { "road_id": 3153, "shade_9h": 5, "shade_12h": 0, "shade_15h": 5, "shade_18h": 33 }, "geometry": { "type": "LineString", "coordinates": [ [ 1111032.541581087512895, 1763852.721856198273599 ], [ 1111032.541581087512895, 1764852.721856198273599 ] ] } },
{ "type": "Feature", "properties": { "road_id": 3154, "shade_9h": 0, "shade_12h": 0, "shade_15h": 0, "shade_18h": 0 }, "geometry": { "type": "LineString", "coordinates": [ [ 1111032.541581087512895, 1764852.721856198273599 ], [ 1112032.541581087512895, 1764852.721856198273599 ] ] } },
{ "type": "Feature", "properties": { "road_id": 3155, "shade_9h": 0, "shade_12h": 0, "shade_15h": 0, "shade_18h": 0 }, "geometry": { "type": "LineString", "coordinates": [ [ 1111032.541581087512895, 1764852.721856198273599 ], [ 1111032.541581087512895, 1765852.721856198273599 ] ] } },
{ "type": "Feature", "properties": { "road_id": 3156, "shade_9h": 0, "shade_12h": 0, "shade_15h": 0, "shade_18h": 0 }, "geometry": { "type": "LineString", "coordinates": [ [ 1111032.541581087512895, 1765852.721856198273599 ], [ 1112032.541581087512895, 1765852.721856198273599 ] ] } },
{ "type": "Feature", "properties": { "road_id": 3157, "shade_9h": 1, "shade_12h": 1, "shade_15h": 1, "shade_18h": 1 }, "geometry": { "type": "LineString", "coordinates": [ [ 1111032.541581087512895, 1765852.721856198273599 ], [ 1111032.541581087512895, 1766852.721856198273599 ] ] } },
{ "type": "Feature", "properties": { "road_id": 3158, "shade_9h": 0, "shade_12h": 0, "shade_15h": 0, "shade_18h": 0 }, "geometry": { "type": "LineString", "coordinates": [ [ 1111032.541581087512895, 1766852.721856198273599 ], [ 1112032.541581087512895, 1766852.721856198273599 ] ] } },
{ "type": "Feature", "properties": { "road_id": 3159, "shade_9h": 0, "shade_12h": 0, "shade_15h": 0, "shade_18h": 0 }, "geometry": { "type": "LineString", "coordinates": [ [ 1111032.541581087512895, 1766852.721856198273599 ], [ 1111032.541581087512895, 1767852.721856198273599 ] ] } },
{ "type": "Feature", "properties": { "road_id": 3160, "shade_9h": 0, "shade_12h": 0, "shade_15h": 0, "shade_18h": 0 }, "geometry": { "type": "LineString", "coordinates": [ [ 1111032.541581087512895, 1767852.721856198273599 ], [ 1112032.541581087512895, 1767852.721856198273599 ] ] } },
{ "type": "Feature", "properties": { "road_id": 3161, "shade_9h": 0, "shade_12h": 0, "shade_15h": 0, "shade_18h": 0 }, "geometry": { "type": "LineString", "coordinates": [ [ 1111032.541581087512895, 1767852.721856198273599 ], [ 1111032.541581087512895, 1768852.721856198273599 ] ] } },
{ "type": "Feature", "properties": { "road_id": 3162, "shade_9h": 0, "shade_12h": 0, "shade_15h": 0, "shade_18h": 0 }, "geometry": { "type": "LineString", "coordinates": [ [ 1111032.541581087512895, 1768852.721856198273599 ], [ 1112032.541581087512895, 1768852.721856198273599 ] ] } },
{ "type": "Feature", "properties": { "road_id": 3163, "shade_9h": 0, "shade_12h": 0, "shade_15h": 0, "shade_18h": 0 }, "geometry": { "type": "LineString", "coordinates": [ [ 1111032.541581087512895, 1768852.721856198273599 ], [ 1111032.541581087512895, 1769852.721856198273599 ] ] } },
{ "type": "Feature", "properties": { "road_id": 3164, "shade_9h": 0, "shade_12h": 0, "shade_15h": 0, "shade_18h": 0 }, "geometry": { "type": "LineString", "coordinates": [ [ 1111032.541581087512895, 1769852.721856198273599 ], [ 1112032.541581087512895, 1769852.721856198273599 ] ] } },
{ "type": "Feature", "properties": { "road_id": 3165, "shade_9h": 0, "shade_12h": 0, "shade_15h": 0, "shade_18h": 0 }, "geometry": { "type": "LineString", "coordinates": [ [ 1111032.541581087512895, 1769852.721856198273599 ], [ 1111032.541581087512895, 1770852.721856198273599 ] ] } },
{ "type": "Feature", "properties": { "road_id": 3166, "shade_9h": 0, "shade_12h": 0, "shade_15h": 0, "shade_18h": 0 }, "geometry": { "type": "LineString", "coordinates": [ [ 1111032.541581087512895, 1770852.721856198273599 ], [ 1112032.541581087512895, 1770852.721856198273599 ] ] } },
{ "type": "Feature", "properties": { "road_id": 3167, "shade_9h": 0, "shade_12h": 0, "shade_15h": 0, "shade_18h": 0 }, "geometry": { "type": "LineString", "coordinates": [ [ 1111032.541581087512895, 1770852.721856198273599 ], [ 1111032.541581087512895, 1771852.721856198273599 ] ] } },
{ "type": "Feature", "properties": { "road_id": 3168, "shade_9h": 0, "shade_12h": 0, "shade_15h": 0, "shade_18h": 0 }, "geometry": { "type": "LineString", "coordinates": [ [ 1111032.541581087512895, 1771852.721856198273599 ], [ 1112032.541581087512895, 1771852.721856198273599 ] ] } },
{ "type": "Feature", "properties": { "road_id": 3169, "shade_9h": 0, "shade_12h": 0, "shade_15h": 0, "shade_18h": 0 }, "geometry": { "type": "LineString", "coordinates": [ [ 1111032.541581087512895, 1771852.721856198273599 ], [ 1111032.541581087512895, 1772852.721856198273599 ] ] } },
{ "type": "Feature", "properties": { "road_id": 3170, "shade_9h": 0, "shade_12h": 0, "shade_15h": 0, "shade_18h": 0 }, "geometry": { "type": "LineString", "coordinates": [ [ 1111032.541581087512895, 1772852.721856198273599 ], [ 1112032.541581087512895, 1772852.721856198273599 ] ] } },
{ "type": "Feature", "properties": { "road_id": 3171, "shade_9h": 0, "shade_12h": 0, "shade_15h": 0, "shade_18h": 0 }, "geometry": { "type": "LineString", "coordinates": [ [ 1111032.541581087512895, 1772852.721856198273599 ], [ 1111032.541581087512895, 1773852.721856198273599 ] ] } },
{ "type": "Feature", "properties": { "road_id": 3172, "shade_9h": 0, "shade_12h": 0, "shade_15h": 0, "shade_18h": 0 }, "geometry": { "type": "LineString", "coordinates": [ [ 1111032.541581087512895, 1773852.721856198273599 ], [ 1112032.541581087512895, 1773852.721856198273599 ] ] } },
{ "type": "Feature", "properties": { "road_id": 3173, "shade_9h": 0, "shade_12h": 0, "shade_15h": 0, "shade_18h": 0 }, "geometry": { "type": "LineString", "coordinates": [ [ 1111032.541581087512895, 1773852.721856198273599 ], [ 1111032.541581087512895, 1774852.721856198273599 ] ] } },
{ "type": "Feature", "properties": { "road_id": 3174, "shade_9h": 0, "shade_12h": 0, "shade_15h": 0, "shade_18h": 13 }, "geometry": { "type": "LineString", "coordinates": [ [ 1111032.541581087512895, 1774852.721856198273599 ], [ 1112032.541581087512895, 1774852.721856198273599 ] ] } },
{ "type": "Feature", "properties": { "road_id": 3175, "shade_9h": 0, "shade_12h": 0, "shade_15h": 0, "shade_18h": 0 }, "geometry": { "type": "LineString", "coordinates": [ [ 1111032.541581087512895, 1774852.721856198273599 ], [ 1111032.541581087512895, 1775852.721856198273599 ] ] } },
{ "type": "Feature", "properties": { "road_id": 3176, "shade_9h": 0, "shade_12h": 0, "shade_15h": 0, "shade_18h": 0 }, "geometry": { "type": "LineString", "coordinates": [ [ 1111032.541581087512895, 1775852.721856198273599 ], [ 1112032.541581087512895, 1775852.721856198273599 ] ] } },
{ "type": "Feature", "properties": { "road_id": 3177, "shade_9h": 0, "shade_12h": 0, "shade_15h": 0, "shade_18h": 0 }, "geometry": { "type": "LineString", "coordinates": [ [ 1111032.541581087512895, 1775852.721856198273599 ], [ 1111032.541581087512895, 1776852.721856198273599 ] ] } },
{ "type": "Feature", "properties": { "road_id": 3178, "shade_9h": 4, "shade_12h": 0, "shade_15h": 3, "shade_18h": 28 }, "geometry": { "type": "LineString", "coordinates": [ [ 1111032.541581087512895, 1776852.721856198273599 ], [ 1112032.541581087512895, 1776852.721856198273599 ] ] } },
{ "type": "Feature", "properties": { "road_id": 3179, "shade_9h": 0, "shade_12h": 0, "shade_15h": 0, "shade_18h": 0 }, "geometry": { "type": "LineString", "coordinates": [ [ 1111032.541581087512895, 1776852.721856198273599 ], [ 1111032.541581087512895, 1777852.721856198273599 ] ] } },
{ "type": "Feature", "properties": { "road_id": 3180, "shade_9h": 0, "shade_12h": 0, "shade_15h": 0, "shade_18h": 0 }, "geometry": { "type": "LineString", "coordinates": [ [ 1111032.541581087512895, 1777852.721856198273599 ], [ 1112032.541581087512895, 1777852.721856198273599 ] ] } },
{ "type": "Feature", "properties": { "road_id": 3181, "shade_9h": 0, "shade_12h": 0, "shade_15h": 0, "shade_18h": 0 }, "geometry": { "type": "LineString", "coordinates": [ [ 1111032.541581087512895, 1777852.721856198273599 ], [ 1111032.541581087512895, 1778852.721856198273599 ] ] } },
{ "type": "Feature", "properties": { "road_id": 3182, "shade_9h": 0, "shade_12h": 0, "shade_15h": 0, "shade_18h": 0 }, "geometry": { "type": "LineString", "coordinates": [ [ 1111032.541581087512895, 1778852.721856198273599 ], [ 1112032.541581087512895, 1778852.721856198273599 ] ] } },
{ "type": "Feature", "properties": { "road_id": 3183, "shade_9h": 0, "shade_12h": 0, "shade_15h": 0, "shade_18h": 0 }, "geometry": { "type": "LineString", "coordinates": [ [ 1111032.541581087512895, 1778852.721856198273599 ], [ 1111032.541581087512895, 1779852.721856198273599 ] ] } },
{ "type": "Feature", "properties": { "road_id": 3184, "shade_9h": 0, "shade_12h": 0, "shade_15h": 0, "shade_18h": 0 }, "geometry": { "type": "LineString", "coordinates": [ [ 1111032.541581087512895, 1779852.721856198273599 ], [ 1112032.541581087512895, 1779852.721856198273599 ] ] } },
{ "type": "Feature", "properties": { "road_id": 3185, "shade_9h": 0, "shade_12h": 0, "shade_15h": 0, "shade_18h": 0 }, "geometry": { "type": "LineString", "coordinates": [ [ 1112032.541581087512895, 1734852.721856198273599 ], [ 1113032.541581087512895, 1734852.721856198273599 ] ] } },
{ "type": "Feature", "properties": { "road_id": 3186, "shade_9h": 0, "shade_12h": 0, "shade_15h": 0, "shade_18h": 13 }, "geometry": { "type": "LineString", "coordinates": [ [ 1112032.541581087512895, 1734852.721856198273599 ], [ 1112032.541581087512895, 1735852.721856198273599 ] ] } },
{ "type": "Feature", "properties": { "road_id": 3187, "shade_9h": 0, "shade_12h": 0, "shade_15h": 0, "shade_18h": 0 }, "geometry": { "type": "LineString", "coordinates": [ [ 1112032.541581087512895, 1735852.721856198273599 ], [ 1113032.541581087512895, 1735852.721856198273599 ] ] } },
{ "type": "Feature", "properties": { "road_id": 3188, "shade_9h": 0, "shade_12h": 0, "shade_15h": 0, "shade_18h": 0 }, "geometry": { "type": "LineString", "coordinates": [ [ 1112032.541581087512895, 1735852.721856198273599 ], [ 1112032.541581087512895, 1736852.721856198273599 ] ] } },
{ "type": "Feature", "properties": { "road_id": 3189, "shade_9h": 0, "shade_12h": 0, "shade_15h": 0, "shade_18h": 0 }, "geometry": { "type": "LineString", "coordinates": [ [ 1112032.541581087512895, 1736852.721856198273599 ], [ 1113032.541581087512895, 1736852.721856198273599 ] ] } },
{ "type": "Feature", "properties": { "road_id": 3190, "shade_9h": 0, "shade_12h": 0, "shade_15h": 0, "shade_18h": 0 }, "geometry": { "type": "LineString", "coordinates": [ [ 1112032.541581087512895, 1736852.721856198273599 ], [ 1112032.541581087512895, 1737852.721856198273599 ] ] } },
{ "type": "Feature", "properties": { "road_id": 3191, "shade_9h": 0, "shade_12h": 0, "shade_15h": 0, "shade_18h": 0 }, "geometry": { "type": "LineString", "coordinates": [ [ 1112032.541581087512895, 1737852.721856198273599 ], [ 1113032.541581087512895, 1737852.721856198273599 ] ] } },
{ "type": "Feature", "properties": { "road_id": 3192, "shade_9h": 0, "shade_12h": 0, "shade_15h": 0, "shade_18h": 0 }, "geometry": { "type": "LineString", "coordinates": [ [ 1112032.541581087512895, 1737852.721856198273599 ], [ 1112032.541581087512895, 1738852.721856198273599 ] ] } },
{ "type": "Feature", "properties": { "road_id": 3193, "shade_9h": 0, "shade_12h": 0, "shade_15h": 0, "shade_18h": 0 }, "geometry": { "type": "LineString", "coordinates": [ [ 1112032.541581087512895, 1738852.721856198273599 ], [ 1113032.541581087512895, 1738852.721856198273599 ] ] } },
{ "type": "Feature", "properties": { "road_id": 3194, "shade_9h": 0, "shade_12h": 0, "shade_15h": 0, "shade_18h": 0 }, "geometry": { "type": "LineString", "coordinates": [ [ 1112032.541581087512895, 1738852.721856198273599 ], [ 1112032.541581087512895, 1739852.721856198273599 ] ] } },
{ "type": "Feature", "properties": { "road_id": 3195, "shade_9h": 0, "shade_12h": 0, "shade_15h": 0, "shade_18h": 0 }, "geometry": { "type": "LineString", "coordinates": [ [ 1112032.541581087512895, 1739852.721856198273599 ], [ 1113032.541581087512895, 1739852.721856198273599 ] ] } },
{ "type": "Feature", "properties": { "road_id": 3196, "shade_9h": 0, "shade_12h": 0, "shade_15h": 0, "shade_18h": 7 }, "geometry": { "type": "LineString", "coordinates": [ [ 1112032.541581087512895, 1739852.721856198273599 ], [ 1112032.541581087512895, 1740852.721856198273599 ] ] } },
{ "type": "Feature", "properties": { "road_id": 3197, "shade_9h": 0, "shade_12h": 0, "shade_15h": 0, "shade_18h": 0 }, "geometry": { "type": "LineString", "coordinates": [ [ 1112032.541581087512895, 1740852.721856198273599 ], [ 1113032.541581087512895, 1740852.721856198273599 ] ] } },
{ "type": "Feature", "properties": { "road_id": 3198, "shade_9h": 0, "shade_12h": 0, "shade_15h": 0, "shade_18h": 4 }, "geometry": { "type": "LineString", "coordinates": [ [ 1112032.541581087512895, 1740852.721856198273599 ], [ 1112032.541581087512895, 1741852.721856198273599 ] ] } },
{ "type": "Feature", "properties": { "road_id": 3199, "shade_9h": 7, "shade_12h": 3, "shade_15h": 7, "shade_18h": 39 }, "geometry": { "type": "LineString", "coordinates": [ [ 1112032.541581087512895, 1741852.721856198273599 ], [ 1113032.541581087512895, 1741852.721856198273599 ] ] } },
{ "type": "Feature", "properties": { "road_id": 3200, "shade_9h": 0, "shade_12h": 0, "shade_15h": 0, "shade_18h": 0 }, "geometry": { "type": "LineString", "coordinates": [ [ 1112032.541581087512895, 1741852.721856198273599 ], [ 1112032.541581087512895, 1742852.721856198273599 ] ] } },
{ "type": "Feature", "properties": { "road_id": 3201, "shade_9h": 0, "shade_12h": 0, "shade_15h": 0, "shade_18h": 0 }, "geometry": { "type": "LineString", "coordinates": [ [ 1112032.541581087512895, 1742852.721856198273599 ], [ 1113032.541581087512895, 1742852.721856198273599 ] ] } },
{ "type": "Feature", "properties": { "road_id": 3202, "shade_9h": 7, "shade_12h": 0, "shade_15h": 6, "shade_18h": 36 }, "geometry": { "type": "LineString", "coordinates": [ [ 1112032.541581087512895, 1742852.721856198273599 ], [ 1112032.541581087512895, 1743852.721856198273599 ] ] } },
{ "type": "Feature", "properties": { "road_id": 3203, "shade_9h": 1, "shade_12h": 1, "shade_15h": 1, "shade_18h": 1 }, "geometry": { "type": "LineString", "coordinates": [ [ 1112032.541581087512895, 1743852.721856198273599 ], [ 1113032.541581087512895, 1743852.721856198273599 ] ] } },
{ "type": "Feature", "properties": { "road_id": 3204, "shade_9h": 0, "shade_12h": 0, "shade_15h": 0, "shade_18h": 0 }, "geometry": { "type": "LineString", "coordinates": [ [ 1112032.541581087512895, 1743852.721856198273599 ], [ 1112032.541581087512895, 1744852.721856198273599 ] ] } },
{ "type": "Feature", "properties": { "road_id": 3205, "shade_9h": 0, "shade_12h": 0, "shade_15h": 0, "shade_18h": 0 }, "geometry": { "type": "LineString", "coordinates": [ [ 1112032.541581087512895, 1744852.721856198273599 ], [ 1113032.541581087512895, 1744852.721856198273599 ] ] } },
{ "type": "Feature", "properties": { "road_id": 3206, "shade_9h": 0, "shade_12h": 0, "shade_15h": 0, "shade_18h": 0 }, "geometry": { "type": "LineString", "coordinates": [ [ 1112032.541581087512895, 1744852.721856198273599 ], [ 1112032.541581087512895, 1745852.721856198273599 ] ] } },
{ "type": "Feature", "properties": { "road_id": 3207, "shade_9h": 0, "shade_12h": 0, "shade_15h": 0, "shade_18h": 0 }, "geometry": { "type": "LineString", "coordinates": [ [ 1112032.541581087512895, 1745852.721856198273599 ], [ 1113032.541581087512895, 1745852.721856198273599 ] ] } },
{ "type": "Feature", "properties": { "road_id": 3208, "shade_9h": 0, "shade_12h": 0, "shade_15h": 0, "shade_18h": 0 }, "geometry": { "type": "LineString", "coordinates": [ [ 1112032.541581087512895, 1745852.721856198273599 ], [ 1112032.541581087512895, 1746852.721856198273599 ] ] } },
{ "type": "Feature", "properties": { "road_id": 3209, "shade_9h": 1, "shade_12h": 1, "shade_15h": 1, "shade_18h": 1 }, "geometry": { "type": "LineString", "coordinates": [ [ 1112032.541581087512895, 1746852.721856198273599 ], [ 1113032.541581087512895, 1746852.721856198273599 ] ] } },
{ "type": "Feature", "properties": { "road_id": 3210, "shade_9h": 0, "shade_12h": 0, "shade_15h": 0, "shade_18h": 5 }, "geometry": { "type": "LineString", "coordinates": [ [ 1112032.541581087512895, 1746852.721856198273599 ], [ 1112032.541581087512895, 1747852.721856198273599 ] ] } },
{ "type": "Feature", "properties": { "road_id": 3211, "shade_9h": 0, "shade_12h": 0, "shade_15h": 0, "shade_18h": 17 }, "geometry": { "type": "LineString", "coordinates": [ [ 1112032.541581087512895, 1747852.721856198273599 ], [ 1113032.541581087512895, 1747852.721856198273599 ] ] } },
{ "type": "Feature", "properties": { "road_id": 3212, "shade_9h": 0, "shade_12h": 0, "shade_15h": 0, "shade_18h": 11 }, "geometry": { "type": "LineString", "coordinates": [ [ 1112032.541581087512895, 1747852.721856198273599 ], [ 1112032.541581087512895, 1748852.721856198273599 ] ] } },
{ "type": "Feature", "properties": { "road_id": 3213, "shade_9h": 0, "shade_12h": 0, "shade_15h": 0, "shade_18h": 0 }, "geometry": { "type": "LineString", "coordinates": [ [ 1112032.541581087512895, 1748852.721856198273599 ], [ 1113032.541581087512895, 1748852.721856198273599 ] ] } },
{ "type": "Feature", "properties": { "road_id": 3214, "shade_9h": 0, "shade_12h": 0, "shade_15h": 0, "shade_18h": 0 }, "geometry": { "type": "LineString", "coordinates": [ [ 1112032.541581087512895, 1748852.721856198273599 ], [ 1112032.541581087512895, 1749852.721856198273599 ] ] } },
{ "type": "Feature", "properties": { "road_id": 3215, "shade_9h": 0, "shade_12h": 0, "shade_15h": 0, "shade_18h": 0 }, "geometry": { "type": "LineString", "coordinates": [ [ 1112032.541581087512895, 1749852.721856198273599 ], [ 1113032.541581087512895, 1749852.721856198273599 ] ] } },
{ "type": "Feature", "properties": { "road_id": 3216, "shade_9h": 0, "shade_12h": 0, "shade_15h": 0, "shade_18h": 0 }, "geometry": { "type": "LineString", "coordinates": [ [ 1112032.541581087512895, 1749852.721856198273599 ], [ 1112032.541581087512895, 1750852.721856198273599 ] ] } },
{ "type": "Feature", "properties": { "road_id": 3217, "shade_9h": 0, "shade_12h": 0, "shade_15h": 0, "shade_18h": 0 }, "geometry": { "type": "LineString", "coordinates": [ [ 1112032.541581087512895, 1750852.721856198273599 ], [ 1113032.541581087512895, 1750852.721856198273599 ] ] } },
{ "type": "Feature", "properties": { "road_id": 3218, "shade_9h": 0, "shade_12h": 0, "shade_15h": 0, "shade_18h": 0 }, "geometry": { "type": "LineString", "coordinates": [ [ 1112032.541581087512895, 1750852.721856198273599 ], [ 1112032.541581087512895, 1751852.721856198273599 ] ] } },
{ "type": "Feature", "properties": { "road_id": 3219, "shade_9h": 0, "shade_12h": 0, "shade_15h": 0, "shade_18h": 9 }, "geometry": { "type": "LineString", "coordinates": [ [ 1112032.541581087512895, 1751852.721856198273599 ], [ 1113032.541581087512895, 1751852.721856198273599 ] ] } },
{ "type": "Feature", "properties": { "road_id": 3220, "shade_9h": 1, "shade_12h": 1, "shade_15h": 1, "shade_18h": 7 }, "geometry": { "type": "LineString", "coordinates": [ [ 1112032.541581087512895, 1751852.721856198273599 ], [ 1112032.541581087512895, 1752852.721856198273599 ] ] } },
{ "type": "Feature", "properties": { "road_id": 3221, "shade_9h": 0, "shade_12h": 0, "shade_15h": 0, "shade_18h": 1 }, "geometry": { "type": "LineString", "coordinates": [ [ 1112032.541581087512895, 1752852.721856198273599 ], [ 1113032.541581087512895, 1752852.721856198273599 ] ] } },
{ "type": "Feature", "properties": { "road_id": 3222, "shade_9h": 0, "shade_12h": 0, "shade_15h": 0, "shade_18h": 11 }, "geometry": { "type": "LineString", "coordinates": [ [ 1112032.541581087512895, 1752852.721856198273599 ], [ 1112032.541581087512895, 1753852.721856198273599 ] ] } },
{ "type": "Feature", "properties": { "road_id": 3223, "shade_9h": 0, "shade_12h": 0, "shade_15h": 0, "shade_18h": 0 }, "geometry": { "type": "LineString", "coordinates": [ [ 1112032.541581087512895, 1753852.721856198273599 ], [ 1113032.541581087512895, 1753852.721856198273599 ] ] } },
{ "type": "Feature", "properties": { "road_id": 3224, "shade_9h": 0, "shade_12h": 0, "shade_15h": 0, "shade_18h": 0 }, "geometry": { "type": "LineString", "coordinates": [ [ 1112032.541581087512895, 1753852.721856198273599 ], [ 1112032.541581087512895, 1754852.721856198273599 ] ] } },
{ "type": "Feature", "properties": { "road_id": 3225, "shade_9h": 0, "shade_12h": 0, "shade_15h": 0, "shade_18h": 0 }, "geometry": { "type": "LineString", "coordinates": [ [ 1112032.541581087512895, 1754852.721856198273599 ], [ 1113032.541581087512895, 1754852.721856198273599 ] ] } },
{ "type": "Feature", "properties": { "road_id": 3226, "shade_9h": 0, "shade_12h": 0, "shade_15h": 0, "shade_18h": 0 }, "geometry": { "type": "LineString", "coordinates": [ [ 1112032.541581087512895, 1754852.721856198273599 ], [ 1112032.541581087512895, 1755852.721856198273599 ] ] } },
{ "type": "Feature", "properties": { "road_id": 3227, "shade_9h": 5, "shade_12h": 2, "shade_15h": 5, "shade_18h": 29 }, "geometry": { "type": "LineString", "coordinates": [ [ 1112032.541581087512895, 1755852.721856198273599 ], [ 1113032.541581087512895, 1755852.721856198273599 ] ] } },
{ "type": "Feature", "properties": { "road_id": 3228, "shade_9h": 8, "shade_12h": 4, "shade_15h": 7, "shade_18h": 37 }, "geometry": { "type": "LineString", "coordinates": [ [ 1112032.541581087512895, 1755852.721856198273599 ], [ 1112032.541581087512895, 1756852.721856198273599 ] ] } },
{ "type": "Feature", "properties": { "road_id": 3229, "shade_9h": 0, "shade_12h": 0, "shade_15h": 0, "shade_18h": 0 }, "geometry": { "type": "LineString", "coordinates": [ [ 1112032.541581087512895, 1756852.721856198273599 ], [ 1113032.541581087512895, 1756852.721856198273599 ] ] } },
{ "type": "Feature", "properties": { "road_id": 3230, "shade_9h": 0, "shade_12h": 0, "shade_15h": 0, "shade_18h": 0 }, "geometry": { "type": "LineString", "coordinates": [ [ 1112032.541581087512895, 1756852.721856198273599 ], [ 1112032.541581087512895, 1757852.721856198273599 ] ] } },
{ "type": "Feature", "properties": { "road_id": 3231, "shade_9h": 0, "shade_12h": 0, "shade_15h": 0, "shade_18h": 0 }, "geometry": { "type": "LineString", "coordinates": [ [ 1112032.541581087512895, 1757852.721856198273599 ], [ 1113032.541581087512895, 1757852.721856198273599 ] ] } },
{ "type": "Feature", "properties": { "road_id": 3232, "shade_9h": 0, "shade_12h": 0, "shade_15h": 0, "shade_18h": 0 }, "geometry": { "type": "LineString", "coordinates": [ [ 1112032.541581087512895, 1757852.721856198273599 ], [ 1112032.541581087512895, 1758852.721856198273599 ] ] } },
{ "type": "Feature", "properties": { "road_id": 3233, "shade_9h": 0, "shade_12h": 0, "shade_15h": 0, "shade_18h": 0 }, "geometry": { "type": "LineString", "coordinates": [ [ 1112032.541581087512895, 1758852.721856198273599 ], [ 1113032.541581087512895, 1758852.721856198273599 ] ] } },
{ "type": "Feature", "properties": { "road_id": 3234, "shade_9h": 1, "shade_12h": 1, "shade_15h": 1, "shade_18h": 1 }, "geometry": { "type": "LineString", "coordinates": [ [ 1112032.541581087512895, 1758852.721856198273599 ], [ 1112032.541581087512895, 1759852.721856198273599 ] ] } },
{ "type": "Feature", "properties": { "road_id": 3235, "shade_9h": 0, "shade_12h": 0, "shade_15h": 0, "shade_18h": 7 }, "geometry": { "type": "LineString", "coordinates": [ [ 1112032.541581087512895, 1759852.721856198273599 ], [ 1113032.541581087512895, 1759852.721856198273599 ] ] } },
{ "type": "Feature", "properties": { "road_id": 3236, "shade_9h": 0, "shade_12h": 0, "shade_15h": 0, "shade_18h": 5 }, "geometry": { "type": "LineString", "coordinates": [ [ 1112032.541581087512895, 1759852.721856198273599 ], [ 1112032.541581087512895, 1760852.721856198273599 ] ] } },
{ "type": "Feature", "properties": { "road_id": 3237, "shade_9h": 0, "shade_12h": 0, "shade_15h": 0, "shade_18h": 36 }, "geometry": { "type": "LineString", "coordinates": [ [ 1112032.541581087512895, 1760852.721856198273599 ], [ 1113032.541581087512895, 1760852.721856198273599 ] ] } },
{ "type": "Feature", "properties": { "road_id": 3238, "shade_9h": 0, "shade_12h": 0, "shade_15h": 0, "shade_18h": 0 }, "geometry": { "type": "LineString", "coordinates": [ [ 1112032.541581087512895, 1760852.721856198273599 ], [ 1112032.541581087512895, 1761852.721856198273599 ] ] } },
{ "type": "Feature", "properties": { "road_id": 3239, "shade_9h": 0, "shade_12h": 0, "shade_15h": 0, "shade_18h": 0 }, "geometry": { "type": "LineString", "coordinates": [ [ 1112032.541581087512895, 1761852.721856198273599 ], [ 1113032.541581087512895, 1761852.721856198273599 ] ] } },
{ "type": "Feature", "properties": { "road_id": 3240, "shade_9h": 0, "shade_12h": 0, "shade_15h": 0, "shade_18h": 0 }, "geometry": { "type": "LineString", "coordinates": [ [ 1112032.541581087512895, 1761852.721856198273599 ], [ 1112032.541581087512895, 1762852.721856198273599 ] ] } },
{ "type": "Feature", "properties": { "road_id": 3241, "shade_9h": 0, "shade_12h": 0, "shade_15h": 0, "shade_18h": 0 }, "geometry": { "type": "LineString", "coordinates": [ [ 1112032.541581087512895, 1762852.721856198273599 ], [ 1113032.541581087512895, 1762852.721856198273599 ] ] } },
{ "type": "Feature", "properties": { "road_id": 3242, "shade_9h": 0, "shade_12h": 0, "shade_15h": 0, "shade_18h": 0 }, "geometry": { "type": "LineString", "coordinates": [ [ 1112032.541581087512895, 1762852.721856198273599 ], [ 1112032.541581087512895, 1763852.721856198273599 ] ] } },
{ "type": "Feature", "properties": { "road_id": 3243, "shade_9h": 0, "shade_12h": 0, "shade_15h": 0, "shade_18h": 0 }, "geometry": { "type": "LineString", "coordinates": [ [ 1112032.541581087512895, 1763852.721856198273599 ], [ 1113032.541581087512895, 1763852.721856198273599 ] ] } },
{ "type": "Feature", "properties": { "road_id": 3244, "shade_9h": 1, "shade_12h": 1, "shade_15h": 1, "shade_18h": 1 }, "geometry": { "type": "LineString", "coordinates": [ [ 1112032.541581087512895, 1763852.721856198273599 ], [ 1112032.541581087512895, 1764852.721856198273599 ] ] } },
{ "type": "Feature", "properties": { "road_id": 3245, "shade_9h": 0, "shade_12h": 0, "shade_15h": 0, "shade_18h": 0 }, "geometry": { "type": "LineString", "coordinates": [ [ 1112032.541581087512895, 1764852.721856198273599 ], [ 1113032.541581087512895, 1764852.721856198273599 ] ] } },
{ "type": "Feature", "properties": { "road_id": 3246, "shade_9h": 0, "shade_12h": 0, "shade_15h": 0, "shade_18h": 0 }, "geometry": { "type": "LineString", "coordinates": [ [ 1112032.541581087512895, 1764852.721856198273599 ], [ 1112032.541581087512895, 1765852.721856198273599 ] ] } },
{ "type": "Feature", "properties": { "road_id": 3247, "shade_9h": 0, "shade_12h": 0, "shade_15h": 0, "shade_18h": 0 }, "geometry": { "type": "LineString", "coordinates": [ [ 1112032.541581087512895, 1765852.721856198273599 ], [ 1113032.541581087512895, 1765852.721856198273599 ] ] } },
{ "type": "Feature", "properties": { "road_id": 3248, "shade_9h": 0, "shade_12h": 0, "shade_15h": 0, "shade_18h": 0 }, "geometry": { "type": "LineString", "coordinates": [ [ 1112032.541581087512895, 1765852.721856198273599 ], [ 1112032.541581087512895, 1766852.721856198273599 ] ] } },
{ "type": "Feature", "properties": { "road_id": 3249, "shade_9h": 7, "shade_12h": 4, "shade_15h": 6, "shade_18h": 32 }, "geometry": { "type": "LineString", "coordinates": [ [ 1112032.541581087512895, 1766852.721856198273599 ], [ 1113032.541581087512895, 1766852.721856198273599 ] ] } },
{ "type": "Feature", "properties": { "road_id": 3250, "shade_9h": 0, "shade_12h": 0, "shade_15h": 0, "shade_18h": 0 }, "geometry": { "type": "LineString", "coordinates": [ [ 1112032.541581087512895, 1766852.721856198273599 ], [ 1112032.541581087512895, 1767852.721856198273599 ] ] } },
{ "type": "Feature", "properties": { "road_id": 3251, "shade_9h": 0, "shade_12h": 0, "shade_15h": 0, "shade_18h": 0 }, "geometry": { "type": "LineString", "coordinates": [ [ 1112032.541581087512895, 1767852.721856198273599 ], [ 1113032.541581087512895, 1767852.721856198273599 ] ] } },
{ "type": "Feature", "properties": { "road_id": 3252, "shade_9h": 0, "shade_12h": 0, "shade_15h": 0, "shade_18h": 0 }, "geometry": { "type": "LineString", "coordinates": [ [ 1112032.541581087512895, 1767852.721856198273599 ], [ 1112032.541581087512895, 1768852.721856198273599 ] ] } },
{ "type": "Feature", "properties": { "road_id": 3253, "shade_9h": 0, "shade_12h": 0, "shade_15h": 0, "shade_18h": 0 }, "geometry": { "type": "LineString", "coordinates": [ [ 1112032.541581087512895, 1768852.721856198273599 ], [ 1113032.541581087512895, 1768852.721856198273599 ] ] } },
{ "type": "Feature", "properties": { "road_id": 3254, "shade_9h": 4, "shade_12h": 1, "shade_15h": 4, "shade_18h": 22 }, "geometry": { "type": "LineString", "coordinates": [ [ 1112032.541581087512895, 1768852.721856198273599 ], [ 1112032.541581087512895, 1769852.721856198273599 ] ] } },
{ "type": "Feature", "properties": { "road_id": 3255, "shade_9h": 0, "shade_12h": 0, "shade_15h": 0, "shade_18h": 0 }, "geometry": { "type": "LineString", "coordinates": [ [ 1112032.541581087512895, 1769852.721856198273599 ], [ 1113032.541581087512895, 1769852.721856198273599 ] ] } },
{ "type": "Feature", "properties": { "road_id": 3256, "shade_9h": 0, "shade_12h": 0, "shade_15h": 0, "shade_18h": 0 }, "geometry": { "type": "LineString", "coordinates": [ [ 1112032.541581087512895, 1769852.721856198273599 ], [ 1112032.541581087512895, 1770852.721856198273599 ] ] } },
{ "type": "Feature", "properties": { "road_id": 3257, "shade_9h": 0, "shade_12h": 0, "shade_15h": 0, "shade_18h": 0 }, "geometry": { "type": "LineString", "coordinates": [ [ 1112032.541581087512895, 1770852.721856198273599 ], [ 1113032.541581087512895, 1770852.721856198273599 ] ] } },
{ "type": "Feature", "properties": { "road_id": 3258, "shade_9h": 0, "shade_12h": 0, "shade_15h": 0, "shade_18h": 0 }, "geometry": { "type": "LineString", "coordinates": [ [ 1112032.541581087512895, 1770852.721856198273599 ], [ 1112032.541581087512895, 1771852.721856198273599 ] ] } },
{ "type": "Feature", "properties": { "road_id": 3259, "shade_9h": 7, "shade_12h": 0, "shade_15h": 7, "shade_18h": 40 }, "geometry": { "type": "LineString", "coordinates": [ [ 1112032.541581087512895, 1771852.721856198273599 ], [ 1113032.541581087512895, 1771852.721856198273599 ] ] } },
{ "type": "Feature", "properties": { "road_id": 3260, "shade_9h": 0, "shade_12h": 0, "shade_15h": 0, "shade_18h": 0 }, "geometry": { "type": "LineString", "coordinates": [ [ 1112032.541581087512895, 1771852.721856198273599 ], [ 1112032.541581087512895, 1772852.721856198273599 ] ] } },
{ "type": "Feature", "properties": { "road_id": 3261, "shade_9h": 0, "shade_12h": 0, "shade_15h": 0, "shade_18h": 12 }, "geometry": { "type": "LineString", "coordinates": [ [ 1112032.541581087512895, 1772852.721856198273599 ], [ 1113032.541581087512895, 1772852.721856198273599 ] ] } },
{ "type": "Feature", "properties": { "road_id": 3262, "shade_9h": 0, "shade_12h": 0, "shade_15h": 0, "shade_18h": 0 }, "geometry": { "type": "LineString", "coordinates": [ [ 1112032.541581087512895, 1772852.721856198273599 ], [ 1112032.541581087512895, 1773852.721856198273599 ] ] } },
{ "type": "Feature", "properties": { "road_id": 3263, "shade_9h": 0, "shade_12h": 0, "shade_15h": 0, "shade_18h": 0 }, "geometry": { "type": "LineString", "coordinates": [ [ 1112032.541581087512895, 1773852.721856198273599 ], [ 1113032.541581087512895, 1773852.721856198273599 ] ] } },
{ "type": "Feature", "properties": { "road_id": 3264, "shade_9h": 0, "shade_12h": 0, "shade_15h": 0, "shade_18h": 0 }, "geometry": { "type": "LineString", "coordinates": [ [ 1112032.541581087512895, 1773852.721856198273599 ], [ 1112032.541581087512895, 1774852.721856198273599 ] ] } },
{ "type": "Feature", "properties": { "road_id": 3265, "shade_9h": 0, "shade_12h": 0, "shade_15h": 0, "shade_18h": 0 }, "geometry": { "type": "LineString", "coordinates": [ [ 1112032.541581087512895, 1774852.721856198273599 ], [ 1113032.541581087512895, 1774852.721856198273599 ] ] } },
{ "type": "Feature", "properties": { "road_id": 3266, "shade_9h": 0, "shade_12h": 0, "shade_15h": 0, "shade_18h": 0 }, "geometry": { "type": "LineString", "coordinates": [ [ 1112032.541581087512895, 1774852.721856198273599 ], [ 1112032.541581087512895, 1775852.721856198273599 ] ] } },
{ "type": "Feature", "properties": { "road_id": 3267, "shade_9h": 0, "shade_12h": 0, "shade_15h": 0, "shade_18h": 0 }, "geometry": { "type": "LineString", "coordinates": [ [ 1112032.541581087512895, 1775852.721856198273599 ], [ 1113032.541581087512895, 1775852.721856198273599 ] ] } },
{ "type": "Feature", "properties": { "road_id": 3268, "shade_9h": 0, "shade_12h": 0, "shade_15h": 0, "shade_18h": 0 }, "geometry": { "type": "LineString", "coordinates": [ [ 1112032.541581087512895, 1775852.721856198273599 ], [ 1112032.541581087512895, 1776852.721856198273599 ] ] } },
{ "type": "Feature", "properties": { "road_id": 3269, "shade_9h": 0, "shade_12h": 0, "shade_15h": 0, "shade_18h": 0 }, "geometry": { "type": "LineString", "coordinates": [ [ 1112032.541581087512895, 1776852.721856198273599 ], [ 1113032.541581087512895, 1776852.721856198273599 ] ] } },
{ "type": "Feature", "properties": { "road_id": 3270, "shade_9h": 0, "shade_12h": 0, "shade_15h": 0, "shade_18h": 0 }, "geometry": { "type": "LineString", "coordinates": [ [ 1112032.541581087512895, 1776852.721856198273599 ], [ 1112032.541581087512895, 1777852.721856198273599 ] ] } },
{ "type": "Feature", "properties": { "road_id": 3271, "shade_9h": 0, "shade_12h": 0, "shade_15h": 0, "shade_18h": 0 }, "geometry": { "type": "LineString", "coordinates": [ [ 1112032.541581087512895, 1777852.721856198273599 ], [ 1113032.541581087512895, 1777852.721856198273599 ] ] } },
{ "type": "Feature", "properties": { "road_id": 3272, "shade_9h": 0, "shade_12h": 0, "shade_15h": 0, "shade_18h": 0 }, "geometry": { "type": "LineString", "coordinates": [ [ 1112032.541581087512895, 1777852.721856198273599 ], [ 1112032.541581087512895, 1778852.721856198273599 ] ] } },
{ "type": "Feature", "properties": { "road_id": 3273, "shade_9h": 0, "shade_12h": 0, "shade_15h": 0, "shade_18h": 0 }, "geometry": { "type": "LineString", "coordinates": [ [ 1112032.541581087512895, 1778852.721856198273599 ], [ 1113032.541581087512895, 1778852.721856198273599 ] ] } },
{ "type": "Feature", "properties": { "road_id": 3274, "shade_9h": 1, "shade_12h": 1, "shade_15h": 1, "shade_18h": 1 }, "geometry": { "type": "LineString", "coordinates": [ [ 1112032.541581087512895, 1778852.721856198273599 ], [ 1112032.541581087512895, 1779852.721856198273599 ] ] } },
{ "type": "Feature", "properties": { "road_id": 3275, "shade_9h": 0, "shade_12h": 0, "shade_15h": 0, "shade_18h": 0 }, "geometry": { "type": "LineString", "coordinates": [ [ 1112032.541581087512895, 1779852.721856198273599 ], [ 1113032.541581087512895, 1779852.721856198273599 ] ] } },
{ "type": "Feature", "properties": { "road_id": 3276, "shade_9h": 0, "shade_12h": 0, "shade_15h": 0, "shade_18h": 0 }, "geometry": { "type": "LineString", "coordinates": [ [ 1113032.541581087512895, 1734852.721856198273599 ], [ 1113032.541581087512895, 1735852.721856198273599 ] ] } },
{ "type": "Feature", "properties": { "road_id": 3277, "shade_9h": 0, "shade_12h": 0, "shade_15h": 0, "shade_18h": 0 }, "geometry": { "type": "LineString", "coordinates": [ [ 1113032.541581087512895, 1735852.721856198273599 ], [ 1113032.541581087512895, 1736852.721856198273599 ] ] } },
{ "type": "Feature", "properties": { "road_id": 3278, "shade_9h": 0, "shade_12h": 0, "shade_15h": 0, "shade_18h": 0 }, "geometry": { "type": "LineString", "coordinates": [ [ 1113032.541581087512895, 1736852.721856198273599 ], [ 1113032.541581087512895, 1737852.721856198273599 ] ] } },
{ "type": "Feature", "properties": { "road_id": 3279, "shade_9h": 0, "shade_12h": 0, "shade_15h": 0, "shade_18h": 0 }, "geometry": { "type": "LineString", "coordinates": [ [ 1113032.541581087512895, 1737852.721856198273599 ], [ 1113032.541581087512895, 1738852.721856198273599 ] ] } },
{ "type": "Feature", "properties": { "road_id": 3280, "shade_9h": 0, "shade_12h": 0, "shade_15h": 0, "shade_18h": 0 }, "geometry": { "type": "LineString", "coordinates": [ [ 1113032.541581087512895, 1738852.721856198273599 ], [ 1113032.541581087512895, 1739852.721856198273599 ] ] } },
{ "type": "Feature", "properties": { "road_id": 3281, "shade_9h": 3, "shade_12h": 2, "shade_15h": 3, "shade_18h": 14 }, "geometry": { "type": "LineString", "coordinates": [ [ 1113032.541581087512895, 1739852.721856198273599 ], [ 1113032.541581087512895, 1740852.721856198273599 ] ] } },
{ "type": "Feature", "properties": { "road_id": 3282, "shade_9h": 0, "shade_12h": 0, "shade_15h": 0, "shade_18h": 0 }, "geometry": { "type": "LineString", "coordinates": [ [ 1113032.541581087512895, 1740852.721856198273599 ], [ 1113032.541581087512895, 1741852.721856198273599 ] ] } },
{ "type": "Feature", "properties": { "road_id": 3283, "shade_9h": 0, "shade_12h": 0, "shade_15h": 0, "shade_18h": 0 }, "geometry": { "type": "LineString", "coordinates": [ [ 1113032.541581087512895, 1741852.721856198273599 ], [ 1113032.541581087512895, 1742852.721856198273599 ] ] } },
{ "type": "Feature", "properties": { "road_id": 3284, "shade_9h": 0, "shade_12h": 0, "shade_15h": 0, "shade_18h": 0 }, "geometry": { "type": "LineString", "coordinates": [ [ 1113032.541581087512895, 1742852.721856198273599 ], [ 1113032.541581087512895, 1743852.721856198273599 ] ] } },
{ "type": "Feature", "properties": { "road_id": 3285, "shade_9h": 0, "shade_12h": 0, "shade_15h": 0, "shade_18h": 0 }, "geometry": { "type": "LineString", "coordinates": [ [ 1113032.541581087512895, 1743852.721856198273599 ], [ 1113032.541581087512895, 1744852.721856198273599 ] ] } },
{ "type": "Feature", "properties": { "road_id": 3286, "shade_9h": 0, "shade_12h": 0, "shade_15h": 0, "shade_18h": 0 }, "geometry": { "type": "LineString", "coordinates": [ [ 1113032.541581087512895, 1744852.721856198273599 ], [ 1113032.541581087512895, 1745852.721856198273599 ] ] } },
{ "type": "Feature", "properties": { "road_id": 3287, "shade_9h": 0, "shade_12h": 0, "shade_15h": 0, "shade_18h": 0 }, "geometry": { "type": "LineString", "coordinates": [ [ 1113032.541581087512895, 1745852.721856198273599 ], [ 1113032.541581087512895, 1746852.721856198273599 ] ] } },
{ "type": "Feature", "properties": { "road_id": 3288, "shade_9h": 0, "shade_12h": 0, "shade_15h": 0, "shade_18h": 0 }, "geometry": { "type": "LineString", "coordinates": [ [ 1113032.541581087512895, 1746852.721856198273599 ], [ 1113032.541581087512895, 1747852.721856198273599 ] ] } },
{ "type": "Feature", "properties": { "road_id": 3289, "shade_9h": 0, "shade_12h": 0, "shade_15h": 0, "shade_18h": 0 }, "geometry": { "type": "LineString", "coordinates": [ [ 1113032.541581087512895, 1747852.721856198273599 ], [ 1113032.541581087512895, 1748852.721856198273599 ] ] } },
{ "type": "Feature", "properties": { "road_id": 3290, "shade_9h": 0, "shade_12h": 0, "shade_15h": 0, "shade_18h": 0 }, "geometry": { "type": "LineString", "coordinates": [ [ 1113032.541581087512895, 1748852.721856198273599 ], [ 1113032.541581087512895, 1749852.721856198273599 ] ] } },
{ "type": "Feature", "properties": { "road_id": 3291, "shade_9h": 0, "shade_12h": 0, "shade_15h": 0, "shade_18h": 0 }, "geometry": { "type": "LineString", "coordinates": [ [ 1113032.541581087512895, 1749852.721856198273599 ], [ 1113032.541581087512895, 1750852.721856198273599 ] ] } },
{ "type": "Feature", "properties": { "road_id": 3292, "shade_9h": 0, "shade_12h": 0, "shade_15h": 0, "shade_18h": 0 }, "geometry": { "type": "LineString", "coordinates": [ [ 1113032.541581087512895, 1750852.721856198273599 ], [ 1113032.541581087512895, 1751852.721856198273599 ] ] } },
{ "type": "Feature", "properties": { "road_id": 3293, "shade_9h": 0, "shade_12h": 0, "shade_15h": 0, "shade_18h": 0 }, "geometry": { "type": "LineString", "coordinates": [ [ 1113032.541581087512895, 1751852.721856198273599 ], [ 1113032.541581087512895, 1752852.721856198273599 ] ] } },
{ "type": "Feature", "properties": { "road_id": 3294, "shade_9h": 7, "shade_12h": 3, "shade_15h": 7, "shade_18h": 40 }, "geometry": { "type": "LineString", "coordinates": [ [ 1113032.541581087512895, 1752852.721856198273599 ], [ 1113032.541581087512895, 1753852.721856198273599 ] ] } },
{ "type": "Feature", "properties": { "road_id": 3295, "shade_9h": 0, "shade_12h": 0, "shade_15h": 0, "shade_18h": 0 }, "geometry": { "type": "LineString", "coordinates": [ [ 1113032.541581087512895, 1753852.721856198273599 ], [ 1113032.541581087512895, 1754852.721856198273599 ] ] } },
{ "type": "Feature", "properties": { "road_id": 3296, "shade_9h": 0, "shade_12h": 0, "shade_15h": 0, "shade_18h": 0 }, "geometry": { "type": "LineString", "coordinates": [ [ 1113032.541581087512895, 1754852.721856198273599 ], [ 1113032.541581087512895, 1755852.721856198273599 ] ] } },
{ "type": "Feature", "properties": { "road_id": 3297, "shade_9h": 0, "shade_12h": 0, "shade_15h": 0, "shade_18h": 0 }, "geometry": { "type": "LineString", "coordinates": [ [ 1113032.541581087512895, 1755852.721856198273599 ], [ 1113032.541581087512895, 1756852.721856198273599 ] ] } },
{ "type": "Feature", "properties": { "road_id": 3298, "shade_9h": 0, "shade_12h": 0, "shade_15h": 0, "shade_18h": 0 }, "geometry": { "type": "LineString", "coordinates": [ [ 1113032.541581087512895, 1756852.721856198273599 ], [ 1113032.541581087512895, 1757852.721856198273599 ] ] } },
{ "type": "Feature", "properties": { "road_id": 3299, "shade_9h": 0, "shade_12h": 0, "shade_15h": 0, "shade_18h": 0 }, "geometry": { "type": "LineString", "coordinates": [ [ 1113032.541581087512895, 1757852.721856198273599 ], [ 1113032.541581087512895, 1758852.721856198273599 ] ] } },
{ "type": "Feature", "properties": { "road_id": 3300, "shade_9h": 0, "shade_12h": 0, "shade_15h": 0, "shade_18h": 0 }, "geometry": { "type": "LineString", "coordinates": [ [ 1113032.541581087512895, 1758852.721856198273599 ], [ 1113032.541581087512895, 1759852.721856198273599 ] ] } },
{ "type": "Feature", "properties": { "road_id": 3301, "shade_9h": 0, "shade_12h": 0, "shade_15h": 0, "shade_18h": 0 }, "geometry": { "type": "LineString", "coordinates": [ [ 1113032.541581087512895, 1759852.721856198273599 ], [ 1113032.541581087512895, 1760852.721856198273599 ] ] } },
{ "type": "Feature", "properties": { "road_id": 3302, "shade_9h": 0, "shade_12h": 0, "shade_15h": 0, "shade_18h": 0 }, "geometry": { "type": "LineString", "coordinates": [ [ 1113032.541581087512895, 1760852.721856198273599 ], [ 1113032.541581087512895, 1761852.721856198273599 ] ] } },
{ "type": "Feature", "properties": { "road_id": 3303, "shade_9h": 0, "shade_12h": 0, "shade_15h": 0, "shade_18h": 0 }, "geometry": { "type": "LineString", "coordinates": [ [ 1113032.541581087512895, 1761852.721856198273599 ], [ 1113032.541581087512895, 1762852.721856198273599 ] ] } },
{ "type": "Feature", "properties": { "road_id": 3304, "shade_9h": 0, "shade_12h": 0, "shade_15h": 0, "shade_18h": 13 }, "geometry": { "type": "LineString", "coordinates": [ [ 1113032.541581087512895, 1762852.721856198273599 ], [ 1113032.541581087512895, 1763852.721856198273599 ] ] } },
{ "type": "Feature", "properties": { "road_id": 3305, "shade_9h": 0, "shade_12h": 0, "shade_15h": 0, "shade_18h": 0 }, "geometry": { "type": "LineString", "coordinates": [ [ 1113032.541581087512895, 1763852.721856198273599 ], [ 1113032.541581087512895, 1764852.721856198273599 ] ] } },
{ "type": "Feature", "properties": { "road_id": 3306, "shade_9h": 0, "shade_12h": 0, "shade_15h": 0, "shade_18h": 0 }, "geometry": { "type": "LineString", "coordinates": [ [ 1113032.541581087512895, 1764852.721856198273599 ], [ 1113032.541581087512895, 1765852.721856198273599 ] ] } },
{ "type": "Feature", "properties": { "road_id": 3307, "shade_9h": 0, "shade_12h": 0, "shade_15h": 0, "shade_18h": 0 }, "geometry": { "type": "LineString", "coordinates": [ [ 1113032.541581087512895, 1765852.721856198273599 ], [ 1113032.541581087512895, 1766852.721856198273599 ] ] } },
{ "type": "Feature", "properties": { "road_id": 3308, "shade_9h": 0, "shade_12h": 0, "shade_15h": 0, "shade_18h": 0 }, "geometry": { "type": "LineString", "coordinates": [ [ 1113032.541581087512895, 1766852.721856198273599 ], [ 1113032.541581087512895, 1767852.721856198273599 ] ] } },
{ "type": "Feature", "properties": { "road_id": 3309, "shade_9h": 0, "shade_12h": 0, "shade_15h": 0, "shade_18h": 0 }, "geometry": { "type": "LineString", "coordinates": [ [ 1113032.541581087512895, 1767852.721856198273599 ], [ 1113032.541581087512895, 1768852.721856198273599 ] ] } },
{ "type": "Feature", "properties": { "road_id": 3310, "shade_9h": 1, "shade_12h": 1, "shade_15h": 1, "shade_18h": 1 }, "geometry": { "type": "LineString", "coordinates": [ [ 1113032.541581087512895, 1768852.721856198273599 ], [ 1113032.541581087512895, 1769852.721856198273599 ] ] } },
{ "type": "Feature", "properties": { "road_id": 3311, "shade_9h": 0, "shade_12h": 0, "shade_15h": 0, "shade_18h": 0 }, "geometry": { "type": "LineString", "coordinates": [ [ 1113032.541581087512895, 1769852.721856198273599 ], [ 1113032.541581087512895, 1770852.721856198273599 ] ] } },
{ "type": "Feature", "properties": { "road_id": 3312, "shade_9h": 0, "shade_12h": 0, "shade_15h": 0, "shade_18h": 10 }, "geometry": { "type": "LineString", "coordinates": [ [ 1113032.541581087512895, 1770852.721856198273599 ], [ 1113032.541581087512895, 1771852.721856198273599 ] ] } },
{ "type": "Feature", "properties": { "road_id": 3313, "shade_9h": 0, "shade_12h": 0, "shade_15h": 0, "shade_18h": 4 }, "geometry": { "type": "LineString", "coordinates": [ [ 1113032.541581087512895, 1771852.721856198273599 ], [ 1113032.541581087512895, 1772852.721856198273599 ] ] } },
{ "type": "Feature", "properties": { "road_id": 3314, "shade_9h": 0, "shade_12h": 0, "shade_15h": 0, "shade_18h": 0 }, "geometry": { "type": "LineString", "coordinates": [ [ 1113032.541581087512895, 1772852.721856198273599 ], [ 1113032.541581087512895, 1773852.721856198273599 ] ] } },
{ "type": "Feature", "properties": { "road_id": 3315, "shade_9h": 0, "shade_12h": 0, "shade_15h": 0, "shade_18h": 0 }, "geometry": { "type": "LineString", "coordinates": [ [ 1113032.541581087512895, 1773852.721856198273599 ], [ 1113032.541581087512895, 1774852.721856198273599 ] ] } },
{ "type": "Feature", "properties": { "road_id": 3316, "shade_9h": 0, "shade_12h": 0, "shade_15h": 0, "shade_18h": 0 }, "geometry": { "type": "LineString", "coordinates": [ [ 1113032.541581087512895, 1774852.721856198273599 ], [ 1113032.541581087512895, 1775852.721856198273599 ] ] } },
{ "type": "Feature", "properties": { "road_id": 3317, "shade_9h": 0, "shade_12h": 0, "shade_15h": 0, "shade_18h": 0 }, "geometry": { "type": "LineString", "coordinates": [ [ 1113032.541581087512895, 1775852.721856198273599 ], [ 1113032.541581087512895, 1776852.721856198273599 ] ] } },
{ "type": "Feature", "properties": { "road_id": 3318, "shade_9h": 1, "shade_12h": 1, "shade_15h": 1, "shade_18h": 1 }, "geometry": { "type": "LineString", "coordinates": [ [ 1113032.541581087512895, 1776852.721856198273599 ], [ 1113032.541581087512895, 1777852.721856198273599 ] ] } },
{ "type": "Feature", "properties": { "road_id": 3319, "shade_9h": 0, "shade_12h": 0, "shade_15h": 0, "shade_18h": 0 }, "geometry": { "type": "LineString", "coordinates": [ [ 1113032.541581087512895, 1777852.721856198273599 ], [ 1113032.541581087512895, 1778852.721856198273599 ] ] } },
{ "type": "Feature", "properties": { "road_id": 3320, "shade_9h": 0, "shade_12h": 0, "shade_15h": 0, "shade_18h": 0 }, "geometry": { "type": "LineString", "coordinates": [ [ 1113032.541581087512895, 1778852.721856198273599 ], [ 1113032.541581087512895, 1779852.721856198273599 ] ] } }
]
}
